Sequence number	Sequence ID	V-DOMAIN Functionality	V-GENE and allele	V-REGION Nb of positions including IMGT gaps (nt)	V-REGION Nb of nucleotides	V-REGION Nb of identical nucleotides	V-REGION Nb of mutations	V-REGION Nb of silent mutations	V-REGION Nb of nonsilent mutations	V-REGION a>g	V-REGION g>a	V-REGION c>t	V-REGION t>c	V-REGION a>c	V-REGION c>a	V-REGION a>t	V-REGION t>a	V-REGION g>c	V-REGION c>g	V-REGION g>t	V-REGION t>g	FR1-IMGT Nb of positions including IMGT gaps (nt)	FR1-IMGT Nb of nucleotides	FR1-IMGT Nb of identical nucleotides	FR1-IMGT Nb of mutations	FR1-IMGT Nb of silent mutations	FR1-IMGT Nb of nonsilent mutations	FR1-IMGT a>g	FR1-IMGT g>a	FR1-IMGT c>t	FR1-IMGT t>c	FR1-IMGT a>c	FR1-IMGT c>a	FR1-IMGT a>t	FR1-IMGT t>a	FR1-IMGT g>c	FR1-IMGT c>g	FR1-IMGT g>t	FR1-IMGT t>g	CDR1-IMGT Nb of positions including IMGT gaps (nt)	CDR1-IMGT Nb of nucleotides	CDR1-IMGT Nb of identical nucleotides	CDR1-IMGT Nb of mutations	CDR1-IMGT Nb of silent mutations	CDR1-IMGT Nb of nonsilent mutations	CDR1-IMGT a>g	CDR1-IMGT g>a	CDR1-IMGT c>t	CDR1-IMGT t>c	CDR1-IMGT a>c	CDR1-IMGT c>a	CDR1-IMGT a>t	CDR1-IMGT t>a	CDR1-IMGT g>c	CDR1-IMGT c>g	CDR1-IMGT g>t	CDR1-IMGT t>g	FR2-IMGT Nb of positions including IMGT gaps (nt)	FR2-IMGT Nb of nucleotides	FR2-IMGT Nb of identical nucleotides	FR2-IMGT Nb of mutations	FR2-IMGT Nb of silent mutations	FR2-IMGT Nb of nonsilent mutations	FR2-IMGT a>g	FR2-IMGT g>a	FR2-IMGT c>t	FR2-IMGT t>c	FR2-IMGT a>c	FR2-IMGT c>a	FR2-IMGT a>t	FR2-IMGT t>a	FR2-IMGT g>c	FR2-IMGT c>g	FR2-IMGT g>t	FR2-IMGT t>g	CDR2-IMGT Nb of positions including IMGT gaps (nt)	CDR2-IMGT Nb of nucleotides	CDR2-IMGT Nb of identical nucleotides	CDR2-IMGT Nb of mutations	CDR2-IMGT Nb of silent mutations	CDR2-IMGT Nb of nonsilent mutations	CDR2-IMGT a>g	CDR2-IMGT g>a	CDR2-IMGT c>t	CDR2-IMGT t>c	CDR2-IMGT a>c	CDR2-IMGT c>a	CDR2-IMGT a>t	CDR2-IMGT t>a	CDR2-IMGT g>c	CDR2-IMGT c>g	CDR2-IMGT g>t	CDR2-IMGT t>g	FR3-IMGT Nb of positions including IMGT gaps (nt)	FR3-IMGT Nb of nucleotides	FR3-IMGT Nb of identical nucleotides	FR3-IMGT Nb of mutations	FR3-IMGT Nb of silent mutations	FR3-IMGT Nb of nonsilent mutations	FR3-IMGT a>g	FR3-IMGT g>a	FR3-IMGT c>t	FR3-IMGT t>c	FR3-IMGT a>c	FR3-IMGT c>a	FR3-IMGT a>t	FR3-IMGT t>a	FR3-IMGT g>c	FR3-IMGT c>g	FR3-IMGT g>t	FR3-IMGT t>g	CDR3-IMGT Nb of positions including IMGT gaps (nt)	CDR3-IMGT Nb of nucleotides	CDR3-IMGT Nb of identical nucleotides	CDR3-IMGT Nb of mutations	CDR3-IMGT Nb of silent mutations	CDR3-IMGT Nb of nonsilent mutations	CDR3-IMGT a>g	CDR3-IMGT g>a	CDR3-IMGT c>t	CDR3-IMGT t>c	CDR3-IMGT a>c	CDR3-IMGT c>a	CDR3-IMGT a>t	CDR3-IMGT t>a	CDR3-IMGT g>c	CDR3-IMGT c>g	CDR3-IMGT g>t	CDR3-IMGT t>g
1	naive@7	productive	Homsap IGHV3-74*01 F	320	296	296	0	0	0	0	0	0	0	0	0	0	0	0	0	0	0	78	75	75	0	0	0	0	0	0	0	0	0	0	0	0	0	0	0	36	24	24	0	0	0	0	0	0	0	0	0	0	0	0	0	0	0	51	51	51	0	0	0	0	0	0	0	0	0	0	0	0	0	0	0	30	24	24	0	0	0	0	0	0	0	0	0	0	0	0	0	0	0	117	114	114	0	0	0	0	0	0	0	0	0	0	0	0	0	0	0	8	8	8	0	0	0	0	0	0	0	0	0	0	0	0	0	0	0
2	seq3@1	productive	Homsap IGHV3-74*01 F	320	296	295	1	0	1	0	1	0	0	0	0	0	0	0	0	0	0	78	75	75	0	0	0	0	0	0	0	0	0	0	0	0	0	0	0	36	24	24	0	0	0	0	0	0	0	0	0	0	0	0	0	0	0	51	51	51	0	0	0	0	0	0	0	0	0	0	0	0	0	0	0	30	24	23	1	0	1	0	1	0	0	0	0	0	0	0	0	0	0	117	114	114	0	0	0	0	0	0	0	0	0	0	0	0	0	0	0	8	8	8	0	0	0	0	0	0	0	0	0	0	0	0	0	0	0
3	seq4@13	productive	Homsap IGHV3-74*01 F	320	296	295	1	0	1	1	0	0	0	0	0	0	0	0	0	0	0	78	75	75	0	0	0	0	0	0	0	0	0	0	0	0	0	0	0	36	24	24	0	0	0	0	0	0	0	0	0	0	0	0	0	0	0	51	51	51	0	0	0	0	0	0	0	0	0	0	0	0	0	0	0	30	24	24	0	0	0	0	0	0	0	0	0	0	0	0	0	0	0	117	114	113	1	0	1	1	0	0	0	0	0	0	0	0	0	0	0	8	8	8	0	0	0	0	0	0	0	0	0	0	0	0	0	0	0
4	seq11@2	productive	Homsap IGHV3-74*01 F	320	296	295	1	0	1	0	1	0	0	0	0	0	0	0	0	0	0	78	75	75	0	0	0	0	0	0	0	0	0	0	0	0	0	0	0	36	24	23	1	0	1	0	1	0	0	0	0	0	0	0	0	0	0	51	51	51	0	0	0	0	0	0	0	0	0	0	0	0	0	0	0	30	24	24	0	0	0	0	0	0	0	0	0	0	0	0	0	0	0	117	114	114	0	0	0	0	0	0	0	0	0	0	0	0	0	0	0	8	8	8	0	0	0	0	0	0	0	0	0	0	0	0	0	0	0
5	seq12@1	productive	Homsap IGHV3-74*01 F	320	296	295	1	0	1	0	0	0	0	0	0	0	0	1	0	0	0	78	75	75	0	0	0	0	0	0	0	0	0	0	0	0	0	0	0	36	24	24	0	0	0	0	0	0	0	0	0	0	0	0	0	0	0	51	51	51	0	0	0	0	0	0	0	0	0	0	0	0	0	0	0	30	24	23	1	0	1	0	0	0	0	0	0	0	0	1	0	0	0	117	114	114	0	0	0	0	0	0	0	0	0	0	0	0	0	0	0	8	8	8	0	0	0	0	0	0	0	0	0	0	0	0	0	0	0
6	seq14@2	productive	Homsap IGHV3-74*01 F	320	296	295	1	0	1	1	0	0	0	0	0	0	0	0	0	0	0	78	75	75	0	0	0	0	0	0	0	0	0	0	0	0	0	0	0	36	24	24	0	0	0	0	0	0	0	0	0	0	0	0	0	0	0	51	51	51	0	0	0	0	0	0	0	0	0	0	0	0	0	0	0	30	24	24	0	0	0	0	0	0	0	0	0	0	0	0	0	0	0	117	114	113	1	0	1	1	0	0	0	0	0	0	0	0	0	0	0	8	8	8	0	0	0	0	0	0	0	0	0	0	0	0	0	0	0
7	seq15@1	productive	Homsap IGHV3-74*01 F	320	296	292	4	0	4	0	2	0	1	0	0	0	0	0	0	0	1	78	75	75	0	0	0	0	0	0	0	0	0	0	0	0	0	0	0	36	24	23	1	0	1	0	1	0	0	0	0	0	0	0	0	0	0	51	51	50	1	0	1	0	0	0	1	0	0	0	0	0	0	0	0	30	24	23	1	0	1	0	1	0	0	0	0	0	0	0	0	0	0	117	114	113	1	0	1	0	0	0	0	0	0	0	0	0	0	0	1	8	8	8	0	0	0	0	0	0	0	0	0	0	0	0	0	0	0
8	seq16@4	productive	Homsap IGHV3-74*01 F	320	296	292	4	1	3	0	2	1	0	0	0	0	0	0	0	0	1	78	75	74	1	1	0	0	0	1	0	0	0	0	0	0	0	0	0	36	24	23	1	0	1	0	1	0	0	0	0	0	0	0	0	0	0	51	51	51	0	0	0	0	0	0	0	0	0	0	0	0	0	0	0	30	24	23	1	0	1	0	1	0	0	0	0	0	0	0	0	0	0	117	114	113	1	0	1	0	0	0	0	0	0	0	0	0	0	0	1	8	8	8	0	0	0	0	0	0	0	0	0	0	0	0	0	0	0
9	seq30@4	productive	Homsap IGHV3-74*01 F	320	296	294	2	0	2	1	1	0	0	0	0	0	0	0	0	0	0	78	75	75	0	0	0	0	0	0	0	0	0	0	0	0	0	0	0	36	24	24	0	0	0	0	0	0	0	0	0	0	0	0	0	0	0	51	51	51	0	0	0	0	0	0	0	0	0	0	0	0	0	0	0	30	24	24	0	0	0	0	0	0	0	0	0	0	0	0	0	0	0	117	114	112	2	0	2	1	1	0	0	0	0	0	0	0	0	0	0	8	8	8	0	0	0	0	0	0	0	0	0	0	0	0	0	0	0
10	seq35@3	productive	Homsap IGHV3-74*01 F	320	296	293	3	1	2	1	2	0	0	0	0	0	0	0	0	0	0	78	75	75	0	0	0	0	0	0	0	0	0	0	0	0	0	0	0	36	24	24	0	0	0	0	0	0	0	0	0	0	0	0	0	0	0	51	51	51	0	0	0	0	0	0	0	0	0	0	0	0	0	0	0	30	24	22	2	0	2	1	1	0	0	0	0	0	0	0	0	0	0	117	114	113	1	1	0	0	1	0	0	0	0	0	0	0	0	0	0	8	8	8	0	0	0	0	0	0	0	0	0	0	0	0	0	0	0
11	seq38@4	productive	Homsap IGHV3-74*01 F	320	296	292	4	1	3	0	2	0	1	0	0	0	0	0	1	0	0	78	75	72	3	1	2	0	1	0	1	0	0	0	0	0	1	0	0	36	24	24	0	0	0	0	0	0	0	0	0	0	0	0	0	0	0	51	51	51	0	0	0	0	0	0	0	0	0	0	0	0	0	0	0	30	24	23	1	0	1	0	1	0	0	0	0	0	0	0	0	0	0	117	114	114	0	0	0	0	0	0	0	0	0	0	0	0	0	0	0	8	8	8	0	0	0	0	0	0	0	0	0	0	0	0	0	0	0
12	seq51@1	productive	Homsap IGHV3-74*01 F	320	296	294	2	0	2	0	0	0	0	0	0	0	1	1	0	0	0	78	75	75	0	0	0	0	0	0	0	0	0	0	0	0	0	0	0	36	24	24	0	0	0	0	0	0	0	0	0	0	0	0	0	0	0	51	51	51	0	0	0	0	0	0	0	0	0	0	0	0	0	0	0	30	24	22	2	0	2	0	0	0	0	0	0	0	1	1	0	0	0	117	114	114	0	0	0	0	0	0	0	0	0	0	0	0	0	0	0	8	8	8	0	0	0	0	0	0	0	0	0	0	0	0	0	0	0
13	seq54@4	productive	Homsap IGHV3-74*01 F	320	296	294	2	0	2	1	0	0	0	0	0	0	0	1	0	0	0	78	75	75	0	0	0	0	0	0	0	0	0	0	0	0	0	0	0	36	24	24	0	0	0	0	0	0	0	0	0	0	0	0	0	0	0	51	51	51	0	0	0	0	0	0	0	0	0	0	0	0	0	0	0	30	24	22	2	0	2	1	0	0	0	0	0	0	0	1	0	0	0	117	114	114	0	0	0	0	0	0	0	0	0	0	0	0	0	0	0	8	8	8	0	0	0	0	0	0	0	0	0	0	0	0	0	0	0
14	seq63@3	productive	Homsap IGHV3-74*01 F	320	296	291	5	1	4	0	2	0	2	0	0	0	0	0	0	0	1	78	75	75	0	0	0	0	0	0	0	0	0	0	0	0	0	0	0	36	24	22	2	1	1	0	1	0	1	0	0	0	0	0	0	0	0	51	51	50	1	0	1	0	0	0	1	0	0	0	0	0	0	0	0	30	24	23	1	0	1	0	1	0	0	0	0	0	0	0	0	0	0	117	114	113	1	0	1	0	0	0	0	0	0	0	0	0	0	0	1	8	8	8	0	0	0	0	0	0	0	0	0	0	0	0	0	0	0
15	seq69@2	productive	Homsap IGHV3-74*01 F	320	296	289	7	1	6	0	3	1	1	0	0	0	0	0	0	1	1	78	75	74	1	1	0	0	0	1	0	0	0	0	0	0	0	0	0	36	24	21	3	0	3	0	1	0	1	0	0	0	0	0	0	1	0	51	51	51	0	0	0	0	0	0	0	0	0	0	0	0	0	0	0	30	24	23	1	0	1	0	1	0	0	0	0	0	0	0	0	0	0	117	114	112	2	0	2	0	1	0	0	0	0	0	0	0	0	0	1	8	8	8	0	0	0	0	0	0	0	0	0	0	0	0	0	0	0
16	seq70@2	productive	Homsap IGHV3-74*01 F	320	296	289	7	1	6	0	4	1	0	0	0	0	0	0	0	1	1	78	75	74	1	1	0	0	0	1	0	0	0	0	0	0	0	0	0	36	24	22	2	0	2	0	1	0	0	0	0	0	0	0	0	1	0	51	51	51	0	0	0	0	0	0	0	0	0	0	0	0	0	0	0	30	24	22	2	0	2	0	2	0	0	0	0	0	0	0	0	0	0	117	114	112	2	0	2	0	1	0	0	0	0	0	0	0	0	0	1	8	8	8	0	0	0	0	0	0	0	0	0	0	0	0	0	0	0
17	seq72@1	productive	Homsap IGHV3-74*01 F	320	296	292	4	1	3	1	2	1	0	0	0	0	0	0	0	0	0	78	75	75	0	0	0	0	0	0	0	0	0	0	0	0	0	0	0	36	24	24	0	0	0	0	0	0	0	0	0	0	0	0	0	0	0	51	51	51	0	0	0	0	0	0	0	0	0	0	0	0	0	0	0	30	24	22	2	0	2	1	1	0	0	0	0	0	0	0	0	0	0	117	114	112	2	1	1	0	1	1	0	0	0	0	0	0	0	0	0	8	8	8	0	0	0	0	0	0	0	0	0	0	0	0	0	0	0
18	seq73@2	productive	Homsap IGHV3-74*01 F	320	296	294	2	0	2	0	1	0	0	0	0	1	0	0	0	0	0	78	75	75	0	0	0	0	0	0	0	0	0	0	0	0	0	0	0	36	24	24	0	0	0	0	0	0	0	0	0	0	0	0	0	0	0	51	51	51	0	0	0	0	0	0	0	0	0	0	0	0	0	0	0	30	24	23	1	0	1	0	1	0	0	0	0	0	0	0	0	0	0	117	114	113	1	0	1	0	0	0	0	0	0	1	0	0	0	0	0	8	8	8	0	0	0	0	0	0	0	0	0	0	0	0	0	0	0
19	seq76@1	productive	Homsap IGHV3-74*01 F	320	296	292	4	1	3	0	1	0	1	0	0	0	1	0	1	0	0	78	75	72	3	1	2	0	0	0	1	0	0	0	1	0	1	0	0	36	24	24	0	0	0	0	0	0	0	0	0	0	0	0	0	0	0	51	51	51	0	0	0	0	0	0	0	0	0	0	0	0	0	0	0	30	24	23	1	0	1	0	1	0	0	0	0	0	0	0	0	0	0	117	114	114	0	0	0	0	0	0	0	0	0	0	0	0	0	0	0	8	8	8	0	0	0	0	0	0	0	0	0	0	0	0	0	0	0
20	seq84@4	productive	Homsap IGHV3-74*01 F	320	296	293	3	2	1	1	1	0	1	0	0	0	0	0	0	0	0	78	75	74	1	1	0	0	0	0	1	0	0	0	0	0	0	0	0	36	24	24	0	0	0	0	0	0	0	0	0	0	0	0	0	0	0	51	51	50	1	1	0	0	1	0	0	0	0	0	0	0	0	0	0	30	24	24	0	0	0	0	0	0	0	0	0	0	0	0	0	0	0	117	114	113	1	0	1	1	0	0	0	0	0	0	0	0	0	0	0	8	8	8	0	0	0	0	0	0	0	0	0	0	0	0	0	0	0
21	seq86@3	productive	Homsap IGHV3-74*01 F	320	296	294	2	0	2	1	1	0	0	0	0	0	0	0	0	0	0	78	75	75	0	0	0	0	0	0	0	0	0	0	0	0	0	0	0	36	24	24	0	0	0	0	0	0	0	0	0	0	0	0	0	0	0	51	51	51	0	0	0	0	0	0	0	0	0	0	0	0	0	0	0	30	24	24	0	0	0	0	0	0	0	0	0	0	0	0	0	0	0	117	114	112	2	0	2	1	1	0	0	0	0	0	0	0	0	0	0	8	8	8	0	0	0	0	0	0	0	0	0	0	0	0	0	0	0
22	seq87@5	productive	Homsap IGHV3-74*01 F	320	296	293	3	0	3	1	1	0	0	0	0	1	0	0	0	0	0	78	75	75	0	0	0	0	0	0	0	0	0	0	0	0	0	0	0	36	24	24	0	0	0	0	0	0	0	0	0	0	0	0	0	0	0	51	51	51	0	0	0	0	0	0	0	0	0	0	0	0	0	0	0	30	24	23	1	0	1	0	0	0	0	0	0	1	0	0	0	0	0	117	114	112	2	0	2	1	1	0	0	0	0	0	0	0	0	0	0	8	8	8	0	0	0	0	0	0	0	0	0	0	0	0	0	0	0
23	seq91@1	productive	Homsap IGHV3-74*01 F	320	296	294	2	0	2	1	1	0	0	0	0	0	0	0	0	0	0	78	75	75	0	0	0	0	0	0	0	0	0	0	0	0	0	0	0	36	24	24	0	0	0	0	0	0	0	0	0	0	0	0	0	0	0	51	51	51	0	0	0	0	0	0	0	0	0	0	0	0	0	0	0	30	24	23	1	0	1	0	1	0	0	0	0	0	0	0	0	0	0	117	114	113	1	0	1	1	0	0	0	0	0	0	0	0	0	0	0	8	8	8	0	0	0	0	0	0	0	0	0	0	0	0	0	0	0
24	seq93@5	productive	Homsap IGHV3-74*01 F	320	296	294	2	0	2	1	0	0	1	0	0	0	0	0	0	0	0	78	75	75	0	0	0	0	0	0	0	0	0	0	0	0	0	0	0	36	24	24	0	0	0	0	0	0	0	0	0	0	0	0	0	0	0	51	51	50	1	0	1	0	0	0	1	0	0	0	0	0	0	0	0	30	24	24	0	0	0	0	0	0	0	0	0	0	0	0	0	0	0	117	114	113	1	0	1	1	0	0	0	0	0	0	0	0	0	0	0	8	8	8	0	0	0	0	0	0	0	0	0	0	0	0	0	0	0
25	seq97@1	productive	Homsap IGHV3-74*01 F	320	296	292	4	1	3	0	2	1	0	0	0	0	0	0	0	1	0	78	75	75	0	0	0	0	0	0	0	0	0	0	0	0	0	0	0	36	24	23	1	0	1	0	1	0	0	0	0	0	0	0	0	0	0	51	51	49	2	0	2	0	1	1	0	0	0	0	0	0	0	0	0	30	24	24	0	0	0	0	0	0	0	0	0	0	0	0	0	0	0	117	114	113	1	1	0	0	0	0	0	0	0	0	0	0	0	1	0	8	8	8	0	0	0	0	0	0	0	0	0	0	0	0	0	0	0
26	seq100@4	productive	Homsap IGHV3-74*01 F	320	296	292	4	1	3	1	1	0	0	0	1	0	1	0	0	0	0	78	75	75	0	0	0	0	0	0	0	0	0	0	0	0	0	0	0	36	24	22	2	1	1	0	1	0	0	0	1	0	0	0	0	0	0	51	51	51	0	0	0	0	0	0	0	0	0	0	0	0	0	0	0	30	24	23	1	0	1	0	0	0	0	0	0	0	1	0	0	0	0	117	114	113	1	0	1	1	0	0	0	0	0	0	0	0	0	0	0	8	8	8	0	0	0	0	0	0	0	0	0	0	0	0	0	0	0
27	seq102@3	productive	Homsap IGHV3-74*01 F	320	296	292	4	0	4	0	2	0	1	0	0	0	1	0	0	0	0	78	75	74	1	0	1	0	0	0	1	0	0	0	0	0	0	0	0	36	24	22	2	0	2	0	1	0	0	0	0	0	1	0	0	0	0	51	51	51	0	0	0	0	0	0	0	0	0	0	0	0	0	0	0	30	24	24	0	0	0	0	0	0	0	0	0	0	0	0	0	0	0	117	114	113	1	0	1	0	1	0	0	0	0	0	0	0	0	0	0	8	8	8	0	0	0	0	0	0	0	0	0	0	0	0	0	0	0
28	seq104@5	productive	Homsap IGHV3-74*01 F	320	296	293	3	1	2	0	0	1	0	0	0	0	1	1	0	0	0	78	75	75	0	0	0	0	0	0	0	0	0	0	0	0	0	0	0	36	24	24	0	0	0	0	0	0	0	0	0	0	0	0	0	0	0	51	51	51	0	0	0	0	0	0	0	0	0	0	0	0	0	0	0	30	24	22	2	0	2	0	0	0	0	0	0	0	1	1	0	0	0	117	114	113	1	1	0	0	0	1	0	0	0	0	0	0	0	0	0	8	8	8	0	0	0	0	0	0	0	0	0	0	0	0	0	0	0
29	seq105@3	productive	Homsap IGHV3-74*01 F	320	296	293	3	1	2	0	1	0	0	0	0	0	0	1	0	0	1	78	75	74	1	1	0	0	1	0	0	0	0	0	0	0	0	0	0	36	24	24	0	0	0	0	0	0	0	0	0	0	0	0	0	0	0	51	51	51	0	0	0	0	0	0	0	0	0	0	0	0	0	0	0	30	24	23	1	0	1	0	0	0	0	0	0	0	0	1	0	0	0	117	114	113	1	0	1	0	0	0	0	0	0	0	0	0	0	0	1	8	8	8	0	0	0	0	0	0	0	0	0	0	0	0	0	0	0
30	seq114@4	productive	Homsap IGHV3-74*01 F	320	296	293	3	1	2	1	1	0	0	0	0	1	0	0	0	0	0	78	75	75	0	0	0	0	0	0	0	0	0	0	0	0	0	0	0	36	24	24	0	0	0	0	0	0	0	0	0	0	0	0	0	0	0	51	51	50	1	1	0	0	1	0	0	0	0	0	0	0	0	0	0	30	24	23	1	0	1	0	0	0	0	0	0	1	0	0	0	0	0	117	114	113	1	0	1	1	0	0	0	0	0	0	0	0	0	0	0	8	8	8	0	0	0	0	0	0	0	0	0	0	0	0	0	0	0
31	seq115@2	productive	Homsap IGHV3-74*01 F	320	296	295	1	0	1	0	0	0	0	0	0	0	1	0	0	0	0	78	75	74	1	0	1	0	0	0	0	0	0	0	1	0	0	0	0	36	24	24	0	0	0	0	0	0	0	0	0	0	0	0	0	0	0	51	51	51	0	0	0	0	0	0	0	0	0	0	0	0	0	0	0	30	24	24	0	0	0	0	0	0	0	0	0	0	0	0	0	0	0	117	114	114	0	0	0	0	0	0	0	0	0	0	0	0	0	0	0	8	8	8	0	0	0	0	0	0	0	0	0	0	0	0	0	0	0
32	seq117@2	productive	Homsap IGHV3-74*01 F	320	296	295	1	0	1	0	0	0	1	0	0	0	0	0	0	0	0	78	75	75	0	0	0	0	0	0	0	0	0	0	0	0	0	0	0	36	24	24	0	0	0	0	0	0	0	0	0	0	0	0	0	0	0	51	51	50	1	0	1	0	0	0	1	0	0	0	0	0	0	0	0	30	24	24	0	0	0	0	0	0	0	0	0	0	0	0	0	0	0	117	114	114	0	0	0	0	0	0	0	0	0	0	0	0	0	0	0	8	8	8	0	0	0	0	0	0	0	0	0	0	0	0	0	0	0
33	seq118@1	productive	Homsap IGHV3-74*01 F	320	296	296	0	0	0	0	0	0	0	0	0	0	0	0	0	0	0	78	75	75	0	0	0	0	0	0	0	0	0	0	0	0	0	0	0	36	24	24	0	0	0	0	0	0	0	0	0	0	0	0	0	0	0	51	51	51	0	0	0	0	0	0	0	0	0	0	0	0	0	0	0	30	24	24	0	0	0	0	0	0	0	0	0	0	0	0	0	0	0	117	114	114	0	0	0	0	0	0	0	0	0	0	0	0	0	0	0	8	8	8	0	0	0	0	0	0	0	0	0	0	0	0	0	0	0
34	seq119@2	productive	Homsap IGHV3-74*01 F	320	296	294	2	0	2	2	0	0	0	0	0	0	0	0	0	0	0	78	75	74	1	0	1	1	0	0	0	0	0	0	0	0	0	0	0	36	24	24	0	0	0	0	0	0	0	0	0	0	0	0	0	0	0	51	51	51	0	0	0	0	0	0	0	0	0	0	0	0	0	0	0	30	24	24	0	0	0	0	0	0	0	0	0	0	0	0	0	0	0	117	114	113	1	0	1	1	0	0	0	0	0	0	0	0	0	0	0	8	8	8	0	0	0	0	0	0	0	0	0	0	0	0	0	0	0
35	seq121@1	productive	Homsap IGHV3-74*01 F	320	296	293	3	0	3	3	0	0	0	0	0	0	0	0	0	0	0	78	75	75	0	0	0	0	0	0	0	0	0	0	0	0	0	0	0	36	24	23	1	0	1	1	0	0	0	0	0	0	0	0	0	0	0	51	51	51	0	0	0	0	0	0	0	0	0	0	0	0	0	0	0	30	24	23	1	0	1	1	0	0	0	0	0	0	0	0	0	0	0	117	114	113	1	0	1	1	0	0	0	0	0	0	0	0	0	0	0	8	8	8	0	0	0	0	0	0	0	0	0	0	0	0	0	0	0
36	seq129@2	productive	Homsap IGHV3-74*01 F	320	296	289	7	1	6	0	3	2	1	0	0	0	0	0	0	0	1	78	75	75	0	0	0	0	0	0	0	0	0	0	0	0	0	0	0	36	24	23	1	0	1	0	1	0	0	0	0	0	0	0	0	0	0	51	51	48	3	1	2	0	1	1	1	0	0	0	0	0	0	0	0	30	24	23	1	0	1	0	1	0	0	0	0	0	0	0	0	0	0	117	114	112	2	0	2	0	0	1	0	0	0	0	0	0	0	0	1	8	8	8	0	0	0	0	0	0	0	0	0	0	0	0	0	0	0
37	seq131@3	productive	Homsap IGHV3-74*01 F	320	296	291	5	0	5	0	3	0	1	0	0	0	0	0	0	0	1	78	75	75	0	0	0	0	0	0	0	0	0	0	0	0	0	0	0	36	24	22	2	0	2	0	2	0	0	0	0	0	0	0	0	0	0	51	51	50	1	0	1	0	0	0	1	0	0	0	0	0	0	0	0	30	24	23	1	0	1	0	1	0	0	0	0	0	0	0	0	0	0	117	114	113	1	0	1	0	0	0	0	0	0	0	0	0	0	0	1	8	8	8	0	0	0	0	0	0	0	0	0	0	0	0	0	0	0
38	seq134@2	productive	Homsap IGHV3-74*01 F	320	296	291	5	1	4	1	2	0	1	0	0	0	0	0	0	0	1	78	75	75	0	0	0	0	0	0	0	0	0	0	0	0	0	0	0	36	24	23	1	0	1	0	1	0	0	0	0	0	0	0	0	0	0	51	51	50	1	0	1	0	0	0	1	0	0	0	0	0	0	0	0	30	24	22	2	1	1	1	1	0	0	0	0	0	0	0	0	0	0	117	114	113	1	0	1	0	0	0	0	0	0	0	0	0	0	0	1	8	8	8	0	0	0	0	0	0	0	0	0	0	0	0	0	0	0
39	seq136@2	productive	Homsap IGHV3-74*01 F	320	296	291	5	1	4	1	2	1	0	0	0	0	0	0	0	0	1	78	75	74	1	1	0	0	0	1	0	0	0	0	0	0	0	0	0	36	24	23	1	0	1	0	1	0	0	0	0	0	0	0	0	0	0	51	51	51	0	0	0	0	0	0	0	0	0	0	0	0	0	0	0	30	24	23	1	0	1	0	1	0	0	0	0	0	0	0	0	0	0	117	114	112	2	0	2	1	0	0	0	0	0	0	0	0	0	0	1	8	8	8	0	0	0	0	0	0	0	0	0	0	0	0	0	0	0
40	seq140@1	productive	Homsap IGHV3-74*01 F	320	296	288	8	1	7	0	3	1	1	0	0	0	0	0	0	1	2	78	75	74	1	1	0	0	0	1	0	0	0	0	0	0	0	0	0	36	24	21	3	0	3	0	1	0	1	0	0	0	0	0	0	1	0	51	51	51	0	0	0	0	0	0	0	0	0	0	0	0	0	0	0	30	24	23	1	0	1	0	1	0	0	0	0	0	0	0	0	0	0	117	114	111	3	0	3	0	1	0	0	0	0	0	0	0	0	0	2	8	8	8	0	0	0	0	0	0	0	0	0	0	0	0	0	0	0
41	seq141@3	productive	Homsap IGHV3-74*01 F	320	296	289	7	1	6	0	3	1	0	0	0	0	0	0	0	2	1	78	75	74	1	1	0	0	0	1	0	0	0	0	0	0	0	0	0	36	24	22	2	0	2	0	1	0	0	0	0	0	0	0	0	1	0	51	51	51	0	0	0	0	0	0	0	0	0	0	0	0	0	0	0	30	24	22	2	0	2	0	1	0	0	0	0	0	0	0	0	1	0	117	114	112	2	0	2	0	1	0	0	0	0	0	0	0	0	0	1	8	8	8	0	0	0	0	0	0	0	0	0	0	0	0	0	0	0
42	seq150@2	productive	Homsap IGHV3-74*01 F	320	296	291	5	2	3	0	1	0	2	0	0	0	0	0	1	0	1	78	75	72	3	2	1	0	0	0	1	0	0	0	0	0	1	0	1	36	24	23	1	0	1	0	0	0	1	0	0	0	0	0	0	0	0	51	51	51	0	0	0	0	0	0	0	0	0	0	0	0	0	0	0	30	24	23	1	0	1	0	1	0	0	0	0	0	0	0	0	0	0	117	114	114	0	0	0	0	0	0	0	0	0	0	0	0	0	0	0	8	8	8	0	0	0	0	0	0	0	0	0	0	0	0	0	0	0
43	seq151@1	productive	Homsap IGHV3-74*01 F	320	296	291	5	2	3	0	2	1	1	0	0	0	0	0	1	0	0	78	75	73	2	1	1	0	0	0	1	0	0	0	0	0	1	0	0	36	24	24	0	0	0	0	0	0	0	0	0	0	0	0	0	0	0	51	51	50	1	0	1	0	1	0	0	0	0	0	0	0	0	0	0	30	24	23	1	0	1	0	1	0	0	0	0	0	0	0	0	0	0	117	114	113	1	1	0	0	0	1	0	0	0	0	0	0	0	0	0	8	8	8	0	0	0	0	0	0	0	0	0	0	0	0	0	0	0
44	seq153@1	productive	Homsap IGHV3-74*01 F	320	296	291	5	1	4	0	1	1	1	0	0	0	1	0	1	0	0	78	75	71	4	1	3	0	0	1	1	0	0	0	1	0	1	0	0	36	24	24	0	0	0	0	0	0	0	0	0	0	0	0	0	0	0	51	51	51	0	0	0	0	0	0	0	0	0	0	0	0	0	0	0	30	24	23	1	0	1	0	1	0	0	0	0	0	0	0	0	0	0	117	114	114	0	0	0	0	0	0	0	0	0	0	0	0	0	0	0	8	8	8	0	0	0	0	0	0	0	0	0	0	0	0	0	0	0
45	seq155@1	productive	Homsap IGHV3-74*01 F	320	296	291	5	1	4	0	2	0	2	0	0	0	0	0	1	0	0	78	75	72	3	1	2	0	1	0	1	0	0	0	0	0	1	0	0	36	24	24	0	0	0	0	0	0	0	0	0	0	0	0	0	0	0	51	51	51	0	0	0	0	0	0	0	0	0	0	0	0	0	0	0	30	24	23	1	0	1	0	1	0	0	0	0	0	0	0	0	0	0	117	114	113	1	0	1	0	0	0	1	0	0	0	0	0	0	0	0	8	8	8	0	0	0	0	0	0	0	0	0	0	0	0	0	0	0
46	seq158@4	productive	Homsap IGHV3-74*01 F	320	296	292	4	2	2	2	0	1	1	0	0	0	0	0	0	0	0	78	75	74	1	1	0	0	0	0	1	0	0	0	0	0	0	0	0	36	24	24	0	0	0	0	0	0	0	0	0	0	0	0	0	0	0	51	51	50	1	1	0	0	0	1	0	0	0	0	0	0	0	0	0	30	24	24	0	0	0	0	0	0	0	0	0	0	0	0	0	0	0	117	114	112	2	0	2	2	0	0	0	0	0	0	0	0	0	0	0	8	8	8	0	0	0	0	0	0	0	0	0	0	0	0	0	0	0
47	seq159@4	productive	Homsap IGHV3-74*01 F	320	296	295	1	0	1	1	0	0	0	0	0	0	0	0	0	0	0	78	75	75	0	0	0	0	0	0	0	0	0	0	0	0	0	0	0	36	24	24	0	0	0	0	0	0	0	0	0	0	0	0	0	0	0	51	51	51	0	0	0	0	0	0	0	0	0	0	0	0	0	0	0	30	24	24	0	0	0	0	0	0	0	0	0	0	0	0	0	0	0	117	114	113	1	0	1	1	0	0	0	0	0	0	0	0	0	0	0	8	8	8	0	0	0	0	0	0	0	0	0	0	0	0	0	0	0
48	seq160@4	productive	Homsap IGHV3-74*01 F	320	296	294	2	1	1	1	0	0	1	0	0	0	0	0	0	0	0	78	75	75	0	0	0	0	0	0	0	0	0	0	0	0	0	0	0	36	24	24	0	0	0	0	0	0	0	0	0	0	0	0	0	0	0	51	51	51	0	0	0	0	0	0	0	0	0	0	0	0	0	0	0	30	24	23	1	1	0	0	0	0	1	0	0	0	0	0	0	0	0	117	114	113	1	0	1	1	0	0	0	0	0	0	0	0	0	0	0	8	8	8	0	0	0	0	0	0	0	0	0	0	0	0	0	0	0
49	seq161@2	productive	Homsap IGHV3-74*01 F	320	296	294	2	0	2	1	0	0	0	0	0	0	1	0	0	0	0	78	75	75	0	0	0	0	0	0	0	0	0	0	0	0	0	0	0	36	24	24	0	0	0	0	0	0	0	0	0	0	0	0	0	0	0	51	51	51	0	0	0	0	0	0	0	0	0	0	0	0	0	0	0	30	24	24	0	0	0	0	0	0	0	0	0	0	0	0	0	0	0	117	114	112	2	0	2	1	0	0	0	0	0	0	1	0	0	0	0	8	8	8	0	0	0	0	0	0	0	0	0	0	0	0	0	0	0
50	seq166@1	productive	Homsap IGHV3-74*01 F	320	296	293	3	2	1	1	0	0	1	0	0	0	0	0	0	1	0	78	75	74	1	1	0	0	0	0	1	0	0	0	0	0	0	0	0	36	24	24	0	0	0	0	0	0	0	0	0	0	0	0	0	0	0	51	51	50	1	1	0	0	0	0	0	0	0	0	0	0	0	1	0	30	24	24	0	0	0	0	0	0	0	0	0	0	0	0	0	0	0	117	114	113	1	0	1	1	0	0	0	0	0	0	0	0	0	0	0	8	8	8	0	0	0	0	0	0	0	0	0	0	0	0	0	0	0
51	seq171@3	productive	Homsap IGHV3-74*01 F	320	296	294	2	1	1	2	0	0	0	0	0	0	0	0	0	0	0	78	75	74	1	1	0	1	0	0	0	0	0	0	0	0	0	0	0	36	24	24	0	0	0	0	0	0	0	0	0	0	0	0	0	0	0	51	51	51	0	0	0	0	0	0	0	0	0	0	0	0	0	0	0	30	24	24	0	0	0	0	0	0	0	0	0	0	0	0	0	0	0	117	114	113	1	0	1	1	0	0	0	0	0	0	0	0	0	0	0	8	8	8	0	0	0	0	0	0	0	0	0	0	0	0	0	0	0
52	seq176@2	productive	Homsap IGHV3-74*01 F	320	296	290	6	1	5	1	1	0	4	0	0	0	0	0	0	0	0	78	75	74	1	0	1	0	0	0	1	0	0	0	0	0	0	0	0	36	24	23	1	0	1	0	0	0	1	0	0	0	0	0	0	0	0	51	51	51	0	0	0	0	0	0	0	0	0	0	0	0	0	0	0	30	24	23	1	1	0	0	0	0	1	0	0	0	0	0	0	0	0	117	114	111	3	0	3	1	1	0	1	0	0	0	0	0	0	0	0	8	8	8	0	0	0	0	0	0	0	0	0	0	0	0	0	0	0
53	seq177@1	productive	Homsap IGHV3-74*01 F	320	296	293	3	1	2	1	1	0	0	0	0	0	0	1	0	0	0	78	75	74	1	1	0	0	0	0	0	0	0	0	0	1	0	0	0	36	24	24	0	0	0	0	0	0	0	0	0	0	0	0	0	0	0	51	51	51	0	0	0	0	0	0	0	0	0	0	0	0	0	0	0	30	24	24	0	0	0	0	0	0	0	0	0	0	0	0	0	0	0	117	114	112	2	0	2	1	1	0	0	0	0	0	0	0	0	0	0	8	8	8	0	0	0	0	0	0	0	0	0	0	0	0	0	0	0
54	seq178@1	productive	Homsap IGHV3-74*01 F	320	296	293	3	2	1	1	1	0	0	0	0	0	0	1	0	0	0	78	75	75	0	0	0	0	0	0	0	0	0	0	0	0	0	0	0	36	24	24	0	0	0	0	0	0	0	0	0	0	0	0	0	0	0	51	51	50	1	1	0	0	1	0	0	0	0	0	0	0	0	0	0	30	24	24	0	0	0	0	0	0	0	0	0	0	0	0	0	0	0	117	114	112	2	1	1	1	0	0	0	0	0	0	0	1	0	0	0	8	8	8	0	0	0	0	0	0	0	0	0	0	0	0	0	0	0
55	seq179@3	productive	Homsap IGHV3-74*01 F	320	296	294	2	0	2	1	1	0	0	0	0	0	0	0	0	0	0	78	75	74	1	0	1	0	1	0	0	0	0	0	0	0	0	0	0	36	24	24	0	0	0	0	0	0	0	0	0	0	0	0	0	0	0	51	51	51	0	0	0	0	0	0	0	0	0	0	0	0	0	0	0	30	24	24	0	0	0	0	0	0	0	0	0	0	0	0	0	0	0	117	114	113	1	0	1	1	0	0	0	0	0	0	0	0	0	0	0	8	8	8	0	0	0	0	0	0	0	0	0	0	0	0	0	0	0
56	seq181@2	productive	Homsap IGHV3-74*01 F	320	296	293	3	1	2	1	1	1	0	0	0	0	0	0	0	0	0	78	75	75	0	0	0	0	0	0	0	0	0	0	0	0	0	0	0	36	24	24	0	0	0	0	0	0	0	0	0	0	0	0	0	0	0	51	51	50	1	0	1	0	0	1	0	0	0	0	0	0	0	0	0	30	24	24	0	0	0	0	0	0	0	0	0	0	0	0	0	0	0	117	114	112	2	1	1	1	1	0	0	0	0	0	0	0	0	0	0	8	8	8	0	0	0	0	0	0	0	0	0	0	0	0	0	0	0
57	seq184@1	productive	Homsap IGHV3-74*01 F	320	296	294	2	0	2	1	0	0	0	0	0	0	0	1	0	0	0	78	75	75	0	0	0	0	0	0	0	0	0	0	0	0	0	0	0	36	24	24	0	0	0	0	0	0	0	0	0	0	0	0	0	0	0	51	51	50	1	0	1	0	0	0	0	0	0	0	0	1	0	0	0	30	24	24	0	0	0	0	0	0	0	0	0	0	0	0	0	0	0	117	114	113	1	0	1	1	0	0	0	0	0	0	0	0	0	0	0	8	8	8	0	0	0	0	0	0	0	0	0	0	0	0	0	0	0
58	seq185@2	productive	Homsap IGHV3-74*01 F	320	296	294	2	0	2	1	0	0	1	0	0	0	0	0	0	0	0	78	75	75	0	0	0	0	0	0	0	0	0	0	0	0	0	0	0	36	24	24	0	0	0	0	0	0	0	0	0	0	0	0	0	0	0	51	51	51	0	0	0	0	0	0	0	0	0	0	0	0	0	0	0	30	24	23	1	0	1	0	0	0	1	0	0	0	0	0	0	0	0	117	114	113	1	0	1	1	0	0	0	0	0	0	0	0	0	0	0	8	8	8	0	0	0	0	0	0	0	0	0	0	0	0	0	0	0
59	seq190@1	productive	Homsap IGHV3-74*01 F	320	296	293	3	0	3	1	1	0	1	0	0	0	0	0	0	0	0	78	75	75	0	0	0	0	0	0	0	0	0	0	0	0	0	0	0	36	24	23	1	0	1	0	1	0	0	0	0	0	0	0	0	0	0	51	51	50	1	0	1	0	0	0	1	0	0	0	0	0	0	0	0	30	24	23	1	0	1	1	0	0	0	0	0	0	0	0	0	0	0	117	114	114	0	0	0	0	0	0	0	0	0	0	0	0	0	0	0	8	8	8	0	0	0	0	0	0	0	0	0	0	0	0	0	0	0
60	seq192@3	productive	Homsap IGHV3-74*01 F	320	296	294	2	0	2	0	1	0	0	0	0	0	0	0	0	0	1	78	75	75	0	0	0	0	0	0	0	0	0	0	0	0	0	0	0	36	24	23	1	0	1	0	1	0	0	0	0	0	0	0	0	0	0	51	51	51	0	0	0	0	0	0	0	0	0	0	0	0	0	0	0	30	24	23	1	0	1	0	0	0	0	0	0	0	0	0	0	0	1	117	114	114	0	0	0	0	0	0	0	0	0	0	0	0	0	0	0	8	8	8	0	0	0	0	0	0	0	0	0	0	0	0	0	0	0
61	seq193@3	productive	Homsap IGHV3-74*01 F	320	296	294	2	0	2	0	1	0	0	0	0	0	1	0	0	0	0	78	75	75	0	0	0	0	0	0	0	0	0	0	0	0	0	0	0	36	24	23	1	0	1	0	1	0	0	0	0	0	0	0	0	0	0	51	51	51	0	0	0	0	0	0	0	0	0	0	0	0	0	0	0	30	24	23	1	0	1	0	0	0	0	0	0	0	1	0	0	0	0	117	114	114	0	0	0	0	0	0	0	0	0	0	0	0	0	0	0	8	8	8	0	0	0	0	0	0	0	0	0	0	0	0	0	0	0
62	seq194@2	productive	Homsap IGHV3-74*01 F	320	296	291	5	1	4	1	2	1	0	0	0	0	0	0	0	1	0	78	75	75	0	0	0	0	0	0	0	0	0	0	0	0	0	0	0	36	24	23	1	0	1	0	1	0	0	0	0	0	0	0	0	0	0	51	51	49	2	0	2	0	1	1	0	0	0	0	0	0	0	0	0	30	24	24	0	0	0	0	0	0	0	0	0	0	0	0	0	0	0	117	114	112	2	1	1	1	0	0	0	0	0	0	0	0	0	1	0	8	8	8	0	0	0	0	0	0	0	0	0	0	0	0	0	0	0
63	seq197@1	productive	Homsap IGHV3-74*01 F	320	296	292	4	1	3	0	1	1	0	0	0	0	0	0	0	2	0	78	75	75	0	0	0	0	0	0	0	0	0	0	0	0	0	0	0	36	24	23	1	0	1	0	1	0	0	0	0	0	0	0	0	0	0	51	51	50	1	0	1	0	0	1	0	0	0	0	0	0	0	0	0	30	24	24	0	0	0	0	0	0	0	0	0	0	0	0	0	0	0	117	114	112	2	1	1	0	0	0	0	0	0	0	0	0	0	2	0	8	8	8	0	0	0	0	0	0	0	0	0	0	0	0	0	0	0
64	seq203@1	productive	Homsap IGHV3-74*01 F	320	296	292	4	0	4	1	2	0	0	0	0	0	1	0	0	0	0	78	75	74	1	0	1	1	0	0	0	0	0	0	0	0	0	0	0	36	24	22	2	0	2	0	1	0	0	0	0	0	1	0	0	0	0	51	51	51	0	0	0	0	0	0	0	0	0	0	0	0	0	0	0	30	24	24	0	0	0	0	0	0	0	0	0	0	0	0	0	0	0	117	114	113	1	0	1	0	1	0	0	0	0	0	0	0	0	0	0	8	8	8	0	0	0	0	0	0	0	0	0	0	0	0	0	0	0
65	seq205@3	productive	Homsap IGHV3-74*01 F	320	296	291	5	0	5	0	3	0	1	0	0	0	1	0	0	0	0	78	75	74	1	0	1	0	0	0	1	0	0	0	0	0	0	0	0	36	24	22	2	0	2	0	1	0	0	0	0	0	1	0	0	0	0	51	51	51	0	0	0	0	0	0	0	0	0	0	0	0	0	0	0	30	24	23	1	0	1	0	1	0	0	0	0	0	0	0	0	0	0	117	114	113	1	0	1	0	1	0	0	0	0	0	0	0	0	0	0	8	8	8	0	0	0	0	0	0	0	0	0	0	0	0	0	0	0
66	seq207@1	productive	Homsap IGHV3-74*01 F	320	296	292	4	0	4	0	0	0	2	0	0	0	1	1	0	0	0	78	75	75	0	0	0	0	0	0	0	0	0	0	0	0	0	0	0	36	24	23	1	0	1	0	0	0	1	0	0	0	0	0	0	0	0	51	51	51	0	0	0	0	0	0	0	0	0	0	0	0	0	0	0	30	24	22	2	0	2	0	0	0	0	0	0	0	1	1	0	0	0	117	114	113	1	0	1	0	0	0	1	0	0	0	0	0	0	0	0	8	8	8	0	0	0	0	0	0	0	0	0	0	0	0	0	0	0
67	seq215@1	productive	Homsap IGHV3-74*01 F	320	296	293	3	1	2	0	0	1	0	0	0	0	0	1	1	0	0	78	75	74	1	1	0	0	0	1	0	0	0	0	0	0	0	0	0	36	24	24	0	0	0	0	0	0	0	0	0	0	0	0	0	0	0	51	51	51	0	0	0	0	0	0	0	0	0	0	0	0	0	0	0	30	24	23	1	0	1	0	0	0	0	0	0	0	0	1	0	0	0	117	114	113	1	0	1	0	0	0	0	0	0	0	0	0	1	0	0	8	8	8	0	0	0	0	0	0	0	0	0	0	0	0	0	0	0
68	seq216@1	productive	Homsap IGHV3-74*01 F	320	296	294	2	0	2	0	0	0	0	1	0	0	0	1	0	0	0	78	75	75	0	0	0	0	0	0	0	0	0	0	0	0	0	0	0	36	24	24	0	0	0	0	0	0	0	0	0	0	0	0	0	0	0	51	51	51	0	0	0	0	0	0	0	0	0	0	0	0	0	0	0	30	24	23	1	0	1	0	0	0	0	0	0	0	0	1	0	0	0	117	114	113	1	0	1	0	0	0	0	1	0	0	0	0	0	0	0	8	8	8	0	0	0	0	0	0	0	0	0	0	0	0	0	0	0
69	seq225@1	productive	Homsap IGHV3-74*01 F	320	296	294	2	1	1	0	2	0	0	0	0	0	0	0	0	0	0	78	75	75	0	0	0	0	0	0	0	0	0	0	0	0	0	0	0	36	24	24	0	0	0	0	0	0	0	0	0	0	0	0	0	0	0	51	51	49	2	1	1	0	2	0	0	0	0	0	0	0	0	0	0	30	24	24	0	0	0	0	0	0	0	0	0	0	0	0	0	0	0	117	114	114	0	0	0	0	0	0	0	0	0	0	0	0	0	0	0	8	8	8	0	0	0	0	0	0	0	0	0	0	0	0	0	0	0
70	seq229@2	productive	Homsap IGHV3-74*01 F	320	296	294	2	0	2	0	0	0	1	0	0	0	1	0	0	0	0	78	75	74	1	0	1	0	0	0	0	0	0	0	1	0	0	0	0	36	24	24	0	0	0	0	0	0	0	0	0	0	0	0	0	0	0	51	51	51	0	0	0	0	0	0	0	0	0	0	0	0	0	0	0	30	24	24	0	0	0	0	0	0	0	0	0	0	0	0	0	0	0	117	114	113	1	0	1	0	0	0	1	0	0	0	0	0	0	0	0	8	8	8	0	0	0	0	0	0	0	0	0	0	0	0	0	0	0
71	seq235@1	productive	Homsap IGHV3-74*01 F	320	296	295	1	0	1	0	0	0	0	0	0	0	1	0	0	0	0	78	75	74	1	0	1	0	0	0	0	0	0	0	1	0	0	0	0	36	24	24	0	0	0	0	0	0	0	0	0	0	0	0	0	0	0	51	51	51	0	0	0	0	0	0	0	0	0	0	0	0	0	0	0	30	24	24	0	0	0	0	0	0	0	0	0	0	0	0	0	0	0	117	114	114	0	0	0	0	0	0	0	0	0	0	0	0	0	0	0	8	8	8	0	0	0	0	0	0	0	0	0	0	0	0	0	0	0
72	seq241@1	productive	Homsap IGHV3-74*01 F	320	296	292	4	0	4	3	0	1	0	0	0	0	0	0	0	0	0	78	75	74	1	0	1	0	0	1	0	0	0	0	0	0	0	0	0	36	24	23	1	0	1	1	0	0	0	0	0	0	0	0	0	0	0	51	51	51	0	0	0	0	0	0	0	0	0	0	0	0	0	0	0	30	24	23	1	0	1	1	0	0	0	0	0	0	0	0	0	0	0	117	114	113	1	0	1	1	0	0	0	0	0	0	0	0	0	0	0	8	8	8	0	0	0	0	0	0	0	0	0	0	0	0	0	0	0
73	seq244@3	productive	Homsap IGHV3-74*01 F	320	296	293	3	0	3	1	2	0	0	0	0	0	0	0	0	0	0	78	75	75	0	0	0	0	0	0	0	0	0	0	0	0	0	0	0	36	24	24	0	0	0	0	0	0	0	0	0	0	0	0	0	0	0	51	51	50	1	0	1	0	1	0	0	0	0	0	0	0	0	0	0	30	24	24	0	0	0	0	0	0	0	0	0	0	0	0	0	0	0	117	114	112	2	0	2	1	1	0	0	0	0	0	0	0	0	0	0	8	8	8	0	0	0	0	0	0	0	0	0	0	0	0	0	0	0
74	seq248@2	productive	Homsap IGHV3-74*01 F	320	296	292	4	0	4	2	2	0	0	0	0	0	0	0	0	0	0	78	75	75	0	0	0	0	0	0	0	0	0	0	0	0	0	0	0	36	24	24	0	0	0	0	0	0	0	0	0	0	0	0	0	0	0	51	51	50	1	0	1	0	1	0	0	0	0	0	0	0	0	0	0	30	24	24	0	0	0	0	0	0	0	0	0	0	0	0	0	0	0	117	114	111	3	0	3	2	1	0	0	0	0	0	0	0	0	0	0	8	8	8	0	0	0	0	0	0	0	0	0	0	0	0	0	0	0
75	seq249@4	productive	Homsap IGHV3-74*01 F	320	296	292	4	1	3	1	2	0	0	0	0	0	0	0	0	0	1	78	75	75	0	0	0	0	0	0	0	0	0	0	0	0	0	0	0	36	24	24	0	0	0	0	0	0	0	0	0	0	0	0	0	0	0	51	51	51	0	0	0	0	0	0	0	0	0	0	0	0	0	0	0	30	24	24	0	0	0	0	0	0	0	0	0	0	0	0	0	0	0	117	114	110	4	1	3	1	2	0	0	0	0	0	0	0	0	0	1	8	8	8	0	0	0	0	0	0	0	0	0	0	0	0	0	0	0
76	seq250@3	productive	Homsap IGHV3-74*01 F	320	296	293	3	0	3	1	1	0	1	0	0	0	0	0	0	0	0	78	75	75	0	0	0	0	0	0	0	0	0	0	0	0	0	0	0	36	24	24	0	0	0	0	0	0	0	0	0	0	0	0	0	0	0	51	51	50	1	0	1	0	0	0	1	0	0	0	0	0	0	0	0	30	24	24	0	0	0	0	0	0	0	0	0	0	0	0	0	0	0	117	114	112	2	0	2	1	1	0	0	0	0	0	0	0	0	0	0	8	8	8	0	0	0	0	0	0	0	0	0	0	0	0	0	0	0
77	seq255@2	productive	Homsap IGHV3-74*01 F	320	296	290	6	2	4	0	2	1	2	0	0	0	0	0	0	0	1	78	75	75	0	0	0	0	0	0	0	0	0	0	0	0	0	0	0	36	24	22	2	1	1	0	1	0	1	0	0	0	0	0	0	0	0	51	51	49	2	1	1	0	0	1	1	0	0	0	0	0	0	0	0	30	24	23	1	0	1	0	1	0	0	0	0	0	0	0	0	0	0	117	114	113	1	0	1	0	0	0	0	0	0	0	0	0	0	0	1	8	8	8	0	0	0	0	0	0	0	0	0	0	0	0	0	0	0
78	seq258@1	productive	Homsap IGHV3-74*01 F	320	296	290	6	0	6	0	2	1	1	0	1	0	0	0	0	0	1	78	75	74	1	0	1	0	0	0	0	0	1	0	0	0	0	0	0	36	24	23	1	0	1	0	1	0	0	0	0	0	0	0	0	0	0	51	51	50	1	0	1	0	0	0	1	0	0	0	0	0	0	0	0	30	24	23	1	0	1	0	1	0	0	0	0	0	0	0	0	0	0	117	114	112	2	0	2	0	0	1	0	0	0	0	0	0	0	0	1	8	8	8	0	0	0	0	0	0	0	0	0	0	0	0	0	0	0
79	seq262@1	productive	Homsap IGHV3-74*01 F	320	296	291	5	0	5	0	2	0	2	0	0	0	0	0	0	0	1	78	75	75	0	0	0	0	0	0	0	0	0	0	0	0	0	0	0	36	24	22	2	0	2	0	1	0	1	0	0	0	0	0	0	0	0	51	51	50	1	0	1	0	0	0	1	0	0	0	0	0	0	0	0	30	24	23	1	0	1	0	1	0	0	0	0	0	0	0	0	0	0	117	114	113	1	0	1	0	0	0	0	0	0	0	0	0	0	0	1	8	8	8	0	0	0	0	0	0	0	0	0	0	0	0	0	0	0
80	seq267@1	productive	Homsap IGHV3-74*01 F	320	296	291	5	1	4	0	2	2	0	0	0	0	0	0	0	0	1	78	75	74	1	1	0	0	0	1	0	0	0	0	0	0	0	0	0	36	24	23	1	0	1	0	1	0	0	0	0	0	0	0	0	0	0	51	51	51	0	0	0	0	0	0	0	0	0	0	0	0	0	0	0	30	24	23	1	0	1	0	1	0	0	0	0	0	0	0	0	0	0	117	114	112	2	0	2	0	0	1	0	0	0	0	0	0	0	0	1	8	8	8	0	0	0	0	0	0	0	0	0	0	0	0	0	0	0
81	seq269@2	productive	Homsap IGHV3-74*01 F	320	296	290	6	1	5	1	2	1	0	0	0	0	0	0	0	1	1	78	75	74	1	1	0	0	0	1	0	0	0	0	0	0	0	0	0	36	24	23	1	0	1	0	1	0	0	0	0	0	0	0	0	0	0	51	51	51	0	0	0	0	0	0	0	0	0	0	0	0	0	0	0	30	24	22	2	0	2	0	1	0	0	0	0	0	0	0	0	1	0	117	114	112	2	0	2	1	0	0	0	0	0	0	0	0	0	0	1	8	8	8	0	0	0	0	0	0	0	0	0	0	0	0	0	0	0
82	seq273@1	productive	Homsap IGHV3-74*01 F	320	296	292	4	1	3	0	2	1	0	0	0	0	0	0	0	0	1	78	75	74	1	1	0	0	0	1	0	0	0	0	0	0	0	0	0	36	24	23	1	0	1	0	1	0	0	0	0	0	0	0	0	0	0	51	51	51	0	0	0	0	0	0	0	0	0	0	0	0	0	0	0	30	24	23	1	0	1	0	1	0	0	0	0	0	0	0	0	0	0	117	114	113	1	0	1	0	0	0	0	0	0	0	0	0	0	0	1	8	8	8	0	0	0	0	0	0	0	0	0	0	0	0	0	0	0
83	seq274@2	productive	Homsap IGHV3-74*01 F	320	296	290	6	0	6	0	3	0	1	0	0	0	0	0	0	1	1	78	75	75	0	0	0	0	0	0	0	0	0	0	0	0	0	0	0	36	24	21	3	0	3	0	1	0	1	0	0	0	0	0	0	1	0	51	51	51	0	0	0	0	0	0	0	0	0	0	0	0	0	0	0	30	24	23	1	0	1	0	1	0	0	0	0	0	0	0	0	0	0	117	114	112	2	0	2	0	1	0	0	0	0	0	0	0	0	0	1	8	8	8	0	0	0	0	0	0	0	0	0	0	0	0	0	0	0
84	seq277@2	productive	Homsap IGHV3-74*01 F	320	296	287	9	2	7	0	3	2	1	0	0	0	0	0	0	1	2	78	75	74	1	1	0	0	0	1	0	0	0	0	0	0	0	0	0	36	24	20	4	1	3	0	1	1	1	0	0	0	0	0	0	1	0	51	51	51	0	0	0	0	0	0	0	0	0	0	0	0	0	0	0	30	24	23	1	0	1	0	1	0	0	0	0	0	0	0	0	0	0	117	114	111	3	0	3	0	1	0	0	0	0	0	0	0	0	0	2	8	8	8	0	0	0	0	0	0	0	0	0	0	0	0	0	0	0
85	seq284@2	productive	Homsap IGHV3-74*01 F	320	296	292	4	2	2	1	2	0	0	0	0	0	0	1	0	0	0	78	75	75	0	0	0	0	0	0	0	0	0	0	0	0	0	0	0	36	24	24	0	0	0	0	0	0	0	0	0	0	0	0	0	0	0	51	51	50	1	1	0	0	0	0	0	0	0	0	0	1	0	0	0	30	24	22	2	0	2	1	1	0	0	0	0	0	0	0	0	0	0	117	114	113	1	1	0	0	1	0	0	0	0	0	0	0	0	0	0	8	8	8	0	0	0	0	0	0	0	0	0	0	0	0	0	0	0
86	seq288@2	productive	Homsap IGHV3-74*01 F	320	296	290	6	1	5	1	3	1	1	0	0	0	0	0	0	0	0	78	75	75	0	0	0	0	0	0	0	0	0	0	0	0	0	0	0	36	24	24	0	0	0	0	0	0	0	0	0	0	0	0	0	0	0	51	51	50	1	0	1	0	1	0	0	0	0	0	0	0	0	0	0	30	24	22	2	0	2	1	1	0	0	0	0	0	0	0	0	0	0	117	114	111	3	1	2	0	1	1	1	0	0	0	0	0	0	0	0	8	8	8	0	0	0	0	0	0	0	0	0	0	0	0	0	0	0
87	seq291@2	productive	Homsap IGHV3-74*01 F	320	296	293	3	2	1	0	2	0	1	0	0	0	0	0	0	0	0	78	75	74	1	1	0	0	1	0	0	0	0	0	0	0	0	0	0	36	24	24	0	0	0	0	0	0	0	0	0	0	0	0	0	0	0	51	51	50	1	1	0	0	0	0	1	0	0	0	0	0	0	0	0	30	24	23	1	0	1	0	1	0	0	0	0	0	0	0	0	0	0	117	114	114	0	0	0	0	0	0	0	0	0	0	0	0	0	0	0	8	8	8	0	0	0	0	0	0	0	0	0	0	0	0	0	0	0
88	seq292@2	productive	Homsap IGHV3-74*01 F	320	296	293	3	1	2	0	2	0	1	0	0	0	0	0	0	0	0	78	75	74	1	0	1	0	1	0	0	0	0	0	0	0	0	0	0	36	24	24	0	0	0	0	0	0	0	0	0	0	0	0	0	0	0	51	51	50	1	1	0	0	0	0	1	0	0	0	0	0	0	0	0	30	24	23	1	0	1	0	1	0	0	0	0	0	0	0	0	0	0	117	114	114	0	0	0	0	0	0	0	0	0	0	0	0	0	0	0	8	8	8	0	0	0	0	0	0	0	0	0	0	0	0	0	0	0
89	seq293@1	productive	Homsap IGHV3-74*01 F	320	296	294	2	0	2	0	1	0	0	1	0	0	0	0	0	0	0	78	75	75	0	0	0	0	0	0	0	0	0	0	0	0	0	0	0	36	24	24	0	0	0	0	0	0	0	0	0	0	0	0	0	0	0	51	51	51	0	0	0	0	0	0	0	0	0	0	0	0	0	0	0	30	24	23	1	0	1	0	1	0	0	0	0	0	0	0	0	0	0	117	114	113	1	0	1	0	0	0	0	1	0	0	0	0	0	0	0	8	8	8	0	0	0	0	0	0	0	0	0	0	0	0	0	0	0
90	seq299@1	productive	Homsap IGHV3-74*01 F	320	296	290	6	1	5	0	2	0	1	0	0	0	1	0	1	1	0	78	75	71	4	1	3	0	1	0	1	0	0	0	1	0	1	0	0	36	24	23	1	0	1	0	0	0	0	0	0	0	0	0	0	1	0	51	51	51	0	0	0	0	0	0	0	0	0	0	0	0	0	0	0	30	24	23	1	0	1	0	1	0	0	0	0	0	0	0	0	0	0	117	114	114	0	0	0	0	0	0	0	0	0	0	0	0	0	0	0	8	8	8	0	0	0	0	0	0	0	0	0	0	0	0	0	0	0
91	seq302@2	productive	Homsap IGHV3-74*01 F	320	296	290	6	1	5	0	1	1	2	0	0	0	1	0	1	0	0	78	75	71	4	1	3	0	0	1	1	0	0	0	1	0	1	0	0	36	24	24	0	0	0	0	0	0	0	0	0	0	0	0	0	0	0	51	51	51	0	0	0	0	0	0	0	0	0	0	0	0	0	0	0	30	24	23	1	0	1	0	1	0	0	0	0	0	0	0	0	0	0	117	114	113	1	0	1	0	0	0	1	0	0	0	0	0	0	0	0	8	8	8	0	0	0	0	0	0	0	0	0	0	0	0	0	0	0
92	seq306@1	productive	Homsap IGHV3-74*01 F	320	296	290	6	1	5	1	2	0	2	0	0	0	0	0	1	0	0	78	75	72	3	1	2	0	1	0	1	0	0	0	0	0	1	0	0	36	24	24	0	0	0	0	0	0	0	0	0	0	0	0	0	0	0	51	51	51	0	0	0	0	0	0	0	0	0	0	0	0	0	0	0	30	24	22	2	0	2	1	1	0	0	0	0	0	0	0	0	0	0	117	114	113	1	0	1	0	0	0	1	0	0	0	0	0	0	0	0	8	8	8	0	0	0	0	0	0	0	0	0	0	0	0	0	0	0
93	seq307@1	productive	Homsap IGHV3-74*01 F	320	296	291	5	1	4	0	2	0	1	0	0	0	0	0	2	0	0	78	75	72	3	1	2	0	1	0	1	0	0	0	0	0	1	0	0	36	24	24	0	0	0	0	0	0	0	0	0	0	0	0	0	0	0	51	51	50	1	0	1	0	0	0	0	0	0	0	0	0	1	0	0	30	24	23	1	0	1	0	1	0	0	0	0	0	0	0	0	0	0	117	114	114	0	0	0	0	0	0	0	0	0	0	0	0	0	0	0	8	8	8	0	0	0	0	0	0	0	0	0	0	0	0	0	0	0
94	seq309@1	productive	Homsap IGHV3-74*01 F	320	296	291	5	1	4	1	2	0	1	0	0	0	0	0	1	0	0	78	75	72	3	1	2	0	1	0	1	0	0	0	0	0	1	0	0	36	24	24	0	0	0	0	0	0	0	0	0	0	0	0	0	0	0	51	51	51	0	0	0	0	0	0	0	0	0	0	0	0	0	0	0	30	24	22	2	0	2	1	1	0	0	0	0	0	0	0	0	0	0	117	114	114	0	0	0	0	0	0	0	0	0	0	0	0	0	0	0	8	8	8	0	0	0	0	0	0	0	0	0	0	0	0	0	0	0
95	seq310@2	productive	Homsap IGHV3-74*01 F	320	296	291	5	1	4	0	3	0	1	0	0	0	0	0	1	0	0	78	75	72	3	1	2	0	1	0	1	0	0	0	0	0	1	0	0	36	24	24	0	0	0	0	0	0	0	0	0	0	0	0	0	0	0	51	51	51	0	0	0	0	0	0	0	0	0	0	0	0	0	0	0	30	24	22	2	0	2	0	2	0	0	0	0	0	0	0	0	0	0	117	114	114	0	0	0	0	0	0	0	0	0	0	0	0	0	0	0	8	8	8	0	0	0	0	0	0	0	0	0	0	0	0	0	0	0
96	seq319@1	productive	Homsap IGHV3-74*01 F	320	296	294	2	0	2	1	0	0	0	0	0	0	0	0	0	1	0	78	75	75	0	0	0	0	0	0	0	0	0	0	0	0	0	0	0	36	24	24	0	0	0	0	0	0	0	0	0	0	0	0	0	0	0	51	51	51	0	0	0	0	0	0	0	0	0	0	0	0	0	0	0	30	24	24	0	0	0	0	0	0	0	0	0	0	0	0	0	0	0	117	114	112	2	0	2	1	0	0	0	0	0	0	0	0	0	1	0	8	8	8	0	0	0	0	0	0	0	0	0	0	0	0	0	0	0
97	seq328@1	productive	Homsap IGHV3-74*01 F	320	296	292	4	2	2	1	0	1	1	0	0	0	0	0	0	1	0	78	75	73	2	1	1	0	0	1	1	0	0	0	0	0	0	0	0	36	24	24	0	0	0	0	0	0	0	0	0	0	0	0	0	0	0	51	51	50	1	1	0	0	0	0	0	0	0	0	0	0	0	1	0	30	24	24	0	0	0	0	0	0	0	0	0	0	0	0	0	0	0	117	114	113	1	0	1	1	0	0	0	0	0	0	0	0	0	0	0	8	8	8	0	0	0	0	0	0	0	0	0	0	0	0	0	0	0
98	seq333@2	productive	Homsap IGHV3-74*01 F	320	296	292	4	3	1	2	1	0	1	0	0	0	0	0	0	0	0	78	75	73	2	2	0	1	0	0	1	0	0	0	0	0	0	0	0	36	24	24	0	0	0	0	0	0	0	0	0	0	0	0	0	0	0	51	51	50	1	1	0	0	1	0	0	0	0	0	0	0	0	0	0	30	24	24	0	0	0	0	0	0	0	0	0	0	0	0	0	0	0	117	114	113	1	0	1	1	0	0	0	0	0	0	0	0	0	0	0	8	8	8	0	0	0	0	0	0	0	0	0	0	0	0	0	0	0
99	seq345@2	productive	Homsap IGHV3-74*01 F	320	296	292	4	0	4	2	1	0	0	0	0	1	0	0	0	0	0	78	75	75	0	0	0	0	0	0	0	0	0	0	0	0	0	0	0	36	24	24	0	0	0	0	0	0	0	0	0	0	0	0	0	0	0	51	51	51	0	0	0	0	0	0	0	0	0	0	0	0	0	0	0	30	24	22	2	0	2	1	0	0	0	0	0	1	0	0	0	0	0	117	114	112	2	0	2	1	1	0	0	0	0	0	0	0	0	0	0	8	8	8	0	0	0	0	0	0	0	0	0	0	0	0	0	0	0
100	seq347@2	productive	Homsap IGHV3-74*01 F	320	296	289	7	1	6	1	1	0	4	0	0	0	0	0	1	0	0	78	75	74	1	0	1	0	0	0	1	0	0	0	0	0	0	0	0	36	24	23	1	0	1	0	0	0	1	0	0	0	0	0	0	0	0	51	51	51	0	0	0	0	0	0	0	0	0	0	0	0	0	0	0	30	24	23	1	1	0	0	0	0	1	0	0	0	0	0	0	0	0	117	114	110	4	0	4	1	1	0	1	0	0	0	0	0	1	0	0	8	8	8	0	0	0	0	0	0	0	0	0	0	0	0	0	0	0
101	seq349@2	productive	Homsap IGHV3-74*01 F	320	296	292	4	1	3	1	1	0	1	0	0	0	0	1	0	0	0	78	75	74	1	1	0	0	0	0	0	0	0	0	0	1	0	0	0	36	24	24	0	0	0	0	0	0	0	0	0	0	0	0	0	0	0	51	51	50	1	0	1	0	0	0	1	0	0	0	0	0	0	0	0	30	24	24	0	0	0	0	0	0	0	0	0	0	0	0	0	0	0	117	114	112	2	0	2	1	1	0	0	0	0	0	0	0	0	0	0	8	8	8	0	0	0	0	0	0	0	0	0	0	0	0	0	0	0
102	seq351@1	productive	Homsap IGHV3-74*01 F	320	296	292	4	2	2	1	2	0	0	0	0	0	0	1	0	0	0	78	75	75	0	0	0	0	0	0	0	0	0	0	0	0	0	0	0	36	24	24	0	0	0	0	0	0	0	0	0	0	0	0	0	0	0	51	51	49	2	1	1	0	2	0	0	0	0	0	0	0	0	0	0	30	24	24	0	0	0	0	0	0	0	0	0	0	0	0	0	0	0	117	114	112	2	1	1	1	0	0	0	0	0	0	0	1	0	0	0	8	8	8	0	0	0	0	0	0	0	0	0	0	0	0	0	0	0
103	seq355@2	productive	Homsap IGHV3-74*01 F	320	296	294	2	0	2	1	0	0	0	0	0	0	0	0	0	0	1	78	75	74	1	0	1	0	0	0	0	0	0	0	0	0	0	0	1	36	24	24	0	0	0	0	0	0	0	0	0	0	0	0	0	0	0	51	51	51	0	0	0	0	0	0	0	0	0	0	0	0	0	0	0	30	24	24	0	0	0	0	0	0	0	0	0	0	0	0	0	0	0	117	114	113	1	0	1	1	0	0	0	0	0	0	0	0	0	0	0	8	8	8	0	0	0	0	0	0	0	0	0	0	0	0	0	0	0
104	seq356@2	productive	Homsap IGHV3-74*01 F	320	296	294	2	0	2	1	0	0	0	0	0	0	0	0	1	0	0	78	75	75	0	0	0	0	0	0	0	0	0	0	0	0	0	0	0	36	24	24	0	0	0	0	0	0	0	0	0	0	0	0	0	0	0	51	51	51	0	0	0	0	0	0	0	0	0	0	0	0	0	0	0	30	24	24	0	0	0	0	0	0	0	0	0	0	0	0	0	0	0	117	114	112	2	0	2	1	0	0	0	0	0	0	0	0	1	0	0	8	8	8	0	0	0	0	0	0	0	0	0	0	0	0	0	0	0
105	seq360@1	productive	Homsap IGHV3-74*01 F	320	296	293	3	0	3	1	1	0	0	0	0	0	0	1	0	0	0	78	75	75	0	0	0	0	0	0	0	0	0	0	0	0	0	0	0	36	24	23	1	0	1	0	0	0	0	0	0	0	0	1	0	0	0	51	51	51	0	0	0	0	0	0	0	0	0	0	0	0	0	0	0	30	24	23	1	0	1	0	1	0	0	0	0	0	0	0	0	0	0	117	114	113	1	0	1	1	0	0	0	0	0	0	0	0	0	0	0	8	8	8	0	0	0	0	0	0	0	0	0	0	0	0	0	0	0
106	seq361@2	productive	Homsap IGHV3-74*01 F	320	296	292	4	0	4	2	1	0	0	0	0	0	0	1	0	0	0	78	75	75	0	0	0	0	0	0	0	0	0	0	0	0	0	0	0	36	24	24	0	0	0	0	0	0	0	0	0	0	0	0	0	0	0	51	51	51	0	0	0	0	0	0	0	0	0	0	0	0	0	0	0	30	24	22	2	0	2	0	1	0	0	0	0	0	0	1	0	0	0	117	114	112	2	0	2	2	0	0	0	0	0	0	0	0	0	0	0	8	8	8	0	0	0	0	0	0	0	0	0	0	0	0	0	0	0
107	seq362@2	productive	Homsap IGHV3-74*01 F	320	296	292	4	1	3	1	2	0	0	0	0	0	0	1	0	0	0	78	75	75	0	0	0	0	0	0	0	0	0	0	0	0	0	0	0	36	24	24	0	0	0	0	0	0	0	0	0	0	0	0	0	0	0	51	51	51	0	0	0	0	0	0	0	0	0	0	0	0	0	0	0	30	24	22	2	0	2	0	1	0	0	0	0	0	0	1	0	0	0	117	114	112	2	1	1	1	1	0	0	0	0	0	0	0	0	0	0	8	8	8	0	0	0	0	0	0	0	0	0	0	0	0	0	0	0
108	seq364@2	productive	Homsap IGHV3-74*01 F	320	296	294	2	0	2	1	0	0	0	0	0	0	0	1	0	0	0	78	75	75	0	0	0	0	0	0	0	0	0	0	0	0	0	0	0	36	24	24	0	0	0	0	0	0	0	0	0	0	0	0	0	0	0	51	51	50	1	0	1	0	0	0	0	0	0	0	0	1	0	0	0	30	24	24	0	0	0	0	0	0	0	0	0	0	0	0	0	0	0	117	114	113	1	0	1	1	0	0	0	0	0	0	0	0	0	0	0	8	8	8	0	0	0	0	0	0	0	0	0	0	0	0	0	0	0
109	seq369@1	productive	Homsap IGHV3-74*01 F	320	296	291	5	0	5	1	1	0	1	0	0	1	0	0	0	0	1	78	75	74	1	0	1	0	1	0	0	0	0	0	0	0	0	0	0	36	24	23	1	0	1	0	0	0	0	0	0	0	0	0	0	0	1	51	51	50	1	0	1	0	0	0	1	0	0	0	0	0	0	0	0	30	24	24	0	0	0	0	0	0	0	0	0	0	0	0	0	0	0	117	114	112	2	0	2	1	0	0	0	0	0	1	0	0	0	0	0	8	8	8	0	0	0	0	0	0	0	0	0	0	0	0	0	0	0
110	seq371@1	productive	Homsap IGHV3-74*01 F	320	296	291	5	1	4	2	1	1	0	0	1	0	0	0	0	0	0	78	75	75	0	0	0	0	0	0	0	0	0	0	0	0	0	0	0	36	24	24	0	0	0	0	0	0	0	0	0	0	0	0	0	0	0	51	51	51	0	0	0	0	0	0	0	0	0	0	0	0	0	0	0	30	24	24	0	0	0	0	0	0	0	0	0	0	0	0	0	0	0	117	114	109	5	1	4	2	1	1	0	0	1	0	0	0	0	0	0	8	8	8	0	0	0	0	0	0	0	0	0	0	0	0	0	0	0
111	seq373@1	productive	Homsap IGHV3-74*01 F	320	296	293	3	0	3	2	0	1	0	0	0	0	0	0	0	0	0	78	75	75	0	0	0	0	0	0	0	0	0	0	0	0	0	0	0	36	24	24	0	0	0	0	0	0	0	0	0	0	0	0	0	0	0	51	51	50	1	0	1	0	0	1	0	0	0	0	0	0	0	0	0	30	24	24	0	0	0	0	0	0	0	0	0	0	0	0	0	0	0	117	114	112	2	0	2	2	0	0	0	0	0	0	0	0	0	0	0	8	8	8	0	0	0	0	0	0	0	0	0	0	0	0	0	0	0
112	seq374@1	productive	Homsap IGHV3-74*01 F	320	296	293	3	0	3	1	0	2	0	0	0	0	0	0	0	0	0	78	75	74	1	0	1	0	0	1	0	0	0	0	0	0	0	0	0	36	24	24	0	0	0	0	0	0	0	0	0	0	0	0	0	0	0	51	51	50	1	0	1	0	0	1	0	0	0	0	0	0	0	0	0	30	24	24	0	0	0	0	0	0	0	0	0	0	0	0	0	0	0	117	114	113	1	0	1	1	0	0	0	0	0	0	0	0	0	0	0	8	8	8	0	0	0	0	0	0	0	0	0	0	0	0	0	0	0
113	seq375@2	productive	Homsap IGHV3-74*01 F	320	296	291	5	1	4	2	1	0	1	0	0	0	0	0	0	1	0	78	75	74	1	1	0	0	0	0	0	0	0	0	0	0	0	1	0	36	24	23	1	0	1	0	1	0	0	0	0	0	0	0	0	0	0	51	51	50	1	0	1	0	0	0	1	0	0	0	0	0	0	0	0	30	24	23	1	0	1	1	0	0	0	0	0	0	0	0	0	0	0	117	114	113	1	0	1	1	0	0	0	0	0	0	0	0	0	0	0	8	8	8	0	0	0	0	0	0	0	0	0	0	0	0	0	0	0
114	seq378@1	productive	Homsap IGHV3-74*01 F	320	296	294	2	1	1	0	1	0	1	0	0	0	0	0	0	0	0	78	75	75	0	0	0	0	0	0	0	0	0	0	0	0	0	0	0	36	24	23	1	0	1	0	1	0	0	0	0	0	0	0	0	0	0	51	51	50	1	1	0	0	0	0	1	0	0	0	0	0	0	0	0	30	24	24	0	0	0	0	0	0	0	0	0	0	0	0	0	0	0	117	114	114	0	0	0	0	0	0	0	0	0	0	0	0	0	0	0	8	8	8	0	0	0	0	0	0	0	0	0	0	0	0	0	0	0
115	seq383@1	productive	Homsap IGHV3-74*01 F	320	296	290	6	1	5	1	2	1	1	0	0	0	0	0	0	1	0	78	75	75	0	0	0	0	0	0	0	0	0	0	0	0	0	0	0	36	24	23	1	0	1	0	1	0	0	0	0	0	0	0	0	0	0	51	51	49	2	0	2	0	1	1	0	0	0	0	0	0	0	0	0	30	24	24	0	0	0	0	0	0	0	0	0	0	0	0	0	0	0	117	114	111	3	1	2	1	0	0	1	0	0	0	0	0	0	1	0	8	8	8	0	0	0	0	0	0	0	0	0	0	0	0	0	0	0
116	seq385@1	productive	Homsap IGHV3-74*01 F	320	296	290	6	1	5	1	3	1	0	0	0	0	0	0	0	1	0	78	75	74	1	0	1	0	1	0	0	0	0	0	0	0	0	0	0	36	24	23	1	0	1	0	1	0	0	0	0	0	0	0	0	0	0	51	51	48	3	0	3	1	1	1	0	0	0	0	0	0	0	0	0	30	24	24	0	0	0	0	0	0	0	0	0	0	0	0	0	0	0	117	114	113	1	1	0	0	0	0	0	0	0	0	0	0	0	1	0	8	8	8	0	0	0	0	0	0	0	0	0	0	0	0	0	0	0
117	seq388@1	productive	Homsap IGHV3-74*01 F	320	296	292	4	2	2	0	1	2	0	0	0	0	0	0	0	1	0	78	75	75	0	0	0	0	0	0	0	0	0	0	0	0	0	0	0	36	24	23	1	0	1	0	1	0	0	0	0	0	0	0	0	0	0	51	51	49	2	1	1	0	0	2	0	0	0	0	0	0	0	0	0	30	24	24	0	0	0	0	0	0	0	0	0	0	0	0	0	0	0	117	114	113	1	1	0	0	0	0	0	0	0	0	0	0	0	1	0	8	8	8	0	0	0	0	0	0	0	0	0	0	0	0	0	0	0
118	seq390@1	productive	Homsap IGHV3-74*01 F	320	296	292	4	1	3	0	1	1	0	0	0	0	0	0	0	2	0	78	75	75	0	0	0	0	0	0	0	0	0	0	0	0	0	0	0	36	24	23	1	0	1	0	1	0	0	0	0	0	0	0	0	0	0	51	51	50	1	0	1	0	0	1	0	0	0	0	0	0	0	0	0	30	24	24	0	0	0	0	0	0	0	0	0	0	0	0	0	0	0	117	114	112	2	1	1	0	0	0	0	0	0	0	0	0	0	2	0	8	8	8	0	0	0	0	0	0	0	0	0	0	0	0	0	0	0
119	seq392@1	productive	Homsap IGHV3-74*01 F	320	296	295	1	0	1	0	1	0	0	0	0	0	0	0	0	0	0	78	75	75	0	0	0	0	0	0	0	0	0	0	0	0	0	0	0	36	24	23	1	0	1	0	1	0	0	0	0	0	0	0	0	0	0	51	51	51	0	0	0	0	0	0	0	0	0	0	0	0	0	0	0	30	24	24	0	0	0	0	0	0	0	0	0	0	0	0	0	0	0	117	114	114	0	0	0	0	0	0	0	0	0	0	0	0	0	0	0	8	8	8	0	0	0	0	0	0	0	0	0	0	0	0	0	0	0
120	seq393@2	productive	Homsap IGHV3-74*01 F	320	296	294	2	0	2	0	1	0	1	0	0	0	0	0	0	0	0	78	75	74	1	0	1	0	0	0	1	0	0	0	0	0	0	0	0	36	24	23	1	0	1	0	1	0	0	0	0	0	0	0	0	0	0	51	51	51	0	0	0	0	0	0	0	0	0	0	0	0	0	0	0	30	24	24	0	0	0	0	0	0	0	0	0	0	0	0	0	0	0	117	114	114	0	0	0	0	0	0	0	0	0	0	0	0	0	0	0	8	8	8	0	0	0	0	0	0	0	0	0	0	0	0	0	0	0
121	seq396@2	productive	Homsap IGHV3-74*01 F	320	296	291	5	1	4	1	1	0	0	0	1	0	1	0	0	1	0	78	75	74	1	0	1	0	0	0	0	0	0	0	0	0	0	1	0	36	24	22	2	1	1	0	1	0	0	0	1	0	0	0	0	0	0	51	51	51	0	0	0	0	0	0	0	0	0	0	0	0	0	0	0	30	24	23	1	0	1	0	0	0	0	0	0	0	1	0	0	0	0	117	114	113	1	0	1	1	0	0	0	0	0	0	0	0	0	0	0	8	8	8	0	0	0	0	0	0	0	0	0	0	0	0	0	0	0
122	seq400@2	productive	Homsap IGHV3-74*01 F	320	296	292	4	1	3	0	1	0	0	0	0	0	1	1	0	1	0	78	75	75	0	0	0	0	0	0	0	0	0	0	0	0	0	0	0	36	24	22	2	0	2	0	1	0	0	0	0	0	1	0	0	0	0	51	51	50	1	0	1	0	0	0	0	0	0	0	0	0	0	1	0	30	24	24	0	0	0	0	0	0	0	0	0	0	0	0	0	0	0	117	114	113	1	1	0	0	0	0	0	0	0	0	0	1	0	0	0	8	8	8	0	0	0	0	0	0	0	0	0	0	0	0	0	0	0
123	seq402@2	productive	Homsap IGHV3-74*01 F	320	296	291	5	0	5	1	2	1	0	0	0	0	1	0	0	0	0	78	75	73	2	0	2	1	0	1	0	0	0	0	0	0	0	0	0	36	24	22	2	0	2	0	1	0	0	0	0	0	1	0	0	0	0	51	51	51	0	0	0	0	0	0	0	0	0	0	0	0	0	0	0	30	24	24	0	0	0	0	0	0	0	0	0	0	0	0	0	0	0	117	114	113	1	0	1	0	1	0	0	0	0	0	0	0	0	0	0	8	8	8	0	0	0	0	0	0	0	0	0	0	0	0	0	0	0
124	seq408@1	productive	Homsap IGHV3-74*01 F	320	296	293	3	0	3	0	0	0	0	0	0	0	1	1	0	0	1	78	75	75	0	0	0	0	0	0	0	0	0	0	0	0	0	0	0	36	24	24	0	0	0	0	0	0	0	0	0	0	0	0	0	0	0	51	51	51	0	0	0	0	0	0	0	0	0	0	0	0	0	0	0	30	24	22	2	0	2	0	0	0	0	0	0	0	1	1	0	0	0	117	114	113	1	0	1	0	0	0	0	0	0	0	0	0	0	0	1	8	8	8	0	0	0	0	0	0	0	0	0	0	0	0	0	0	0
125	seq411@1	productive	Homsap IGHV3-74*01 F	320	296	291	5	1	4	1	0	1	1	0	0	0	1	1	0	0	0	78	75	75	0	0	0	0	0	0	0	0	0	0	0	0	0	0	0	36	24	24	0	0	0	0	0	0	0	0	0	0	0	0	0	0	0	51	51	51	0	0	0	0	0	0	0	0	0	0	0	0	0	0	0	30	24	22	2	0	2	0	0	0	0	0	0	0	1	1	0	0	0	117	114	111	3	1	2	1	0	1	1	0	0	0	0	0	0	0	0	8	8	8	0	0	0	0	0	0	0	0	0	0	0	0	0	0	0
126	seq417@1	productive	Homsap IGHV3-74*01 F	320	296	290	6	3	3	0	1	1	0	0	0	0	0	2	0	0	2	78	75	72	3	2	1	0	1	0	0	0	0	0	0	1	0	0	1	36	24	24	0	0	0	0	0	0	0	0	0	0	0	0	0	0	0	51	51	51	0	0	0	0	0	0	0	0	0	0	0	0	0	0	0	30	24	22	2	1	1	0	0	1	0	0	0	0	0	1	0	0	0	117	114	113	1	0	1	0	0	0	0	0	0	0	0	0	0	0	1	8	8	8	0	0	0	0	0	0	0	0	0	0	0	0	0	0	0
127	seq418@2	productive	Homsap IGHV3-74*01 F	320	296	290	6	2	4	0	2	0	0	0	0	0	0	2	0	0	2	78	75	72	3	2	1	0	1	0	0	0	0	0	0	1	0	0	1	36	24	24	0	0	0	0	0	0	0	0	0	0	0	0	0	0	0	51	51	50	1	0	1	0	1	0	0	0	0	0	0	0	0	0	0	30	24	23	1	0	1	0	0	0	0	0	0	0	0	1	0	0	0	117	114	113	1	0	1	0	0	0	0	0	0	0	0	0	0	0	1	8	8	8	0	0	0	0	0	0	0	0	0	0	0	0	0	0	0
128	seq419@1	productive	Homsap IGHV3-74*01 F	320	296	293	3	2	1	0	1	1	0	0	0	0	0	1	0	0	0	78	75	74	1	1	0	0	1	0	0	0	0	0	0	0	0	0	0	36	24	24	0	0	0	0	0	0	0	0	0	0	0	0	0	0	0	51	51	51	0	0	0	0	0	0	0	0	0	0	0	0	0	0	0	30	24	23	1	0	1	0	0	0	0	0	0	0	0	1	0	0	0	117	114	113	1	1	0	0	0	1	0	0	0	0	0	0	0	0	0	8	8	8	0	0	0	0	0	0	0	0	0	0	0	0	0	0	0
129	seq420@2	productive	Homsap IGHV3-74*01 F	320	296	293	3	2	1	0	1	0	1	0	0	0	0	1	0	0	0	78	75	73	2	2	0	0	1	0	1	0	0	0	0	0	0	0	0	36	24	24	0	0	0	0	0	0	0	0	0	0	0	0	0	0	0	51	51	51	0	0	0	0	0	0	0	0	0	0	0	0	0	0	0	30	24	23	1	0	1	0	0	0	0	0	0	0	0	1	0	0	0	117	114	114	0	0	0	0	0	0	0	0	0	0	0	0	0	0	0	8	8	8	0	0	0	0	0	0	0	0	0	0	0	0	0	0	0
130	seq421@1	productive	Homsap IGHV3-74*01 F	320	296	291	5	1	4	0	1	0	0	0	0	0	1	1	0	1	1	78	75	74	1	1	0	0	1	0	0	0	0	0	0	0	0	0	0	36	24	24	0	0	0	0	0	0	0	0	0	0	0	0	0	0	0	51	51	50	1	0	1	0	0	0	0	0	0	0	0	0	0	1	0	30	24	22	2	0	2	0	0	0	0	0	0	0	0	1	0	0	1	117	114	113	1	0	1	0	0	0	0	0	0	0	1	0	0	0	0	8	8	8	0	0	0	0	0	0	0	0	0	0	0	0	0	0	0
131	seq422@2	productive	Homsap IGHV3-74*01 F	320	296	293	3	1	2	0	1	0	0	0	0	0	1	1	0	0	0	78	75	74	1	1	0	0	1	0	0	0	0	0	0	0	0	0	0	36	24	24	0	0	0	0	0	0	0	0	0	0	0	0	0	0	0	51	51	51	0	0	0	0	0	0	0	0	0	0	0	0	0	0	0	30	24	23	1	0	1	0	0	0	0	0	0	0	0	1	0	0	0	117	114	113	1	0	1	0	0	0	0	0	0	0	1	0	0	0	0	8	8	8	0	0	0	0	0	0	0	0	0	0	0	0	0	0	0
132	seq423@2	productive	Homsap IGHV3-74*01 F	320	296	294	2	0	2	1	0	0	0	0	0	0	0	1	0	0	0	78	75	75	0	0	0	0	0	0	0	0	0	0	0	0	0	0	0	36	24	24	0	0	0	0	0	0	0	0	0	0	0	0	0	0	0	51	51	51	0	0	0	0	0	0	0	0	0	0	0	0	0	0	0	30	24	23	1	0	1	0	0	0	0	0	0	0	0	1	0	0	0	117	114	113	1	0	1	1	0	0	0	0	0	0	0	0	0	0	0	8	8	8	0	0	0	0	0	0	0	0	0	0	0	0	0	0	0
133	seq426@2	productive	Homsap IGHV3-74*01 F	320	296	291	5	1	4	0	0	1	1	0	0	0	0	1	2	0	0	78	75	73	2	1	1	0	0	1	0	0	0	0	0	0	1	0	0	36	24	24	0	0	0	0	0	0	0	0	0	0	0	0	0	0	0	51	51	51	0	0	0	0	0	0	0	0	0	0	0	0	0	0	0	30	24	23	1	0	1	0	0	0	0	0	0	0	0	1	0	0	0	117	114	112	2	0	2	0	0	0	1	0	0	0	0	0	1	0	0	8	8	8	0	0	0	0	0	0	0	0	0	0	0	0	0	0	0
134	seq434@1	productive	Homsap IGHV3-74*01 F	320	296	293	3	0	3	2	0	0	0	0	0	0	0	1	0	0	0	78	75	75	0	0	0	0	0	0	0	0	0	0	0	0	0	0	0	36	24	24	0	0	0	0	0	0	0	0	0	0	0	0	0	0	0	51	51	51	0	0	0	0	0	0	0	0	0	0	0	0	0	0	0	30	24	22	2	0	2	1	0	0	0	0	0	0	0	1	0	0	0	117	114	113	1	0	1	1	0	0	0	0	0	0	0	0	0	0	0	8	8	8	0	0	0	0	0	0	0	0	0	0	0	0	0	0	0
135	seq437@2	productive	Homsap IGHV3-74*01 F	320	296	294	2	0	2	1	0	0	0	0	0	0	0	0	0	0	1	78	75	75	0	0	0	0	0	0	0	0	0	0	0	0	0	0	0	36	24	23	1	0	1	1	0	0	0	0	0	0	0	0	0	0	0	51	51	51	0	0	0	0	0	0	0	0	0	0	0	0	0	0	0	30	24	23	1	0	1	0	0	0	0	0	0	0	0	0	0	0	1	117	114	114	0	0	0	0	0	0	0	0	0	0	0	0	0	0	0	8	8	8	0	0	0	0	0	0	0	0	0	0	0	0	0	0	0
136	seq438@2	productive	Homsap IGHV3-74*01 F	320	296	295	1	0	1	1	0	0	0	0	0	0	0	0	0	0	0	78	75	75	0	0	0	0	0	0	0	0	0	0	0	0	0	0	0	36	24	23	1	0	1	1	0	0	0	0	0	0	0	0	0	0	0	51	51	51	0	0	0	0	0	0	0	0	0	0	0	0	0	0	0	30	24	24	0	0	0	0	0	0	0	0	0	0	0	0	0	0	0	117	114	114	0	0	0	0	0	0	0	0	0	0	0	0	0	0	0	8	8	8	0	0	0	0	0	0	0	0	0	0	0	0	0	0	0
137	seq443@1	productive	Homsap IGHV3-74*01 F	320	296	293	3	1	2	0	2	1	0	0	0	0	0	0	0	0	0	78	75	75	0	0	0	0	0	0	0	0	0	0	0	0	0	0	0	36	24	24	0	0	0	0	0	0	0	0	0	0	0	0	0	0	0	51	51	50	1	1	0	0	1	0	0	0	0	0	0	0	0	0	0	30	24	23	1	0	1	0	1	0	0	0	0	0	0	0	0	0	0	117	114	113	1	0	1	0	0	1	0	0	0	0	0	0	0	0	0	8	8	8	0	0	0	0	0	0	0	0	0	0	0	0	0	0	0
138	seq444@1	productive	Homsap IGHV3-74*01 F	320	296	292	4	2	2	1	2	1	0	0	0	0	0	0	0	0	0	78	75	75	0	0	0	0	0	0	0	0	0	0	0	0	0	0	0	36	24	24	0	0	0	0	0	0	0	0	0	0	0	0	0	0	0	51	51	49	2	2	0	1	1	0	0	0	0	0	0	0	0	0	0	30	24	23	1	0	1	0	1	0	0	0	0	0	0	0	0	0	0	117	114	113	1	0	1	0	0	1	0	0	0	0	0	0	0	0	0	8	8	8	0	0	0	0	0	0	0	0	0	0	0	0	0	0	0
139	seq450@1	productive	Homsap IGHV3-74*01 F	320	296	292	4	1	3	1	2	0	0	0	0	1	0	0	0	0	0	78	75	74	1	0	1	0	1	0	0	0	0	0	0	0	0	0	0	36	24	24	0	0	0	0	0	0	0	0	0	0	0	0	0	0	0	51	51	50	1	1	0	0	1	0	0	0	0	0	0	0	0	0	0	30	24	23	1	0	1	0	0	0	0	0	0	1	0	0	0	0	0	117	114	113	1	0	1	1	0	0	0	0	0	0	0	0	0	0	0	8	8	8	0	0	0	0	0	0	0	0	0	0	0	0	0	0	0
140	seq452@1	productive	Homsap IGHV3-74*01 F	320	296	294	2	0	2	1	0	0	0	0	0	0	1	0	0	0	0	78	75	74	1	0	1	0	0	0	0	0	0	0	1	0	0	0	0	36	24	24	0	0	0	0	0	0	0	0	0	0	0	0	0	0	0	51	51	51	0	0	0	0	0	0	0	0	0	0	0	0	0	0	0	30	24	24	0	0	0	0	0	0	0	0	0	0	0	0	0	0	0	117	114	113	1	0	1	1	0	0	0	0	0	0	0	0	0	0	0	8	8	8	0	0	0	0	0	0	0	0	0	0	0	0	0	0	0
141	seq453@1	productive	Homsap IGHV3-74*01 F	320	296	293	3	0	3	0	1	0	1	0	0	0	1	0	0	0	0	78	75	74	1	0	1	0	0	0	0	0	0	0	1	0	0	0	0	36	24	24	0	0	0	0	0	0	0	0	0	0	0	0	0	0	0	51	51	50	1	0	1	0	1	0	0	0	0	0	0	0	0	0	0	30	24	24	0	0	0	0	0	0	0	0	0	0	0	0	0	0	0	117	114	113	1	0	1	0	0	0	1	0	0	0	0	0	0	0	0	8	8	8	0	0	0	0	0	0	0	0	0	0	0	0	0	0	0
142	seq456@1	productive	Homsap IGHV3-74*01 F	320	296	295	1	0	1	0	0	0	0	0	0	0	0	0	0	0	1	78	75	74	1	0	1	0	0	0	0	0	0	0	0	0	0	0	1	36	24	24	0	0	0	0	0	0	0	0	0	0	0	0	0	0	0	51	51	51	0	0	0	0	0	0	0	0	0	0	0	0	0	0	0	30	24	24	0	0	0	0	0	0	0	0	0	0	0	0	0	0	0	117	114	114	0	0	0	0	0	0	0	0	0	0	0	0	0	0	0	8	8	8	0	0	0	0	0	0	0	0	0	0	0	0	0	0	0
143	seq457@1	productive	Homsap IGHV3-74*01 F	320	296	295	1	1	0	0	1	0	0	0	0	0	0	0	0	0	0	78	75	75	0	0	0	0	0	0	0	0	0	0	0	0	0	0	0	36	24	24	0	0	0	0	0	0	0	0	0	0	0	0	0	0	0	51	51	50	1	1	0	0	1	0	0	0	0	0	0	0	0	0	0	30	24	24	0	0	0	0	0	0	0	0	0	0	0	0	0	0	0	117	114	114	0	0	0	0	0	0	0	0	0	0	0	0	0	0	0	8	8	8	0	0	0	0	0	0	0	0	0	0	0	0	0	0	0
144	seq459@1	productive	Homsap IGHV3-74*01 F	320	296	294	2	1	1	0	1	0	1	0	0	0	0	0	0	0	0	78	75	74	1	1	0	0	1	0	0	0	0	0	0	0	0	0	0	36	24	24	0	0	0	0	0	0	0	0	0	0	0	0	0	0	0	51	51	50	1	0	1	0	0	0	1	0	0	0	0	0	0	0	0	30	24	24	0	0	0	0	0	0	0	0	0	0	0	0	0	0	0	117	114	114	0	0	0	0	0	0	0	0	0	0	0	0	0	0	0	8	8	8	0	0	0	0	0	0	0	0	0	0	0	0	0	0	0
145	seq463@1	productive	Homsap IGHV3-74*01 F	320	296	295	1	1	0	0	0	1	0	0	0	0	0	0	0	0	0	78	75	75	0	0	0	0	0	0	0	0	0	0	0	0	0	0	0	36	24	24	0	0	0	0	0	0	0	0	0	0	0	0	0	0	0	51	51	51	0	0	0	0	0	0	0	0	0	0	0	0	0	0	0	30	24	23	1	1	0	0	0	1	0	0	0	0	0	0	0	0	0	117	114	114	0	0	0	0	0	0	0	0	0	0	0	0	0	0	0	8	8	8	0	0	0	0	0	0	0	0	0	0	0	0	0	0	0
146	seq466@2	productive	Homsap IGHV3-74*01 F	320	296	294	2	0	2	0	0	1	0	0	0	0	1	0	0	0	0	78	75	74	1	0	1	0	0	0	0	0	0	0	1	0	0	0	0	36	24	24	0	0	0	0	0	0	0	0	0	0	0	0	0	0	0	51	51	51	0	0	0	0	0	0	0	0	0	0	0	0	0	0	0	30	24	24	0	0	0	0	0	0	0	0	0	0	0	0	0	0	0	117	114	113	1	0	1	0	0	1	0	0	0	0	0	0	0	0	0	8	8	8	0	0	0	0	0	0	0	0	0	0	0	0	0	0	0
147	seq467@2	productive	Homsap IGHV3-74*01 F	320	296	293	3	0	3	2	1	0	0	0	0	0	0	0	0	0	0	78	75	74	1	0	1	1	0	0	0	0	0	0	0	0	0	0	0	36	24	24	0	0	0	0	0	0	0	0	0	0	0	0	0	0	0	51	51	50	1	0	1	0	1	0	0	0	0	0	0	0	0	0	0	30	24	24	0	0	0	0	0	0	0	0	0	0	0	0	0	0	0	117	114	113	1	0	1	1	0	0	0	0	0	0	0	0	0	0	0	8	8	8	0	0	0	0	0	0	0	0	0	0	0	0	0	0	0
148	seq468@2	productive	Homsap IGHV3-74*01 F	320	296	293	3	0	3	2	0	0	0	0	0	0	0	0	1	0	0	78	75	74	1	0	1	1	0	0	0	0	0	0	0	0	0	0	0	36	24	24	0	0	0	0	0	0	0	0	0	0	0	0	0	0	0	51	51	51	0	0	0	0	0	0	0	0	0	0	0	0	0	0	0	30	24	24	0	0	0	0	0	0	0	0	0	0	0	0	0	0	0	117	114	112	2	0	2	1	0	0	0	0	0	0	0	0	1	0	0	8	8	8	0	0	0	0	0	0	0	0	0	0	0	0	0	0	0
149	seq471@2	productive	Homsap IGHV3-74*01 F	320	296	294	2	0	2	1	0	1	0	0	0	0	0	0	0	0	0	78	75	75	0	0	0	0	0	0	0	0	0	0	0	0	0	0	0	36	24	24	0	0	0	0	0	0	0	0	0	0	0	0	0	0	0	51	51	50	1	0	1	0	0	1	0	0	0	0	0	0	0	0	0	30	24	24	0	0	0	0	0	0	0	0	0	0	0	0	0	0	0	117	114	113	1	0	1	1	0	0	0	0	0	0	0	0	0	0	0	8	8	8	0	0	0	0	0	0	0	0	0	0	0	0	0	0	0
150	seq472@1	productive	Homsap IGHV3-74*01 F	320	296	295	1	0	1	1	0	0	0	0	0	0	0	0	0	0	0	78	75	75	0	0	0	0	0	0	0	0	0	0	0	0	0	0	0	36	24	24	0	0	0	0	0	0	0	0	0	0	0	0	0	0	0	51	51	51	0	0	0	0	0	0	0	0	0	0	0	0	0	0	0	30	24	24	0	0	0	0	0	0	0	0	0	0	0	0	0	0	0	117	114	113	1	0	1	1	0	0	0	0	0	0	0	0	0	0	0	8	8	8	0	0	0	0	0	0	0	0	0	0	0	0	0	0	0
151	seq473@2	productive	Homsap IGHV3-74*01 F	320	296	292	4	0	4	1	0	1	0	0	0	0	0	1	1	0	0	78	75	75	0	0	0	0	0	0	0	0	0	0	0	0	0	0	0	36	24	24	0	0	0	0	0	0	0	0	0	0	0	0	0	0	0	51	51	50	1	0	1	0	0	1	0	0	0	0	0	0	0	0	0	30	24	23	1	0	1	0	0	0	0	0	0	0	0	0	1	0	0	117	114	112	2	0	2	1	0	0	0	0	0	0	0	1	0	0	0	8	8	8	0	0	0	0	0	0	0	0	0	0	0	0	0	0	0
152	seq475@2	productive	Homsap IGHV3-74*01 F	320	296	292	4	0	4	4	0	0	0	0	0	0	0	0	0	0	0	78	75	75	0	0	0	0	0	0	0	0	0	0	0	0	0	0	0	36	24	23	1	0	1	1	0	0	0	0	0	0	0	0	0	0	0	51	51	51	0	0	0	0	0	0	0	0	0	0	0	0	0	0	0	30	24	23	1	0	1	1	0	0	0	0	0	0	0	0	0	0	0	117	114	112	2	0	2	2	0	0	0	0	0	0	0	0	0	0	0	8	8	8	0	0	0	0	0	0	0	0	0	0	0	0	0	0	0
153	seq478@2	productive	Homsap IGHV3-74*01 F	320	296	291	5	0	5	3	0	1	1	0	0	0	0	0	0	0	0	78	75	74	1	0	1	0	0	1	0	0	0	0	0	0	0	0	0	36	24	23	1	0	1	1	0	0	0	0	0	0	0	0	0	0	0	51	51	50	1	0	1	0	0	0	1	0	0	0	0	0	0	0	0	30	24	23	1	0	1	1	0	0	0	0	0	0	0	0	0	0	0	117	114	113	1	0	1	1	0	0	0	0	0	0	0	0	0	0	0	8	8	8	0	0	0	0	0	0	0	0	0	0	0	0	0	0	0
154	seq481@2	productive	Homsap IGHV3-74*01 F	320	296	294	2	0	2	1	0	0	0	0	1	0	0	0	0	0	0	78	75	75	0	0	0	0	0	0	0	0	0	0	0	0	0	0	0	36	24	24	0	0	0	0	0	0	0	0	0	0	0	0	0	0	0	51	51	50	1	0	1	0	0	0	0	0	1	0	0	0	0	0	0	30	24	24	0	0	0	0	0	0	0	0	0	0	0	0	0	0	0	117	114	113	1	0	1	1	0	0	0	0	0	0	0	0	0	0	0	8	8	8	0	0	0	0	0	0	0	0	0	0	0	0	0	0	0
155	seq482@1	productive	Homsap IGHV3-74*01 F	320	296	294	2	0	2	1	0	0	1	0	0	0	0	0	0	0	0	78	75	75	0	0	0	0	0	0	0	0	0	0	0	0	0	0	0	36	24	24	0	0	0	0	0	0	0	0	0	0	0	0	0	0	0	51	51	50	1	0	1	0	0	0	1	0	0	0	0	0	0	0	0	30	24	24	0	0	0	0	0	0	0	0	0	0	0	0	0	0	0	117	114	113	1	0	1	1	0	0	0	0	0	0	0	0	0	0	0	8	8	8	0	0	0	0	0	0	0	0	0	0	0	0	0	0	0
156	seq485@1	productive	Homsap IGHV3-74*01 F	320	296	292	4	1	3	2	1	0	1	0	0	0	0	0	0	0	0	78	75	74	1	1	0	0	0	0	1	0	0	0	0	0	0	0	0	36	24	24	0	0	0	0	0	0	0	0	0	0	0	0	0	0	0	51	51	51	0	0	0	0	0	0	0	0	0	0	0	0	0	0	0	30	24	24	0	0	0	0	0	0	0	0	0	0	0	0	0	0	0	117	114	111	3	0	3	2	1	0	0	0	0	0	0	0	0	0	0	8	8	8	0	0	0	0	0	0	0	0	0	0	0	0	0	0	0
157	seq486@1	productive	Homsap IGHV3-74*01 F	320	296	292	4	0	4	3	1	0	0	0	0	0	0	0	0	0	0	78	75	75	0	0	0	0	0	0	0	0	0	0	0	0	0	0	0	36	24	24	0	0	0	0	0	0	0	0	0	0	0	0	0	0	0	51	51	51	0	0	0	0	0	0	0	0	0	0	0	0	0	0	0	30	24	24	0	0	0	0	0	0	0	0	0	0	0	0	0	0	0	117	114	110	4	0	4	3	1	0	0	0	0	0	0	0	0	0	0	8	8	8	0	0	0	0	0	0	0	0	0	0	0	0	0	0	0
158	seq492@2	productive	Homsap IGHV3-74*01 F	320	296	291	5	0	5	2	2	0	0	0	0	0	0	0	0	1	0	78	75	74	1	0	1	0	0	0	0	0	0	0	0	0	0	1	0	36	24	24	0	0	0	0	0	0	0	0	0	0	0	0	0	0	0	51	51	50	1	0	1	0	1	0	0	0	0	0	0	0	0	0	0	30	24	24	0	0	0	0	0	0	0	0	0	0	0	0	0	0	0	117	114	111	3	0	3	2	1	0	0	0	0	0	0	0	0	0	0	8	8	8	0	0	0	0	0	0	0	0	0	0	0	0	0	0	0
159	seq499@1	productive	Homsap IGHV3-74*01 F	320	296	291	5	1	4	0	2	0	2	0	0	0	0	0	0	0	1	78	75	75	0	0	0	0	0	0	0	0	0	0	0	0	0	0	0	36	24	22	2	1	1	0	1	0	1	0	0	0	0	0	0	0	0	51	51	50	1	0	1	0	0	0	1	0	0	0	0	0	0	0	0	30	24	23	1	0	1	0	1	0	0	0	0	0	0	0	0	0	0	117	114	113	1	0	1	0	0	0	0	0	0	0	0	0	0	0	1	8	8	8	0	0	0	0	0	0	0	0	0	0	0	0	0	0	0
160	seq500@1	productive	Homsap IGHV3-74*01 F	320	296	290	6	1	5	1	2	0	2	0	0	0	0	0	0	0	1	78	75	75	0	0	0	0	0	0	0	0	0	0	0	0	0	0	0	36	24	22	2	1	1	0	1	0	1	0	0	0	0	0	0	0	0	51	51	50	1	0	1	0	0	0	1	0	0	0	0	0	0	0	0	30	24	22	2	0	2	1	1	0	0	0	0	0	0	0	0	0	0	117	114	113	1	0	1	0	0	0	0	0	0	0	0	0	0	0	1	8	8	8	0	0	0	0	0	0	0	0	0	0	0	0	0	0	0
161	seq502@1	productive	Homsap IGHV3-74*01 F	320	296	290	6	1	5	0	3	0	2	0	0	0	0	0	0	0	1	78	75	74	1	0	1	0	1	0	0	0	0	0	0	0	0	0	0	36	24	22	2	1	1	0	1	0	1	0	0	0	0	0	0	0	0	51	51	50	1	0	1	0	0	0	1	0	0	0	0	0	0	0	0	30	24	23	1	0	1	0	1	0	0	0	0	0	0	0	0	0	0	117	114	113	1	0	1	0	0	0	0	0	0	0	0	0	0	0	1	8	8	8	0	0	0	0	0	0	0	0	0	0	0	0	0	0	0
162	seq507@1	productive	Homsap IGHV3-74*01 F	320	296	288	8	2	6	0	4	1	1	0	0	0	0	0	1	0	1	78	75	74	1	1	0	0	1	0	0	0	0	0	0	0	0	0	0	36	24	23	1	0	1	0	1	0	0	0	0	0	0	0	0	0	0	51	51	48	3	1	2	0	1	1	1	0	0	0	0	0	0	0	0	30	24	23	1	0	1	0	1	0	0	0	0	0	0	0	0	0	0	117	114	112	2	0	2	0	0	0	0	0	0	0	0	0	1	0	1	8	8	8	0	0	0	0	0	0	0	0	0	0	0	0	0	0	0
163	seq508@1	productive	Homsap IGHV3-74*01 F	320	296	288	8	1	7	0	3	2	1	0	0	0	0	0	1	0	1	78	75	75	0	0	0	0	0	0	0	0	0	0	0	0	0	0	0	36	24	22	2	0	2	0	1	0	0	0	0	0	0	0	1	0	0	51	51	48	3	1	2	0	1	1	1	0	0	0	0	0	0	0	0	30	24	23	1	0	1	0	1	0	0	0	0	0	0	0	0	0	0	117	114	112	2	0	2	0	0	1	0	0	0	0	0	0	0	0	1	8	8	8	0	0	0	0	0	0	0	0	0	0	0	0	0	0	0
164	seq511@1	productive	Homsap IGHV3-74*01 F	320	296	289	7	0	7	0	3	1	1	0	1	0	0	0	0	0	1	78	75	73	2	0	2	0	1	0	0	0	1	0	0	0	0	0	0	36	24	23	1	0	1	0	1	0	0	0	0	0	0	0	0	0	0	51	51	50	1	0	1	0	0	0	1	0	0	0	0	0	0	0	0	30	24	23	1	0	1	0	1	0	0	0	0	0	0	0	0	0	0	117	114	112	2	0	2	0	0	1	0	0	0	0	0	0	0	0	1	8	8	8	0	0	0	0	0	0	0	0	0	0	0	0	0	0	0
165	seq513@1	productive	Homsap IGHV3-74*01 F	320	296	289	7	2	5	0	2	2	2	0	0	0	0	0	0	0	1	78	75	74	1	1	0	0	0	1	0	0	0	0	0	0	0	0	0	36	24	23	1	0	1	0	1	0	0	0	0	0	0	0	0	0	0	51	51	50	1	0	1	0	0	0	1	0	0	0	0	0	0	0	0	30	24	22	2	1	1	0	1	0	1	0	0	0	0	0	0	0	0	117	114	112	2	0	2	0	0	1	0	0	0	0	0	0	0	0	1	8	8	8	0	0	0	0	0	0	0	0	0	0	0	0	0	0	0
166	seq514@1	productive	Homsap IGHV3-74*01 F	320	296	290	6	1	5	0	2	2	1	0	0	0	0	0	0	0	1	78	75	74	1	1	0	0	0	1	0	0	0	0	0	0	0	0	0	36	24	23	1	0	1	0	1	0	0	0	0	0	0	0	0	0	0	51	51	50	1	0	1	0	0	0	1	0	0	0	0	0	0	0	0	30	24	23	1	0	1	0	1	0	0	0	0	0	0	0	0	0	0	117	114	112	2	0	2	0	0	1	0	0	0	0	0	0	0	0	1	8	8	8	0	0	0	0	0	0	0	0	0	0	0	0	0	0	0
167	seq516@1	productive	Homsap IGHV3-74*01 F	320	296	290	6	0	6	0	4	0	1	0	0	0	0	0	0	0	1	78	75	75	0	0	0	0	0	0	0	0	0	0	0	0	0	0	0	36	24	21	3	0	3	0	3	0	0	0	0	0	0	0	0	0	0	51	51	50	1	0	1	0	0	0	1	0	0	0	0	0	0	0	0	30	24	23	1	0	1	0	1	0	0	0	0	0	0	0	0	0	0	117	114	113	1	0	1	0	0	0	0	0	0	0	0	0	0	0	1	8	8	8	0	0	0	0	0	0	0	0	0	0	0	0	0	0	0
168	seq520@1	productive	Homsap IGHV3-74*01 F	320	296	290	6	0	6	0	2	0	2	0	0	0	0	1	0	0	1	78	75	75	0	0	0	0	0	0	0	0	0	0	0	0	0	0	0	36	24	22	2	0	2	0	1	0	1	0	0	0	0	0	0	0	0	51	51	50	1	0	1	0	0	0	1	0	0	0	0	0	0	0	0	30	24	23	1	0	1	0	1	0	0	0	0	0	0	0	0	0	0	117	114	112	2	0	2	0	0	0	0	0	0	0	0	1	0	0	1	8	8	8	0	0	0	0	0	0	0	0	0	0	0	0	0	0	0
169	seq521@1	productive	Homsap IGHV3-74*01 F	320	296	291	5	1	4	0	2	0	1	0	0	0	1	0	0	0	1	78	75	75	0	0	0	0	0	0	0	0	0	0	0	0	0	0	0	36	24	23	1	0	1	0	1	0	0	0	0	0	0	0	0	0	0	51	51	50	1	0	1	0	0	0	1	0	0	0	0	0	0	0	0	30	24	23	1	0	1	0	1	0	0	0	0	0	0	0	0	0	0	117	114	112	2	1	1	0	0	0	0	0	0	0	1	0	0	0	1	8	8	8	0	0	0	0	0	0	0	0	0	0	0	0	0	0	0
170	seq523@1	productive	Homsap IGHV3-74*01 F	320	296	289	7	2	5	1	2	0	2	0	0	0	0	1	0	0	1	78	75	74	1	1	0	0	0	0	0	0	0	0	0	1	0	0	0	36	24	23	1	0	1	0	1	0	0	0	0	0	0	0	0	0	0	51	51	49	2	0	2	0	0	0	2	0	0	0	0	0	0	0	0	30	24	22	2	1	1	1	1	0	0	0	0	0	0	0	0	0	0	117	114	113	1	0	1	0	0	0	0	0	0	0	0	0	0	0	1	8	8	8	0	0	0	0	0	0	0	0	0	0	0	0	0	0	0
171	seq525@1	productive	Homsap IGHV3-74*01 F	320	296	289	7	1	6	1	3	0	1	0	0	1	0	0	0	0	1	78	75	74	1	0	1	0	1	0	0	0	0	0	0	0	0	0	0	36	24	23	1	0	1	0	1	0	0	0	0	0	0	0	0	0	0	51	51	49	2	0	2	0	0	0	1	0	0	1	0	0	0	0	0	30	24	22	2	1	1	1	1	0	0	0	0	0	0	0	0	0	0	117	114	113	1	0	1	0	0	0	0	0	0	0	0	0	0	0	1	8	8	8	0	0	0	0	0	0	0	0	0	0	0	0	0	0	0
172	seq527@1	productive	Homsap IGHV3-74*01 F	320	296	291	5	1	4	0	2	1	0	0	0	0	0	0	0	0	2	78	75	73	2	1	1	0	0	1	0	0	0	0	0	0	0	0	1	36	24	23	1	0	1	0	1	0	0	0	0	0	0	0	0	0	0	51	51	51	0	0	0	0	0	0	0	0	0	0	0	0	0	0	0	30	24	23	1	0	1	0	1	0	0	0	0	0	0	0	0	0	0	117	114	113	1	0	1	0	0	0	0	0	0	0	0	0	0	0	1	8	8	8	0	0	0	0	0	0	0	0	0	0	0	0	0	0	0
173	seq529@1	productive	Homsap IGHV3-74*01 F	320	296	290	6	1	5	0	2	3	0	0	0	0	0	0	0	0	1	78	75	74	1	1	0	0	0	1	0	0	0	0	0	0	0	0	0	36	24	23	1	0	1	0	1	0	0	0	0	0	0	0	0	0	0	51	51	51	0	0	0	0	0	0	0	0	0	0	0	0	0	0	0	30	24	23	1	0	1	0	1	0	0	0	0	0	0	0	0	0	0	117	114	111	3	0	3	0	0	2	0	0	0	0	0	0	0	0	1	8	8	8	0	0	0	0	0	0	0	0	0	0	0	0	0	0	0
174	seq535@1	productive	Homsap IGHV3-74*01 F	320	296	291	5	1	4	0	2	1	0	0	0	0	1	0	0	0	1	78	75	74	1	1	0	0	0	1	0	0	0	0	0	0	0	0	0	36	24	23	1	0	1	0	1	0	0	0	0	0	0	0	0	0	0	51	51	51	0	0	0	0	0	0	0	0	0	0	0	0	0	0	0	30	24	22	2	0	2	0	1	0	0	0	0	0	1	0	0	0	0	117	114	113	1	0	1	0	0	0	0	0	0	0	0	0	0	0	1	8	8	8	0	0	0	0	0	0	0	0	0	0	0	0	0	0	0
175	seq536@1	productive	Homsap IGHV3-74*01 F	320	296	290	6	1	5	0	2	2	1	0	0	0	0	0	0	0	1	78	75	74	1	1	0	0	0	1	0	0	0	0	0	0	0	0	0	36	24	23	1	0	1	0	1	0	0	0	0	0	0	0	0	0	0	51	51	51	0	0	0	0	0	0	0	0	0	0	0	0	0	0	0	30	24	23	1	0	1	0	1	0	0	0	0	0	0	0	0	0	0	117	114	111	3	0	3	0	0	1	1	0	0	0	0	0	0	0	1	8	8	8	0	0	0	0	0	0	0	0	0	0	0	0	0	0	0
176	seq539@1	productive	Homsap IGHV3-74*01 F	320	296	292	4	1	3	0	2	1	0	0	0	0	0	0	0	0	1	78	75	74	1	1	0	0	0	1	0	0	0	0	0	0	0	0	0	36	24	23	1	0	1	0	1	0	0	0	0	0	0	0	0	0	0	51	51	51	0	0	0	0	0	0	0	0	0	0	0	0	0	0	0	30	24	23	1	0	1	0	1	0	0	0	0	0	0	0	0	0	0	117	114	113	1	0	1	0	0	0	0	0	0	0	0	0	0	0	1	8	8	8	0	0	0	0	0	0	0	0	0	0	0	0	0	0	0
177	seq542@1	productive	Homsap IGHV3-74*01 F	320	296	291	5	1	4	1	2	1	0	0	0	0	0	0	0	0	1	78	75	74	1	1	0	0	0	1	0	0	0	0	0	0	0	0	0	36	24	23	1	0	1	0	1	0	0	0	0	0	0	0	0	0	0	51	51	51	0	0	0	0	0	0	0	0	0	0	0	0	0	0	0	30	24	23	1	0	1	0	1	0	0	0	0	0	0	0	0	0	0	117	114	112	2	0	2	1	0	0	0	0	0	0	0	0	0	0	1	8	8	8	0	0	0	0	0	0	0	0	0	0	0	0	0	0	0
178	seq548@1	productive	Homsap IGHV3-74*01 F	320	296	287	9	1	8	0	3	2	1	0	0	0	0	0	0	1	2	78	75	74	1	1	0	0	0	1	0	0	0	0	0	0	0	0	0	36	24	20	4	0	4	0	1	1	1	0	0	0	0	0	0	1	0	51	51	51	0	0	0	0	0	0	0	0	0	0	0	0	0	0	0	30	24	23	1	0	1	0	1	0	0	0	0	0	0	0	0	0	0	117	114	111	3	0	3	0	1	0	0	0	0	0	0	0	0	0	2	8	8	8	0	0	0	0	0	0	0	0	0	0	0	0	0	0	0
179	seq551@1	productive	Homsap IGHV3-74*01 F	320	296	288	8	1	7	0	3	1	1	0	0	0	0	0	0	2	1	78	75	74	1	1	0	0	0	1	0	0	0	0	0	0	0	0	0	36	24	22	2	0	2	0	1	0	0	0	0	0	0	0	0	1	0	51	51	51	0	0	0	0	0	0	0	0	0	0	0	0	0	0	0	30	24	22	2	0	2	0	1	0	0	0	0	0	0	0	0	1	0	117	114	111	3	0	3	0	1	0	1	0	0	0	0	0	0	0	1	8	8	8	0	0	0	0	0	0	0	0	0	0	0	0	0	0	0
180	seq559@1	productive	Homsap IGHV3-74*01 F	320	296	293	3	1	2	1	2	0	0	0	0	0	0	0	0	0	0	78	75	75	0	0	0	0	0	0	0	0	0	0	0	0	0	0	0	36	24	24	0	0	0	0	0	0	0	0	0	0	0	0	0	0	0	51	51	51	0	0	0	0	0	0	0	0	0	0	0	0	0	0	0	30	24	22	2	0	2	1	1	0	0	0	0	0	0	0	0	0	0	117	114	113	1	1	0	0	1	0	0	0	0	0	0	0	0	0	0	8	8	8	0	0	0	0	0	0	0	0	0	0	0	0	0	0	0
181	seq560@1	productive	Homsap IGHV3-74*01 F	320	296	291	5	1	4	1	2	0	1	0	0	0	1	0	0	0	0	78	75	75	0	0	0	0	0	0	0	0	0	0	0	0	0	0	0	36	24	24	0	0	0	0	0	0	0	0	0	0	0	0	0	0	0	51	51	50	1	0	1	0	0	0	0	0	0	0	1	0	0	0	0	30	24	22	2	0	2	1	1	0	0	0	0	0	0	0	0	0	0	117	114	112	2	1	1	0	1	0	1	0	0	0	0	0	0	0	0	8	8	8	0	0	0	0	0	0	0	0	0	0	0	0	0	0	0
182	seq561@1	productive	Homsap IGHV3-74*01 F	320	296	293	3	1	2	1	2	0	0	0	0	0	0	0	0	0	0	78	75	75	0	0	0	0	0	0	0	0	0	0	0	0	0	0	0	36	24	24	0	0	0	0	0	0	0	0	0	0	0	0	0	0	0	51	51	51	0	0	0	0	0	0	0	0	0	0	0	0	0	0	0	30	24	22	2	0	2	1	1	0	0	0	0	0	0	0	0	0	0	117	114	113	1	1	0	0	1	0	0	0	0	0	0	0	0	0	0	8	8	8	0	0	0	0	0	0	0	0	0	0	0	0	0	0	0
183	seq566@1	productive	Homsap IGHV3-74*01 F	320	296	291	5	1	4	2	2	1	0	0	0	0	0	0	0	0	0	78	75	75	0	0	0	0	0	0	0	0	0	0	0	0	0	0	0	36	24	24	0	0	0	0	0	0	0	0	0	0	0	0	0	0	0	51	51	51	0	0	0	0	0	0	0	0	0	0	0	0	0	0	0	30	24	22	2	0	2	1	1	0	0	0	0	0	0	0	0	0	0	117	114	111	3	1	2	1	1	1	0	0	0	0	0	0	0	0	0	8	8	8	0	0	0	0	0	0	0	0	0	0	0	0	0	0	0
184	seq567@1	productive	Homsap IGHV3-74*01 F	320	296	291	5	1	4	1	2	1	1	0	0	0	0	0	0	0	0	78	75	75	0	0	0	0	0	0	0	0	0	0	0	0	0	0	0	36	24	24	0	0	0	0	0	0	0	0	0	0	0	0	0	0	0	51	51	51	0	0	0	0	0	0	0	0	0	0	0	0	0	0	0	30	24	22	2	0	2	1	1	0	0	0	0	0	0	0	0	0	0	117	114	111	3	1	2	0	1	1	1	0	0	0	0	0	0	0	0	8	8	8	0	0	0	0	0	0	0	0	0	0	0	0	0	0	0
185	seq568@1	productive	Homsap IGHV3-74*01 F	320	296	290	6	2	4	1	4	1	0	0	0	0	0	0	0	0	0	78	75	75	0	0	0	0	0	0	0	0	0	0	0	0	0	0	0	36	24	24	0	0	0	0	0	0	0	0	0	0	0	0	0	0	0	51	51	49	2	1	1	0	2	0	0	0	0	0	0	0	0	0	0	30	24	22	2	0	2	1	1	0	0	0	0	0	0	0	0	0	0	117	114	112	2	1	1	0	1	1	0	0	0	0	0	0	0	0	0	8	8	8	0	0	0	0	0	0	0	0	0	0	0	0	0	0	0
186	seq569@1	productive	Homsap IGHV3-74*01 F	320	296	290	6	2	4	2	3	1	0	0	0	0	0	0	0	0	0	78	75	75	0	0	0	0	0	0	0	0	0	0	0	0	0	0	0	36	24	24	0	0	0	0	0	0	0	0	0	0	0	0	0	0	0	51	51	50	1	0	1	0	1	0	0	0	0	0	0	0	0	0	0	30	24	22	2	0	2	1	1	0	0	0	0	0	0	0	0	0	0	117	114	111	3	2	1	1	1	1	0	0	0	0	0	0	0	0	0	8	8	8	0	0	0	0	0	0	0	0	0	0	0	0	0	0	0
187	seq574@1	productive	Homsap IGHV3-74*01 F	320	296	290	6	0	6	0	1	0	1	0	0	1	1	1	0	1	0	78	75	75	0	0	0	0	0	0	0	0	0	0	0	0	0	0	0	36	24	24	0	0	0	0	0	0	0	0	0	0	0	0	0	0	0	51	51	50	1	0	1	0	0	0	0	0	0	0	1	0	0	0	0	30	24	23	1	0	1	0	1	0	0	0	0	0	0	0	0	0	0	117	114	110	4	0	4	0	0	0	1	0	0	1	0	1	0	1	0	8	8	8	0	0	0	0	0	0	0	0	0	0	0	0	0	0	0
188	seq575@1	productive	Homsap IGHV3-74*01 F	320	296	291	5	0	5	0	1	1	0	0	0	1	0	1	0	1	0	78	75	75	0	0	0	0	0	0	0	0	0	0	0	0	0	0	0	36	24	24	0	0	0	0	0	0	0	0	0	0	0	0	0	0	0	51	51	51	0	0	0	0	0	0	0	0	0	0	0	0	0	0	0	30	24	23	1	0	1	0	1	0	0	0	0	0	0	0	0	0	0	117	114	110	4	0	4	0	0	1	0	0	0	1	0	1	0	1	0	8	8	8	0	0	0	0	0	0	0	0	0	0	0	0	0	0	0
189	seq580@1	productive	Homsap IGHV3-74*01 F	320	296	293	3	0	3	0	1	0	0	1	0	0	0	0	0	0	1	78	75	75	0	0	0	0	0	0	0	0	0	0	0	0	0	0	0	36	24	24	0	0	0	0	0	0	0	0	0	0	0	0	0	0	0	51	51	50	1	0	1	0	0	0	0	0	0	0	0	0	0	0	1	30	24	23	1	0	1	0	1	0	0	0	0	0	0	0	0	0	0	117	114	113	1	0	1	0	0	0	0	1	0	0	0	0	0	0	0	8	8	8	0	0	0	0	0	0	0	0	0	0	0	0	0	0	0
190	seq582@1	productive	Homsap IGHV3-74*01 F	320	296	294	2	1	1	0	1	0	0	0	0	0	0	0	0	1	0	78	75	75	0	0	0	0	0	0	0	0	0	0	0	0	0	0	0	36	24	24	0	0	0	0	0	0	0	0	0	0	0	0	0	0	0	51	51	51	0	0	0	0	0	0	0	0	0	0	0	0	0	0	0	30	24	23	1	0	1	0	1	0	0	0	0	0	0	0	0	0	0	117	114	113	1	1	0	0	0	0	0	0	0	0	0	0	0	1	0	8	8	8	0	0	0	0	0	0	0	0	0	0	0	0	0	0	0
191	seq583@1	productive	Homsap IGHV3-74*01 F	320	296	294	2	0	2	0	1	0	1	0	0	0	0	0	0	0	0	78	75	75	0	0	0	0	0	0	0	0	0	0	0	0	0	0	0	36	24	24	0	0	0	0	0	0	0	0	0	0	0	0	0	0	0	51	51	51	0	0	0	0	0	0	0	0	0	0	0	0	0	0	0	30	24	23	1	0	1	0	1	0	0	0	0	0	0	0	0	0	0	117	114	113	1	0	1	0	0	0	1	0	0	0	0	0	0	0	0	8	8	8	0	0	0	0	0	0	0	0	0	0	0	0	0	0	0
192	seq586@1	productive	Homsap IGHV3-74*01 F	320	296	290	6	2	4	1	1	0	2	0	0	0	0	0	1	0	1	78	75	72	3	2	1	0	0	0	1	0	0	0	0	0	1	0	1	36	24	23	1	0	1	0	0	0	1	0	0	0	0	0	0	0	0	51	51	51	0	0	0	0	0	0	0	0	0	0	0	0	0	0	0	30	24	23	1	0	1	0	1	0	0	0	0	0	0	0	0	0	0	117	114	113	1	0	1	1	0	0	0	0	0	0	0	0	0	0	0	8	8	8	0	0	0	0	0	0	0	0	0	0	0	0	0	0	0
193	seq587@1	productive	Homsap IGHV3-74*01 F	320	296	290	6	2	4	0	1	0	2	0	0	0	0	0	1	1	1	78	75	72	3	2	1	0	0	0	1	0	0	0	0	0	1	0	1	36	24	23	1	0	1	0	0	0	1	0	0	0	0	0	0	0	0	51	51	50	1	0	1	0	0	0	0	0	0	0	0	0	0	1	0	30	24	23	1	0	1	0	1	0	0	0	0	0	0	0	0	0	0	117	114	114	0	0	0	0	0	0	0	0	0	0	0	0	0	0	0	8	8	8	0	0	0	0	0	0	0	0	0	0	0	0	0	0	0
194	seq588@1	productive	Homsap IGHV3-74*01 F	320	296	290	6	2	4	1	2	1	1	0	0	0	0	0	1	0	0	78	75	73	2	1	1	0	0	0	1	0	0	0	0	0	1	0	0	36	24	24	0	0	0	0	0	0	0	0	0	0	0	0	0	0	0	51	51	50	1	0	1	0	1	0	0	0	0	0	0	0	0	0	0	30	24	23	1	0	1	0	1	0	0	0	0	0	0	0	0	0	0	117	114	112	2	1	1	1	0	1	0	0	0	0	0	0	0	0	0	8	8	8	0	0	0	0	0	0	0	0	0	0	0	0	0	0	0
195	seq589@1	productive	Homsap IGHV3-74*01 F	320	296	290	6	3	3	0	2	2	1	0	0	0	0	0	1	0	0	78	75	73	2	1	1	0	0	0	1	0	0	0	0	0	1	0	0	36	24	24	0	0	0	0	0	0	0	0	0	0	0	0	0	0	0	51	51	50	1	0	1	0	1	0	0	0	0	0	0	0	0	0	0	30	24	23	1	0	1	0	1	0	0	0	0	0	0	0	0	0	0	117	114	112	2	2	0	0	0	2	0	0	0	0	0	0	0	0	0	8	8	8	0	0	0	0	0	0	0	0	0	0	0	0	0	0	0
196	seq590@1	productive	Homsap IGHV3-74*01 F	320	296	290	6	2	4	0	2	2	1	0	0	0	0	0	1	0	0	78	75	72	3	1	2	0	0	1	1	0	0	0	0	0	1	0	0	36	24	24	0	0	0	0	0	0	0	0	0	0	0	0	0	0	0	51	51	50	1	0	1	0	1	0	0	0	0	0	0	0	0	0	0	30	24	23	1	0	1	0	1	0	0	0	0	0	0	0	0	0	0	117	114	113	1	1	0	0	0	1	0	0	0	0	0	0	0	0	0	8	8	8	0	0	0	0	0	0	0	0	0	0	0	0	0	0	0
197	seq593@1	productive	Homsap IGHV3-74*01 F	320	296	289	7	1	6	0	2	0	1	0	0	0	1	0	1	2	0	78	75	71	4	1	3	0	1	0	1	0	0	0	1	0	1	0	0	36	24	23	1	0	1	0	0	0	0	0	0	0	0	0	0	1	0	51	51	51	0	0	0	0	0	0	0	0	0	0	0	0	0	0	0	30	24	23	1	0	1	0	1	0	0	0	0	0	0	0	0	0	0	117	114	113	1	0	1	0	0	0	0	0	0	0	0	0	0	1	0	8	8	8	0	0	0	0	0	0	0	0	0	0	0	0	0	0	0
198	seq595@1	productive	Homsap IGHV3-74*01 F	320	296	290	6	2	4	1	1	1	1	0	0	0	1	0	1	0	0	78	75	71	4	2	2	1	0	0	1	0	0	0	1	0	1	0	0	36	24	24	0	0	0	0	0	0	0	0	0	0	0	0	0	0	0	51	51	51	0	0	0	0	0	0	0	0	0	0	0	0	0	0	0	30	24	22	2	0	2	0	1	1	0	0	0	0	0	0	0	0	0	117	114	114	0	0	0	0	0	0	0	0	0	0	0	0	0	0	0	8	8	8	0	0	0	0	0	0	0	0	0	0	0	0	0	0	0
199	seq596@1	productive	Homsap IGHV3-74*01 F	320	296	290	6	2	4	1	1	1	1	0	0	0	1	0	1	0	0	78	75	71	4	1	3	0	0	1	1	0	0	0	1	0	1	0	0	36	24	24	0	0	0	0	0	0	0	0	0	0	0	0	0	0	0	51	51	51	0	0	0	0	0	0	0	0	0	0	0	0	0	0	0	30	24	22	2	1	1	1	1	0	0	0	0	0	0	0	0	0	0	117	114	114	0	0	0	0	0	0	0	0	0	0	0	0	0	0	0	8	8	8	0	0	0	0	0	0	0	0	0	0	0	0	0	0	0
200	seq603@1	productive	Homsap IGHV3-74*01 F	320	296	291	5	1	4	0	3	0	1	0	0	0	0	0	1	0	0	78	75	72	3	1	2	0	1	0	1	0	0	0	0	0	1	0	0	36	24	24	0	0	0	0	0	0	0	0	0	0	0	0	0	0	0	51	51	51	0	0	0	0	0	0	0	0	0	0	0	0	0	0	0	30	24	23	1	0	1	0	1	0	0	0	0	0	0	0	0	0	0	117	114	113	1	0	1	0	1	0	0	0	0	0	0	0	0	0	0	8	8	8	0	0	0	0	0	0	0	0	0	0	0	0	0	0	0
201	seq604@1	productive	Homsap IGHV3-74*01 F	320	296	290	6	2	4	0	2	0	3	0	0	0	0	0	1	0	0	78	75	72	3	1	2	0	1	0	1	0	0	0	0	0	1	0	0	36	24	24	0	0	0	0	0	0	0	0	0	0	0	0	0	0	0	51	51	50	1	1	0	0	0	0	1	0	0	0	0	0	0	0	0	30	24	23	1	0	1	0	1	0	0	0	0	0	0	0	0	0	0	117	114	113	1	0	1	0	0	0	1	0	0	0	0	0	0	0	0	8	8	8	0	0	0	0	0	0	0	0	0	0	0	0	0	0	0
202	seq607@1	productive	Homsap IGHV3-74*01 F	320	296	289	7	1	6	2	2	0	2	0	0	0	0	0	1	0	0	78	75	72	3	1	2	0	1	0	1	0	0	0	0	0	1	0	0	36	24	24	0	0	0	0	0	0	0	0	0	0	0	0	0	0	0	51	51	51	0	0	0	0	0	0	0	0	0	0	0	0	0	0	0	30	24	21	3	0	3	2	1	0	0	0	0	0	0	0	0	0	0	117	114	113	1	0	1	0	0	0	1	0	0	0	0	0	0	0	0	8	8	8	0	0	0	0	0	0	0	0	0	0	0	0	0	0	0
203	seq609@1	productive	Homsap IGHV3-74*01 F	320	296	289	7	2	5	0	2	1	1	0	0	1	0	0	2	0	0	78	75	72	3	1	2	0	1	0	1	0	0	0	0	0	1	0	0	36	24	24	0	0	0	0	0	0	0	0	0	0	0	0	0	0	0	51	51	50	1	0	1	0	0	0	0	0	0	0	0	0	1	0	0	30	24	23	1	0	1	0	1	0	0	0	0	0	0	0	0	0	0	117	114	112	2	1	1	0	0	1	0	0	0	1	0	0	0	0	0	8	8	8	0	0	0	0	0	0	0	0	0	0	0	0	0	0	0
204	seq610@1	productive	Homsap IGHV3-74*01 F	320	296	292	4	1	3	0	2	0	1	0	0	0	0	0	1	0	0	78	75	72	3	1	2	0	1	0	1	0	0	0	0	0	1	0	0	36	24	24	0	0	0	0	0	0	0	0	0	0	0	0	0	0	0	51	51	51	0	0	0	0	0	0	0	0	0	0	0	0	0	0	0	30	24	23	1	0	1	0	1	0	0	0	0	0	0	0	0	0	0	117	114	114	0	0	0	0	0	0	0	0	0	0	0	0	0	0	0	8	8	8	0	0	0	0	0	0	0	0	0	0	0	0	0	0	0
205	seq612@1	productive	Homsap IGHV3-74*01 F	320	296	290	6	1	5	1	3	0	1	0	0	0	0	0	1	0	0	78	75	72	3	1	2	0	1	0	1	0	0	0	0	0	1	0	0	36	24	24	0	0	0	0	0	0	0	0	0	0	0	0	0	0	0	51	51	50	1	0	1	0	1	0	0	0	0	0	0	0	0	0	0	30	24	22	2	0	2	1	1	0	0	0	0	0	0	0	0	0	0	117	114	114	0	0	0	0	0	0	0	0	0	0	0	0	0	0	0	8	8	8	0	0	0	0	0	0	0	0	0	0	0	0	0	0	0
206	seq623@1	productive	Homsap IGHV3-74*01 F	320	296	294	2	0	2	1	0	0	0	0	0	0	0	0	0	0	1	78	75	74	1	0	1	0	0	0	0	0	0	0	0	0	0	0	1	36	24	24	0	0	0	0	0	0	0	0	0	0	0	0	0	0	0	51	51	51	0	0	0	0	0	0	0	0	0	0	0	0	0	0	0	30	24	24	0	0	0	0	0	0	0	0	0	0	0	0	0	0	0	117	114	113	1	0	1	1	0	0	0	0	0	0	0	0	0	0	0	8	8	8	0	0	0	0	0	0	0	0	0	0	0	0	0	0	0
207	seq628@1	productive	Homsap IGHV3-74*01 F	320	296	292	4	0	4	1	0	0	0	0	0	0	1	1	0	0	1	78	75	74	1	0	1	0	0	0	0	0	0	0	0	1	0	0	0	36	24	24	0	0	0	0	0	0	0	0	0	0	0	0	0	0	0	51	51	50	1	0	1	0	0	0	0	0	0	0	0	0	0	0	1	30	24	24	0	0	0	0	0	0	0	0	0	0	0	0	0	0	0	117	114	112	2	0	2	1	0	0	0	0	0	0	1	0	0	0	0	8	8	8	0	0	0	0	0	0	0	0	0	0	0	0	0	0	0
208	seq629@1	productive	Homsap IGHV3-74*01 F	320	296	292	4	1	3	1	0	1	0	0	0	0	1	0	0	0	1	78	75	75	0	0	0	0	0	0	0	0	0	0	0	0	0	0	0	36	24	23	1	1	0	0	0	1	0	0	0	0	0	0	0	0	0	51	51	50	1	0	1	0	0	0	0	0	0	0	0	0	0	0	1	30	24	24	0	0	0	0	0	0	0	0	0	0	0	0	0	0	0	117	114	112	2	0	2	1	0	0	0	0	0	0	1	0	0	0	0	8	8	8	0	0	0	0	0	0	0	0	0	0	0	0	0	0	0
209	seq634@1	productive	Homsap IGHV3-74*01 F	320	296	294	2	0	2	1	0	0	0	0	0	0	0	0	1	0	0	78	75	75	0	0	0	0	0	0	0	0	0	0	0	0	0	0	0	36	24	24	0	0	0	0	0	0	0	0	0	0	0	0	0	0	0	51	51	51	0	0	0	0	0	0	0	0	0	0	0	0	0	0	0	30	24	24	0	0	0	0	0	0	0	0	0	0	0	0	0	0	0	117	114	112	2	0	2	1	0	0	0	0	0	0	0	0	1	0	0	8	8	8	0	0	0	0	0	0	0	0	0	0	0	0	0	0	0
210	seq635@1	productive	Homsap IGHV3-74*01 F	320	296	294	2	0	2	1	0	0	0	0	0	0	0	1	0	0	0	78	75	74	1	0	1	0	0	0	0	0	0	0	0	1	0	0	0	36	24	24	0	0	0	0	0	0	0	0	0	0	0	0	0	0	0	51	51	51	0	0	0	0	0	0	0	0	0	0	0	0	0	0	0	30	24	24	0	0	0	0	0	0	0	0	0	0	0	0	0	0	0	117	114	113	1	0	1	1	0	0	0	0	0	0	0	0	0	0	0	8	8	8	0	0	0	0	0	0	0	0	0	0	0	0	0	0	0
211	seq640@1	productive	Homsap IGHV3-74*01 F	320	296	294	2	0	2	1	0	0	0	0	0	0	1	0	0	0	0	78	75	75	0	0	0	0	0	0	0	0	0	0	0	0	0	0	0	36	24	24	0	0	0	0	0	0	0	0	0	0	0	0	0	0	0	51	51	51	0	0	0	0	0	0	0	0	0	0	0	0	0	0	0	30	24	23	1	0	1	0	0	0	0	0	0	0	1	0	0	0	0	117	114	113	1	0	1	1	0	0	0	0	0	0	0	0	0	0	0	8	8	8	0	0	0	0	0	0	0	0	0	0	0	0	0	0	0
212	seq643@1	productive	Homsap IGHV3-74*01 F	320	296	294	2	1	1	1	0	1	0	0	0	0	0	0	0	0	0	78	75	74	1	1	0	0	0	1	0	0	0	0	0	0	0	0	0	36	24	24	0	0	0	0	0	0	0	0	0	0	0	0	0	0	0	51	51	51	0	0	0	0	0	0	0	0	0	0	0	0	0	0	0	30	24	24	0	0	0	0	0	0	0	0	0	0	0	0	0	0	0	117	114	113	1	0	1	1	0	0	0	0	0	0	0	0	0	0	0	8	8	8	0	0	0	0	0	0	0	0	0	0	0	0	0	0	0
213	seq647@1	productive	Homsap IGHV3-74*01 F	320	296	292	4	2	2	1	1	0	1	0	0	0	0	0	0	1	0	78	75	74	1	1	0	0	0	0	1	0	0	0	0	0	0	0	0	36	24	24	0	0	0	0	0	0	0	0	0	0	0	0	0	0	0	51	51	50	1	1	0	0	0	0	0	0	0	0	0	0	0	1	0	30	24	24	0	0	0	0	0	0	0	0	0	0	0	0	0	0	0	117	114	112	2	0	2	1	1	0	0	0	0	0	0	0	0	0	0	8	8	8	0	0	0	0	0	0	0	0	0	0	0	0	0	0	0
214	seq650@1	productive	Homsap IGHV3-74*01 F	320	296	290	6	2	4	1	0	1	2	0	0	0	0	0	0	1	1	78	75	73	2	1	1	0	0	1	1	0	0	0	0	0	0	0	0	36	24	24	0	0	0	0	0	0	0	0	0	0	0	0	0	0	0	51	51	50	1	1	0	0	0	0	0	0	0	0	0	0	0	1	0	30	24	24	0	0	0	0	0	0	0	0	0	0	0	0	0	0	0	117	114	111	3	0	3	1	0	0	1	0	0	0	0	0	0	0	1	8	8	8	0	0	0	0	0	0	0	0	0	0	0	0	0	0	0
215	seq651@1	productive	Homsap IGHV3-74*01 F	320	296	290	6	1	5	1	1	0	2	0	1	1	0	0	0	0	0	78	75	73	2	1	1	0	1	0	1	0	0	0	0	0	0	0	0	36	24	24	0	0	0	0	0	0	0	0	0	0	0	0	0	0	0	51	51	49	2	0	2	0	0	0	1	0	1	0	0	0	0	0	0	30	24	24	0	0	0	0	0	0	0	0	0	0	0	0	0	0	0	117	114	112	2	0	2	1	0	0	0	0	0	1	0	0	0	0	0	8	8	8	0	0	0	0	0	0	0	0	0	0	0	0	0	0	0
216	seq652@1	productive	Homsap IGHV3-74*01 F	320	296	291	5	1	4	1	0	0	2	0	0	1	0	0	1	0	0	78	75	74	1	1	0	0	0	0	1	0	0	0	0	0	0	0	0	36	24	24	0	0	0	0	0	0	0	0	0	0	0	0	0	0	0	51	51	50	1	0	1	0	0	0	1	0	0	0	0	0	0	0	0	30	24	24	0	0	0	0	0	0	0	0	0	0	0	0	0	0	0	117	114	111	3	0	3	1	0	0	0	0	0	1	0	0	1	0	0	8	8	8	0	0	0	0	0	0	0	0	0	0	0	0	0	0	0
217	seq653@1	productive	Homsap IGHV3-74*01 F	320	296	292	4	1	3	1	0	0	3	0	0	0	0	0	0	0	0	78	75	74	1	1	0	0	0	0	1	0	0	0	0	0	0	0	0	36	24	24	0	0	0	0	0	0	0	0	0	0	0	0	0	0	0	51	51	49	2	0	2	0	0	0	2	0	0	0	0	0	0	0	0	30	24	24	0	0	0	0	0	0	0	0	0	0	0	0	0	0	0	117	114	113	1	0	1	1	0	0	0	0	0	0	0	0	0	0	0	8	8	8	0	0	0	0	0	0	0	0	0	0	0	0	0	0	0
218	seq654@1	productive	Homsap IGHV3-74*01 F	320	296	292	4	1	3	1	1	0	2	0	0	0	0	0	0	0	0	78	75	74	1	1	0	0	0	0	1	0	0	0	0	0	0	0	0	36	24	24	0	0	0	0	0	0	0	0	0	0	0	0	0	0	0	51	51	50	1	0	1	0	0	0	1	0	0	0	0	0	0	0	0	30	24	23	1	0	1	0	1	0	0	0	0	0	0	0	0	0	0	117	114	113	1	0	1	1	0	0	0	0	0	0	0	0	0	0	0	8	8	8	0	0	0	0	0	0	0	0	0	0	0	0	0	0	0
219	seq656@1	productive	Homsap IGHV3-74*01 F	320	296	292	4	2	2	1	1	0	2	0	0	0	0	0	0	0	0	78	75	74	1	1	0	0	0	0	1	0	0	0	0	0	0	0	0	36	24	24	0	0	0	0	0	0	0	0	0	0	0	0	0	0	0	51	51	50	1	1	0	0	1	0	0	0	0	0	0	0	0	0	0	30	24	24	0	0	0	0	0	0	0	0	0	0	0	0	0	0	0	117	114	112	2	0	2	1	0	0	1	0	0	0	0	0	0	0	0	8	8	8	0	0	0	0	0	0	0	0	0	0	0	0	0	0	0
220	seq662@1	productive	Homsap IGHV3-74*01 F	320	296	292	4	3	1	1	1	0	1	0	1	0	0	0	0	0	0	78	75	74	1	1	0	0	0	0	1	0	0	0	0	0	0	0	0	36	24	24	0	0	0	0	0	0	0	0	0	0	0	0	0	0	0	51	51	49	2	2	0	0	1	0	0	0	1	0	0	0	0	0	0	30	24	24	0	0	0	0	0	0	0	0	0	0	0	0	0	0	0	117	114	113	1	0	1	1	0	0	0	0	0	0	0	0	0	0	0	8	8	8	0	0	0	0	0	0	0	0	0	0	0	0	0	0	0
221	seq668@1	productive	Homsap IGHV3-74*01 F	320	296	293	3	1	2	2	1	0	0	0	0	0	0	0	0	0	0	78	75	73	2	1	1	1	1	0	0	0	0	0	0	0	0	0	0	36	24	24	0	0	0	0	0	0	0	0	0	0	0	0	0	0	0	51	51	51	0	0	0	0	0	0	0	0	0	0	0	0	0	0	0	30	24	24	0	0	0	0	0	0	0	0	0	0	0	0	0	0	0	117	114	113	1	0	1	1	0	0	0	0	0	0	0	0	0	0	0	8	8	8	0	0	0	0	0	0	0	0	0	0	0	0	0	0	0
222	seq671@1	productive	Homsap IGHV3-74*01 F	320	296	292	4	1	3	1	1	0	1	0	0	0	0	0	0	0	1	78	75	75	0	0	0	0	0	0	0	0	0	0	0	0	0	0	0	36	24	23	1	1	0	0	0	0	1	0	0	0	0	0	0	0	0	51	51	51	0	0	0	0	0	0	0	0	0	0	0	0	0	0	0	30	24	24	0	0	0	0	0	0	0	0	0	0	0	0	0	0	0	117	114	111	3	0	3	1	1	0	0	0	0	0	0	0	0	0	1	8	8	8	0	0	0	0	0	0	0	0	0	0	0	0	0	0	0
223	seq672@1	productive	Homsap IGHV3-74*01 F	320	296	293	3	0	3	2	1	0	0	0	0	0	0	0	0	0	0	78	75	75	0	0	0	0	0	0	0	0	0	0	0	0	0	0	0	36	24	24	0	0	0	0	0	0	0	0	0	0	0	0	0	0	0	51	51	51	0	0	0	0	0	0	0	0	0	0	0	0	0	0	0	30	24	24	0	0	0	0	0	0	0	0	0	0	0	0	0	0	0	117	114	111	3	0	3	2	1	0	0	0	0	0	0	0	0	0	0	8	8	8	0	0	0	0	0	0	0	0	0	0	0	0	0	0	0
224	seq676@1	productive	Homsap IGHV3-74*01 F	320	296	293	3	1	2	1	1	0	1	0	0	0	0	0	0	0	0	78	75	75	0	0	0	0	0	0	0	0	0	0	0	0	0	0	0	36	24	24	0	0	0	0	0	0	0	0	0	0	0	0	0	0	0	51	51	51	0	0	0	0	0	0	0	0	0	0	0	0	0	0	0	30	24	23	1	1	0	0	0	0	1	0	0	0	0	0	0	0	0	117	114	112	2	0	2	1	1	0	0	0	0	0	0	0	0	0	0	8	8	8	0	0	0	0	0	0	0	0	0	0	0	0	0	0	0
225	seq677@1	productive	Homsap IGHV3-74*01 F	320	296	293	3	0	3	1	1	0	0	0	0	0	0	0	0	0	1	78	75	75	0	0	0	0	0	0	0	0	0	0	0	0	0	0	0	36	24	24	0	0	0	0	0	0	0	0	0	0	0	0	0	0	0	51	51	50	1	0	1	0	0	0	0	0	0	0	0	0	0	0	1	30	24	24	0	0	0	0	0	0	0	0	0	0	0	0	0	0	0	117	114	112	2	0	2	1	1	0	0	0	0	0	0	0	0	0	0	8	8	8	0	0	0	0	0	0	0	0	0	0	0	0	0	0	0
226	seq678@1	productive	Homsap IGHV3-74*01 F	320	296	291	5	0	5	1	1	0	1	1	0	0	0	0	0	0	1	78	75	75	0	0	0	0	0	0	0	0	0	0	0	0	0	0	0	36	24	24	0	0	0	0	0	0	0	0	0	0	0	0	0	0	0	51	51	50	1	0	1	0	0	0	0	0	0	0	0	0	0	0	1	30	24	23	1	0	1	0	0	0	0	1	0	0	0	0	0	0	0	117	114	111	3	0	3	1	1	0	1	0	0	0	0	0	0	0	0	8	8	8	0	0	0	0	0	0	0	0	0	0	0	0	0	0	0
227	seq685@1	productive	Homsap IGHV3-74*01 F	320	296	293	3	0	3	1	1	0	0	0	0	1	0	0	0	0	0	78	75	75	0	0	0	0	0	0	0	0	0	0	0	0	0	0	0	36	24	24	0	0	0	0	0	0	0	0	0	0	0	0	0	0	0	51	51	51	0	0	0	0	0	0	0	0	0	0	0	0	0	0	0	30	24	23	1	0	1	0	0	0	0	0	0	1	0	0	0	0	0	117	114	112	2	0	2	1	1	0	0	0	0	0	0	0	0	0	0	8	8	8	0	0	0	0	0	0	0	0	0	0	0	0	0	0	0
228	seq694@1	productive	Homsap IGHV3-74*01 F	320	296	292	4	1	3	1	1	0	0	0	0	0	1	1	0	0	0	78	75	73	2	1	1	0	0	0	0	0	0	0	1	1	0	0	0	36	24	24	0	0	0	0	0	0	0	0	0	0	0	0	0	0	0	51	51	51	0	0	0	0	0	0	0	0	0	0	0	0	0	0	0	30	24	24	0	0	0	0	0	0	0	0	0	0	0	0	0	0	0	117	114	112	2	0	2	1	1	0	0	0	0	0	0	0	0	0	0	8	8	8	0	0	0	0	0	0	0	0	0	0	0	0	0	0	0
229	seq696@1	productive	Homsap IGHV3-74*01 F	320	296	291	5	3	2	1	2	0	0	0	0	0	1	1	0	0	0	78	75	75	0	0	0	0	0	0	0	0	0	0	0	0	0	0	0	36	24	24	0	0	0	0	0	0	0	0	0	0	0	0	0	0	0	51	51	48	3	2	1	0	2	0	0	0	0	0	1	0	0	0	0	30	24	24	0	0	0	0	0	0	0	0	0	0	0	0	0	0	0	117	114	112	2	1	1	1	0	0	0	0	0	0	0	1	0	0	0	8	8	8	0	0	0	0	0	0	0	0	0	0	0	0	0	0	0
230	seq698@1	productive	Homsap IGHV3-74*01 F	320	296	292	4	3	1	1	1	0	1	0	0	0	0	1	0	0	0	78	75	75	0	0	0	0	0	0	0	0	0	0	0	0	0	0	0	36	24	24	0	0	0	0	0	0	0	0	0	0	0	0	0	0	0	51	51	49	2	2	0	0	1	0	1	0	0	0	0	0	0	0	0	30	24	24	0	0	0	0	0	0	0	0	0	0	0	0	0	0	0	117	114	112	2	1	1	1	0	0	0	0	0	0	0	1	0	0	0	8	8	8	0	0	0	0	0	0	0	0	0	0	0	0	0	0	0
231	seq701@1	productive	Homsap IGHV3-74*01 F	320	296	292	4	0	4	1	1	0	1	0	0	0	0	0	0	1	0	78	75	74	1	0	1	0	1	0	0	0	0	0	0	0	0	0	0	36	24	23	1	0	1	0	0	0	0	0	0	0	0	0	0	1	0	51	51	51	0	0	0	0	0	0	0	0	0	0	0	0	0	0	0	30	24	24	0	0	0	0	0	0	0	0	0	0	0	0	0	0	0	117	114	112	2	0	2	1	0	0	1	0	0	0	0	0	0	0	0	8	8	8	0	0	0	0	0	0	0	0	0	0	0	0	0	0	0
232	seq708@1	productive	Homsap IGHV3-74*01 F	320	296	293	3	1	2	1	1	1	0	0	0	0	0	0	0	0	0	78	75	75	0	0	0	0	0	0	0	0	0	0	0	0	0	0	0	36	24	24	0	0	0	0	0	0	0	0	0	0	0	0	0	0	0	51	51	50	1	0	1	0	0	1	0	0	0	0	0	0	0	0	0	30	24	24	0	0	0	0	0	0	0	0	0	0	0	0	0	0	0	117	114	112	2	1	1	1	1	0	0	0	0	0	0	0	0	0	0	8	8	8	0	0	0	0	0	0	0	0	0	0	0	0	0	0	0
233	seq709@1	productive	Homsap IGHV3-74*02 F	318	294	291	3	1	2	1	1	1	0	0	0	0	0	0	0	0	0	78	75	75	0	0	0	0	0	0	0	0	0	0	0	0	0	0	0	36	24	24	0	0	0	0	0	0	0	0	0	0	0	0	0	0	0	51	51	50	1	0	1	0	0	1	0	0	0	0	0	0	0	0	0	30	24	24	0	0	0	0	0	0	0	0	0	0	0	0	0	0	0	117	114	112	2	1	1	1	1	0	0	0	0	0	0	0	0	0	0	6	6	6	0	0	0	0	0	0	0	0	0	0	0	0	0	0	0
234	seq711@1	productive	Homsap IGHV3-74*01 F	320	296	291	5	0	5	1	2	1	0	0	1	0	0	0	0	0	0	78	75	75	0	0	0	0	0	0	0	0	0	0	0	0	0	0	0	36	24	24	0	0	0	0	0	0	0	0	0	0	0	0	0	0	0	51	51	49	2	0	2	0	1	1	0	0	0	0	0	0	0	0	0	30	24	23	1	0	1	0	1	0	0	0	0	0	0	0	0	0	0	117	114	112	2	0	2	1	0	0	0	0	1	0	0	0	0	0	0	8	8	8	0	0	0	0	0	0	0	0	0	0	0	0	0	0	0
235	seq713@1	productive	Homsap IGHV3-74*01 F	320	296	292	4	0	4	1	1	1	0	0	0	0	0	1	0	0	0	78	75	74	1	0	1	0	0	1	0	0	0	0	0	0	0	0	0	36	24	23	1	0	1	0	0	0	0	0	0	0	0	1	0	0	0	51	51	51	0	0	0	0	0	0	0	0	0	0	0	0	0	0	0	30	24	23	1	0	1	0	1	0	0	0	0	0	0	0	0	0	0	117	114	113	1	0	1	1	0	0	0	0	0	0	0	0	0	0	0	8	8	8	0	0	0	0	0	0	0	0	0	0	0	0	0	0	0
236	seq720@1	productive	Homsap IGHV3-74*01 F	320	296	293	3	0	3	2	0	0	0	0	0	0	0	1	0	0	0	78	75	75	0	0	0	0	0	0	0	0	0	0	0	0	0	0	0	36	24	24	0	0	0	0	0	0	0	0	0	0	0	0	0	0	0	51	51	49	2	0	2	1	0	0	0	0	0	0	0	1	0	0	0	30	24	24	0	0	0	0	0	0	0	0	0	0	0	0	0	0	0	117	114	113	1	0	1	1	0	0	0	0	0	0	0	0	0	0	0	8	8	8	0	0	0	0	0	0	0	0	0	0	0	0	0	0	0
237	seq723@1	productive	Homsap IGHV3-74*01 F	320	296	292	4	2	2	1	0	1	2	0	0	0	0	0	0	0	0	78	75	75	0	0	0	0	0	0	0	0	0	0	0	0	0	0	0	36	24	24	0	0	0	0	0	0	0	0	0	0	0	0	0	0	0	51	51	51	0	0	0	0	0	0	0	0	0	0	0	0	0	0	0	30	24	23	1	0	1	0	0	0	1	0	0	0	0	0	0	0	0	117	114	111	3	2	1	1	0	1	1	0	0	0	0	0	0	0	0	8	8	8	0	0	0	0	0	0	0	0	0	0	0	0	0	0	0
238	seq724@1	productive	Homsap IGHV3-74*01 F	320	296	293	3	0	3	1	0	0	1	0	0	0	0	1	0	0	0	78	75	75	0	0	0	0	0	0	0	0	0	0	0	0	0	0	0	36	24	24	0	0	0	0	0	0	0	0	0	0	0	0	0	0	0	51	51	51	0	0	0	0	0	0	0	0	0	0	0	0	0	0	0	30	24	22	2	0	2	0	0	0	1	0	0	0	0	1	0	0	0	117	114	113	1	0	1	1	0	0	0	0	0	0	0	0	0	0	0	8	8	8	0	0	0	0	0	0	0	0	0	0	0	0	0	0	0
239	seq728@1	productive	Homsap IGHV3-74*01 F	320	296	293	3	0	3	1	1	0	1	0	0	0	0	0	0	0	0	78	75	75	0	0	0	0	0	0	0	0	0	0	0	0	0	0	0	36	24	24	0	0	0	0	0	0	0	0	0	0	0	0	0	0	0	51	51	49	2	0	2	0	1	0	1	0	0	0	0	0	0	0	0	30	24	24	0	0	0	0	0	0	0	0	0	0	0	0	0	0	0	117	114	113	1	0	1	1	0	0	0	0	0	0	0	0	0	0	0	8	8	8	0	0	0	0	0	0	0	0	0	0	0	0	0	0	0
240	seq731@1	productive	Homsap IGHV3-74*01 F	320	296	290	6	0	6	1	2	0	1	0	0	1	0	0	0	0	1	78	75	74	1	0	1	0	1	0	0	0	0	0	0	0	0	0	0	36	24	23	1	0	1	0	0	0	0	0	0	0	0	0	0	0	1	51	51	50	1	0	1	0	0	0	1	0	0	0	0	0	0	0	0	30	24	24	0	0	0	0	0	0	0	0	0	0	0	0	0	0	0	117	114	111	3	0	3	1	1	0	0	0	0	1	0	0	0	0	0	8	8	8	0	0	0	0	0	0	0	0	0	0	0	0	0	0	0
241	seq735@1	productive	Homsap IGHV3-74*01 F	320	296	291	5	1	4	2	1	1	0	0	1	0	0	0	0	0	0	78	75	75	0	0	0	0	0	0	0	0	0	0	0	0	0	0	0	36	24	24	0	0	0	0	0	0	0	0	0	0	0	0	0	0	0	51	51	51	0	0	0	0	0	0	0	0	0	0	0	0	0	0	0	30	24	24	0	0	0	0	0	0	0	0	0	0	0	0	0	0	0	117	114	109	5	1	4	2	1	1	0	0	1	0	0	0	0	0	0	8	8	8	0	0	0	0	0	0	0	0	0	0	0	0	0	0	0
242	seq737@1	productive	Homsap IGHV3-74*01 F	320	296	291	5	1	4	1	1	1	0	0	0	0	0	0	1	1	0	78	75	74	1	0	1	0	0	0	0	0	0	0	0	0	0	1	0	36	24	24	0	0	0	0	0	0	0	0	0	0	0	0	0	0	0	51	51	51	0	0	0	0	0	0	0	0	0	0	0	0	0	0	0	30	24	24	0	0	0	0	0	0	0	0	0	0	0	0	0	0	0	117	114	110	4	1	3	1	1	1	0	0	0	0	0	0	1	0	0	8	8	8	0	0	0	0	0	0	0	0	0	0	0	0	0	0	0
243	seq738@1	productive	Homsap IGHV3-74*01 F	320	296	291	5	1	4	1	1	1	0	1	0	0	0	0	0	1	0	78	75	74	1	0	1	0	0	0	0	0	0	0	0	0	0	1	0	36	24	24	0	0	0	0	0	0	0	0	0	0	0	0	0	0	0	51	51	50	1	0	1	0	0	0	0	1	0	0	0	0	0	0	0	30	24	24	0	0	0	0	0	0	0	0	0	0	0	0	0	0	0	117	114	111	3	1	2	1	1	1	0	0	0	0	0	0	0	0	0	8	8	8	0	0	0	0	0	0	0	0	0	0	0	0	0	0	0
244	seq739@1	productive	Homsap IGHV3-74*01 F	320	296	292	4	0	4	2	1	1	0	0	0	0	0	0	0	0	0	78	75	75	0	0	0	0	0	0	0	0	0	0	0	0	0	0	0	36	24	24	0	0	0	0	0	0	0	0	0	0	0	0	0	0	0	51	51	49	2	0	2	0	1	1	0	0	0	0	0	0	0	0	0	30	24	24	0	0	0	0	0	0	0	0	0	0	0	0	0	0	0	117	114	112	2	0	2	2	0	0	0	0	0	0	0	0	0	0	0	8	8	8	0	0	0	0	0	0	0	0	0	0	0	0	0	0	0
245	seq742@1	productive	Homsap IGHV3-74*01 F	320	296	291	5	0	5	2	0	2	1	0	0	0	0	0	0	0	0	78	75	74	1	0	1	0	0	1	0	0	0	0	0	0	0	0	0	36	24	24	0	0	0	0	0	0	0	0	0	0	0	0	0	0	0	51	51	49	2	0	2	1	0	1	0	0	0	0	0	0	0	0	0	30	24	24	0	0	0	0	0	0	0	0	0	0	0	0	0	0	0	117	114	112	2	0	2	1	0	0	1	0	0	0	0	0	0	0	0	8	8	8	0	0	0	0	0	0	0	0	0	0	0	0	0	0	0
246	seq746@1	productive	Homsap IGHV3-74*01 F	320	296	292	4	0	4	1	1	1	1	0	0	0	0	0	0	0	0	78	75	75	0	0	0	0	0	0	0	0	0	0	0	0	0	0	0	36	24	23	1	0	1	0	1	0	0	0	0	0	0	0	0	0	0	51	51	49	2	0	2	0	0	1	1	0	0	0	0	0	0	0	0	30	24	23	1	0	1	1	0	0	0	0	0	0	0	0	0	0	0	117	114	114	0	0	0	0	0	0	0	0	0	0	0	0	0	0	0	8	8	8	0	0	0	0	0	0	0	0	0	0	0	0	0	0	0
247	seq747@1	productive	Homsap IGHV3-74*01 F	320	296	292	4	1	3	1	2	0	0	0	0	0	0	0	1	0	0	78	75	75	0	0	0	0	0	0	0	0	0	0	0	0	0	0	0	36	24	23	1	0	1	0	1	0	0	0	0	0	0	0	0	0	0	51	51	51	0	0	0	0	0	0	0	0	0	0	0	0	0	0	0	30	24	23	1	0	1	0	0	0	0	0	0	0	0	0	1	0	0	117	114	112	2	1	1	1	1	0	0	0	0	0	0	0	0	0	0	8	8	8	0	0	0	0	0	0	0	0	0	0	0	0	0	0	0
248	seq748@1	productive	Homsap IGHV3-74*01 F	320	296	295	1	0	1	0	1	0	0	0	0	0	0	0	0	0	0	78	75	75	0	0	0	0	0	0	0	0	0	0	0	0	0	0	0	36	24	23	1	0	1	0	1	0	0	0	0	0	0	0	0	0	0	51	51	51	0	0	0	0	0	0	0	0	0	0	0	0	0	0	0	30	24	24	0	0	0	0	0	0	0	0	0	0	0	0	0	0	0	117	114	114	0	0	0	0	0	0	0	0	0	0	0	0	0	0	0	8	8	8	0	0	0	0	0	0	0	0	0	0	0	0	0	0	0
249	seq749@1	productive	Homsap IGHV3-74*01 F	320	296	294	2	1	1	0	1	0	1	0	0	0	0	0	0	0	0	78	75	75	0	0	0	0	0	0	0	0	0	0	0	0	0	0	0	36	24	23	1	0	1	0	1	0	0	0	0	0	0	0	0	0	0	51	51	50	1	1	0	0	0	0	1	0	0	0	0	0	0	0	0	30	24	24	0	0	0	0	0	0	0	0	0	0	0	0	0	0	0	117	114	114	0	0	0	0	0	0	0	0	0	0	0	0	0	0	0	8	8	8	0	0	0	0	0	0	0	0	0	0	0	0	0	0	0
250	seq754@1	productive	Homsap IGHV3-74*01 F	320	296	294	2	0	2	0	1	0	0	0	0	0	0	0	0	0	1	78	75	75	0	0	0	0	0	0	0	0	0	0	0	0	0	0	0	36	24	23	1	0	1	0	1	0	0	0	0	0	0	0	0	0	0	51	51	51	0	0	0	0	0	0	0	0	0	0	0	0	0	0	0	30	24	23	1	0	1	0	0	0	0	0	0	0	0	0	0	0	1	117	114	114	0	0	0	0	0	0	0	0	0	0	0	0	0	0	0	8	8	8	0	0	0	0	0	0	0	0	0	0	0	0	0	0	0
251	seq755@1	productive	Homsap IGHV3-74*01 F	320	296	294	2	0	2	0	1	0	0	0	0	0	1	0	0	0	0	78	75	75	0	0	0	0	0	0	0	0	0	0	0	0	0	0	0	36	24	23	1	0	1	0	1	0	0	0	0	0	0	0	0	0	0	51	51	51	0	0	0	0	0	0	0	0	0	0	0	0	0	0	0	30	24	23	1	0	1	0	0	0	0	0	0	0	1	0	0	0	0	117	114	114	0	0	0	0	0	0	0	0	0	0	0	0	0	0	0	8	8	8	0	0	0	0	0	0	0	0	0	0	0	0	0	0	0
252	seq760@1	productive	Homsap IGHV3-74*01 F	320	296	288	8	1	7	1	2	1	2	0	0	0	0	1	0	1	0	78	75	75	0	0	0	0	0	0	0	0	0	0	0	0	0	0	0	36	24	23	1	0	1	0	1	0	0	0	0	0	0	0	0	0	0	51	51	49	2	0	2	0	1	1	0	0	0	0	0	0	0	0	0	30	24	24	0	0	0	0	0	0	0	0	0	0	0	0	0	0	0	117	114	109	5	1	4	1	0	0	2	0	0	0	0	1	0	1	0	8	8	8	0	0	0	0	0	0	0	0	0	0	0	0	0	0	0
253	seq763@1	productive	Homsap IGHV3-74*01 F	320	296	289	7	2	5	1	3	1	0	1	0	0	0	0	0	1	0	78	75	74	1	0	1	0	1	0	0	0	0	0	0	0	0	0	0	36	24	23	1	0	1	0	1	0	0	0	0	0	0	0	0	0	0	51	51	48	3	0	3	1	1	1	0	0	0	0	0	0	0	0	0	30	24	24	0	0	0	0	0	0	0	0	0	0	0	0	0	0	0	117	114	112	2	2	0	0	0	0	0	1	0	0	0	0	0	1	0	8	8	8	0	0	0	0	0	0	0	0	0	0	0	0	0	0	0
254	seq765@1	productive	Homsap IGHV3-74*01 F	320	296	290	6	1	5	0	4	1	0	0	0	0	0	0	0	1	0	78	75	74	1	0	1	0	1	0	0	0	0	0	0	0	0	0	0	36	24	22	2	0	2	0	2	0	0	0	0	0	0	0	0	0	0	51	51	49	2	0	2	0	1	1	0	0	0	0	0	0	0	0	0	30	24	24	0	0	0	0	0	0	0	0	0	0	0	0	0	0	0	117	114	113	1	1	0	0	0	0	0	0	0	0	0	0	0	1	0	8	8	8	0	0	0	0	0	0	0	0	0	0	0	0	0	0	0
255	seq767@1	productive	Homsap IGHV3-74*01 F	320	296	290	6	2	4	0	2	2	0	1	0	0	0	0	0	1	0	78	75	72	3	1	2	0	1	1	0	1	0	0	0	0	0	0	0	36	24	23	1	0	1	0	1	0	0	0	0	0	0	0	0	0	0	51	51	50	1	0	1	0	0	1	0	0	0	0	0	0	0	0	0	30	24	24	0	0	0	0	0	0	0	0	0	0	0	0	0	0	0	117	114	113	1	1	0	0	0	0	0	0	0	0	0	0	0	1	0	8	8	8	0	0	0	0	0	0	0	0	0	0	0	0	0	0	0
256	seq768@1	productive	Homsap IGHV3-74*01 F	320	296	291	5	1	4	0	1	1	1	1	0	0	0	0	0	1	0	78	75	74	1	0	1	0	0	0	0	1	0	0	0	0	0	0	0	36	24	23	1	0	1	0	1	0	0	0	0	0	0	0	0	0	0	51	51	49	2	0	2	0	0	1	1	0	0	0	0	0	0	0	0	30	24	24	0	0	0	0	0	0	0	0	0	0	0	0	0	0	0	117	114	113	1	1	0	0	0	0	0	0	0	0	0	0	0	1	0	8	8	8	0	0	0	0	0	0	0	0	0	0	0	0	0	0	0
257	seq769@1	productive	Homsap IGHV3-74*01 F	320	296	291	5	2	3	0	2	2	0	0	0	0	0	0	0	1	0	78	75	75	0	0	0	0	0	0	0	0	0	0	0	0	0	0	0	36	24	23	1	0	1	0	1	0	0	0	0	0	0	0	0	0	0	51	51	49	2	1	1	0	0	2	0	0	0	0	0	0	0	0	0	30	24	24	0	0	0	0	0	0	0	0	0	0	0	0	0	0	0	117	114	112	2	1	1	0	1	0	0	0	0	0	0	0	0	1	0	8	8	8	0	0	0	0	0	0	0	0	0	0	0	0	0	0	0
258	seq771@1	productive	Homsap IGHV3-74*01 F	320	296	291	5	2	3	0	1	1	0	0	0	0	0	0	0	3	0	78	75	74	1	1	0	0	0	0	0	0	0	0	0	0	0	1	0	36	24	23	1	0	1	0	1	0	0	0	0	0	0	0	0	0	0	51	51	50	1	0	1	0	0	1	0	0	0	0	0	0	0	0	0	30	24	24	0	0	0	0	0	0	0	0	0	0	0	0	0	0	0	117	114	112	2	1	1	0	0	0	0	0	0	0	0	0	0	2	0	8	8	8	0	0	0	0	0	0	0	0	0	0	0	0	0	0	0
259	seq773@1	productive	Homsap IGHV3-74*01 F	320	296	292	4	1	3	0	1	1	0	0	0	0	0	0	0	2	0	78	75	75	0	0	0	0	0	0	0	0	0	0	0	0	0	0	0	36	24	23	1	0	1	0	1	0	0	0	0	0	0	0	0	0	0	51	51	50	1	0	1	0	0	1	0	0	0	0	0	0	0	0	0	30	24	24	0	0	0	0	0	0	0	0	0	0	0	0	0	0	0	117	114	112	2	1	1	0	0	0	0	0	0	0	0	0	0	2	0	8	8	8	0	0	0	0	0	0	0	0	0	0	0	0	0	0	0
260	seq775@1	productive	Homsap IGHV3-74*01 F	320	296	293	3	0	3	0	1	0	0	0	0	1	1	0	0	0	0	78	75	74	1	0	1	0	0	0	0	0	0	0	1	0	0	0	0	36	24	23	1	0	1	0	1	0	0	0	0	0	0	0	0	0	0	51	51	51	0	0	0	0	0	0	0	0	0	0	0	0	0	0	0	30	24	24	0	0	0	0	0	0	0	0	0	0	0	0	0	0	0	117	114	113	1	0	1	0	0	0	0	0	0	1	0	0	0	0	0	8	8	8	0	0	0	0	0	0	0	0	0	0	0	0	0	0	0
261	seq778@1	productive	Homsap IGHV3-74*01 F	320	296	294	2	0	2	0	2	0	0	0	0	0	0	0	0	0	0	78	75	75	0	0	0	0	0	0	0	0	0	0	0	0	0	0	0	36	24	23	1	0	1	0	1	0	0	0	0	0	0	0	0	0	0	51	51	50	1	0	1	0	1	0	0	0	0	0	0	0	0	0	0	30	24	24	0	0	0	0	0	0	0	0	0	0	0	0	0	0	0	117	114	114	0	0	0	0	0	0	0	0	0	0	0	0	0	0	0	8	8	8	0	0	0	0	0	0	0	0	0	0	0	0	0	0	0
262	seq781@1	productive	Homsap IGHV3-74*01 F	320	296	294	2	1	1	0	2	0	0	0	0	0	0	0	0	0	0	78	75	75	0	0	0	0	0	0	0	0	0	0	0	0	0	0	0	36	24	23	1	0	1	0	1	0	0	0	0	0	0	0	0	0	0	51	51	51	0	0	0	0	0	0	0	0	0	0	0	0	0	0	0	30	24	24	0	0	0	0	0	0	0	0	0	0	0	0	0	0	0	117	114	113	1	1	0	0	1	0	0	0	0	0	0	0	0	0	0	8	8	8	0	0	0	0	0	0	0	0	0	0	0	0	0	0	0
263	seq783@1	productive	Homsap IGHV3-74*01 F	320	296	291	5	1	4	2	1	0	0	0	1	0	1	0	0	0	0	78	75	75	0	0	0	0	0	0	0	0	0	0	0	0	0	0	0	36	24	22	2	1	1	0	1	0	0	0	1	0	0	0	0	0	0	51	51	51	0	0	0	0	0	0	0	0	0	0	0	0	0	0	0	30	24	23	1	0	1	0	0	0	0	0	0	0	1	0	0	0	0	117	114	112	2	0	2	2	0	0	0	0	0	0	0	0	0	0	0	8	8	8	0	0	0	0	0	0	0	0	0	0	0	0	0	0	0
264	seq790@1	productive	Homsap IGHV3-74*01 F	320	296	291	5	1	4	1	1	0	0	0	1	0	1	1	0	0	0	78	75	74	1	0	1	0	0	0	0	0	0	0	0	1	0	0	0	36	24	22	2	1	1	0	1	0	0	0	1	0	0	0	0	0	0	51	51	51	0	0	0	0	0	0	0	0	0	0	0	0	0	0	0	30	24	23	1	0	1	0	0	0	0	0	0	0	1	0	0	0	0	117	114	113	1	0	1	1	0	0	0	0	0	0	0	0	0	0	0	8	8	8	0	0	0	0	0	0	0	0	0	0	0	0	0	0	0
265	seq791@1	productive	Homsap IGHV3-74*01 F	320	296	291	5	2	3	0	1	1	1	0	0	0	1	0	0	1	0	78	75	74	1	1	0	0	0	1	0	0	0	0	0	0	0	0	0	36	24	22	2	0	2	0	1	0	0	0	0	0	1	0	0	0	0	51	51	50	1	0	1	0	0	0	0	0	0	0	0	0	0	1	0	30	24	24	0	0	0	0	0	0	0	0	0	0	0	0	0	0	0	117	114	113	1	1	0	0	0	0	1	0	0	0	0	0	0	0	0	8	8	8	0	0	0	0	0	0	0	0	0	0	0	0	0	0	0
266	seq792@1	productive	Homsap IGHV3-74*01 F	320	296	291	5	1	4	0	1	0	1	0	0	0	1	0	0	2	0	78	75	75	0	0	0	0	0	0	0	0	0	0	0	0	0	0	0	36	24	22	2	0	2	0	1	0	0	0	0	0	1	0	0	0	0	51	51	50	1	0	1	0	0	0	0	0	0	0	0	0	0	1	0	30	24	24	0	0	0	0	0	0	0	0	0	0	0	0	0	0	0	117	114	112	2	1	1	0	0	0	1	0	0	0	0	0	0	1	0	8	8	8	0	0	0	0	0	0	0	0	0	0	0	0	0	0	0
267	seq796@1	productive	Homsap IGHV3-74*01 F	320	296	291	5	1	4	1	2	1	0	0	0	0	1	0	0	0	0	78	75	74	1	0	1	1	0	0	0	0	0	0	0	0	0	0	0	36	24	22	2	0	2	0	1	0	0	0	0	0	1	0	0	0	0	51	51	51	0	0	0	0	0	0	0	0	0	0	0	0	0	0	0	30	24	24	0	0	0	0	0	0	0	0	0	0	0	0	0	0	0	117	114	112	2	1	1	0	1	1	0	0	0	0	0	0	0	0	0	8	8	8	0	0	0	0	0	0	0	0	0	0	0	0	0	0	0
268	seq800@1	productive	Homsap IGHV3-74*01 F	320	296	291	5	1	4	0	3	0	1	0	0	0	1	0	0	0	0	78	75	73	2	1	1	0	1	0	1	0	0	0	0	0	0	0	0	36	24	22	2	0	2	0	1	0	0	0	0	0	1	0	0	0	0	51	51	51	0	0	0	0	0	0	0	0	0	0	0	0	0	0	0	30	24	24	0	0	0	0	0	0	0	0	0	0	0	0	0	0	0	117	114	113	1	0	1	0	1	0	0	0	0	0	0	0	0	0	0	8	8	8	0	0	0	0	0	0	0	0	0	0	0	0	0	0	0
269	seq807@1	productive	Homsap IGHV3-74*01 F	320	296	294	2	0	2	0	0	0	0	0	0	0	1	1	0	0	0	78	75	75	0	0	0	0	0	0	0	0	0	0	0	0	0	0	0	36	24	24	0	0	0	0	0	0	0	0	0	0	0	0	0	0	0	51	51	51	0	0	0	0	0	0	0	0	0	0	0	0	0	0	0	30	24	22	2	0	2	0	0	0	0	0	0	0	1	1	0	0	0	117	114	114	0	0	0	0	0	0	0	0	0	0	0	0	0	0	0	8	8	8	0	0	0	0	0	0	0	0	0	0	0	0	0	0	0
270	seq809@1	productive	Homsap IGHV3-74*01 F	320	296	292	4	0	4	1	0	0	0	0	0	0	1	1	0	0	1	78	75	74	1	0	1	1	0	0	0	0	0	0	0	0	0	0	0	36	24	24	0	0	0	0	0	0	0	0	0	0	0	0	0	0	0	51	51	51	0	0	0	0	0	0	0	0	0	0	0	0	0	0	0	30	24	22	2	0	2	0	0	0	0	0	0	0	1	1	0	0	0	117	114	113	1	0	1	0	0	0	0	0	0	0	0	0	0	0	1	8	8	8	0	0	0	0	0	0	0	0	0	0	0	0	0	0	0
271	seq810@1	productive	Homsap IGHV3-74*01 F	320	296	291	5	0	5	0	1	0	2	0	0	0	1	1	0	0	0	78	75	75	0	0	0	0	0	0	0	0	0	0	0	0	0	0	0	36	24	23	1	0	1	0	0	0	1	0	0	0	0	0	0	0	0	51	51	51	0	0	0	0	0	0	0	0	0	0	0	0	0	0	0	30	24	22	2	0	2	0	0	0	0	0	0	0	1	1	0	0	0	117	114	112	2	0	2	0	1	0	1	0	0	0	0	0	0	0	0	8	8	8	0	0	0	0	0	0	0	0	0	0	0	0	0	0	0
272	seq811@1	productive	Homsap IGHV3-74*01 F	320	296	290	6	0	6	0	0	1	2	0	0	0	1	1	0	1	0	78	75	74	1	0	1	0	0	1	0	0	0	0	0	0	0	0	0	36	24	23	1	0	1	0	0	0	1	0	0	0	0	0	0	0	0	51	51	50	1	0	1	0	0	0	0	0	0	0	0	0	0	1	0	30	24	22	2	0	2	0	0	0	0	0	0	0	1	1	0	0	0	117	114	113	1	0	1	0	0	0	1	0	0	0	0	0	0	0	0	8	8	8	0	0	0	0	0	0	0	0	0	0	0	0	0	0	0
273	seq813@1	productive	Homsap IGHV3-74*01 F	320	296	291	5	1	4	0	0	1	2	0	0	0	1	1	0	0	0	78	75	75	0	0	0	0	0	0	0	0	0	0	0	0	0	0	0	36	24	23	1	0	1	0	0	0	1	0	0	0	0	0	0	0	0	51	51	51	0	0	0	0	0	0	0	0	0	0	0	0	0	0	0	30	24	22	2	0	2	0	0	0	0	0	0	0	1	1	0	0	0	117	114	112	2	1	1	0	0	1	1	0	0	0	0	0	0	0	0	8	8	8	0	0	0	0	0	0	0	0	0	0	0	0	0	0	0
274	seq814@1	productive	Homsap IGHV3-74*01 F	320	296	290	6	1	5	2	0	1	1	0	0	0	1	1	0	0	0	78	75	74	1	0	1	1	0	0	0	0	0	0	0	0	0	0	0	36	24	24	0	0	0	0	0	0	0	0	0	0	0	0	0	0	0	51	51	51	0	0	0	0	0	0	0	0	0	0	0	0	0	0	0	30	24	22	2	0	2	0	0	0	0	0	0	0	1	1	0	0	0	117	114	111	3	1	2	1	0	1	1	0	0	0	0	0	0	0	0	8	8	8	0	0	0	0	0	0	0	0	0	0	0	0	0	0	0
275	seq821@1	productive	Homsap IGHV3-74*01 F	320	296	292	4	1	3	0	0	1	1	0	0	0	1	1	0	0	0	78	75	75	0	0	0	0	0	0	0	0	0	0	0	0	0	0	0	36	24	23	1	0	1	0	0	0	1	0	0	0	0	0	0	0	0	51	51	51	0	0	0	0	0	0	0	0	0	0	0	0	0	0	0	30	24	22	2	0	2	0	0	0	0	0	0	0	1	1	0	0	0	117	114	113	1	1	0	0	0	1	0	0	0	0	0	0	0	0	0	8	8	8	0	0	0	0	0	0	0	0	0	0	0	0	0	0	0
276	seq824@1	productive	Homsap IGHV3-74*01 F	320	296	292	4	1	3	0	1	0	0	0	0	0	0	1	0	0	2	78	75	73	2	1	1	0	1	0	0	0	0	0	0	0	0	0	1	36	24	24	0	0	0	0	0	0	0	0	0	0	0	0	0	0	0	51	51	51	0	0	0	0	0	0	0	0	0	0	0	0	0	0	0	30	24	23	1	0	1	0	0	0	0	0	0	0	0	1	0	0	0	117	114	113	1	0	1	0	0	0	0	0	0	0	0	0	0	0	1	8	8	8	0	0	0	0	0	0	0	0	0	0	0	0	0	0	0
277	seq827@1	productive	Homsap IGHV3-74*01 F	320	296	289	7	4	3	1	1	1	0	0	0	0	0	2	0	0	2	78	75	71	4	3	1	1	1	0	0	0	0	0	0	1	0	0	1	36	24	24	0	0	0	0	0	0	0	0	0	0	0	0	0	0	0	51	51	51	0	0	0	0	0	0	0	0	0	0	0	0	0	0	0	30	24	22	2	1	1	0	0	1	0	0	0	0	0	1	0	0	0	117	114	113	1	0	1	0	0	0	0	0	0	0	0	0	0	0	1	8	8	8	0	0	0	0	0	0	0	0	0	0	0	0	0	0	0
278	seq831@1	productive	Homsap IGHV3-74*01 F	320	296	292	4	2	2	0	1	1	0	1	0	0	0	1	0	0	0	78	75	74	1	1	0	0	1	0	0	0	0	0	0	0	0	0	0	36	24	24	0	0	0	0	0	0	0	0	0	0	0	0	0	0	0	51	51	51	0	0	0	0	0	0	0	0	0	0	0	0	0	0	0	30	24	23	1	0	1	0	0	0	0	0	0	0	0	1	0	0	0	117	114	112	2	1	1	0	0	1	0	1	0	0	0	0	0	0	0	8	8	8	0	0	0	0	0	0	0	0	0	0	0	0	0	0	0
279	seq835@1	productive	Homsap IGHV3-74*01 F	320	296	289	7	2	5	1	1	0	1	0	0	0	1	1	0	1	1	78	75	73	2	1	1	0	1	0	1	0	0	0	0	0	0	0	0	36	24	23	1	1	0	1	0	0	0	0	0	0	0	0	0	0	0	51	51	50	1	0	1	0	0	0	0	0	0	0	0	0	0	1	0	30	24	22	2	0	2	0	0	0	0	0	0	0	0	1	0	0	1	117	114	113	1	0	1	0	0	0	0	0	0	0	1	0	0	0	0	8	8	8	0	0	0	0	0	0	0	0	0	0	0	0	0	0	0
280	seq840@1	productive	Homsap IGHV3-74*01 F	320	296	293	3	1	2	0	0	0	2	0	0	0	0	1	0	0	0	78	75	74	1	1	0	0	0	0	1	0	0	0	0	0	0	0	0	36	24	24	0	0	0	0	0	0	0	0	0	0	0	0	0	0	0	51	51	51	0	0	0	0	0	0	0	0	0	0	0	0	0	0	0	30	24	23	1	0	1	0	0	0	0	0	0	0	0	1	0	0	0	117	114	113	1	0	1	0	0	0	1	0	0	0	0	0	0	0	0	8	8	8	0	0	0	0	0	0	0	0	0	0	0	0	0	0	0
281	seq841@1	productive	Homsap IGHV3-74*01 F	320	296	291	5	2	3	1	0	1	1	0	0	0	0	1	0	1	0	78	75	74	1	1	0	0	0	0	1	0	0	0	0	0	0	0	0	36	24	24	0	0	0	0	0	0	0	0	0	0	0	0	0	0	0	51	51	50	1	0	1	0	0	1	0	0	0	0	0	0	0	0	0	30	24	22	2	0	2	0	0	0	0	0	0	0	0	1	0	1	0	117	114	113	1	1	0	1	0	0	0	0	0	0	0	0	0	0	0	8	8	8	0	0	0	0	0	0	0	0	0	0	0	0	0	0	0
282	seq842@1	productive	Homsap IGHV3-74*01 F	320	296	292	4	2	2	0	0	1	1	0	0	0	0	1	1	0	0	78	75	74	1	1	0	0	0	1	0	0	0	0	0	0	0	0	0	36	24	24	0	0	0	0	0	0	0	0	0	0	0	0	0	0	0	51	51	51	0	0	0	0	0	0	0	0	0	0	0	0	0	0	0	30	24	22	2	1	1	0	0	0	1	0	0	0	0	1	0	0	0	117	114	113	1	0	1	0	0	0	0	0	0	0	0	0	1	0	0	8	8	8	0	0	0	0	0	0	0	0	0	0	0	0	0	0	0
283	seq846@1	productive	Homsap IGHV3-74*01 F	320	296	294	2	0	2	0	0	0	0	1	0	0	0	1	0	0	0	78	75	75	0	0	0	0	0	0	0	0	0	0	0	0	0	0	0	36	24	24	0	0	0	0	0	0	0	0	0	0	0	0	0	0	0	51	51	51	0	0	0	0	0	0	0	0	0	0	0	0	0	0	0	30	24	23	1	0	1	0	0	0	0	0	0	0	0	1	0	0	0	117	114	113	1	0	1	0	0	0	0	1	0	0	0	0	0	0	0	8	8	8	0	0	0	0	0	0	0	0	0	0	0	0	0	0	0
284	seq848@1	productive	Homsap IGHV3-74*01 F	320	296	293	3	1	2	0	1	0	0	1	0	0	0	1	0	0	0	78	75	75	0	0	0	0	0	0	0	0	0	0	0	0	0	0	0	36	24	24	0	0	0	0	0	0	0	0	0	0	0	0	0	0	0	51	51	51	0	0	0	0	0	0	0	0	0	0	0	0	0	0	0	30	24	23	1	0	1	0	0	0	0	0	0	0	0	1	0	0	0	117	114	112	2	1	1	0	1	0	0	1	0	0	0	0	0	0	0	8	8	8	0	0	0	0	0	0	0	0	0	0	0	0	0	0	0
285	seq849@1	productive	Homsap IGHV3-74*01 F	320	296	293	3	0	3	0	0	0	0	1	1	0	0	1	0	0	0	78	75	75	0	0	0	0	0	0	0	0	0	0	0	0	0	0	0	36	24	24	0	0	0	0	0	0	0	0	0	0	0	0	0	0	0	51	51	50	1	0	1	0	0	0	0	0	1	0	0	0	0	0	0	30	24	23	1	0	1	0	0	0	0	0	0	0	0	1	0	0	0	117	114	113	1	0	1	0	0	0	0	1	0	0	0	0	0	0	0	8	8	8	0	0	0	0	0	0	0	0	0	0	0	0	0	0	0
286	seq850@1	productive	Homsap IGHV3-74*01 F	320	296	294	2	0	2	0	1	0	0	0	0	0	0	1	0	0	0	78	75	75	0	0	0	0	0	0	0	0	0	0	0	0	0	0	0	36	24	24	0	0	0	0	0	0	0	0	0	0	0	0	0	0	0	51	51	51	0	0	0	0	0	0	0	0	0	0	0	0	0	0	0	30	24	23	1	0	1	0	0	0	0	0	0	0	0	1	0	0	0	117	114	113	1	0	1	0	1	0	0	0	0	0	0	0	0	0	0	8	8	8	0	0	0	0	0	0	0	0	0	0	0	0	0	0	0
287	seq851@1	productive	Homsap IGHV3-74*01 F	320	296	293	3	1	2	0	1	1	0	0	0	0	0	1	0	0	0	78	75	74	1	0	1	0	1	0	0	0	0	0	0	0	0	0	0	36	24	23	1	1	0	0	0	1	0	0	0	0	0	0	0	0	0	51	51	51	0	0	0	0	0	0	0	0	0	0	0	0	0	0	0	30	24	23	1	0	1	0	0	0	0	0	0	0	0	1	0	0	0	117	114	114	0	0	0	0	0	0	0	0	0	0	0	0	0	0	0	8	8	8	0	0	0	0	0	0	0	0	0	0	0	0	0	0	0
288	seq853@1	productive	Homsap IGHV3-74*01 F	320	296	294	2	1	1	0	1	0	0	0	0	0	0	1	0	0	0	78	75	75	0	0	0	0	0	0	0	0	0	0	0	0	0	0	0	36	24	24	0	0	0	0	0	0	0	0	0	0	0	0	0	0	0	51	51	51	0	0	0	0	0	0	0	0	0	0	0	0	0	0	0	30	24	23	1	0	1	0	0	0	0	0	0	0	0	1	0	0	0	117	114	113	1	1	0	0	1	0	0	0	0	0	0	0	0	0	0	8	8	8	0	0	0	0	0	0	0	0	0	0	0	0	0	0	0
289	seq855@1	productive	Homsap IGHV3-74*01 F	320	296	293	3	1	2	2	0	0	0	0	0	0	0	1	0	0	0	78	75	75	0	0	0	0	0	0	0	0	0	0	0	0	0	0	0	36	24	24	0	0	0	0	0	0	0	0	0	0	0	0	0	0	0	51	51	51	0	0	0	0	0	0	0	0	0	0	0	0	0	0	0	30	24	21	3	1	2	2	0	0	0	0	0	0	0	1	0	0	0	117	114	114	0	0	0	0	0	0	0	0	0	0	0	0	0	0	0	8	8	8	0	0	0	0	0	0	0	0	0	0	0	0	0	0	0
290	seq857@1	productive	Homsap IGHV3-74*01 F	320	296	293	3	1	2	1	0	1	0	0	0	0	0	1	0	0	0	78	75	75	0	0	0	0	0	0	0	0	0	0	0	0	0	0	0	36	24	24	0	0	0	0	0	0	0	0	0	0	0	0	0	0	0	51	51	51	0	0	0	0	0	0	0	0	0	0	0	0	0	0	0	30	24	22	2	0	2	1	0	0	0	0	0	0	0	1	0	0	0	117	114	113	1	1	0	0	0	1	0	0	0	0	0	0	0	0	0	8	8	8	0	0	0	0	0	0	0	0	0	0	0	0	0	0	0
291	seq858@1	productive	Homsap IGHV3-74*01 F	320	296	293	3	0	3	1	0	0	0	0	1	0	0	1	0	0	0	78	75	74	1	0	1	0	0	0	0	0	1	0	0	0	0	0	0	36	24	24	0	0	0	0	0	0	0	0	0	0	0	0	0	0	0	51	51	51	0	0	0	0	0	0	0	0	0	0	0	0	0	0	0	30	24	22	2	0	2	1	0	0	0	0	0	0	0	1	0	0	0	117	114	114	0	0	0	0	0	0	0	0	0	0	0	0	0	0	0	8	8	8	0	0	0	0	0	0	0	0	0	0	0	0	0	0	0
292	seq860@1	productive	Homsap IGHV3-74*02 F	318	294	291	3	0	3	2	0	0	0	0	0	0	0	1	0	0	0	78	75	75	0	0	0	0	0	0	0	0	0	0	0	0	0	0	0	36	24	24	0	0	0	0	0	0	0	0	0	0	0	0	0	0	0	51	51	51	0	0	0	0	0	0	0	0	0	0	0	0	0	0	0	30	24	22	2	0	2	1	0	0	0	0	0	0	0	1	0	0	0	117	114	113	1	0	1	1	0	0	0	0	0	0	0	0	0	0	0	6	6	6	0	0	0	0	0	0	0	0	0	0	0	0	0	0	0
293	seq862@1	productive	Homsap IGHV3-74*01 F	320	296	293	3	1	2	1	0	0	0	0	1	0	0	1	0	0	0	78	75	74	1	1	0	0	0	0	0	0	1	0	0	0	0	0	0	36	24	24	0	0	0	0	0	0	0	0	0	0	0	0	0	0	0	51	51	51	0	0	0	0	0	0	0	0	0	0	0	0	0	0	0	30	24	22	2	0	2	1	0	0	0	0	0	0	0	1	0	0	0	117	114	114	0	0	0	0	0	0	0	0	0	0	0	0	0	0	0	8	8	8	0	0	0	0	0	0	0	0	0	0	0	0	0	0	0
294	seq863@1	productive	Homsap IGHV3-74*01 F	320	296	293	3	0	3	1	1	0	0	0	0	0	0	1	0	0	0	78	75	75	0	0	0	0	0	0	0	0	0	0	0	0	0	0	0	36	24	24	0	0	0	0	0	0	0	0	0	0	0	0	0	0	0	51	51	50	1	0	1	0	1	0	0	0	0	0	0	0	0	0	0	30	24	22	2	0	2	1	0	0	0	0	0	0	0	1	0	0	0	117	114	114	0	0	0	0	0	0	0	0	0	0	0	0	0	0	0	8	8	8	0	0	0	0	0	0	0	0	0	0	0	0	0	0	0
295	seq871@1	productive	Homsap IGHV3-74*01 F	320	296	295	1	0	1	0	0	0	0	0	0	0	0	0	0	1	0	78	75	75	0	0	0	0	0	0	0	0	0	0	0	0	0	0	0	36	24	23	1	0	1	0	0	0	0	0	0	0	0	0	0	1	0	51	51	51	0	0	0	0	0	0	0	0	0	0	0	0	0	0	0	30	24	24	0	0	0	0	0	0	0	0	0	0	0	0	0	0	0	117	114	114	0	0	0	0	0	0	0	0	0	0	0	0	0	0	0	8	8	8	0	0	0	0	0	0	0	0	0	0	0	0	0	0	0
296	seq872@1	productive	Homsap IGHV3-74*01 F	320	296	295	1	1	0	0	0	1	0	0	0	0	0	0	0	0	0	78	75	75	0	0	0	0	0	0	0	0	0	0	0	0	0	0	0	36	24	24	0	0	0	0	0	0	0	0	0	0	0	0	0	0	0	51	51	51	0	0	0	0	0	0	0	0	0	0	0	0	0	0	0	30	24	24	0	0	0	0	0	0	0	0	0	0	0	0	0	0	0	117	114	113	1	1	0	0	0	1	0	0	0	0	0	0	0	0	0	8	8	8	0	0	0	0	0	0	0	0	0	0	0	0	0	0	0
297	seq873@1	productive	Homsap IGHV3-74*01 F	320	296	294	2	0	2	0	0	0	0	1	0	0	0	0	0	0	1	78	75	75	0	0	0	0	0	0	0	0	0	0	0	0	0	0	0	36	24	24	0	0	0	0	0	0	0	0	0	0	0	0	0	0	0	51	51	50	1	0	1	0	0	0	0	1	0	0	0	0	0	0	0	30	24	23	1	0	1	0	0	0	0	0	0	0	0	0	0	0	1	117	114	114	0	0	0	0	0	0	0	0	0	0	0	0	0	0	0	8	8	8	0	0	0	0	0	0	0	0	0	0	0	0	0	0	0
298	seq877@1	productive	Homsap IGHV3-74*01 F	320	296	292	4	1	3	0	2	1	1	0	0	0	0	0	0	0	0	78	75	75	0	0	0	0	0	0	0	0	0	0	0	0	0	0	0	36	24	24	0	0	0	0	0	0	0	0	0	0	0	0	0	0	0	51	51	50	1	1	0	0	1	0	0	0	0	0	0	0	0	0	0	30	24	23	1	0	1	0	1	0	0	0	0	0	0	0	0	0	0	117	114	112	2	0	2	0	0	1	1	0	0	0	0	0	0	0	0	8	8	8	0	0	0	0	0	0	0	0	0	0	0	0	0	0	0
299	seq880@1	productive	Homsap IGHV3-74*01 F	320	296	291	5	2	3	2	2	1	0	0	0	0	0	0	0	0	0	78	75	75	0	0	0	0	0	0	0	0	0	0	0	0	0	0	0	36	24	24	0	0	0	0	0	0	0	0	0	0	0	0	0	0	0	51	51	49	2	2	0	1	1	0	0	0	0	0	0	0	0	0	0	30	24	23	1	0	1	0	1	0	0	0	0	0	0	0	0	0	0	117	114	112	2	0	2	1	0	1	0	0	0	0	0	0	0	0	0	8	8	8	0	0	0	0	0	0	0	0	0	0	0	0	0	0	0
300	seq881@1	productive	Homsap IGHV3-74*01 F	320	296	293	3	1	2	1	2	0	0	0	0	0	0	0	0	0	0	78	75	75	0	0	0	0	0	0	0	0	0	0	0	0	0	0	0	36	24	23	1	0	1	1	0	0	0	0	0	0	0	0	0	0	0	51	51	49	2	1	1	0	2	0	0	0	0	0	0	0	0	0	0	30	24	24	0	0	0	0	0	0	0	0	0	0	0	0	0	0	0	117	114	114	0	0	0	0	0	0	0	0	0	0	0	0	0	0	0	8	8	8	0	0	0	0	0	0	0	0	0	0	0	0	0	0	0
301	seq882@1	productive	Homsap IGHV3-74*01 F	320	296	293	3	1	2	0	2	0	1	0	0	0	0	0	0	0	0	78	75	75	0	0	0	0	0	0	0	0	0	0	0	0	0	0	0	36	24	24	0	0	0	0	0	0	0	0	0	0	0	0	0	0	0	51	51	49	2	1	1	0	2	0	0	0	0	0	0	0	0	0	0	30	24	24	0	0	0	0	0	0	0	0	0	0	0	0	0	0	0	117	114	113	1	0	1	0	0	0	1	0	0	0	0	0	0	0	0	8	8	8	0	0	0	0	0	0	0	0	0	0	0	0	0	0	0
302	seq883@1	productive	Homsap IGHV3-74*01 F	320	296	294	2	1	1	0	2	0	0	0	0	0	0	0	0	0	0	78	75	75	0	0	0	0	0	0	0	0	0	0	0	0	0	0	0	36	24	24	0	0	0	0	0	0	0	0	0	0	0	0	0	0	0	51	51	49	2	1	1	0	2	0	0	0	0	0	0	0	0	0	0	30	24	24	0	0	0	0	0	0	0	0	0	0	0	0	0	0	0	117	114	114	0	0	0	0	0	0	0	0	0	0	0	0	0	0	0	8	8	8	0	0	0	0	0	0	0	0	0	0	0	0	0	0	0
303	seq885@1	productive	Homsap IGHV3-74*01 F	320	296	291	5	2	3	1	1	0	2	0	0	1	0	0	0	0	0	78	75	75	0	0	0	0	0	0	0	0	0	0	0	0	0	0	0	36	24	24	0	0	0	0	0	0	0	0	0	0	0	0	0	0	0	51	51	50	1	1	0	0	1	0	0	0	0	0	0	0	0	0	0	30	24	23	1	0	1	0	0	0	0	0	0	1	0	0	0	0	0	117	114	111	3	1	2	1	0	0	2	0	0	0	0	0	0	0	0	8	8	8	0	0	0	0	0	0	0	0	0	0	0	0	0	0	0
304	seq888@1	productive	Homsap IGHV3-74*01 F	320	296	292	4	1	3	1	1	0	0	0	0	1	0	0	0	1	0	78	75	75	0	0	0	0	0	0	0	0	0	0	0	0	0	0	0	36	24	24	0	0	0	0	0	0	0	0	0	0	0	0	0	0	0	51	51	50	1	1	0	0	1	0	0	0	0	0	0	0	0	0	0	30	24	23	1	0	1	0	0	0	0	0	0	1	0	0	0	0	0	117	114	112	2	0	2	1	0	0	0	0	0	0	0	0	0	1	0	8	8	8	0	0	0	0	0	0	0	0	0	0	0	0	0	0	0
305	seq892@1	productive	Homsap IGHV3-74*01 F	320	296	291	5	1	4	1	3	0	0	0	0	1	0	0	0	0	0	78	75	74	1	0	1	0	1	0	0	0	0	0	0	0	0	0	0	36	24	24	0	0	0	0	0	0	0	0	0	0	0	0	0	0	0	51	51	49	2	1	1	0	2	0	0	0	0	0	0	0	0	0	0	30	24	23	1	0	1	0	0	0	0	0	0	1	0	0	0	0	0	117	114	113	1	0	1	1	0	0	0	0	0	0	0	0	0	0	0	8	8	8	0	0	0	0	0	0	0	0	0	0	0	0	0	0	0
306	seq897@1	productive	Homsap IGHV3-74*01 F	320	296	293	3	0	3	0	1	0	1	0	0	0	1	0	0	0	0	78	75	74	1	0	1	0	0	0	0	0	0	0	1	0	0	0	0	36	24	24	0	0	0	0	0	0	0	0	0	0	0	0	0	0	0	51	51	50	1	0	1	0	1	0	0	0	0	0	0	0	0	0	0	30	24	24	0	0	0	0	0	0	0	0	0	0	0	0	0	0	0	117	114	113	1	0	1	0	0	0	1	0	0	0	0	0	0	0	0	8	8	8	0	0	0	0	0	0	0	0	0	0	0	0	0	0	0
307	seq901@1	productive	Homsap IGHV3-74*01 F	320	296	295	1	1	0	0	0	0	0	0	0	0	0	0	0	0	1	78	75	75	0	0	0	0	0	0	0	0	0	0	0	0	0	0	0	36	24	24	0	0	0	0	0	0	0	0	0	0	0	0	0	0	0	51	51	50	1	1	0	0	0	0	0	0	0	0	0	0	0	0	1	30	24	24	0	0	0	0	0	0	0	0	0	0	0	0	0	0	0	117	114	114	0	0	0	0	0	0	0	0	0	0	0	0	0	0	0	8	8	8	0	0	0	0	0	0	0	0	0	0	0	0	0	0	0
308	seq902@1	productive	Homsap IGHV3-74*01 F	320	296	293	3	0	3	0	1	0	1	0	0	0	0	0	0	0	1	78	75	73	2	0	2	0	0	0	1	0	0	0	0	0	0	0	1	36	24	24	0	0	0	0	0	0	0	0	0	0	0	0	0	0	0	51	51	51	0	0	0	0	0	0	0	0	0	0	0	0	0	0	0	30	24	23	1	0	1	0	1	0	0	0	0	0	0	0	0	0	0	117	114	114	0	0	0	0	0	0	0	0	0	0	0	0	0	0	0	8	8	8	0	0	0	0	0	0	0	0	0	0	0	0	0	0	0
309	seq904@1	productive	Homsap IGHV3-74*01 F	320	296	294	2	2	0	0	1	0	0	0	0	0	0	1	0	0	0	78	75	74	1	1	0	0	0	0	0	0	0	0	0	1	0	0	0	36	24	24	0	0	0	0	0	0	0	0	0	0	0	0	0	0	0	51	51	50	1	1	0	0	1	0	0	0	0	0	0	0	0	0	0	30	24	24	0	0	0	0	0	0	0	0	0	0	0	0	0	0	0	117	114	114	0	0	0	0	0	0	0	0	0	0	0	0	0	0	0	8	8	8	0	0	0	0	0	0	0	0	0	0	0	0	0	0	0
310	seq909@1	productive	Homsap IGHV3-74*01 F	320	296	293	3	2	1	0	1	0	2	0	0	0	0	0	0	0	0	78	75	74	1	1	0	0	1	0	0	0	0	0	0	0	0	0	0	36	24	24	0	0	0	0	0	0	0	0	0	0	0	0	0	0	0	51	51	50	1	0	1	0	0	0	1	0	0	0	0	0	0	0	0	30	24	24	0	0	0	0	0	0	0	0	0	0	0	0	0	0	0	117	114	113	1	1	0	0	0	0	1	0	0	0	0	0	0	0	0	8	8	8	0	0	0	0	0	0	0	0	0	0	0	0	0	0	0
311	seq910@1	productive	Homsap IGHV3-74*01 F	320	296	294	2	0	2	0	0	1	1	0	0	0	0	0	0	0	0	78	75	75	0	0	0	0	0	0	0	0	0	0	0	0	0	0	0	36	24	23	1	0	1	0	0	1	0	0	0	0	0	0	0	0	0	51	51	50	1	0	1	0	0	0	1	0	0	0	0	0	0	0	0	30	24	24	0	0	0	0	0	0	0	0	0	0	0	0	0	0	0	117	114	114	0	0	0	0	0	0	0	0	0	0	0	0	0	0	0	8	8	8	0	0	0	0	0	0	0	0	0	0	0	0	0	0	0
312	seq911@1	productive	Homsap IGHV3-74*01 F	320	296	292	4	1	3	0	0	1	2	0	1	0	0	0	0	0	0	78	75	74	1	0	1	0	0	0	1	0	0	0	0	0	0	0	0	36	24	23	1	0	1	0	0	1	0	0	0	0	0	0	0	0	0	51	51	50	1	0	1	0	0	0	1	0	0	0	0	0	0	0	0	30	24	24	0	0	0	0	0	0	0	0	0	0	0	0	0	0	0	117	114	113	1	1	0	0	0	0	0	0	1	0	0	0	0	0	0	8	8	8	0	0	0	0	0	0	0	0	0	0	0	0	0	0	0
313	seq913@1	productive	Homsap IGHV3-74*01 F	320	296	294	2	1	1	0	1	0	1	0	0	0	0	0	0	0	0	78	75	74	1	1	0	0	1	0	0	0	0	0	0	0	0	0	0	36	24	24	0	0	0	0	0	0	0	0	0	0	0	0	0	0	0	51	51	50	1	0	1	0	0	0	1	0	0	0	0	0	0	0	0	30	24	24	0	0	0	0	0	0	0	0	0	0	0	0	0	0	0	117	114	114	0	0	0	0	0	0	0	0	0	0	0	0	0	0	0	8	8	8	0	0	0	0	0	0	0	0	0	0	0	0	0	0	0
314	seq915@1	productive	Homsap IGHV3-74*01 F	320	296	294	2	0	2	0	0	0	2	0	0	0	0	0	0	0	0	78	75	74	1	0	1	0	0	0	1	0	0	0	0	0	0	0	0	36	24	24	0	0	0	0	0	0	0	0	0	0	0	0	0	0	0	51	51	50	1	0	1	0	0	0	1	0	0	0	0	0	0	0	0	30	24	24	0	0	0	0	0	0	0	0	0	0	0	0	0	0	0	117	114	114	0	0	0	0	0	0	0	0	0	0	0	0	0	0	0	8	8	8	0	0	0	0	0	0	0	0	0	0	0	0	0	0	0
315	seq916@1	productive	Homsap IGHV3-74*01 F	320	296	294	2	1	1	0	0	1	0	0	0	0	0	0	0	0	1	78	75	75	0	0	0	0	0	0	0	0	0	0	0	0	0	0	0	36	24	24	0	0	0	0	0	0	0	0	0	0	0	0	0	0	0	51	51	51	0	0	0	0	0	0	0	0	0	0	0	0	0	0	0	30	24	23	1	1	0	0	0	1	0	0	0	0	0	0	0	0	0	117	114	113	1	0	1	0	0	0	0	0	0	0	0	0	0	0	1	8	8	8	0	0	0	0	0	0	0	0	0	0	0	0	0	0	0
316	seq918@1	productive	Homsap IGHV3-74*01 F	320	296	295	1	0	1	0	1	0	0	0	0	0	0	0	0	0	0	78	75	74	1	0	1	0	1	0	0	0	0	0	0	0	0	0	0	36	24	24	0	0	0	0	0	0	0	0	0	0	0	0	0	0	0	51	51	51	0	0	0	0	0	0	0	0	0	0	0	0	0	0	0	30	24	24	0	0	0	0	0	0	0	0	0	0	0	0	0	0	0	117	114	114	0	0	0	0	0	0	0	0	0	0	0	0	0	0	0	8	8	8	0	0	0	0	0	0	0	0	0	0	0	0	0	0	0
317	seq920@1	productive	Homsap IGHV3-74*01 F	320	296	294	2	0	2	0	0	0	0	0	0	1	1	0	0	0	0	78	75	74	1	0	1	0	0	0	0	0	0	0	1	0	0	0	0	36	24	24	0	0	0	0	0	0	0	0	0	0	0	0	0	0	0	51	51	51	0	0	0	0	0	0	0	0	0	0	0	0	0	0	0	30	24	24	0	0	0	0	0	0	0	0	0	0	0	0	0	0	0	117	114	113	1	0	1	0	0	0	0	0	0	1	0	0	0	0	0	8	8	8	0	0	0	0	0	0	0	0	0	0	0	0	0	0	0
318	seq928@1	productive	Homsap IGHV3-74*01 F	320	296	293	3	1	2	2	0	1	0	0	0	0	0	0	0	0	0	78	75	74	1	0	1	1	0	0	0	0	0	0	0	0	0	0	0	36	24	24	0	0	0	0	0	0	0	0	0	0	0	0	0	0	0	51	51	50	1	1	0	0	0	1	0	0	0	0	0	0	0	0	0	30	24	24	0	0	0	0	0	0	0	0	0	0	0	0	0	0	0	117	114	113	1	0	1	1	0	0	0	0	0	0	0	0	0	0	0	8	8	8	0	0	0	0	0	0	0	0	0	0	0	0	0	0	0
319	seq930@1	productive	Homsap IGHV3-74*01 F	320	296	293	3	0	3	3	0	0	0	0	0	0	0	0	0	0	0	78	75	74	1	0	1	1	0	0	0	0	0	0	0	0	0	0	0	36	24	24	0	0	0	0	0	0	0	0	0	0	0	0	0	0	0	51	51	51	0	0	0	0	0	0	0	0	0	0	0	0	0	0	0	30	24	24	0	0	0	0	0	0	0	0	0	0	0	0	0	0	0	117	114	112	2	0	2	2	0	0	0	0	0	0	0	0	0	0	0	8	8	8	0	0	0	0	0	0	0	0	0	0	0	0	0	0	0
320	seq934@1	productive	Homsap IGHV3-74*01 F	320	296	294	2	1	1	1	0	0	0	0	0	0	1	0	0	0	0	78	75	75	0	0	0	0	0	0	0	0	0	0	0	0	0	0	0	36	24	24	0	0	0	0	0	0	0	0	0	0	0	0	0	0	0	51	51	50	1	1	0	0	0	0	0	0	0	0	1	0	0	0	0	30	24	24	0	0	0	0	0	0	0	0	0	0	0	0	0	0	0	117	114	113	1	0	1	1	0	0	0	0	0	0	0	0	0	0	0	8	8	8	0	0	0	0	0	0	0	0	0	0	0	0	0	0	0
321	seq938@1	productive	Homsap IGHV3-74*01 F	320	296	291	5	1	4	3	0	0	0	0	0	0	0	2	0	0	0	78	75	75	0	0	0	0	0	0	0	0	0	0	0	0	0	0	0	36	24	23	1	1	0	1	0	0	0	0	0	0	0	0	0	0	0	51	51	51	0	0	0	0	0	0	0	0	0	0	0	0	0	0	0	30	24	24	0	0	0	0	0	0	0	0	0	0	0	0	0	0	0	117	114	110	4	0	4	2	0	0	0	0	0	0	0	2	0	0	0	8	8	8	0	0	0	0	0	0	0	0	0	0	0	0	0	0	0
322	seq939@1	productive	Homsap IGHV3-74*01 F	320	296	292	4	0	4	1	0	0	1	0	0	0	0	2	0	0	0	78	75	75	0	0	0	0	0	0	0	0	0	0	0	0	0	0	0	36	24	24	0	0	0	0	0	0	0	0	0	0	0	0	0	0	0	51	51	50	1	0	1	0	0	0	1	0	0	0	0	0	0	0	0	30	24	24	0	0	0	0	0	0	0	0	0	0	0	0	0	0	0	117	114	111	3	0	3	1	0	0	0	0	0	0	0	2	0	0	0	8	8	8	0	0	0	0	0	0	0	0	0	0	0	0	0	0	0
323	seq943@1	productive	Homsap IGHV3-74*01 F	320	296	292	4	1	3	3	0	0	0	0	1	0	0	0	0	0	0	78	75	74	1	1	0	0	0	0	0	0	1	0	0	0	0	0	0	36	24	23	1	0	1	1	0	0	0	0	0	0	0	0	0	0	0	51	51	51	0	0	0	0	0	0	0	0	0	0	0	0	0	0	0	30	24	23	1	0	1	1	0	0	0	0	0	0	0	0	0	0	0	117	114	113	1	0	1	1	0	0	0	0	0	0	0	0	0	0	0	8	8	8	0	0	0	0	0	0	0	0	0	0	0	0	0	0	0
324	seq944@1	productive	Homsap IGHV3-74*01 F	320	296	290	6	2	4	4	0	2	0	0	0	0	0	0	0	0	0	78	75	74	1	0	1	0	0	1	0	0	0	0	0	0	0	0	0	36	24	23	1	0	1	1	0	0	0	0	0	0	0	0	0	0	0	51	51	50	1	1	0	1	0	0	0	0	0	0	0	0	0	0	0	30	24	23	1	0	1	1	0	0	0	0	0	0	0	0	0	0	0	117	114	112	2	1	1	1	0	1	0	0	0	0	0	0	0	0	0	8	8	8	0	0	0	0	0	0	0	0	0	0	0	0	0	0	0
325	seq949@1	productive	Homsap IGHV3-74*01 F	320	296	293	3	0	3	1	0	1	0	0	0	0	0	0	0	1	0	78	75	73	2	0	2	0	0	1	0	0	0	0	0	0	0	1	0	36	24	24	0	0	0	0	0	0	0	0	0	0	0	0	0	0	0	51	51	51	0	0	0	0	0	0	0	0	0	0	0	0	0	0	0	30	24	24	0	0	0	0	0	0	0	0	0	0	0	0	0	0	0	117	114	113	1	0	1	1	0	0	0	0	0	0	0	0	0	0	0	8	8	8	0	0	0	0	0	0	0	0	0	0	0	0	0	0	0
326	seq951@1	productive	Homsap IGHV3-74*01 F	320	296	294	2	0	2	2	0	0	0	0	0	0	0	0	0	0	0	78	75	75	0	0	0	0	0	0	0	0	0	0	0	0	0	0	0	36	24	24	0	0	0	0	0	0	0	0	0	0	0	0	0	0	0	51	51	51	0	0	0	0	0	0	0	0	0	0	0	0	0	0	0	30	24	24	0	0	0	0	0	0	0	0	0	0	0	0	0	0	0	117	114	112	2	0	2	2	0	0	0	0	0	0	0	0	0	0	0	8	8	8	0	0	0	0	0	0	0	0	0	0	0	0	0	0	0
327	seq955@1	productive	Homsap IGHV3-74*01 F	320	296	293	3	0	3	2	0	0	1	0	0	0	0	0	0	0	0	78	75	75	0	0	0	0	0	0	0	0	0	0	0	0	0	0	0	36	24	24	0	0	0	0	0	0	0	0	0	0	0	0	0	0	0	51	51	50	1	0	1	0	0	0	1	0	0	0	0	0	0	0	0	30	24	24	0	0	0	0	0	0	0	0	0	0	0	0	0	0	0	117	114	112	2	0	2	2	0	0	0	0	0	0	0	0	0	0	0	8	8	8	0	0	0	0	0	0	0	0	0	0	0	0	0	0	0
328	seq957@1	productive	Homsap IGHV3-74*01 F	320	296	292	4	0	4	1	2	1	0	0	0	0	0	0	0	0	0	78	75	75	0	0	0	0	0	0	0	0	0	0	0	0	0	0	0	36	24	24	0	0	0	0	0	0	0	0	0	0	0	0	0	0	0	51	51	50	1	0	1	0	1	0	0	0	0	0	0	0	0	0	0	30	24	24	0	0	0	0	0	0	0	0	0	0	0	0	0	0	0	117	114	111	3	0	3	1	1	1	0	0	0	0	0	0	0	0	0	8	8	8	0	0	0	0	0	0	0	0	0	0	0	0	0	0	0
329	seq960@1	productive	Homsap IGHV3-74*01 F	320	296	291	5	1	4	2	1	0	1	0	0	1	0	0	0	0	0	78	75	74	1	1	0	0	0	0	1	0	0	0	0	0	0	0	0	36	24	24	0	0	0	0	0	0	0	0	0	0	0	0	0	0	0	51	51	51	0	0	0	0	0	0	0	0	0	0	0	0	0	0	0	30	24	24	0	0	0	0	0	0	0	0	0	0	0	0	0	0	0	117	114	110	4	0	4	2	1	0	0	0	0	1	0	0	0	0	0	8	8	8	0	0	0	0	0	0	0	0	0	0	0	0	0	0	0
330	seq962@1	productive	Homsap IGHV3-74*01 F	320	296	291	5	1	4	2	1	1	0	0	0	0	0	1	0	0	0	78	75	75	0	0	0	0	0	0	0	0	0	0	0	0	0	0	0	36	24	24	0	0	0	0	0	0	0	0	0	0	0	0	0	0	0	51	51	49	2	1	1	0	0	1	0	0	0	0	0	1	0	0	0	30	24	24	0	0	0	0	0	0	0	0	0	0	0	0	0	0	0	117	114	111	3	0	3	2	1	0	0	0	0	0	0	0	0	0	0	8	8	8	0	0	0	0	0	0	0	0	0	0	0	0	0	0	0
331	seq965@1	productive	Homsap IGHV3-74*01 F	320	296	292	4	1	3	1	1	1	0	0	0	0	1	0	0	0	0	78	75	74	1	1	0	0	0	1	0	0	0	0	0	0	0	0	0	36	24	23	1	0	1	0	0	0	0	0	0	0	1	0	0	0	0	51	51	51	0	0	0	0	0	0	0	0	0	0	0	0	0	0	0	30	24	24	0	0	0	0	0	0	0	0	0	0	0	0	0	0	0	117	114	112	2	0	2	1	1	0	0	0	0	0	0	0	0	0	0	8	8	8	0	0	0	0	0	0	0	0	0	0	0	0	0	0	0
332	seq966@1	productive	Homsap IGHV3-74*01 F	320	296	293	3	0	3	2	1	0	0	0	0	0	0	0	0	0	0	78	75	75	0	0	0	0	0	0	0	0	0	0	0	0	0	0	0	36	24	24	0	0	0	0	0	0	0	0	0	0	0	0	0	0	0	51	51	51	0	0	0	0	0	0	0	0	0	0	0	0	0	0	0	30	24	23	1	0	1	1	0	0	0	0	0	0	0	0	0	0	0	117	114	112	2	0	2	1	1	0	0	0	0	0	0	0	0	0	0	8	8	8	0	0	0	0	0	0	0	0	0	0	0	0	0	0	0
333	seq967@1	productive	Homsap IGHV3-74*01 F	320	296	293	3	1	2	1	1	0	0	0	0	0	0	0	0	1	0	78	75	75	0	0	0	0	0	0	0	0	0	0	0	0	0	0	0	36	24	24	0	0	0	0	0	0	0	0	0	0	0	0	0	0	0	51	51	50	1	1	0	0	0	0	0	0	0	0	0	0	0	1	0	30	24	24	0	0	0	0	0	0	0	0	0	0	0	0	0	0	0	117	114	112	2	0	2	1	1	0	0	0	0	0	0	0	0	0	0	8	8	8	0	0	0	0	0	0	0	0	0	0	0	0	0	0	0
334	seq968@1	productive	Homsap IGHV3-74*01 F	320	296	294	2	0	2	1	1	0	0	0	0	0	0	0	0	0	0	78	75	75	0	0	0	0	0	0	0	0	0	0	0	0	0	0	0	36	24	24	0	0	0	0	0	0	0	0	0	0	0	0	0	0	0	51	51	51	0	0	0	0	0	0	0	0	0	0	0	0	0	0	0	30	24	24	0	0	0	0	0	0	0	0	0	0	0	0	0	0	0	117	114	112	2	0	2	1	1	0	0	0	0	0	0	0	0	0	0	8	8	8	0	0	0	0	0	0	0	0	0	0	0	0	0	0	0
335	seq970@1	productive	Homsap IGHV3-74*01 F	320	296	291	5	1	4	1	1	2	0	0	0	0	0	0	0	1	0	78	75	75	0	0	0	0	0	0	0	0	0	0	0	0	0	0	0	36	24	24	0	0	0	0	0	0	0	0	0	0	0	0	0	0	0	51	51	50	1	0	1	0	0	0	0	0	0	0	0	0	0	1	0	30	24	24	0	0	0	0	0	0	0	0	0	0	0	0	0	0	0	117	114	110	4	1	3	1	1	2	0	0	0	0	0	0	0	0	0	8	8	8	0	0	0	0	0	0	0	0	0	0	0	0	0	0	0
336	seq980@1	productive	Homsap IGHV3-74*01 F	320	296	292	4	0	4	1	1	0	1	1	0	0	0	0	0	0	0	78	75	75	0	0	0	0	0	0	0	0	0	0	0	0	0	0	0	36	24	24	0	0	0	0	0	0	0	0	0	0	0	0	0	0	0	51	51	50	1	0	1	0	0	0	1	0	0	0	0	0	0	0	0	30	24	24	0	0	0	0	0	0	0	0	0	0	0	0	0	0	0	117	114	111	3	0	3	1	1	0	0	1	0	0	0	0	0	0	0	8	8	8	0	0	0	0	0	0	0	0	0	0	0	0	0	0	0
337	seq983@1	productive	Homsap IGHV3-74*01 F	320	296	293	3	0	3	1	1	1	0	0	0	0	0	0	0	0	0	78	75	74	1	0	1	0	0	1	0	0	0	0	0	0	0	0	0	36	24	24	0	0	0	0	0	0	0	0	0	0	0	0	0	0	0	51	51	51	0	0	0	0	0	0	0	0	0	0	0	0	0	0	0	30	24	24	0	0	0	0	0	0	0	0	0	0	0	0	0	0	0	117	114	112	2	0	2	1	1	0	0	0	0	0	0	0	0	0	0	8	8	8	0	0	0	0	0	0	0	0	0	0	0	0	0	0	0
338	seq985@1	productive	Homsap IGHV3-74*01 F	320	296	293	3	0	3	1	2	0	0	0	0	0	0	0	0	0	0	78	75	75	0	0	0	0	0	0	0	0	0	0	0	0	0	0	0	36	24	23	1	0	1	0	1	0	0	0	0	0	0	0	0	0	0	51	51	51	0	0	0	0	0	0	0	0	0	0	0	0	0	0	0	30	24	24	0	0	0	0	0	0	0	0	0	0	0	0	0	0	0	117	114	112	2	0	2	1	1	0	0	0	0	0	0	0	0	0	0	8	8	8	0	0	0	0	0	0	0	0	0	0	0	0	0	0	0
