Protein1,Protein2,SpearmanSimilarity
naive,seq2748@64,0.9999999999999999
naive,seq14242@39,0.9999999999999999
naive,seq1581@42,0.9999999999999999
naive,seq2706@35,0.9999999999999999
naive,seq7870@84,0.9999999999999999
naive,seq12992@35,0.9999999999999999
naive,seq1368@39,0.9999999999999999
naive,seq4374@31,0.9999999999999999
naive,seq344@34,0.9999999999999999
naive,seq16562@29,0.9999999999999999
naive,seq794@61,0.9999999999999999
naive,seq7701@27,0.9999999999999999
naive,seq11029@31,0.9999999999999999
naive,seq1175@26,0.9999999999999999
naive,seq1471@85,0.9999999999999999
naive,seq18537@25,0.9999999999999999
naive,seq8760@117,0.9999999999999999
naive,seq49444@25,0.9999999999999999
naive,seq4944@36,0.9999999999999999
naive,seq7962@24,0.9999999999999999
naive,seq633@163,0.9999999999999999
naive,seq9693@24,0.9999999999999999
naive,seq10902@34,0.9999999999999999
naive,seq16361@24,0.9999999999999999
naive,seq2523@63,0.9999999999999999
naive,seq20171@24,0.9999999999999999
naive,seq2080@46,0.9999999999999999
naive,seq6322@23,0.9999999999999999
naive,seq2288@41,0.9999999999999999
naive,seq20861@21,0.9999999999999999
naive,seq7548@66,0.9999999999999999
naive,seq34692@20,0.9999999999999999
naive,seq5071@20,0.9999999999999999
naive,seq4004@18,0.9999999999999999
naive,seq9605@100,0.9999999999999999
naive,seq6735@17,0.9999999999999999
naive,seq2729@134,0.9999999999999999
naive,seq8973@16,0.9999999999999999
naive,seq10250@26,0.9999999999999999
naive,seq665@142,0.9999999999999999
naive,seq19083@16,0.9999999999999999
naive,seq11084@28,0.9999999999999999
naive,seq827@40,0.9999999999999999
naive,seq12056@15,0.9999999999999999
naive,seq7903@50,0.9999999999999999
naive,seq304@159,0.9999999999999999
naive,seq18051@15,0.9999999999999999
naive,seq727@97,0.9999999999999999
naive,seq18658@14,0.9999999999999999
naive,seq7943@23,0.9999999999999999
naive,seq1789@33,0.9999999999999999
naive,seq3869@13,0.9999999999999999
naive,seq4911@51,0.9999999999999999
naive,seq9228@13,0.9999999999999999
naive,seq6853@35,0.9999999999999999
naive,seq5557@100,0.9999999999999999
naive,seq11119@13,0.9999999999999999
naive,seq1157@22,0.9999999999999999
naive,seq36481@13,0.9999999999999999
naive,seq2829@96,0.9999999999999999
naive,seq2945@101,0.9999999999999999
naive,seq6441@14,0.9999999999999999
naive,seq8635@17,0.9999999999999999
naive,seq51@191,0.9999999999999999
naive,seq3044@174,0.9999999999999999
naive,seq32@162,0.9999999999999999
naive,seq5261@140,0.9999999999999999
naive,seq735@110,0.9999999999999999
naive,seq59@102,0.9999999999999999
naive,seq1941@68,0.9999999999999999
naive,seq1484@47,0.9999999999999999
naive,seq4376@42,0.9999999999999999
naive,seq2344@27,0.9878787878787878
naive,seq1344@16,0.9999999999999999
naive,seq10715@16,0.9878787878787878
naive,seq11724@14,0.9999999999999999
naive,seq14484@12,0.9999999999999999
naive,seq7157@37,0.9999999999999999
naive,seq5804@94,0.9999999999999999
seq2748@64,seq14242@39,0.9999999999999999
seq2748@64,seq1581@42,0.9999999999999999
seq2748@64,seq2706@35,0.9999999999999999
seq2748@64,seq7870@84,0.9999999999999999
seq2748@64,seq12992@35,0.9999999999999999
seq2748@64,seq1368@39,0.9999999999999999
seq2748@64,seq4374@31,0.9999999999999999
seq2748@64,seq344@34,0.9999999999999999
seq2748@64,seq16562@29,0.9999999999999999
seq2748@64,seq794@61,0.9999999999999999
seq2748@64,seq7701@27,0.9999999999999999
seq2748@64,seq11029@31,0.9999999999999999
seq2748@64,seq1175@26,0.9999999999999999
seq2748@64,seq1471@85,0.9999999999999999
seq2748@64,seq18537@25,0.9999999999999999
seq2748@64,seq8760@117,0.9999999999999999
seq2748@64,seq49444@25,0.9999999999999999
seq2748@64,seq4944@36,0.9999999999999999
seq2748@64,seq7962@24,0.9999999999999999
seq2748@64,seq633@163,0.9999999999999999
seq2748@64,seq9693@24,0.9999999999999999
seq2748@64,seq10902@34,0.9999999999999999
seq2748@64,seq16361@24,0.9999999999999999
seq2748@64,seq2523@63,0.9999999999999999
seq2748@64,seq20171@24,0.9999999999999999
seq2748@64,seq2080@46,0.9999999999999999
seq2748@64,seq6322@23,0.9999999999999999
seq2748@64,seq2288@41,0.9999999999999999
seq2748@64,seq20861@21,0.9999999999999999
seq2748@64,seq7548@66,0.9999999999999999
seq2748@64,seq34692@20,0.9999999999999999
seq2748@64,seq5071@20,0.9999999999999999
seq2748@64,seq4004@18,0.9999999999999999
seq2748@64,seq9605@100,0.9999999999999999
seq2748@64,seq6735@17,0.9999999999999999
seq2748@64,seq2729@134,0.9999999999999999
seq2748@64,seq8973@16,0.9999999999999999
seq2748@64,seq10250@26,0.9999999999999999
seq2748@64,seq665@142,0.9999999999999999
seq2748@64,seq19083@16,0.9999999999999999
seq2748@64,seq11084@28,0.9999999999999999
seq2748@64,seq827@40,0.9999999999999999
seq2748@64,seq12056@15,0.9999999999999999
seq2748@64,seq7903@50,0.9999999999999999
seq2748@64,seq304@159,0.9999999999999999
seq2748@64,seq18051@15,0.9999999999999999
seq2748@64,seq727@97,0.9999999999999999
seq2748@64,seq18658@14,0.9999999999999999
seq2748@64,seq7943@23,0.9999999999999999
seq2748@64,seq1789@33,0.9999999999999999
seq2748@64,seq3869@13,0.9999999999999999
seq2748@64,seq4911@51,0.9999999999999999
seq2748@64,seq9228@13,0.9999999999999999
seq2748@64,seq6853@35,0.9999999999999999
seq2748@64,seq5557@100,0.9999999999999999
seq2748@64,seq11119@13,0.9999999999999999
seq2748@64,seq1157@22,0.9999999999999999
seq2748@64,seq36481@13,0.9999999999999999
seq2748@64,seq2829@96,0.9999999999999999
seq2748@64,seq2945@101,0.9999999999999999
seq2748@64,seq6441@14,0.9999999999999999
seq2748@64,seq8635@17,0.9999999999999999
seq2748@64,seq51@191,0.9999999999999999
seq2748@64,seq3044@174,0.9999999999999999
seq2748@64,seq32@162,0.9999999999999999
seq2748@64,seq5261@140,0.9999999999999999
seq2748@64,seq735@110,0.9999999999999999
seq2748@64,seq59@102,0.9999999999999999
seq2748@64,seq1941@68,0.9999999999999999
seq2748@64,seq1484@47,0.9999999999999999
seq2748@64,seq4376@42,0.9999999999999999
seq2748@64,seq2344@27,0.9878787878787878
seq2748@64,seq1344@16,0.9999999999999999
seq2748@64,seq10715@16,0.9878787878787878
seq2748@64,seq11724@14,0.9999999999999999
seq2748@64,seq14484@12,0.9999999999999999
seq2748@64,seq7157@37,0.9999999999999999
seq2748@64,seq5804@94,0.9999999999999999
seq14242@39,seq1581@42,0.9999999999999999
seq14242@39,seq2706@35,0.9999999999999999
seq14242@39,seq7870@84,0.9999999999999999
seq14242@39,seq12992@35,0.9999999999999999
seq14242@39,seq1368@39,0.9999999999999999
seq14242@39,seq4374@31,0.9999999999999999
seq14242@39,seq344@34,0.9999999999999999
seq14242@39,seq16562@29,0.9999999999999999
seq14242@39,seq794@61,0.9999999999999999
seq14242@39,seq7701@27,0.9999999999999999
seq14242@39,seq11029@31,0.9999999999999999
seq14242@39,seq1175@26,0.9999999999999999
seq14242@39,seq1471@85,0.9999999999999999
seq14242@39,seq18537@25,0.9999999999999999
seq14242@39,seq8760@117,0.9999999999999999
seq14242@39,seq49444@25,0.9999999999999999
seq14242@39,seq4944@36,0.9999999999999999
seq14242@39,seq7962@24,0.9999999999999999
seq14242@39,seq633@163,0.9999999999999999
seq14242@39,seq9693@24,0.9999999999999999
seq14242@39,seq10902@34,0.9999999999999999
seq14242@39,seq16361@24,0.9999999999999999
seq14242@39,seq2523@63,0.9999999999999999
seq14242@39,seq20171@24,0.9999999999999999
seq14242@39,seq2080@46,0.9999999999999999
seq14242@39,seq6322@23,0.9999999999999999
seq14242@39,seq2288@41,0.9999999999999999
seq14242@39,seq20861@21,0.9999999999999999
seq14242@39,seq7548@66,0.9999999999999999
seq14242@39,seq34692@20,0.9999999999999999
seq14242@39,seq5071@20,0.9999999999999999
seq14242@39,seq4004@18,0.9999999999999999
seq14242@39,seq9605@100,0.9999999999999999
seq14242@39,seq6735@17,0.9999999999999999
seq14242@39,seq2729@134,0.9999999999999999
seq14242@39,seq8973@16,0.9999999999999999
seq14242@39,seq10250@26,0.9999999999999999
seq14242@39,seq665@142,0.9999999999999999
seq14242@39,seq19083@16,0.9999999999999999
seq14242@39,seq11084@28,0.9999999999999999
seq14242@39,seq827@40,0.9999999999999999
seq14242@39,seq12056@15,0.9999999999999999
seq14242@39,seq7903@50,0.9999999999999999
seq14242@39,seq304@159,0.9999999999999999
seq14242@39,seq18051@15,0.9999999999999999
seq14242@39,seq727@97,0.9999999999999999
seq14242@39,seq18658@14,0.9999999999999999
seq14242@39,seq7943@23,0.9999999999999999
seq14242@39,seq1789@33,0.9999999999999999
seq14242@39,seq3869@13,0.9999999999999999
seq14242@39,seq4911@51,0.9999999999999999
seq14242@39,seq9228@13,0.9999999999999999
seq14242@39,seq6853@35,0.9999999999999999
seq14242@39,seq5557@100,0.9999999999999999
seq14242@39,seq11119@13,0.9999999999999999
seq14242@39,seq1157@22,0.9999999999999999
seq14242@39,seq36481@13,0.9999999999999999
seq14242@39,seq2829@96,0.9999999999999999
seq14242@39,seq2945@101,0.9999999999999999
seq14242@39,seq6441@14,0.9999999999999999
seq14242@39,seq8635@17,0.9999999999999999
seq14242@39,seq51@191,0.9999999999999999
seq14242@39,seq3044@174,0.9999999999999999
seq14242@39,seq32@162,0.9999999999999999
seq14242@39,seq5261@140,0.9999999999999999
seq14242@39,seq735@110,0.9999999999999999
seq14242@39,seq59@102,0.9999999999999999
seq14242@39,seq1941@68,0.9999999999999999
seq14242@39,seq1484@47,0.9999999999999999
seq14242@39,seq4376@42,0.9999999999999999
seq14242@39,seq2344@27,0.9878787878787878
seq14242@39,seq1344@16,0.9999999999999999
seq14242@39,seq10715@16,0.9878787878787878
seq14242@39,seq11724@14,0.9999999999999999
seq14242@39,seq14484@12,0.9999999999999999
seq14242@39,seq7157@37,0.9999999999999999
seq14242@39,seq5804@94,0.9999999999999999
seq1581@42,seq2706@35,0.9999999999999999
seq1581@42,seq7870@84,0.9999999999999999
seq1581@42,seq12992@35,0.9999999999999999
seq1581@42,seq1368@39,0.9999999999999999
seq1581@42,seq4374@31,0.9999999999999999
seq1581@42,seq344@34,0.9999999999999999
seq1581@42,seq16562@29,0.9999999999999999
seq1581@42,seq794@61,0.9999999999999999
seq1581@42,seq7701@27,0.9999999999999999
seq1581@42,seq11029@31,0.9999999999999999
seq1581@42,seq1175@26,0.9999999999999999
seq1581@42,seq1471@85,0.9999999999999999
seq1581@42,seq18537@25,0.9999999999999999
seq1581@42,seq8760@117,0.9999999999999999
seq1581@42,seq49444@25,0.9999999999999999
seq1581@42,seq4944@36,0.9999999999999999
seq1581@42,seq7962@24,0.9999999999999999
seq1581@42,seq633@163,0.9999999999999999
seq1581@42,seq9693@24,0.9999999999999999
seq1581@42,seq10902@34,0.9999999999999999
seq1581@42,seq16361@24,0.9999999999999999
seq1581@42,seq2523@63,0.9999999999999999
seq1581@42,seq20171@24,0.9999999999999999
seq1581@42,seq2080@46,0.9999999999999999
seq1581@42,seq6322@23,0.9999999999999999
seq1581@42,seq2288@41,0.9999999999999999
seq1581@42,seq20861@21,0.9999999999999999
seq1581@42,seq7548@66,0.9999999999999999
seq1581@42,seq34692@20,0.9999999999999999
seq1581@42,seq5071@20,0.9999999999999999
seq1581@42,seq4004@18,0.9999999999999999
seq1581@42,seq9605@100,0.9999999999999999
seq1581@42,seq6735@17,0.9999999999999999
seq1581@42,seq2729@134,0.9999999999999999
seq1581@42,seq8973@16,0.9999999999999999
seq1581@42,seq10250@26,0.9999999999999999
seq1581@42,seq665@142,0.9999999999999999
seq1581@42,seq19083@16,0.9999999999999999
seq1581@42,seq11084@28,0.9999999999999999
seq1581@42,seq827@40,0.9999999999999999
seq1581@42,seq12056@15,0.9999999999999999
seq1581@42,seq7903@50,0.9999999999999999
seq1581@42,seq304@159,0.9999999999999999
seq1581@42,seq18051@15,0.9999999999999999
seq1581@42,seq727@97,0.9999999999999999
seq1581@42,seq18658@14,0.9999999999999999
seq1581@42,seq7943@23,0.9999999999999999
seq1581@42,seq1789@33,0.9999999999999999
seq1581@42,seq3869@13,0.9999999999999999
seq1581@42,seq4911@51,0.9999999999999999
seq1581@42,seq9228@13,0.9999999999999999
seq1581@42,seq6853@35,0.9999999999999999
seq1581@42,seq5557@100,0.9999999999999999
seq1581@42,seq11119@13,0.9999999999999999
seq1581@42,seq1157@22,0.9999999999999999
seq1581@42,seq36481@13,0.9999999999999999
seq1581@42,seq2829@96,0.9999999999999999
seq1581@42,seq2945@101,0.9999999999999999
seq1581@42,seq6441@14,0.9999999999999999
seq1581@42,seq8635@17,0.9999999999999999
seq1581@42,seq51@191,0.9999999999999999
seq1581@42,seq3044@174,0.9999999999999999
seq1581@42,seq32@162,0.9999999999999999
seq1581@42,seq5261@140,0.9999999999999999
seq1581@42,seq735@110,0.9999999999999999
seq1581@42,seq59@102,0.9999999999999999
seq1581@42,seq1941@68,0.9999999999999999
seq1581@42,seq1484@47,0.9999999999999999
seq1581@42,seq4376@42,0.9999999999999999
seq1581@42,seq2344@27,0.9878787878787878
seq1581@42,seq1344@16,0.9999999999999999
seq1581@42,seq10715@16,0.9878787878787878
seq1581@42,seq11724@14,0.9999999999999999
seq1581@42,seq14484@12,0.9999999999999999
seq1581@42,seq7157@37,0.9999999999999999
seq1581@42,seq5804@94,0.9999999999999999
seq2706@35,seq7870@84,0.9999999999999999
seq2706@35,seq12992@35,0.9999999999999999
seq2706@35,seq1368@39,0.9999999999999999
seq2706@35,seq4374@31,0.9999999999999999
seq2706@35,seq344@34,0.9999999999999999
seq2706@35,seq16562@29,0.9999999999999999
seq2706@35,seq794@61,0.9999999999999999
seq2706@35,seq7701@27,0.9999999999999999
seq2706@35,seq11029@31,0.9999999999999999
seq2706@35,seq1175@26,0.9999999999999999
seq2706@35,seq1471@85,0.9999999999999999
seq2706@35,seq18537@25,0.9999999999999999
seq2706@35,seq8760@117,0.9999999999999999
seq2706@35,seq49444@25,0.9999999999999999
seq2706@35,seq4944@36,0.9999999999999999
seq2706@35,seq7962@24,0.9999999999999999
seq2706@35,seq633@163,0.9999999999999999
seq2706@35,seq9693@24,0.9999999999999999
seq2706@35,seq10902@34,0.9999999999999999
seq2706@35,seq16361@24,0.9999999999999999
seq2706@35,seq2523@63,0.9999999999999999
seq2706@35,seq20171@24,0.9999999999999999
seq2706@35,seq2080@46,0.9999999999999999
seq2706@35,seq6322@23,0.9999999999999999
seq2706@35,seq2288@41,0.9999999999999999
seq2706@35,seq20861@21,0.9999999999999999
seq2706@35,seq7548@66,0.9999999999999999
seq2706@35,seq34692@20,0.9999999999999999
seq2706@35,seq5071@20,0.9999999999999999
seq2706@35,seq4004@18,0.9999999999999999
seq2706@35,seq9605@100,0.9999999999999999
seq2706@35,seq6735@17,0.9999999999999999
seq2706@35,seq2729@134,0.9999999999999999
seq2706@35,seq8973@16,0.9999999999999999
seq2706@35,seq10250@26,0.9999999999999999
seq2706@35,seq665@142,0.9999999999999999
seq2706@35,seq19083@16,0.9999999999999999
seq2706@35,seq11084@28,0.9999999999999999
seq2706@35,seq827@40,0.9999999999999999
seq2706@35,seq12056@15,0.9999999999999999
seq2706@35,seq7903@50,0.9999999999999999
seq2706@35,seq304@159,0.9999999999999999
seq2706@35,seq18051@15,0.9999999999999999
seq2706@35,seq727@97,0.9999999999999999
seq2706@35,seq18658@14,0.9999999999999999
seq2706@35,seq7943@23,0.9999999999999999
seq2706@35,seq1789@33,0.9999999999999999
seq2706@35,seq3869@13,0.9999999999999999
seq2706@35,seq4911@51,0.9999999999999999
seq2706@35,seq9228@13,0.9999999999999999
seq2706@35,seq6853@35,0.9999999999999999
seq2706@35,seq5557@100,0.9999999999999999
seq2706@35,seq11119@13,0.9999999999999999
seq2706@35,seq1157@22,0.9999999999999999
seq2706@35,seq36481@13,0.9999999999999999
seq2706@35,seq2829@96,0.9999999999999999
seq2706@35,seq2945@101,0.9999999999999999
seq2706@35,seq6441@14,0.9999999999999999
seq2706@35,seq8635@17,0.9999999999999999
seq2706@35,seq51@191,0.9999999999999999
seq2706@35,seq3044@174,0.9999999999999999
seq2706@35,seq32@162,0.9999999999999999
seq2706@35,seq5261@140,0.9999999999999999
seq2706@35,seq735@110,0.9999999999999999
seq2706@35,seq59@102,0.9999999999999999
seq2706@35,seq1941@68,0.9999999999999999
seq2706@35,seq1484@47,0.9999999999999999
seq2706@35,seq4376@42,0.9999999999999999
seq2706@35,seq2344@27,0.9878787878787878
seq2706@35,seq1344@16,0.9999999999999999
seq2706@35,seq10715@16,0.9878787878787878
seq2706@35,seq11724@14,0.9999999999999999
seq2706@35,seq14484@12,0.9999999999999999
seq2706@35,seq7157@37,0.9999999999999999
seq2706@35,seq5804@94,0.9999999999999999
seq7870@84,seq12992@35,0.9999999999999999
seq7870@84,seq1368@39,0.9999999999999999
seq7870@84,seq4374@31,0.9999999999999999
seq7870@84,seq344@34,0.9999999999999999
seq7870@84,seq16562@29,0.9999999999999999
seq7870@84,seq794@61,0.9999999999999999
seq7870@84,seq7701@27,0.9999999999999999
seq7870@84,seq11029@31,0.9999999999999999
seq7870@84,seq1175@26,0.9999999999999999
seq7870@84,seq1471@85,0.9999999999999999
seq7870@84,seq18537@25,0.9999999999999999
seq7870@84,seq8760@117,0.9999999999999999
seq7870@84,seq49444@25,0.9999999999999999
seq7870@84,seq4944@36,0.9999999999999999
seq7870@84,seq7962@24,0.9999999999999999
seq7870@84,seq633@163,0.9999999999999999
seq7870@84,seq9693@24,0.9999999999999999
seq7870@84,seq10902@34,0.9999999999999999
seq7870@84,seq16361@24,0.9999999999999999
seq7870@84,seq2523@63,0.9999999999999999
seq7870@84,seq20171@24,0.9999999999999999
seq7870@84,seq2080@46,0.9999999999999999
seq7870@84,seq6322@23,0.9999999999999999
seq7870@84,seq2288@41,0.9999999999999999
seq7870@84,seq20861@21,0.9999999999999999
seq7870@84,seq7548@66,0.9999999999999999
seq7870@84,seq34692@20,0.9999999999999999
seq7870@84,seq5071@20,0.9999999999999999
seq7870@84,seq4004@18,0.9999999999999999
seq7870@84,seq9605@100,0.9999999999999999
seq7870@84,seq6735@17,0.9999999999999999
seq7870@84,seq2729@134,0.9999999999999999
seq7870@84,seq8973@16,0.9999999999999999
seq7870@84,seq10250@26,0.9999999999999999
seq7870@84,seq665@142,0.9999999999999999
seq7870@84,seq19083@16,0.9999999999999999
seq7870@84,seq11084@28,0.9999999999999999
seq7870@84,seq827@40,0.9999999999999999
seq7870@84,seq12056@15,0.9999999999999999
seq7870@84,seq7903@50,0.9999999999999999
seq7870@84,seq304@159,0.9999999999999999
seq7870@84,seq18051@15,0.9999999999999999
seq7870@84,seq727@97,0.9999999999999999
seq7870@84,seq18658@14,0.9999999999999999
seq7870@84,seq7943@23,0.9999999999999999
seq7870@84,seq1789@33,0.9999999999999999
seq7870@84,seq3869@13,0.9999999999999999
seq7870@84,seq4911@51,0.9999999999999999
seq7870@84,seq9228@13,0.9999999999999999
seq7870@84,seq6853@35,0.9999999999999999
seq7870@84,seq5557@100,0.9999999999999999
seq7870@84,seq11119@13,0.9999999999999999
seq7870@84,seq1157@22,0.9999999999999999
seq7870@84,seq36481@13,0.9999999999999999
seq7870@84,seq2829@96,0.9999999999999999
seq7870@84,seq2945@101,0.9999999999999999
seq7870@84,seq6441@14,0.9999999999999999
seq7870@84,seq8635@17,0.9999999999999999
seq7870@84,seq51@191,0.9999999999999999
seq7870@84,seq3044@174,0.9999999999999999
seq7870@84,seq32@162,0.9999999999999999
seq7870@84,seq5261@140,0.9999999999999999
seq7870@84,seq735@110,0.9999999999999999
seq7870@84,seq59@102,0.9999999999999999
seq7870@84,seq1941@68,0.9999999999999999
seq7870@84,seq1484@47,0.9999999999999999
seq7870@84,seq4376@42,0.9999999999999999
seq7870@84,seq2344@27,0.9878787878787878
seq7870@84,seq1344@16,0.9999999999999999
seq7870@84,seq10715@16,0.9878787878787878
seq7870@84,seq11724@14,0.9999999999999999
seq7870@84,seq14484@12,0.9999999999999999
seq7870@84,seq7157@37,0.9999999999999999
seq7870@84,seq5804@94,0.9999999999999999
seq12992@35,seq1368@39,0.9999999999999999
seq12992@35,seq4374@31,0.9999999999999999
seq12992@35,seq344@34,0.9999999999999999
seq12992@35,seq16562@29,0.9999999999999999
seq12992@35,seq794@61,0.9999999999999999
seq12992@35,seq7701@27,0.9999999999999999
seq12992@35,seq11029@31,0.9999999999999999
seq12992@35,seq1175@26,0.9999999999999999
seq12992@35,seq1471@85,0.9999999999999999
seq12992@35,seq18537@25,0.9999999999999999
seq12992@35,seq8760@117,0.9999999999999999
seq12992@35,seq49444@25,0.9999999999999999
seq12992@35,seq4944@36,0.9999999999999999
seq12992@35,seq7962@24,0.9999999999999999
seq12992@35,seq633@163,0.9999999999999999
seq12992@35,seq9693@24,0.9999999999999999
seq12992@35,seq10902@34,0.9999999999999999
seq12992@35,seq16361@24,0.9999999999999999
seq12992@35,seq2523@63,0.9999999999999999
seq12992@35,seq20171@24,0.9999999999999999
seq12992@35,seq2080@46,0.9999999999999999
seq12992@35,seq6322@23,0.9999999999999999
seq12992@35,seq2288@41,0.9999999999999999
seq12992@35,seq20861@21,0.9999999999999999
seq12992@35,seq7548@66,0.9999999999999999
seq12992@35,seq34692@20,0.9999999999999999
seq12992@35,seq5071@20,0.9999999999999999
seq12992@35,seq4004@18,0.9999999999999999
seq12992@35,seq9605@100,0.9999999999999999
seq12992@35,seq6735@17,0.9999999999999999
seq12992@35,seq2729@134,0.9999999999999999
seq12992@35,seq8973@16,0.9999999999999999
seq12992@35,seq10250@26,0.9999999999999999
seq12992@35,seq665@142,0.9999999999999999
seq12992@35,seq19083@16,0.9999999999999999
seq12992@35,seq11084@28,0.9999999999999999
seq12992@35,seq827@40,0.9999999999999999
seq12992@35,seq12056@15,0.9999999999999999
seq12992@35,seq7903@50,0.9999999999999999
seq12992@35,seq304@159,0.9999999999999999
seq12992@35,seq18051@15,0.9999999999999999
seq12992@35,seq727@97,0.9999999999999999
seq12992@35,seq18658@14,0.9999999999999999
seq12992@35,seq7943@23,0.9999999999999999
seq12992@35,seq1789@33,0.9999999999999999
seq12992@35,seq3869@13,0.9999999999999999
seq12992@35,seq4911@51,0.9999999999999999
seq12992@35,seq9228@13,0.9999999999999999
seq12992@35,seq6853@35,0.9999999999999999
seq12992@35,seq5557@100,0.9999999999999999
seq12992@35,seq11119@13,0.9999999999999999
seq12992@35,seq1157@22,0.9999999999999999
seq12992@35,seq36481@13,0.9999999999999999
seq12992@35,seq2829@96,0.9999999999999999
seq12992@35,seq2945@101,0.9999999999999999
seq12992@35,seq6441@14,0.9999999999999999
seq12992@35,seq8635@17,0.9999999999999999
seq12992@35,seq51@191,0.9999999999999999
seq12992@35,seq3044@174,0.9999999999999999
seq12992@35,seq32@162,0.9999999999999999
seq12992@35,seq5261@140,0.9999999999999999
seq12992@35,seq735@110,0.9999999999999999
seq12992@35,seq59@102,0.9999999999999999
seq12992@35,seq1941@68,0.9999999999999999
seq12992@35,seq1484@47,0.9999999999999999
seq12992@35,seq4376@42,0.9999999999999999
seq12992@35,seq2344@27,0.9878787878787878
seq12992@35,seq1344@16,0.9999999999999999
seq12992@35,seq10715@16,0.9878787878787878
seq12992@35,seq11724@14,0.9999999999999999
seq12992@35,seq14484@12,0.9999999999999999
seq12992@35,seq7157@37,0.9999999999999999
seq12992@35,seq5804@94,0.9999999999999999
seq1368@39,seq4374@31,0.9999999999999999
seq1368@39,seq344@34,0.9999999999999999
seq1368@39,seq16562@29,0.9999999999999999
seq1368@39,seq794@61,0.9999999999999999
seq1368@39,seq7701@27,0.9999999999999999
seq1368@39,seq11029@31,0.9999999999999999
seq1368@39,seq1175@26,0.9999999999999999
seq1368@39,seq1471@85,0.9999999999999999
seq1368@39,seq18537@25,0.9999999999999999
seq1368@39,seq8760@117,0.9999999999999999
seq1368@39,seq49444@25,0.9999999999999999
seq1368@39,seq4944@36,0.9999999999999999
seq1368@39,seq7962@24,0.9999999999999999
seq1368@39,seq633@163,0.9999999999999999
seq1368@39,seq9693@24,0.9999999999999999
seq1368@39,seq10902@34,0.9999999999999999
seq1368@39,seq16361@24,0.9999999999999999
seq1368@39,seq2523@63,0.9999999999999999
seq1368@39,seq20171@24,0.9999999999999999
seq1368@39,seq2080@46,0.9999999999999999
seq1368@39,seq6322@23,0.9999999999999999
seq1368@39,seq2288@41,0.9999999999999999
seq1368@39,seq20861@21,0.9999999999999999
seq1368@39,seq7548@66,0.9999999999999999
seq1368@39,seq34692@20,0.9999999999999999
seq1368@39,seq5071@20,0.9999999999999999
seq1368@39,seq4004@18,0.9999999999999999
seq1368@39,seq9605@100,0.9999999999999999
seq1368@39,seq6735@17,0.9999999999999999
seq1368@39,seq2729@134,0.9999999999999999
seq1368@39,seq8973@16,0.9999999999999999
seq1368@39,seq10250@26,0.9999999999999999
seq1368@39,seq665@142,0.9999999999999999
seq1368@39,seq19083@16,0.9999999999999999
seq1368@39,seq11084@28,0.9999999999999999
seq1368@39,seq827@40,0.9999999999999999
seq1368@39,seq12056@15,0.9999999999999999
seq1368@39,seq7903@50,0.9999999999999999
seq1368@39,seq304@159,0.9999999999999999
seq1368@39,seq18051@15,0.9999999999999999
seq1368@39,seq727@97,0.9999999999999999
seq1368@39,seq18658@14,0.9999999999999999
seq1368@39,seq7943@23,0.9999999999999999
seq1368@39,seq1789@33,0.9999999999999999
seq1368@39,seq3869@13,0.9999999999999999
seq1368@39,seq4911@51,0.9999999999999999
seq1368@39,seq9228@13,0.9999999999999999
seq1368@39,seq6853@35,0.9999999999999999
seq1368@39,seq5557@100,0.9999999999999999
seq1368@39,seq11119@13,0.9999999999999999
seq1368@39,seq1157@22,0.9999999999999999
seq1368@39,seq36481@13,0.9999999999999999
seq1368@39,seq2829@96,0.9999999999999999
seq1368@39,seq2945@101,0.9999999999999999
seq1368@39,seq6441@14,0.9999999999999999
seq1368@39,seq8635@17,0.9999999999999999
seq1368@39,seq51@191,0.9999999999999999
seq1368@39,seq3044@174,0.9999999999999999
seq1368@39,seq32@162,0.9999999999999999
seq1368@39,seq5261@140,0.9999999999999999
seq1368@39,seq735@110,0.9999999999999999
seq1368@39,seq59@102,0.9999999999999999
seq1368@39,seq1941@68,0.9999999999999999
seq1368@39,seq1484@47,0.9999999999999999
seq1368@39,seq4376@42,0.9999999999999999
seq1368@39,seq2344@27,0.9878787878787878
seq1368@39,seq1344@16,0.9999999999999999
seq1368@39,seq10715@16,0.9878787878787878
seq1368@39,seq11724@14,0.9999999999999999
seq1368@39,seq14484@12,0.9999999999999999
seq1368@39,seq7157@37,0.9999999999999999
seq1368@39,seq5804@94,0.9999999999999999
seq4374@31,seq344@34,0.9999999999999999
seq4374@31,seq16562@29,0.9999999999999999
seq4374@31,seq794@61,0.9999999999999999
seq4374@31,seq7701@27,0.9999999999999999
seq4374@31,seq11029@31,0.9999999999999999
seq4374@31,seq1175@26,0.9999999999999999
seq4374@31,seq1471@85,0.9999999999999999
seq4374@31,seq18537@25,0.9999999999999999
seq4374@31,seq8760@117,0.9999999999999999
seq4374@31,seq49444@25,0.9999999999999999
seq4374@31,seq4944@36,0.9999999999999999
seq4374@31,seq7962@24,0.9999999999999999
seq4374@31,seq633@163,0.9999999999999999
seq4374@31,seq9693@24,0.9999999999999999
seq4374@31,seq10902@34,0.9999999999999999
seq4374@31,seq16361@24,0.9999999999999999
seq4374@31,seq2523@63,0.9999999999999999
seq4374@31,seq20171@24,0.9999999999999999
seq4374@31,seq2080@46,0.9999999999999999
seq4374@31,seq6322@23,0.9999999999999999
seq4374@31,seq2288@41,0.9999999999999999
seq4374@31,seq20861@21,0.9999999999999999
seq4374@31,seq7548@66,0.9999999999999999
seq4374@31,seq34692@20,0.9999999999999999
seq4374@31,seq5071@20,0.9999999999999999
seq4374@31,seq4004@18,0.9999999999999999
seq4374@31,seq9605@100,0.9999999999999999
seq4374@31,seq6735@17,0.9999999999999999
seq4374@31,seq2729@134,0.9999999999999999
seq4374@31,seq8973@16,0.9999999999999999
seq4374@31,seq10250@26,0.9999999999999999
seq4374@31,seq665@142,0.9999999999999999
seq4374@31,seq19083@16,0.9999999999999999
seq4374@31,seq11084@28,0.9999999999999999
seq4374@31,seq827@40,0.9999999999999999
seq4374@31,seq12056@15,0.9999999999999999
seq4374@31,seq7903@50,0.9999999999999999
seq4374@31,seq304@159,0.9999999999999999
seq4374@31,seq18051@15,0.9999999999999999
seq4374@31,seq727@97,0.9999999999999999
seq4374@31,seq18658@14,0.9999999999999999
seq4374@31,seq7943@23,0.9999999999999999
seq4374@31,seq1789@33,0.9999999999999999
seq4374@31,seq3869@13,0.9999999999999999
seq4374@31,seq4911@51,0.9999999999999999
seq4374@31,seq9228@13,0.9999999999999999
seq4374@31,seq6853@35,0.9999999999999999
seq4374@31,seq5557@100,0.9999999999999999
seq4374@31,seq11119@13,0.9999999999999999
seq4374@31,seq1157@22,0.9999999999999999
seq4374@31,seq36481@13,0.9999999999999999
seq4374@31,seq2829@96,0.9999999999999999
seq4374@31,seq2945@101,0.9999999999999999
seq4374@31,seq6441@14,0.9999999999999999
seq4374@31,seq8635@17,0.9999999999999999
seq4374@31,seq51@191,0.9999999999999999
seq4374@31,seq3044@174,0.9999999999999999
seq4374@31,seq32@162,0.9999999999999999
seq4374@31,seq5261@140,0.9999999999999999
seq4374@31,seq735@110,0.9999999999999999
seq4374@31,seq59@102,0.9999999999999999
seq4374@31,seq1941@68,0.9999999999999999
seq4374@31,seq1484@47,0.9999999999999999
seq4374@31,seq4376@42,0.9999999999999999
seq4374@31,seq2344@27,0.9878787878787878
seq4374@31,seq1344@16,0.9999999999999999
seq4374@31,seq10715@16,0.9878787878787878
seq4374@31,seq11724@14,0.9999999999999999
seq4374@31,seq14484@12,0.9999999999999999
seq4374@31,seq7157@37,0.9999999999999999
seq4374@31,seq5804@94,0.9999999999999999
seq344@34,seq16562@29,0.9999999999999999
seq344@34,seq794@61,0.9999999999999999
seq344@34,seq7701@27,0.9999999999999999
seq344@34,seq11029@31,0.9999999999999999
seq344@34,seq1175@26,0.9999999999999999
seq344@34,seq1471@85,0.9999999999999999
seq344@34,seq18537@25,0.9999999999999999
seq344@34,seq8760@117,0.9999999999999999
seq344@34,seq49444@25,0.9999999999999999
seq344@34,seq4944@36,0.9999999999999999
seq344@34,seq7962@24,0.9999999999999999
seq344@34,seq633@163,0.9999999999999999
seq344@34,seq9693@24,0.9999999999999999
seq344@34,seq10902@34,0.9999999999999999
seq344@34,seq16361@24,0.9999999999999999
seq344@34,seq2523@63,0.9999999999999999
seq344@34,seq20171@24,0.9999999999999999
seq344@34,seq2080@46,0.9999999999999999
seq344@34,seq6322@23,0.9999999999999999
seq344@34,seq2288@41,0.9999999999999999
seq344@34,seq20861@21,0.9999999999999999
seq344@34,seq7548@66,0.9999999999999999
seq344@34,seq34692@20,0.9999999999999999
seq344@34,seq5071@20,0.9999999999999999
seq344@34,seq4004@18,0.9999999999999999
seq344@34,seq9605@100,0.9999999999999999
seq344@34,seq6735@17,0.9999999999999999
seq344@34,seq2729@134,0.9999999999999999
seq344@34,seq8973@16,0.9999999999999999
seq344@34,seq10250@26,0.9999999999999999
seq344@34,seq665@142,0.9999999999999999
seq344@34,seq19083@16,0.9999999999999999
seq344@34,seq11084@28,0.9999999999999999
seq344@34,seq827@40,0.9999999999999999
seq344@34,seq12056@15,0.9999999999999999
seq344@34,seq7903@50,0.9999999999999999
seq344@34,seq304@159,0.9999999999999999
seq344@34,seq18051@15,0.9999999999999999
seq344@34,seq727@97,0.9999999999999999
seq344@34,seq18658@14,0.9999999999999999
seq344@34,seq7943@23,0.9999999999999999
seq344@34,seq1789@33,0.9999999999999999
seq344@34,seq3869@13,0.9999999999999999
seq344@34,seq4911@51,0.9999999999999999
seq344@34,seq9228@13,0.9999999999999999
seq344@34,seq6853@35,0.9999999999999999
seq344@34,seq5557@100,0.9999999999999999
seq344@34,seq11119@13,0.9999999999999999
seq344@34,seq1157@22,0.9999999999999999
seq344@34,seq36481@13,0.9999999999999999
seq344@34,seq2829@96,0.9999999999999999
seq344@34,seq2945@101,0.9999999999999999
seq344@34,seq6441@14,0.9999999999999999
seq344@34,seq8635@17,0.9999999999999999
seq344@34,seq51@191,0.9999999999999999
seq344@34,seq3044@174,0.9999999999999999
seq344@34,seq32@162,0.9999999999999999
seq344@34,seq5261@140,0.9999999999999999
seq344@34,seq735@110,0.9999999999999999
seq344@34,seq59@102,0.9999999999999999
seq344@34,seq1941@68,0.9999999999999999
seq344@34,seq1484@47,0.9999999999999999
seq344@34,seq4376@42,0.9999999999999999
seq344@34,seq2344@27,0.9878787878787878
seq344@34,seq1344@16,0.9999999999999999
seq344@34,seq10715@16,0.9878787878787878
seq344@34,seq11724@14,0.9999999999999999
seq344@34,seq14484@12,0.9999999999999999
seq344@34,seq7157@37,0.9999999999999999
seq344@34,seq5804@94,0.9999999999999999
seq16562@29,seq794@61,0.9999999999999999
seq16562@29,seq7701@27,0.9999999999999999
seq16562@29,seq11029@31,0.9999999999999999
seq16562@29,seq1175@26,0.9999999999999999
seq16562@29,seq1471@85,0.9999999999999999
seq16562@29,seq18537@25,0.9999999999999999
seq16562@29,seq8760@117,0.9999999999999999
seq16562@29,seq49444@25,0.9999999999999999
seq16562@29,seq4944@36,0.9999999999999999
seq16562@29,seq7962@24,0.9999999999999999
seq16562@29,seq633@163,0.9999999999999999
seq16562@29,seq9693@24,0.9999999999999999
seq16562@29,seq10902@34,0.9999999999999999
seq16562@29,seq16361@24,0.9999999999999999
seq16562@29,seq2523@63,0.9999999999999999
seq16562@29,seq20171@24,0.9999999999999999
seq16562@29,seq2080@46,0.9999999999999999
seq16562@29,seq6322@23,0.9999999999999999
seq16562@29,seq2288@41,0.9999999999999999
seq16562@29,seq20861@21,0.9999999999999999
seq16562@29,seq7548@66,0.9999999999999999
seq16562@29,seq34692@20,0.9999999999999999
seq16562@29,seq5071@20,0.9999999999999999
seq16562@29,seq4004@18,0.9999999999999999
seq16562@29,seq9605@100,0.9999999999999999
seq16562@29,seq6735@17,0.9999999999999999
seq16562@29,seq2729@134,0.9999999999999999
seq16562@29,seq8973@16,0.9999999999999999
seq16562@29,seq10250@26,0.9999999999999999
seq16562@29,seq665@142,0.9999999999999999
seq16562@29,seq19083@16,0.9999999999999999
seq16562@29,seq11084@28,0.9999999999999999
seq16562@29,seq827@40,0.9999999999999999
seq16562@29,seq12056@15,0.9999999999999999
seq16562@29,seq7903@50,0.9999999999999999
seq16562@29,seq304@159,0.9999999999999999
seq16562@29,seq18051@15,0.9999999999999999
seq16562@29,seq727@97,0.9999999999999999
seq16562@29,seq18658@14,0.9999999999999999
seq16562@29,seq7943@23,0.9999999999999999
seq16562@29,seq1789@33,0.9999999999999999
seq16562@29,seq3869@13,0.9999999999999999
seq16562@29,seq4911@51,0.9999999999999999
seq16562@29,seq9228@13,0.9999999999999999
seq16562@29,seq6853@35,0.9999999999999999
seq16562@29,seq5557@100,0.9999999999999999
seq16562@29,seq11119@13,0.9999999999999999
seq16562@29,seq1157@22,0.9999999999999999
seq16562@29,seq36481@13,0.9999999999999999
seq16562@29,seq2829@96,0.9999999999999999
seq16562@29,seq2945@101,0.9999999999999999
seq16562@29,seq6441@14,0.9999999999999999
seq16562@29,seq8635@17,0.9999999999999999
seq16562@29,seq51@191,0.9999999999999999
seq16562@29,seq3044@174,0.9999999999999999
seq16562@29,seq32@162,0.9999999999999999
seq16562@29,seq5261@140,0.9999999999999999
seq16562@29,seq735@110,0.9999999999999999
seq16562@29,seq59@102,0.9999999999999999
seq16562@29,seq1941@68,0.9999999999999999
seq16562@29,seq1484@47,0.9999999999999999
seq16562@29,seq4376@42,0.9999999999999999
seq16562@29,seq2344@27,0.9878787878787878
seq16562@29,seq1344@16,0.9999999999999999
seq16562@29,seq10715@16,0.9878787878787878
seq16562@29,seq11724@14,0.9999999999999999
seq16562@29,seq14484@12,0.9999999999999999
seq16562@29,seq7157@37,0.9999999999999999
seq16562@29,seq5804@94,0.9999999999999999
seq794@61,seq7701@27,0.9999999999999999
seq794@61,seq11029@31,0.9999999999999999
seq794@61,seq1175@26,0.9999999999999999
seq794@61,seq1471@85,0.9999999999999999
seq794@61,seq18537@25,0.9999999999999999
seq794@61,seq8760@117,0.9999999999999999
seq794@61,seq49444@25,0.9999999999999999
seq794@61,seq4944@36,0.9999999999999999
seq794@61,seq7962@24,0.9999999999999999
seq794@61,seq633@163,0.9999999999999999
seq794@61,seq9693@24,0.9999999999999999
seq794@61,seq10902@34,0.9999999999999999
seq794@61,seq16361@24,0.9999999999999999
seq794@61,seq2523@63,0.9999999999999999
seq794@61,seq20171@24,0.9999999999999999
seq794@61,seq2080@46,0.9999999999999999
seq794@61,seq6322@23,0.9999999999999999
seq794@61,seq2288@41,0.9999999999999999
seq794@61,seq20861@21,0.9999999999999999
seq794@61,seq7548@66,0.9999999999999999
seq794@61,seq34692@20,0.9999999999999999
seq794@61,seq5071@20,0.9999999999999999
seq794@61,seq4004@18,0.9999999999999999
seq794@61,seq9605@100,0.9999999999999999
seq794@61,seq6735@17,0.9999999999999999
seq794@61,seq2729@134,0.9999999999999999
seq794@61,seq8973@16,0.9999999999999999
seq794@61,seq10250@26,0.9999999999999999
seq794@61,seq665@142,0.9999999999999999
seq794@61,seq19083@16,0.9999999999999999
seq794@61,seq11084@28,0.9999999999999999
seq794@61,seq827@40,0.9999999999999999
seq794@61,seq12056@15,0.9999999999999999
seq794@61,seq7903@50,0.9999999999999999
seq794@61,seq304@159,0.9999999999999999
seq794@61,seq18051@15,0.9999999999999999
seq794@61,seq727@97,0.9999999999999999
seq794@61,seq18658@14,0.9999999999999999
seq794@61,seq7943@23,0.9999999999999999
seq794@61,seq1789@33,0.9999999999999999
seq794@61,seq3869@13,0.9999999999999999
seq794@61,seq4911@51,0.9999999999999999
seq794@61,seq9228@13,0.9999999999999999
seq794@61,seq6853@35,0.9999999999999999
seq794@61,seq5557@100,0.9999999999999999
seq794@61,seq11119@13,0.9999999999999999
seq794@61,seq1157@22,0.9999999999999999
seq794@61,seq36481@13,0.9999999999999999
seq794@61,seq2829@96,0.9999999999999999
seq794@61,seq2945@101,0.9999999999999999
seq794@61,seq6441@14,0.9999999999999999
seq794@61,seq8635@17,0.9999999999999999
seq794@61,seq51@191,0.9999999999999999
seq794@61,seq3044@174,0.9999999999999999
seq794@61,seq32@162,0.9999999999999999
seq794@61,seq5261@140,0.9999999999999999
seq794@61,seq735@110,0.9999999999999999
seq794@61,seq59@102,0.9999999999999999
seq794@61,seq1941@68,0.9999999999999999
seq794@61,seq1484@47,0.9999999999999999
seq794@61,seq4376@42,0.9999999999999999
seq794@61,seq2344@27,0.9878787878787878
seq794@61,seq1344@16,0.9999999999999999
seq794@61,seq10715@16,0.9878787878787878
seq794@61,seq11724@14,0.9999999999999999
seq794@61,seq14484@12,0.9999999999999999
seq794@61,seq7157@37,0.9999999999999999
seq794@61,seq5804@94,0.9999999999999999
seq7701@27,seq11029@31,0.9999999999999999
seq7701@27,seq1175@26,0.9999999999999999
seq7701@27,seq1471@85,0.9999999999999999
seq7701@27,seq18537@25,0.9999999999999999
seq7701@27,seq8760@117,0.9999999999999999
seq7701@27,seq49444@25,0.9999999999999999
seq7701@27,seq4944@36,0.9999999999999999
seq7701@27,seq7962@24,0.9999999999999999
seq7701@27,seq633@163,0.9999999999999999
seq7701@27,seq9693@24,0.9999999999999999
seq7701@27,seq10902@34,0.9999999999999999
seq7701@27,seq16361@24,0.9999999999999999
seq7701@27,seq2523@63,0.9999999999999999
seq7701@27,seq20171@24,0.9999999999999999
seq7701@27,seq2080@46,0.9999999999999999
seq7701@27,seq6322@23,0.9999999999999999
seq7701@27,seq2288@41,0.9999999999999999
seq7701@27,seq20861@21,0.9999999999999999
seq7701@27,seq7548@66,0.9999999999999999
seq7701@27,seq34692@20,0.9999999999999999
seq7701@27,seq5071@20,0.9999999999999999
seq7701@27,seq4004@18,0.9999999999999999
seq7701@27,seq9605@100,0.9999999999999999
seq7701@27,seq6735@17,0.9999999999999999
seq7701@27,seq2729@134,0.9999999999999999
seq7701@27,seq8973@16,0.9999999999999999
seq7701@27,seq10250@26,0.9999999999999999
seq7701@27,seq665@142,0.9999999999999999
seq7701@27,seq19083@16,0.9999999999999999
seq7701@27,seq11084@28,0.9999999999999999
seq7701@27,seq827@40,0.9999999999999999
seq7701@27,seq12056@15,0.9999999999999999
seq7701@27,seq7903@50,0.9999999999999999
seq7701@27,seq304@159,0.9999999999999999
seq7701@27,seq18051@15,0.9999999999999999
seq7701@27,seq727@97,0.9999999999999999
seq7701@27,seq18658@14,0.9999999999999999
seq7701@27,seq7943@23,0.9999999999999999
seq7701@27,seq1789@33,0.9999999999999999
seq7701@27,seq3869@13,0.9999999999999999
seq7701@27,seq4911@51,0.9999999999999999
seq7701@27,seq9228@13,0.9999999999999999
seq7701@27,seq6853@35,0.9999999999999999
seq7701@27,seq5557@100,0.9999999999999999
seq7701@27,seq11119@13,0.9999999999999999
seq7701@27,seq1157@22,0.9999999999999999
seq7701@27,seq36481@13,0.9999999999999999
seq7701@27,seq2829@96,0.9999999999999999
seq7701@27,seq2945@101,0.9999999999999999
seq7701@27,seq6441@14,0.9999999999999999
seq7701@27,seq8635@17,0.9999999999999999
seq7701@27,seq51@191,0.9999999999999999
seq7701@27,seq3044@174,0.9999999999999999
seq7701@27,seq32@162,0.9999999999999999
seq7701@27,seq5261@140,0.9999999999999999
seq7701@27,seq735@110,0.9999999999999999
seq7701@27,seq59@102,0.9999999999999999
seq7701@27,seq1941@68,0.9999999999999999
seq7701@27,seq1484@47,0.9999999999999999
seq7701@27,seq4376@42,0.9999999999999999
seq7701@27,seq2344@27,0.9878787878787878
seq7701@27,seq1344@16,0.9999999999999999
seq7701@27,seq10715@16,0.9878787878787878
seq7701@27,seq11724@14,0.9999999999999999
seq7701@27,seq14484@12,0.9999999999999999
seq7701@27,seq7157@37,0.9999999999999999
seq7701@27,seq5804@94,0.9999999999999999
seq11029@31,seq1175@26,0.9999999999999999
seq11029@31,seq1471@85,0.9999999999999999
seq11029@31,seq18537@25,0.9999999999999999
seq11029@31,seq8760@117,0.9999999999999999
seq11029@31,seq49444@25,0.9999999999999999
seq11029@31,seq4944@36,0.9999999999999999
seq11029@31,seq7962@24,0.9999999999999999
seq11029@31,seq633@163,0.9999999999999999
seq11029@31,seq9693@24,0.9999999999999999
seq11029@31,seq10902@34,0.9999999999999999
seq11029@31,seq16361@24,0.9999999999999999
seq11029@31,seq2523@63,0.9999999999999999
seq11029@31,seq20171@24,0.9999999999999999
seq11029@31,seq2080@46,0.9999999999999999
seq11029@31,seq6322@23,0.9999999999999999
seq11029@31,seq2288@41,0.9999999999999999
seq11029@31,seq20861@21,0.9999999999999999
seq11029@31,seq7548@66,0.9999999999999999
seq11029@31,seq34692@20,0.9999999999999999
seq11029@31,seq5071@20,0.9999999999999999
seq11029@31,seq4004@18,0.9999999999999999
seq11029@31,seq9605@100,0.9999999999999999
seq11029@31,seq6735@17,0.9999999999999999
seq11029@31,seq2729@134,0.9999999999999999
seq11029@31,seq8973@16,0.9999999999999999
seq11029@31,seq10250@26,0.9999999999999999
seq11029@31,seq665@142,0.9999999999999999
seq11029@31,seq19083@16,0.9999999999999999
seq11029@31,seq11084@28,0.9999999999999999
seq11029@31,seq827@40,0.9999999999999999
seq11029@31,seq12056@15,0.9999999999999999
seq11029@31,seq7903@50,0.9999999999999999
seq11029@31,seq304@159,0.9999999999999999
seq11029@31,seq18051@15,0.9999999999999999
seq11029@31,seq727@97,0.9999999999999999
seq11029@31,seq18658@14,0.9999999999999999
seq11029@31,seq7943@23,0.9999999999999999
seq11029@31,seq1789@33,0.9999999999999999
seq11029@31,seq3869@13,0.9999999999999999
seq11029@31,seq4911@51,0.9999999999999999
seq11029@31,seq9228@13,0.9999999999999999
seq11029@31,seq6853@35,0.9999999999999999
seq11029@31,seq5557@100,0.9999999999999999
seq11029@31,seq11119@13,0.9999999999999999
seq11029@31,seq1157@22,0.9999999999999999
seq11029@31,seq36481@13,0.9999999999999999
seq11029@31,seq2829@96,0.9999999999999999
seq11029@31,seq2945@101,0.9999999999999999
seq11029@31,seq6441@14,0.9999999999999999
seq11029@31,seq8635@17,0.9999999999999999
seq11029@31,seq51@191,0.9999999999999999
seq11029@31,seq3044@174,0.9999999999999999
seq11029@31,seq32@162,0.9999999999999999
seq11029@31,seq5261@140,0.9999999999999999
seq11029@31,seq735@110,0.9999999999999999
seq11029@31,seq59@102,0.9999999999999999
seq11029@31,seq1941@68,0.9999999999999999
seq11029@31,seq1484@47,0.9999999999999999
seq11029@31,seq4376@42,0.9999999999999999
seq11029@31,seq2344@27,0.9878787878787878
seq11029@31,seq1344@16,0.9999999999999999
seq11029@31,seq10715@16,0.9878787878787878
seq11029@31,seq11724@14,0.9999999999999999
seq11029@31,seq14484@12,0.9999999999999999
seq11029@31,seq7157@37,0.9999999999999999
seq11029@31,seq5804@94,0.9999999999999999
seq1175@26,seq1471@85,0.9999999999999999
seq1175@26,seq18537@25,0.9999999999999999
seq1175@26,seq8760@117,0.9999999999999999
seq1175@26,seq49444@25,0.9999999999999999
seq1175@26,seq4944@36,0.9999999999999999
seq1175@26,seq7962@24,0.9999999999999999
seq1175@26,seq633@163,0.9999999999999999
seq1175@26,seq9693@24,0.9999999999999999
seq1175@26,seq10902@34,0.9999999999999999
seq1175@26,seq16361@24,0.9999999999999999
seq1175@26,seq2523@63,0.9999999999999999
seq1175@26,seq20171@24,0.9999999999999999
seq1175@26,seq2080@46,0.9999999999999999
seq1175@26,seq6322@23,0.9999999999999999
seq1175@26,seq2288@41,0.9999999999999999
seq1175@26,seq20861@21,0.9999999999999999
seq1175@26,seq7548@66,0.9999999999999999
seq1175@26,seq34692@20,0.9999999999999999
seq1175@26,seq5071@20,0.9999999999999999
seq1175@26,seq4004@18,0.9999999999999999
seq1175@26,seq9605@100,0.9999999999999999
seq1175@26,seq6735@17,0.9999999999999999
seq1175@26,seq2729@134,0.9999999999999999
seq1175@26,seq8973@16,0.9999999999999999
seq1175@26,seq10250@26,0.9999999999999999
seq1175@26,seq665@142,0.9999999999999999
seq1175@26,seq19083@16,0.9999999999999999
seq1175@26,seq11084@28,0.9999999999999999
seq1175@26,seq827@40,0.9999999999999999
seq1175@26,seq12056@15,0.9999999999999999
seq1175@26,seq7903@50,0.9999999999999999
seq1175@26,seq304@159,0.9999999999999999
seq1175@26,seq18051@15,0.9999999999999999
seq1175@26,seq727@97,0.9999999999999999
seq1175@26,seq18658@14,0.9999999999999999
seq1175@26,seq7943@23,0.9999999999999999
seq1175@26,seq1789@33,0.9999999999999999
seq1175@26,seq3869@13,0.9999999999999999
seq1175@26,seq4911@51,0.9999999999999999
seq1175@26,seq9228@13,0.9999999999999999
seq1175@26,seq6853@35,0.9999999999999999
seq1175@26,seq5557@100,0.9999999999999999
seq1175@26,seq11119@13,0.9999999999999999
seq1175@26,seq1157@22,0.9999999999999999
seq1175@26,seq36481@13,0.9999999999999999
seq1175@26,seq2829@96,0.9999999999999999
seq1175@26,seq2945@101,0.9999999999999999
seq1175@26,seq6441@14,0.9999999999999999
seq1175@26,seq8635@17,0.9999999999999999
seq1175@26,seq51@191,0.9999999999999999
seq1175@26,seq3044@174,0.9999999999999999
seq1175@26,seq32@162,0.9999999999999999
seq1175@26,seq5261@140,0.9999999999999999
seq1175@26,seq735@110,0.9999999999999999
seq1175@26,seq59@102,0.9999999999999999
seq1175@26,seq1941@68,0.9999999999999999
seq1175@26,seq1484@47,0.9999999999999999
seq1175@26,seq4376@42,0.9999999999999999
seq1175@26,seq2344@27,0.9878787878787878
seq1175@26,seq1344@16,0.9999999999999999
seq1175@26,seq10715@16,0.9878787878787878
seq1175@26,seq11724@14,0.9999999999999999
seq1175@26,seq14484@12,0.9999999999999999
seq1175@26,seq7157@37,0.9999999999999999
seq1175@26,seq5804@94,0.9999999999999999
seq1471@85,seq18537@25,0.9999999999999999
seq1471@85,seq8760@117,0.9999999999999999
seq1471@85,seq49444@25,0.9999999999999999
seq1471@85,seq4944@36,0.9999999999999999
seq1471@85,seq7962@24,0.9999999999999999
seq1471@85,seq633@163,0.9999999999999999
seq1471@85,seq9693@24,0.9999999999999999
seq1471@85,seq10902@34,0.9999999999999999
seq1471@85,seq16361@24,0.9999999999999999
seq1471@85,seq2523@63,0.9999999999999999
seq1471@85,seq20171@24,0.9999999999999999
seq1471@85,seq2080@46,0.9999999999999999
seq1471@85,seq6322@23,0.9999999999999999
seq1471@85,seq2288@41,0.9999999999999999
seq1471@85,seq20861@21,0.9999999999999999
seq1471@85,seq7548@66,0.9999999999999999
seq1471@85,seq34692@20,0.9999999999999999
seq1471@85,seq5071@20,0.9999999999999999
seq1471@85,seq4004@18,0.9999999999999999
seq1471@85,seq9605@100,0.9999999999999999
seq1471@85,seq6735@17,0.9999999999999999
seq1471@85,seq2729@134,0.9999999999999999
seq1471@85,seq8973@16,0.9999999999999999
seq1471@85,seq10250@26,0.9999999999999999
seq1471@85,seq665@142,0.9999999999999999
seq1471@85,seq19083@16,0.9999999999999999
seq1471@85,seq11084@28,0.9999999999999999
seq1471@85,seq827@40,0.9999999999999999
seq1471@85,seq12056@15,0.9999999999999999
seq1471@85,seq7903@50,0.9999999999999999
seq1471@85,seq304@159,0.9999999999999999
seq1471@85,seq18051@15,0.9999999999999999
seq1471@85,seq727@97,0.9999999999999999
seq1471@85,seq18658@14,0.9999999999999999
seq1471@85,seq7943@23,0.9999999999999999
seq1471@85,seq1789@33,0.9999999999999999
seq1471@85,seq3869@13,0.9999999999999999
seq1471@85,seq4911@51,0.9999999999999999
seq1471@85,seq9228@13,0.9999999999999999
seq1471@85,seq6853@35,0.9999999999999999
seq1471@85,seq5557@100,0.9999999999999999
seq1471@85,seq11119@13,0.9999999999999999
seq1471@85,seq1157@22,0.9999999999999999
seq1471@85,seq36481@13,0.9999999999999999
seq1471@85,seq2829@96,0.9999999999999999
seq1471@85,seq2945@101,0.9999999999999999
seq1471@85,seq6441@14,0.9999999999999999
seq1471@85,seq8635@17,0.9999999999999999
seq1471@85,seq51@191,0.9999999999999999
seq1471@85,seq3044@174,0.9999999999999999
seq1471@85,seq32@162,0.9999999999999999
seq1471@85,seq5261@140,0.9999999999999999
seq1471@85,seq735@110,0.9999999999999999
seq1471@85,seq59@102,0.9999999999999999
seq1471@85,seq1941@68,0.9999999999999999
seq1471@85,seq1484@47,0.9999999999999999
seq1471@85,seq4376@42,0.9999999999999999
seq1471@85,seq2344@27,0.9878787878787878
seq1471@85,seq1344@16,0.9999999999999999
seq1471@85,seq10715@16,0.9878787878787878
seq1471@85,seq11724@14,0.9999999999999999
seq1471@85,seq14484@12,0.9999999999999999
seq1471@85,seq7157@37,0.9999999999999999
seq1471@85,seq5804@94,0.9999999999999999
seq18537@25,seq8760@117,0.9999999999999999
seq18537@25,seq49444@25,0.9999999999999999
seq18537@25,seq4944@36,0.9999999999999999
seq18537@25,seq7962@24,0.9999999999999999
seq18537@25,seq633@163,0.9999999999999999
seq18537@25,seq9693@24,0.9999999999999999
seq18537@25,seq10902@34,0.9999999999999999
seq18537@25,seq16361@24,0.9999999999999999
seq18537@25,seq2523@63,0.9999999999999999
seq18537@25,seq20171@24,0.9999999999999999
seq18537@25,seq2080@46,0.9999999999999999
seq18537@25,seq6322@23,0.9999999999999999
seq18537@25,seq2288@41,0.9999999999999999
seq18537@25,seq20861@21,0.9999999999999999
seq18537@25,seq7548@66,0.9999999999999999
seq18537@25,seq34692@20,0.9999999999999999
seq18537@25,seq5071@20,0.9999999999999999
seq18537@25,seq4004@18,0.9999999999999999
seq18537@25,seq9605@100,0.9999999999999999
seq18537@25,seq6735@17,0.9999999999999999
seq18537@25,seq2729@134,0.9999999999999999
seq18537@25,seq8973@16,0.9999999999999999
seq18537@25,seq10250@26,0.9999999999999999
seq18537@25,seq665@142,0.9999999999999999
seq18537@25,seq19083@16,0.9999999999999999
seq18537@25,seq11084@28,0.9999999999999999
seq18537@25,seq827@40,0.9999999999999999
seq18537@25,seq12056@15,0.9999999999999999
seq18537@25,seq7903@50,0.9999999999999999
seq18537@25,seq304@159,0.9999999999999999
seq18537@25,seq18051@15,0.9999999999999999
seq18537@25,seq727@97,0.9999999999999999
seq18537@25,seq18658@14,0.9999999999999999
seq18537@25,seq7943@23,0.9999999999999999
seq18537@25,seq1789@33,0.9999999999999999
seq18537@25,seq3869@13,0.9999999999999999
seq18537@25,seq4911@51,0.9999999999999999
seq18537@25,seq9228@13,0.9999999999999999
seq18537@25,seq6853@35,0.9999999999999999
seq18537@25,seq5557@100,0.9999999999999999
seq18537@25,seq11119@13,0.9999999999999999
seq18537@25,seq1157@22,0.9999999999999999
seq18537@25,seq36481@13,0.9999999999999999
seq18537@25,seq2829@96,0.9999999999999999
seq18537@25,seq2945@101,0.9999999999999999
seq18537@25,seq6441@14,0.9999999999999999
seq18537@25,seq8635@17,0.9999999999999999
seq18537@25,seq51@191,0.9999999999999999
seq18537@25,seq3044@174,0.9999999999999999
seq18537@25,seq32@162,0.9999999999999999
seq18537@25,seq5261@140,0.9999999999999999
seq18537@25,seq735@110,0.9999999999999999
seq18537@25,seq59@102,0.9999999999999999
seq18537@25,seq1941@68,0.9999999999999999
seq18537@25,seq1484@47,0.9999999999999999
seq18537@25,seq4376@42,0.9999999999999999
seq18537@25,seq2344@27,0.9878787878787878
seq18537@25,seq1344@16,0.9999999999999999
seq18537@25,seq10715@16,0.9878787878787878
seq18537@25,seq11724@14,0.9999999999999999
seq18537@25,seq14484@12,0.9999999999999999
seq18537@25,seq7157@37,0.9999999999999999
seq18537@25,seq5804@94,0.9999999999999999
seq8760@117,seq49444@25,0.9999999999999999
seq8760@117,seq4944@36,0.9999999999999999
seq8760@117,seq7962@24,0.9999999999999999
seq8760@117,seq633@163,0.9999999999999999
seq8760@117,seq9693@24,0.9999999999999999
seq8760@117,seq10902@34,0.9999999999999999
seq8760@117,seq16361@24,0.9999999999999999
seq8760@117,seq2523@63,0.9999999999999999
seq8760@117,seq20171@24,0.9999999999999999
seq8760@117,seq2080@46,0.9999999999999999
seq8760@117,seq6322@23,0.9999999999999999
seq8760@117,seq2288@41,0.9999999999999999
seq8760@117,seq20861@21,0.9999999999999999
seq8760@117,seq7548@66,0.9999999999999999
seq8760@117,seq34692@20,0.9999999999999999
seq8760@117,seq5071@20,0.9999999999999999
seq8760@117,seq4004@18,0.9999999999999999
seq8760@117,seq9605@100,0.9999999999999999
seq8760@117,seq6735@17,0.9999999999999999
seq8760@117,seq2729@134,0.9999999999999999
seq8760@117,seq8973@16,0.9999999999999999
seq8760@117,seq10250@26,0.9999999999999999
seq8760@117,seq665@142,0.9999999999999999
seq8760@117,seq19083@16,0.9999999999999999
seq8760@117,seq11084@28,0.9999999999999999
seq8760@117,seq827@40,0.9999999999999999
seq8760@117,seq12056@15,0.9999999999999999
seq8760@117,seq7903@50,0.9999999999999999
seq8760@117,seq304@159,0.9999999999999999
seq8760@117,seq18051@15,0.9999999999999999
seq8760@117,seq727@97,0.9999999999999999
seq8760@117,seq18658@14,0.9999999999999999
seq8760@117,seq7943@23,0.9999999999999999
seq8760@117,seq1789@33,0.9999999999999999
seq8760@117,seq3869@13,0.9999999999999999
seq8760@117,seq4911@51,0.9999999999999999
seq8760@117,seq9228@13,0.9999999999999999
seq8760@117,seq6853@35,0.9999999999999999
seq8760@117,seq5557@100,0.9999999999999999
seq8760@117,seq11119@13,0.9999999999999999
seq8760@117,seq1157@22,0.9999999999999999
seq8760@117,seq36481@13,0.9999999999999999
seq8760@117,seq2829@96,0.9999999999999999
seq8760@117,seq2945@101,0.9999999999999999
seq8760@117,seq6441@14,0.9999999999999999
seq8760@117,seq8635@17,0.9999999999999999
seq8760@117,seq51@191,0.9999999999999999
seq8760@117,seq3044@174,0.9999999999999999
seq8760@117,seq32@162,0.9999999999999999
seq8760@117,seq5261@140,0.9999999999999999
seq8760@117,seq735@110,0.9999999999999999
seq8760@117,seq59@102,0.9999999999999999
seq8760@117,seq1941@68,0.9999999999999999
seq8760@117,seq1484@47,0.9999999999999999
seq8760@117,seq4376@42,0.9999999999999999
seq8760@117,seq2344@27,0.9878787878787878
seq8760@117,seq1344@16,0.9999999999999999
seq8760@117,seq10715@16,0.9878787878787878
seq8760@117,seq11724@14,0.9999999999999999
seq8760@117,seq14484@12,0.9999999999999999
seq8760@117,seq7157@37,0.9999999999999999
seq8760@117,seq5804@94,0.9999999999999999
seq49444@25,seq4944@36,0.9999999999999999
seq49444@25,seq7962@24,0.9999999999999999
seq49444@25,seq633@163,0.9999999999999999
seq49444@25,seq9693@24,0.9999999999999999
seq49444@25,seq10902@34,0.9999999999999999
seq49444@25,seq16361@24,0.9999999999999999
seq49444@25,seq2523@63,0.9999999999999999
seq49444@25,seq20171@24,0.9999999999999999
seq49444@25,seq2080@46,0.9999999999999999
seq49444@25,seq6322@23,0.9999999999999999
seq49444@25,seq2288@41,0.9999999999999999
seq49444@25,seq20861@21,0.9999999999999999
seq49444@25,seq7548@66,0.9999999999999999
seq49444@25,seq34692@20,0.9999999999999999
seq49444@25,seq5071@20,0.9999999999999999
seq49444@25,seq4004@18,0.9999999999999999
seq49444@25,seq9605@100,0.9999999999999999
seq49444@25,seq6735@17,0.9999999999999999
seq49444@25,seq2729@134,0.9999999999999999
seq49444@25,seq8973@16,0.9999999999999999
seq49444@25,seq10250@26,0.9999999999999999
seq49444@25,seq665@142,0.9999999999999999
seq49444@25,seq19083@16,0.9999999999999999
seq49444@25,seq11084@28,0.9999999999999999
seq49444@25,seq827@40,0.9999999999999999
seq49444@25,seq12056@15,0.9999999999999999
seq49444@25,seq7903@50,0.9999999999999999
seq49444@25,seq304@159,0.9999999999999999
seq49444@25,seq18051@15,0.9999999999999999
seq49444@25,seq727@97,0.9999999999999999
seq49444@25,seq18658@14,0.9999999999999999
seq49444@25,seq7943@23,0.9999999999999999
seq49444@25,seq1789@33,0.9999999999999999
seq49444@25,seq3869@13,0.9999999999999999
seq49444@25,seq4911@51,0.9999999999999999
seq49444@25,seq9228@13,0.9999999999999999
seq49444@25,seq6853@35,0.9999999999999999
seq49444@25,seq5557@100,0.9999999999999999
seq49444@25,seq11119@13,0.9999999999999999
seq49444@25,seq1157@22,0.9999999999999999
seq49444@25,seq36481@13,0.9999999999999999
seq49444@25,seq2829@96,0.9999999999999999
seq49444@25,seq2945@101,0.9999999999999999
seq49444@25,seq6441@14,0.9999999999999999
seq49444@25,seq8635@17,0.9999999999999999
seq49444@25,seq51@191,0.9999999999999999
seq49444@25,seq3044@174,0.9999999999999999
seq49444@25,seq32@162,0.9999999999999999
seq49444@25,seq5261@140,0.9999999999999999
seq49444@25,seq735@110,0.9999999999999999
seq49444@25,seq59@102,0.9999999999999999
seq49444@25,seq1941@68,0.9999999999999999
seq49444@25,seq1484@47,0.9999999999999999
seq49444@25,seq4376@42,0.9999999999999999
seq49444@25,seq2344@27,0.9878787878787878
seq49444@25,seq1344@16,0.9999999999999999
seq49444@25,seq10715@16,0.9878787878787878
seq49444@25,seq11724@14,0.9999999999999999
seq49444@25,seq14484@12,0.9999999999999999
seq49444@25,seq7157@37,0.9999999999999999
seq49444@25,seq5804@94,0.9999999999999999
seq4944@36,seq7962@24,0.9999999999999999
seq4944@36,seq633@163,0.9999999999999999
seq4944@36,seq9693@24,0.9999999999999999
seq4944@36,seq10902@34,0.9999999999999999
seq4944@36,seq16361@24,0.9999999999999999
seq4944@36,seq2523@63,0.9999999999999999
seq4944@36,seq20171@24,0.9999999999999999
seq4944@36,seq2080@46,0.9999999999999999
seq4944@36,seq6322@23,0.9999999999999999
seq4944@36,seq2288@41,0.9999999999999999
seq4944@36,seq20861@21,0.9999999999999999
seq4944@36,seq7548@66,0.9999999999999999
seq4944@36,seq34692@20,0.9999999999999999
seq4944@36,seq5071@20,0.9999999999999999
seq4944@36,seq4004@18,0.9999999999999999
seq4944@36,seq9605@100,0.9999999999999999
seq4944@36,seq6735@17,0.9999999999999999
seq4944@36,seq2729@134,0.9999999999999999
seq4944@36,seq8973@16,0.9999999999999999
seq4944@36,seq10250@26,0.9999999999999999
seq4944@36,seq665@142,0.9999999999999999
seq4944@36,seq19083@16,0.9999999999999999
seq4944@36,seq11084@28,0.9999999999999999
seq4944@36,seq827@40,0.9999999999999999
seq4944@36,seq12056@15,0.9999999999999999
seq4944@36,seq7903@50,0.9999999999999999
seq4944@36,seq304@159,0.9999999999999999
seq4944@36,seq18051@15,0.9999999999999999
seq4944@36,seq727@97,0.9999999999999999
seq4944@36,seq18658@14,0.9999999999999999
seq4944@36,seq7943@23,0.9999999999999999
seq4944@36,seq1789@33,0.9999999999999999
seq4944@36,seq3869@13,0.9999999999999999
seq4944@36,seq4911@51,0.9999999999999999
seq4944@36,seq9228@13,0.9999999999999999
seq4944@36,seq6853@35,0.9999999999999999
seq4944@36,seq5557@100,0.9999999999999999
seq4944@36,seq11119@13,0.9999999999999999
seq4944@36,seq1157@22,0.9999999999999999
seq4944@36,seq36481@13,0.9999999999999999
seq4944@36,seq2829@96,0.9999999999999999
seq4944@36,seq2945@101,0.9999999999999999
seq4944@36,seq6441@14,0.9999999999999999
seq4944@36,seq8635@17,0.9999999999999999
seq4944@36,seq51@191,0.9999999999999999
seq4944@36,seq3044@174,0.9999999999999999
seq4944@36,seq32@162,0.9999999999999999
seq4944@36,seq5261@140,0.9999999999999999
seq4944@36,seq735@110,0.9999999999999999
seq4944@36,seq59@102,0.9999999999999999
seq4944@36,seq1941@68,0.9999999999999999
seq4944@36,seq1484@47,0.9999999999999999
seq4944@36,seq4376@42,0.9999999999999999
seq4944@36,seq2344@27,0.9878787878787878
seq4944@36,seq1344@16,0.9999999999999999
seq4944@36,seq10715@16,0.9878787878787878
seq4944@36,seq11724@14,0.9999999999999999
seq4944@36,seq14484@12,0.9999999999999999
seq4944@36,seq7157@37,0.9999999999999999
seq4944@36,seq5804@94,0.9999999999999999
seq7962@24,seq633@163,0.9999999999999999
seq7962@24,seq9693@24,0.9999999999999999
seq7962@24,seq10902@34,0.9999999999999999
seq7962@24,seq16361@24,0.9999999999999999
seq7962@24,seq2523@63,0.9999999999999999
seq7962@24,seq20171@24,0.9999999999999999
seq7962@24,seq2080@46,0.9999999999999999
seq7962@24,seq6322@23,0.9999999999999999
seq7962@24,seq2288@41,0.9999999999999999
seq7962@24,seq20861@21,0.9999999999999999
seq7962@24,seq7548@66,0.9999999999999999
seq7962@24,seq34692@20,0.9999999999999999
seq7962@24,seq5071@20,0.9999999999999999
seq7962@24,seq4004@18,0.9999999999999999
seq7962@24,seq9605@100,0.9999999999999999
seq7962@24,seq6735@17,0.9999999999999999
seq7962@24,seq2729@134,0.9999999999999999
seq7962@24,seq8973@16,0.9999999999999999
seq7962@24,seq10250@26,0.9999999999999999
seq7962@24,seq665@142,0.9999999999999999
seq7962@24,seq19083@16,0.9999999999999999
seq7962@24,seq11084@28,0.9999999999999999
seq7962@24,seq827@40,0.9999999999999999
seq7962@24,seq12056@15,0.9999999999999999
seq7962@24,seq7903@50,0.9999999999999999
seq7962@24,seq304@159,0.9999999999999999
seq7962@24,seq18051@15,0.9999999999999999
seq7962@24,seq727@97,0.9999999999999999
seq7962@24,seq18658@14,0.9999999999999999
seq7962@24,seq7943@23,0.9999999999999999
seq7962@24,seq1789@33,0.9999999999999999
seq7962@24,seq3869@13,0.9999999999999999
seq7962@24,seq4911@51,0.9999999999999999
seq7962@24,seq9228@13,0.9999999999999999
seq7962@24,seq6853@35,0.9999999999999999
seq7962@24,seq5557@100,0.9999999999999999
seq7962@24,seq11119@13,0.9999999999999999
seq7962@24,seq1157@22,0.9999999999999999
seq7962@24,seq36481@13,0.9999999999999999
seq7962@24,seq2829@96,0.9999999999999999
seq7962@24,seq2945@101,0.9999999999999999
seq7962@24,seq6441@14,0.9999999999999999
seq7962@24,seq8635@17,0.9999999999999999
seq7962@24,seq51@191,0.9999999999999999
seq7962@24,seq3044@174,0.9999999999999999
seq7962@24,seq32@162,0.9999999999999999
seq7962@24,seq5261@140,0.9999999999999999
seq7962@24,seq735@110,0.9999999999999999
seq7962@24,seq59@102,0.9999999999999999
seq7962@24,seq1941@68,0.9999999999999999
seq7962@24,seq1484@47,0.9999999999999999
seq7962@24,seq4376@42,0.9999999999999999
seq7962@24,seq2344@27,0.9878787878787878
seq7962@24,seq1344@16,0.9999999999999999
seq7962@24,seq10715@16,0.9878787878787878
seq7962@24,seq11724@14,0.9999999999999999
seq7962@24,seq14484@12,0.9999999999999999
seq7962@24,seq7157@37,0.9999999999999999
seq7962@24,seq5804@94,0.9999999999999999
seq633@163,seq9693@24,0.9999999999999999
seq633@163,seq10902@34,0.9999999999999999
seq633@163,seq16361@24,0.9999999999999999
seq633@163,seq2523@63,0.9999999999999999
seq633@163,seq20171@24,0.9999999999999999
seq633@163,seq2080@46,0.9999999999999999
seq633@163,seq6322@23,0.9999999999999999
seq633@163,seq2288@41,0.9999999999999999
seq633@163,seq20861@21,0.9999999999999999
seq633@163,seq7548@66,0.9999999999999999
seq633@163,seq34692@20,0.9999999999999999
seq633@163,seq5071@20,0.9999999999999999
seq633@163,seq4004@18,0.9999999999999999
seq633@163,seq9605@100,0.9999999999999999
seq633@163,seq6735@17,0.9999999999999999
seq633@163,seq2729@134,0.9999999999999999
seq633@163,seq8973@16,0.9999999999999999
seq633@163,seq10250@26,0.9999999999999999
seq633@163,seq665@142,0.9999999999999999
seq633@163,seq19083@16,0.9999999999999999
seq633@163,seq11084@28,0.9999999999999999
seq633@163,seq827@40,0.9999999999999999
seq633@163,seq12056@15,0.9999999999999999
seq633@163,seq7903@50,0.9999999999999999
seq633@163,seq304@159,0.9999999999999999
seq633@163,seq18051@15,0.9999999999999999
seq633@163,seq727@97,0.9999999999999999
seq633@163,seq18658@14,0.9999999999999999
seq633@163,seq7943@23,0.9999999999999999
seq633@163,seq1789@33,0.9999999999999999
seq633@163,seq3869@13,0.9999999999999999
seq633@163,seq4911@51,0.9999999999999999
seq633@163,seq9228@13,0.9999999999999999
seq633@163,seq6853@35,0.9999999999999999
seq633@163,seq5557@100,0.9999999999999999
seq633@163,seq11119@13,0.9999999999999999
seq633@163,seq1157@22,0.9999999999999999
seq633@163,seq36481@13,0.9999999999999999
seq633@163,seq2829@96,0.9999999999999999
seq633@163,seq2945@101,0.9999999999999999
seq633@163,seq6441@14,0.9999999999999999
seq633@163,seq8635@17,0.9999999999999999
seq633@163,seq51@191,0.9999999999999999
seq633@163,seq3044@174,0.9999999999999999
seq633@163,seq32@162,0.9999999999999999
seq633@163,seq5261@140,0.9999999999999999
seq633@163,seq735@110,0.9999999999999999
seq633@163,seq59@102,0.9999999999999999
seq633@163,seq1941@68,0.9999999999999999
seq633@163,seq1484@47,0.9999999999999999
seq633@163,seq4376@42,0.9999999999999999
seq633@163,seq2344@27,0.9878787878787878
seq633@163,seq1344@16,0.9999999999999999
seq633@163,seq10715@16,0.9878787878787878
seq633@163,seq11724@14,0.9999999999999999
seq633@163,seq14484@12,0.9999999999999999
seq633@163,seq7157@37,0.9999999999999999
seq633@163,seq5804@94,0.9999999999999999
seq9693@24,seq10902@34,0.9999999999999999
seq9693@24,seq16361@24,0.9999999999999999
seq9693@24,seq2523@63,0.9999999999999999
seq9693@24,seq20171@24,0.9999999999999999
seq9693@24,seq2080@46,0.9999999999999999
seq9693@24,seq6322@23,0.9999999999999999
seq9693@24,seq2288@41,0.9999999999999999
seq9693@24,seq20861@21,0.9999999999999999
seq9693@24,seq7548@66,0.9999999999999999
seq9693@24,seq34692@20,0.9999999999999999
seq9693@24,seq5071@20,0.9999999999999999
seq9693@24,seq4004@18,0.9999999999999999
seq9693@24,seq9605@100,0.9999999999999999
seq9693@24,seq6735@17,0.9999999999999999
seq9693@24,seq2729@134,0.9999999999999999
seq9693@24,seq8973@16,0.9999999999999999
seq9693@24,seq10250@26,0.9999999999999999
seq9693@24,seq665@142,0.9999999999999999
seq9693@24,seq19083@16,0.9999999999999999
seq9693@24,seq11084@28,0.9999999999999999
seq9693@24,seq827@40,0.9999999999999999
seq9693@24,seq12056@15,0.9999999999999999
seq9693@24,seq7903@50,0.9999999999999999
seq9693@24,seq304@159,0.9999999999999999
seq9693@24,seq18051@15,0.9999999999999999
seq9693@24,seq727@97,0.9999999999999999
seq9693@24,seq18658@14,0.9999999999999999
seq9693@24,seq7943@23,0.9999999999999999
seq9693@24,seq1789@33,0.9999999999999999
seq9693@24,seq3869@13,0.9999999999999999
seq9693@24,seq4911@51,0.9999999999999999
seq9693@24,seq9228@13,0.9999999999999999
seq9693@24,seq6853@35,0.9999999999999999
seq9693@24,seq5557@100,0.9999999999999999
seq9693@24,seq11119@13,0.9999999999999999
seq9693@24,seq1157@22,0.9999999999999999
seq9693@24,seq36481@13,0.9999999999999999
seq9693@24,seq2829@96,0.9999999999999999
seq9693@24,seq2945@101,0.9999999999999999
seq9693@24,seq6441@14,0.9999999999999999
seq9693@24,seq8635@17,0.9999999999999999
seq9693@24,seq51@191,0.9999999999999999
seq9693@24,seq3044@174,0.9999999999999999
seq9693@24,seq32@162,0.9999999999999999
seq9693@24,seq5261@140,0.9999999999999999
seq9693@24,seq735@110,0.9999999999999999
seq9693@24,seq59@102,0.9999999999999999
seq9693@24,seq1941@68,0.9999999999999999
seq9693@24,seq1484@47,0.9999999999999999
seq9693@24,seq4376@42,0.9999999999999999
seq9693@24,seq2344@27,0.9878787878787878
seq9693@24,seq1344@16,0.9999999999999999
seq9693@24,seq10715@16,0.9878787878787878
seq9693@24,seq11724@14,0.9999999999999999
seq9693@24,seq14484@12,0.9999999999999999
seq9693@24,seq7157@37,0.9999999999999999
seq9693@24,seq5804@94,0.9999999999999999
seq10902@34,seq16361@24,0.9999999999999999
seq10902@34,seq2523@63,0.9999999999999999
seq10902@34,seq20171@24,0.9999999999999999
seq10902@34,seq2080@46,0.9999999999999999
seq10902@34,seq6322@23,0.9999999999999999
seq10902@34,seq2288@41,0.9999999999999999
seq10902@34,seq20861@21,0.9999999999999999
seq10902@34,seq7548@66,0.9999999999999999
seq10902@34,seq34692@20,0.9999999999999999
seq10902@34,seq5071@20,0.9999999999999999
seq10902@34,seq4004@18,0.9999999999999999
seq10902@34,seq9605@100,0.9999999999999999
seq10902@34,seq6735@17,0.9999999999999999
seq10902@34,seq2729@134,0.9999999999999999
seq10902@34,seq8973@16,0.9999999999999999
seq10902@34,seq10250@26,0.9999999999999999
seq10902@34,seq665@142,0.9999999999999999
seq10902@34,seq19083@16,0.9999999999999999
seq10902@34,seq11084@28,0.9999999999999999
seq10902@34,seq827@40,0.9999999999999999
seq10902@34,seq12056@15,0.9999999999999999
seq10902@34,seq7903@50,0.9999999999999999
seq10902@34,seq304@159,0.9999999999999999
seq10902@34,seq18051@15,0.9999999999999999
seq10902@34,seq727@97,0.9999999999999999
seq10902@34,seq18658@14,0.9999999999999999
seq10902@34,seq7943@23,0.9999999999999999
seq10902@34,seq1789@33,0.9999999999999999
seq10902@34,seq3869@13,0.9999999999999999
seq10902@34,seq4911@51,0.9999999999999999
seq10902@34,seq9228@13,0.9999999999999999
seq10902@34,seq6853@35,0.9999999999999999
seq10902@34,seq5557@100,0.9999999999999999
seq10902@34,seq11119@13,0.9999999999999999
seq10902@34,seq1157@22,0.9999999999999999
seq10902@34,seq36481@13,0.9999999999999999
seq10902@34,seq2829@96,0.9999999999999999
seq10902@34,seq2945@101,0.9999999999999999
seq10902@34,seq6441@14,0.9999999999999999
seq10902@34,seq8635@17,0.9999999999999999
seq10902@34,seq51@191,0.9999999999999999
seq10902@34,seq3044@174,0.9999999999999999
seq10902@34,seq32@162,0.9999999999999999
seq10902@34,seq5261@140,0.9999999999999999
seq10902@34,seq735@110,0.9999999999999999
seq10902@34,seq59@102,0.9999999999999999
seq10902@34,seq1941@68,0.9999999999999999
seq10902@34,seq1484@47,0.9999999999999999
seq10902@34,seq4376@42,0.9999999999999999
seq10902@34,seq2344@27,0.9878787878787878
seq10902@34,seq1344@16,0.9999999999999999
seq10902@34,seq10715@16,0.9878787878787878
seq10902@34,seq11724@14,0.9999999999999999
seq10902@34,seq14484@12,0.9999999999999999
seq10902@34,seq7157@37,0.9999999999999999
seq10902@34,seq5804@94,0.9999999999999999
seq16361@24,seq2523@63,0.9999999999999999
seq16361@24,seq20171@24,0.9999999999999999
seq16361@24,seq2080@46,0.9999999999999999
seq16361@24,seq6322@23,0.9999999999999999
seq16361@24,seq2288@41,0.9999999999999999
seq16361@24,seq20861@21,0.9999999999999999
seq16361@24,seq7548@66,0.9999999999999999
seq16361@24,seq34692@20,0.9999999999999999
seq16361@24,seq5071@20,0.9999999999999999
seq16361@24,seq4004@18,0.9999999999999999
seq16361@24,seq9605@100,0.9999999999999999
seq16361@24,seq6735@17,0.9999999999999999
seq16361@24,seq2729@134,0.9999999999999999
seq16361@24,seq8973@16,0.9999999999999999
seq16361@24,seq10250@26,0.9999999999999999
seq16361@24,seq665@142,0.9999999999999999
seq16361@24,seq19083@16,0.9999999999999999
seq16361@24,seq11084@28,0.9999999999999999
seq16361@24,seq827@40,0.9999999999999999
seq16361@24,seq12056@15,0.9999999999999999
seq16361@24,seq7903@50,0.9999999999999999
seq16361@24,seq304@159,0.9999999999999999
seq16361@24,seq18051@15,0.9999999999999999
seq16361@24,seq727@97,0.9999999999999999
seq16361@24,seq18658@14,0.9999999999999999
seq16361@24,seq7943@23,0.9999999999999999
seq16361@24,seq1789@33,0.9999999999999999
seq16361@24,seq3869@13,0.9999999999999999
seq16361@24,seq4911@51,0.9999999999999999
seq16361@24,seq9228@13,0.9999999999999999
seq16361@24,seq6853@35,0.9999999999999999
seq16361@24,seq5557@100,0.9999999999999999
seq16361@24,seq11119@13,0.9999999999999999
seq16361@24,seq1157@22,0.9999999999999999
seq16361@24,seq36481@13,0.9999999999999999
seq16361@24,seq2829@96,0.9999999999999999
seq16361@24,seq2945@101,0.9999999999999999
seq16361@24,seq6441@14,0.9999999999999999
seq16361@24,seq8635@17,0.9999999999999999
seq16361@24,seq51@191,0.9999999999999999
seq16361@24,seq3044@174,0.9999999999999999
seq16361@24,seq32@162,0.9999999999999999
seq16361@24,seq5261@140,0.9999999999999999
seq16361@24,seq735@110,0.9999999999999999
seq16361@24,seq59@102,0.9999999999999999
seq16361@24,seq1941@68,0.9999999999999999
seq16361@24,seq1484@47,0.9999999999999999
seq16361@24,seq4376@42,0.9999999999999999
seq16361@24,seq2344@27,0.9878787878787878
seq16361@24,seq1344@16,0.9999999999999999
seq16361@24,seq10715@16,0.9878787878787878
seq16361@24,seq11724@14,0.9999999999999999
seq16361@24,seq14484@12,0.9999999999999999
seq16361@24,seq7157@37,0.9999999999999999
seq16361@24,seq5804@94,0.9999999999999999
seq2523@63,seq20171@24,0.9999999999999999
seq2523@63,seq2080@46,0.9999999999999999
seq2523@63,seq6322@23,0.9999999999999999
seq2523@63,seq2288@41,0.9999999999999999
seq2523@63,seq20861@21,0.9999999999999999
seq2523@63,seq7548@66,0.9999999999999999
seq2523@63,seq34692@20,0.9999999999999999
seq2523@63,seq5071@20,0.9999999999999999
seq2523@63,seq4004@18,0.9999999999999999
seq2523@63,seq9605@100,0.9999999999999999
seq2523@63,seq6735@17,0.9999999999999999
seq2523@63,seq2729@134,0.9999999999999999
seq2523@63,seq8973@16,0.9999999999999999
seq2523@63,seq10250@26,0.9999999999999999
seq2523@63,seq665@142,0.9999999999999999
seq2523@63,seq19083@16,0.9999999999999999
seq2523@63,seq11084@28,0.9999999999999999
seq2523@63,seq827@40,0.9999999999999999
seq2523@63,seq12056@15,0.9999999999999999
seq2523@63,seq7903@50,0.9999999999999999
seq2523@63,seq304@159,0.9999999999999999
seq2523@63,seq18051@15,0.9999999999999999
seq2523@63,seq727@97,0.9999999999999999
seq2523@63,seq18658@14,0.9999999999999999
seq2523@63,seq7943@23,0.9999999999999999
seq2523@63,seq1789@33,0.9999999999999999
seq2523@63,seq3869@13,0.9999999999999999
seq2523@63,seq4911@51,0.9999999999999999
seq2523@63,seq9228@13,0.9999999999999999
seq2523@63,seq6853@35,0.9999999999999999
seq2523@63,seq5557@100,0.9999999999999999
seq2523@63,seq11119@13,0.9999999999999999
seq2523@63,seq1157@22,0.9999999999999999
seq2523@63,seq36481@13,0.9999999999999999
seq2523@63,seq2829@96,0.9999999999999999
seq2523@63,seq2945@101,0.9999999999999999
seq2523@63,seq6441@14,0.9999999999999999
seq2523@63,seq8635@17,0.9999999999999999
seq2523@63,seq51@191,0.9999999999999999
seq2523@63,seq3044@174,0.9999999999999999
seq2523@63,seq32@162,0.9999999999999999
seq2523@63,seq5261@140,0.9999999999999999
seq2523@63,seq735@110,0.9999999999999999
seq2523@63,seq59@102,0.9999999999999999
seq2523@63,seq1941@68,0.9999999999999999
seq2523@63,seq1484@47,0.9999999999999999
seq2523@63,seq4376@42,0.9999999999999999
seq2523@63,seq2344@27,0.9878787878787878
seq2523@63,seq1344@16,0.9999999999999999
seq2523@63,seq10715@16,0.9878787878787878
seq2523@63,seq11724@14,0.9999999999999999
seq2523@63,seq14484@12,0.9999999999999999
seq2523@63,seq7157@37,0.9999999999999999
seq2523@63,seq5804@94,0.9999999999999999
seq20171@24,seq2080@46,0.9999999999999999
seq20171@24,seq6322@23,0.9999999999999999
seq20171@24,seq2288@41,0.9999999999999999
seq20171@24,seq20861@21,0.9999999999999999
seq20171@24,seq7548@66,0.9999999999999999
seq20171@24,seq34692@20,0.9999999999999999
seq20171@24,seq5071@20,0.9999999999999999
seq20171@24,seq4004@18,0.9999999999999999
seq20171@24,seq9605@100,0.9999999999999999
seq20171@24,seq6735@17,0.9999999999999999
seq20171@24,seq2729@134,0.9999999999999999
seq20171@24,seq8973@16,0.9999999999999999
seq20171@24,seq10250@26,0.9999999999999999
seq20171@24,seq665@142,0.9999999999999999
seq20171@24,seq19083@16,0.9999999999999999
seq20171@24,seq11084@28,0.9999999999999999
seq20171@24,seq827@40,0.9999999999999999
seq20171@24,seq12056@15,0.9999999999999999
seq20171@24,seq7903@50,0.9999999999999999
seq20171@24,seq304@159,0.9999999999999999
seq20171@24,seq18051@15,0.9999999999999999
seq20171@24,seq727@97,0.9999999999999999
seq20171@24,seq18658@14,0.9999999999999999
seq20171@24,seq7943@23,0.9999999999999999
seq20171@24,seq1789@33,0.9999999999999999
seq20171@24,seq3869@13,0.9999999999999999
seq20171@24,seq4911@51,0.9999999999999999
seq20171@24,seq9228@13,0.9999999999999999
seq20171@24,seq6853@35,0.9999999999999999
seq20171@24,seq5557@100,0.9999999999999999
seq20171@24,seq11119@13,0.9999999999999999
seq20171@24,seq1157@22,0.9999999999999999
seq20171@24,seq36481@13,0.9999999999999999
seq20171@24,seq2829@96,0.9999999999999999
seq20171@24,seq2945@101,0.9999999999999999
seq20171@24,seq6441@14,0.9999999999999999
seq20171@24,seq8635@17,0.9999999999999999
seq20171@24,seq51@191,0.9999999999999999
seq20171@24,seq3044@174,0.9999999999999999
seq20171@24,seq32@162,0.9999999999999999
seq20171@24,seq5261@140,0.9999999999999999
seq20171@24,seq735@110,0.9999999999999999
seq20171@24,seq59@102,0.9999999999999999
seq20171@24,seq1941@68,0.9999999999999999
seq20171@24,seq1484@47,0.9999999999999999
seq20171@24,seq4376@42,0.9999999999999999
seq20171@24,seq2344@27,0.9878787878787878
seq20171@24,seq1344@16,0.9999999999999999
seq20171@24,seq10715@16,0.9878787878787878
seq20171@24,seq11724@14,0.9999999999999999
seq20171@24,seq14484@12,0.9999999999999999
seq20171@24,seq7157@37,0.9999999999999999
seq20171@24,seq5804@94,0.9999999999999999
seq2080@46,seq6322@23,0.9999999999999999
seq2080@46,seq2288@41,0.9999999999999999
seq2080@46,seq20861@21,0.9999999999999999
seq2080@46,seq7548@66,0.9999999999999999
seq2080@46,seq34692@20,0.9999999999999999
seq2080@46,seq5071@20,0.9999999999999999
seq2080@46,seq4004@18,0.9999999999999999
seq2080@46,seq9605@100,0.9999999999999999
seq2080@46,seq6735@17,0.9999999999999999
seq2080@46,seq2729@134,0.9999999999999999
seq2080@46,seq8973@16,0.9999999999999999
seq2080@46,seq10250@26,0.9999999999999999
seq2080@46,seq665@142,0.9999999999999999
seq2080@46,seq19083@16,0.9999999999999999
seq2080@46,seq11084@28,0.9999999999999999
seq2080@46,seq827@40,0.9999999999999999
seq2080@46,seq12056@15,0.9999999999999999
seq2080@46,seq7903@50,0.9999999999999999
seq2080@46,seq304@159,0.9999999999999999
seq2080@46,seq18051@15,0.9999999999999999
seq2080@46,seq727@97,0.9999999999999999
seq2080@46,seq18658@14,0.9999999999999999
seq2080@46,seq7943@23,0.9999999999999999
seq2080@46,seq1789@33,0.9999999999999999
seq2080@46,seq3869@13,0.9999999999999999
seq2080@46,seq4911@51,0.9999999999999999
seq2080@46,seq9228@13,0.9999999999999999
seq2080@46,seq6853@35,0.9999999999999999
seq2080@46,seq5557@100,0.9999999999999999
seq2080@46,seq11119@13,0.9999999999999999
seq2080@46,seq1157@22,0.9999999999999999
seq2080@46,seq36481@13,0.9999999999999999
seq2080@46,seq2829@96,0.9999999999999999
seq2080@46,seq2945@101,0.9999999999999999
seq2080@46,seq6441@14,0.9999999999999999
seq2080@46,seq8635@17,0.9999999999999999
seq2080@46,seq51@191,0.9999999999999999
seq2080@46,seq3044@174,0.9999999999999999
seq2080@46,seq32@162,0.9999999999999999
seq2080@46,seq5261@140,0.9999999999999999
seq2080@46,seq735@110,0.9999999999999999
seq2080@46,seq59@102,0.9999999999999999
seq2080@46,seq1941@68,0.9999999999999999
seq2080@46,seq1484@47,0.9999999999999999
seq2080@46,seq4376@42,0.9999999999999999
seq2080@46,seq2344@27,0.9878787878787878
seq2080@46,seq1344@16,0.9999999999999999
seq2080@46,seq10715@16,0.9878787878787878
seq2080@46,seq11724@14,0.9999999999999999
seq2080@46,seq14484@12,0.9999999999999999
seq2080@46,seq7157@37,0.9999999999999999
seq2080@46,seq5804@94,0.9999999999999999
seq6322@23,seq2288@41,0.9999999999999999
seq6322@23,seq20861@21,0.9999999999999999
seq6322@23,seq7548@66,0.9999999999999999
seq6322@23,seq34692@20,0.9999999999999999
seq6322@23,seq5071@20,0.9999999999999999
seq6322@23,seq4004@18,0.9999999999999999
seq6322@23,seq9605@100,0.9999999999999999
seq6322@23,seq6735@17,0.9999999999999999
seq6322@23,seq2729@134,0.9999999999999999
seq6322@23,seq8973@16,0.9999999999999999
seq6322@23,seq10250@26,0.9999999999999999
seq6322@23,seq665@142,0.9999999999999999
seq6322@23,seq19083@16,0.9999999999999999
seq6322@23,seq11084@28,0.9999999999999999
seq6322@23,seq827@40,0.9999999999999999
seq6322@23,seq12056@15,0.9999999999999999
seq6322@23,seq7903@50,0.9999999999999999
seq6322@23,seq304@159,0.9999999999999999
seq6322@23,seq18051@15,0.9999999999999999
seq6322@23,seq727@97,0.9999999999999999
seq6322@23,seq18658@14,0.9999999999999999
seq6322@23,seq7943@23,0.9999999999999999
seq6322@23,seq1789@33,0.9999999999999999
seq6322@23,seq3869@13,0.9999999999999999
seq6322@23,seq4911@51,0.9999999999999999
seq6322@23,seq9228@13,0.9999999999999999
seq6322@23,seq6853@35,0.9999999999999999
seq6322@23,seq5557@100,0.9999999999999999
seq6322@23,seq11119@13,0.9999999999999999
seq6322@23,seq1157@22,0.9999999999999999
seq6322@23,seq36481@13,0.9999999999999999
seq6322@23,seq2829@96,0.9999999999999999
seq6322@23,seq2945@101,0.9999999999999999
seq6322@23,seq6441@14,0.9999999999999999
seq6322@23,seq8635@17,0.9999999999999999
seq6322@23,seq51@191,0.9999999999999999
seq6322@23,seq3044@174,0.9999999999999999
seq6322@23,seq32@162,0.9999999999999999
seq6322@23,seq5261@140,0.9999999999999999
seq6322@23,seq735@110,0.9999999999999999
seq6322@23,seq59@102,0.9999999999999999
seq6322@23,seq1941@68,0.9999999999999999
seq6322@23,seq1484@47,0.9999999999999999
seq6322@23,seq4376@42,0.9999999999999999
seq6322@23,seq2344@27,0.9878787878787878
seq6322@23,seq1344@16,0.9999999999999999
seq6322@23,seq10715@16,0.9878787878787878
seq6322@23,seq11724@14,0.9999999999999999
seq6322@23,seq14484@12,0.9999999999999999
seq6322@23,seq7157@37,0.9999999999999999
seq6322@23,seq5804@94,0.9999999999999999
seq2288@41,seq20861@21,0.9999999999999999
seq2288@41,seq7548@66,0.9999999999999999
seq2288@41,seq34692@20,0.9999999999999999
seq2288@41,seq5071@20,0.9999999999999999
seq2288@41,seq4004@18,0.9999999999999999
seq2288@41,seq9605@100,0.9999999999999999
seq2288@41,seq6735@17,0.9999999999999999
seq2288@41,seq2729@134,0.9999999999999999
seq2288@41,seq8973@16,0.9999999999999999
seq2288@41,seq10250@26,0.9999999999999999
seq2288@41,seq665@142,0.9999999999999999
seq2288@41,seq19083@16,0.9999999999999999
seq2288@41,seq11084@28,0.9999999999999999
seq2288@41,seq827@40,0.9999999999999999
seq2288@41,seq12056@15,0.9999999999999999
seq2288@41,seq7903@50,0.9999999999999999
seq2288@41,seq304@159,0.9999999999999999
seq2288@41,seq18051@15,0.9999999999999999
seq2288@41,seq727@97,0.9999999999999999
seq2288@41,seq18658@14,0.9999999999999999
seq2288@41,seq7943@23,0.9999999999999999
seq2288@41,seq1789@33,0.9999999999999999
seq2288@41,seq3869@13,0.9999999999999999
seq2288@41,seq4911@51,0.9999999999999999
seq2288@41,seq9228@13,0.9999999999999999
seq2288@41,seq6853@35,0.9999999999999999
seq2288@41,seq5557@100,0.9999999999999999
seq2288@41,seq11119@13,0.9999999999999999
seq2288@41,seq1157@22,0.9999999999999999
seq2288@41,seq36481@13,0.9999999999999999
seq2288@41,seq2829@96,0.9999999999999999
seq2288@41,seq2945@101,0.9999999999999999
seq2288@41,seq6441@14,0.9999999999999999
seq2288@41,seq8635@17,0.9999999999999999
seq2288@41,seq51@191,0.9999999999999999
seq2288@41,seq3044@174,0.9999999999999999
seq2288@41,seq32@162,0.9999999999999999
seq2288@41,seq5261@140,0.9999999999999999
seq2288@41,seq735@110,0.9999999999999999
seq2288@41,seq59@102,0.9999999999999999
seq2288@41,seq1941@68,0.9999999999999999
seq2288@41,seq1484@47,0.9999999999999999
seq2288@41,seq4376@42,0.9999999999999999
seq2288@41,seq2344@27,0.9878787878787878
seq2288@41,seq1344@16,0.9999999999999999
seq2288@41,seq10715@16,0.9878787878787878
seq2288@41,seq11724@14,0.9999999999999999
seq2288@41,seq14484@12,0.9999999999999999
seq2288@41,seq7157@37,0.9999999999999999
seq2288@41,seq5804@94,0.9999999999999999
seq20861@21,seq7548@66,0.9999999999999999
seq20861@21,seq34692@20,0.9999999999999999
seq20861@21,seq5071@20,0.9999999999999999
seq20861@21,seq4004@18,0.9999999999999999
seq20861@21,seq9605@100,0.9999999999999999
seq20861@21,seq6735@17,0.9999999999999999
seq20861@21,seq2729@134,0.9999999999999999
seq20861@21,seq8973@16,0.9999999999999999
seq20861@21,seq10250@26,0.9999999999999999
seq20861@21,seq665@142,0.9999999999999999
seq20861@21,seq19083@16,0.9999999999999999
seq20861@21,seq11084@28,0.9999999999999999
seq20861@21,seq827@40,0.9999999999999999
seq20861@21,seq12056@15,0.9999999999999999
seq20861@21,seq7903@50,0.9999999999999999
seq20861@21,seq304@159,0.9999999999999999
seq20861@21,seq18051@15,0.9999999999999999
seq20861@21,seq727@97,0.9999999999999999
seq20861@21,seq18658@14,0.9999999999999999
seq20861@21,seq7943@23,0.9999999999999999
seq20861@21,seq1789@33,0.9999999999999999
seq20861@21,seq3869@13,0.9999999999999999
seq20861@21,seq4911@51,0.9999999999999999
seq20861@21,seq9228@13,0.9999999999999999
seq20861@21,seq6853@35,0.9999999999999999
seq20861@21,seq5557@100,0.9999999999999999
seq20861@21,seq11119@13,0.9999999999999999
seq20861@21,seq1157@22,0.9999999999999999
seq20861@21,seq36481@13,0.9999999999999999
seq20861@21,seq2829@96,0.9999999999999999
seq20861@21,seq2945@101,0.9999999999999999
seq20861@21,seq6441@14,0.9999999999999999
seq20861@21,seq8635@17,0.9999999999999999
seq20861@21,seq51@191,0.9999999999999999
seq20861@21,seq3044@174,0.9999999999999999
seq20861@21,seq32@162,0.9999999999999999
seq20861@21,seq5261@140,0.9999999999999999
seq20861@21,seq735@110,0.9999999999999999
seq20861@21,seq59@102,0.9999999999999999
seq20861@21,seq1941@68,0.9999999999999999
seq20861@21,seq1484@47,0.9999999999999999
seq20861@21,seq4376@42,0.9999999999999999
seq20861@21,seq2344@27,0.9878787878787878
seq20861@21,seq1344@16,0.9999999999999999
seq20861@21,seq10715@16,0.9878787878787878
seq20861@21,seq11724@14,0.9999999999999999
seq20861@21,seq14484@12,0.9999999999999999
seq20861@21,seq7157@37,0.9999999999999999
seq20861@21,seq5804@94,0.9999999999999999
seq7548@66,seq34692@20,0.9999999999999999
seq7548@66,seq5071@20,0.9999999999999999
seq7548@66,seq4004@18,0.9999999999999999
seq7548@66,seq9605@100,0.9999999999999999
seq7548@66,seq6735@17,0.9999999999999999
seq7548@66,seq2729@134,0.9999999999999999
seq7548@66,seq8973@16,0.9999999999999999
seq7548@66,seq10250@26,0.9999999999999999
seq7548@66,seq665@142,0.9999999999999999
seq7548@66,seq19083@16,0.9999999999999999
seq7548@66,seq11084@28,0.9999999999999999
seq7548@66,seq827@40,0.9999999999999999
seq7548@66,seq12056@15,0.9999999999999999
seq7548@66,seq7903@50,0.9999999999999999
seq7548@66,seq304@159,0.9999999999999999
seq7548@66,seq18051@15,0.9999999999999999
seq7548@66,seq727@97,0.9999999999999999
seq7548@66,seq18658@14,0.9999999999999999
seq7548@66,seq7943@23,0.9999999999999999
seq7548@66,seq1789@33,0.9999999999999999
seq7548@66,seq3869@13,0.9999999999999999
seq7548@66,seq4911@51,0.9999999999999999
seq7548@66,seq9228@13,0.9999999999999999
seq7548@66,seq6853@35,0.9999999999999999
seq7548@66,seq5557@100,0.9999999999999999
seq7548@66,seq11119@13,0.9999999999999999
seq7548@66,seq1157@22,0.9999999999999999
seq7548@66,seq36481@13,0.9999999999999999
seq7548@66,seq2829@96,0.9999999999999999
seq7548@66,seq2945@101,0.9999999999999999
seq7548@66,seq6441@14,0.9999999999999999
seq7548@66,seq8635@17,0.9999999999999999
seq7548@66,seq51@191,0.9999999999999999
seq7548@66,seq3044@174,0.9999999999999999
seq7548@66,seq32@162,0.9999999999999999
seq7548@66,seq5261@140,0.9999999999999999
seq7548@66,seq735@110,0.9999999999999999
seq7548@66,seq59@102,0.9999999999999999
seq7548@66,seq1941@68,0.9999999999999999
seq7548@66,seq1484@47,0.9999999999999999
seq7548@66,seq4376@42,0.9999999999999999
seq7548@66,seq2344@27,0.9878787878787878
seq7548@66,seq1344@16,0.9999999999999999
seq7548@66,seq10715@16,0.9878787878787878
seq7548@66,seq11724@14,0.9999999999999999
seq7548@66,seq14484@12,0.9999999999999999
seq7548@66,seq7157@37,0.9999999999999999
seq7548@66,seq5804@94,0.9999999999999999
seq34692@20,seq5071@20,0.9999999999999999
seq34692@20,seq4004@18,0.9999999999999999
seq34692@20,seq9605@100,0.9999999999999999
seq34692@20,seq6735@17,0.9999999999999999
seq34692@20,seq2729@134,0.9999999999999999
seq34692@20,seq8973@16,0.9999999999999999
seq34692@20,seq10250@26,0.9999999999999999
seq34692@20,seq665@142,0.9999999999999999
seq34692@20,seq19083@16,0.9999999999999999
seq34692@20,seq11084@28,0.9999999999999999
seq34692@20,seq827@40,0.9999999999999999
seq34692@20,seq12056@15,0.9999999999999999
seq34692@20,seq7903@50,0.9999999999999999
seq34692@20,seq304@159,0.9999999999999999
seq34692@20,seq18051@15,0.9999999999999999
seq34692@20,seq727@97,0.9999999999999999
seq34692@20,seq18658@14,0.9999999999999999
seq34692@20,seq7943@23,0.9999999999999999
seq34692@20,seq1789@33,0.9999999999999999
seq34692@20,seq3869@13,0.9999999999999999
seq34692@20,seq4911@51,0.9999999999999999
seq34692@20,seq9228@13,0.9999999999999999
seq34692@20,seq6853@35,0.9999999999999999
seq34692@20,seq5557@100,0.9999999999999999
seq34692@20,seq11119@13,0.9999999999999999
seq34692@20,seq1157@22,0.9999999999999999
seq34692@20,seq36481@13,0.9999999999999999
seq34692@20,seq2829@96,0.9999999999999999
seq34692@20,seq2945@101,0.9999999999999999
seq34692@20,seq6441@14,0.9999999999999999
seq34692@20,seq8635@17,0.9999999999999999
seq34692@20,seq51@191,0.9999999999999999
seq34692@20,seq3044@174,0.9999999999999999
seq34692@20,seq32@162,0.9999999999999999
seq34692@20,seq5261@140,0.9999999999999999
seq34692@20,seq735@110,0.9999999999999999
seq34692@20,seq59@102,0.9999999999999999
seq34692@20,seq1941@68,0.9999999999999999
seq34692@20,seq1484@47,0.9999999999999999
seq34692@20,seq4376@42,0.9999999999999999
seq34692@20,seq2344@27,0.9878787878787878
seq34692@20,seq1344@16,0.9999999999999999
seq34692@20,seq10715@16,0.9878787878787878
seq34692@20,seq11724@14,0.9999999999999999
seq34692@20,seq14484@12,0.9999999999999999
seq34692@20,seq7157@37,0.9999999999999999
seq34692@20,seq5804@94,0.9999999999999999
seq5071@20,seq4004@18,0.9999999999999999
seq5071@20,seq9605@100,0.9999999999999999
seq5071@20,seq6735@17,0.9999999999999999
seq5071@20,seq2729@134,0.9999999999999999
seq5071@20,seq8973@16,0.9999999999999999
seq5071@20,seq10250@26,0.9999999999999999
seq5071@20,seq665@142,0.9999999999999999
seq5071@20,seq19083@16,0.9999999999999999
seq5071@20,seq11084@28,0.9999999999999999
seq5071@20,seq827@40,0.9999999999999999
seq5071@20,seq12056@15,0.9999999999999999
seq5071@20,seq7903@50,0.9999999999999999
seq5071@20,seq304@159,0.9999999999999999
seq5071@20,seq18051@15,0.9999999999999999
seq5071@20,seq727@97,0.9999999999999999
seq5071@20,seq18658@14,0.9999999999999999
seq5071@20,seq7943@23,0.9999999999999999
seq5071@20,seq1789@33,0.9999999999999999
seq5071@20,seq3869@13,0.9999999999999999
seq5071@20,seq4911@51,0.9999999999999999
seq5071@20,seq9228@13,0.9999999999999999
seq5071@20,seq6853@35,0.9999999999999999
seq5071@20,seq5557@100,0.9999999999999999
seq5071@20,seq11119@13,0.9999999999999999
seq5071@20,seq1157@22,0.9999999999999999
seq5071@20,seq36481@13,0.9999999999999999
seq5071@20,seq2829@96,0.9999999999999999
seq5071@20,seq2945@101,0.9999999999999999
seq5071@20,seq6441@14,0.9999999999999999
seq5071@20,seq8635@17,0.9999999999999999
seq5071@20,seq51@191,0.9999999999999999
seq5071@20,seq3044@174,0.9999999999999999
seq5071@20,seq32@162,0.9999999999999999
seq5071@20,seq5261@140,0.9999999999999999
seq5071@20,seq735@110,0.9999999999999999
seq5071@20,seq59@102,0.9999999999999999
seq5071@20,seq1941@68,0.9999999999999999
seq5071@20,seq1484@47,0.9999999999999999
seq5071@20,seq4376@42,0.9999999999999999
seq5071@20,seq2344@27,0.9878787878787878
seq5071@20,seq1344@16,0.9999999999999999
seq5071@20,seq10715@16,0.9878787878787878
seq5071@20,seq11724@14,0.9999999999999999
seq5071@20,seq14484@12,0.9999999999999999
seq5071@20,seq7157@37,0.9999999999999999
seq5071@20,seq5804@94,0.9999999999999999
seq4004@18,seq9605@100,0.9999999999999999
seq4004@18,seq6735@17,0.9999999999999999
seq4004@18,seq2729@134,0.9999999999999999
seq4004@18,seq8973@16,0.9999999999999999
seq4004@18,seq10250@26,0.9999999999999999
seq4004@18,seq665@142,0.9999999999999999
seq4004@18,seq19083@16,0.9999999999999999
seq4004@18,seq11084@28,0.9999999999999999
seq4004@18,seq827@40,0.9999999999999999
seq4004@18,seq12056@15,0.9999999999999999
seq4004@18,seq7903@50,0.9999999999999999
seq4004@18,seq304@159,0.9999999999999999
seq4004@18,seq18051@15,0.9999999999999999
seq4004@18,seq727@97,0.9999999999999999
seq4004@18,seq18658@14,0.9999999999999999
seq4004@18,seq7943@23,0.9999999999999999
seq4004@18,seq1789@33,0.9999999999999999
seq4004@18,seq3869@13,0.9999999999999999
seq4004@18,seq4911@51,0.9999999999999999
seq4004@18,seq9228@13,0.9999999999999999
seq4004@18,seq6853@35,0.9999999999999999
seq4004@18,seq5557@100,0.9999999999999999
seq4004@18,seq11119@13,0.9999999999999999
seq4004@18,seq1157@22,0.9999999999999999
seq4004@18,seq36481@13,0.9999999999999999
seq4004@18,seq2829@96,0.9999999999999999
seq4004@18,seq2945@101,0.9999999999999999
seq4004@18,seq6441@14,0.9999999999999999
seq4004@18,seq8635@17,0.9999999999999999
seq4004@18,seq51@191,0.9999999999999999
seq4004@18,seq3044@174,0.9999999999999999
seq4004@18,seq32@162,0.9999999999999999
seq4004@18,seq5261@140,0.9999999999999999
seq4004@18,seq735@110,0.9999999999999999
seq4004@18,seq59@102,0.9999999999999999
seq4004@18,seq1941@68,0.9999999999999999
seq4004@18,seq1484@47,0.9999999999999999
seq4004@18,seq4376@42,0.9999999999999999
seq4004@18,seq2344@27,0.9878787878787878
seq4004@18,seq1344@16,0.9999999999999999
seq4004@18,seq10715@16,0.9878787878787878
seq4004@18,seq11724@14,0.9999999999999999
seq4004@18,seq14484@12,0.9999999999999999
seq4004@18,seq7157@37,0.9999999999999999
seq4004@18,seq5804@94,0.9999999999999999
seq9605@100,seq6735@17,0.9999999999999999
seq9605@100,seq2729@134,0.9999999999999999
seq9605@100,seq8973@16,0.9999999999999999
seq9605@100,seq10250@26,0.9999999999999999
seq9605@100,seq665@142,0.9999999999999999
seq9605@100,seq19083@16,0.9999999999999999
seq9605@100,seq11084@28,0.9999999999999999
seq9605@100,seq827@40,0.9999999999999999
seq9605@100,seq12056@15,0.9999999999999999
seq9605@100,seq7903@50,0.9999999999999999
seq9605@100,seq304@159,0.9999999999999999
seq9605@100,seq18051@15,0.9999999999999999
seq9605@100,seq727@97,0.9999999999999999
seq9605@100,seq18658@14,0.9999999999999999
seq9605@100,seq7943@23,0.9999999999999999
seq9605@100,seq1789@33,0.9999999999999999
seq9605@100,seq3869@13,0.9999999999999999
seq9605@100,seq4911@51,0.9999999999999999
seq9605@100,seq9228@13,0.9999999999999999
seq9605@100,seq6853@35,0.9999999999999999
seq9605@100,seq5557@100,0.9999999999999999
seq9605@100,seq11119@13,0.9999999999999999
seq9605@100,seq1157@22,0.9999999999999999
seq9605@100,seq36481@13,0.9999999999999999
seq9605@100,seq2829@96,0.9999999999999999
seq9605@100,seq2945@101,0.9999999999999999
seq9605@100,seq6441@14,0.9999999999999999
seq9605@100,seq8635@17,0.9999999999999999
seq9605@100,seq51@191,0.9999999999999999
seq9605@100,seq3044@174,0.9999999999999999
seq9605@100,seq32@162,0.9999999999999999
seq9605@100,seq5261@140,0.9999999999999999
seq9605@100,seq735@110,0.9999999999999999
seq9605@100,seq59@102,0.9999999999999999
seq9605@100,seq1941@68,0.9999999999999999
seq9605@100,seq1484@47,0.9999999999999999
seq9605@100,seq4376@42,0.9999999999999999
seq9605@100,seq2344@27,0.9878787878787878
seq9605@100,seq1344@16,0.9999999999999999
seq9605@100,seq10715@16,0.9878787878787878
seq9605@100,seq11724@14,0.9999999999999999
seq9605@100,seq14484@12,0.9999999999999999
seq9605@100,seq7157@37,0.9999999999999999
seq9605@100,seq5804@94,0.9999999999999999
seq6735@17,seq2729@134,0.9999999999999999
seq6735@17,seq8973@16,0.9999999999999999
seq6735@17,seq10250@26,0.9999999999999999
seq6735@17,seq665@142,0.9999999999999999
seq6735@17,seq19083@16,0.9999999999999999
seq6735@17,seq11084@28,0.9999999999999999
seq6735@17,seq827@40,0.9999999999999999
seq6735@17,seq12056@15,0.9999999999999999
seq6735@17,seq7903@50,0.9999999999999999
seq6735@17,seq304@159,0.9999999999999999
seq6735@17,seq18051@15,0.9999999999999999
seq6735@17,seq727@97,0.9999999999999999
seq6735@17,seq18658@14,0.9999999999999999
seq6735@17,seq7943@23,0.9999999999999999
seq6735@17,seq1789@33,0.9999999999999999
seq6735@17,seq3869@13,0.9999999999999999
seq6735@17,seq4911@51,0.9999999999999999
seq6735@17,seq9228@13,0.9999999999999999
seq6735@17,seq6853@35,0.9999999999999999
seq6735@17,seq5557@100,0.9999999999999999
seq6735@17,seq11119@13,0.9999999999999999
seq6735@17,seq1157@22,0.9999999999999999
seq6735@17,seq36481@13,0.9999999999999999
seq6735@17,seq2829@96,0.9999999999999999
seq6735@17,seq2945@101,0.9999999999999999
seq6735@17,seq6441@14,0.9999999999999999
seq6735@17,seq8635@17,0.9999999999999999
seq6735@17,seq51@191,0.9999999999999999
seq6735@17,seq3044@174,0.9999999999999999
seq6735@17,seq32@162,0.9999999999999999
seq6735@17,seq5261@140,0.9999999999999999
seq6735@17,seq735@110,0.9999999999999999
seq6735@17,seq59@102,0.9999999999999999
seq6735@17,seq1941@68,0.9999999999999999
seq6735@17,seq1484@47,0.9999999999999999
seq6735@17,seq4376@42,0.9999999999999999
seq6735@17,seq2344@27,0.9878787878787878
seq6735@17,seq1344@16,0.9999999999999999
seq6735@17,seq10715@16,0.9878787878787878
seq6735@17,seq11724@14,0.9999999999999999
seq6735@17,seq14484@12,0.9999999999999999
seq6735@17,seq7157@37,0.9999999999999999
seq6735@17,seq5804@94,0.9999999999999999
seq2729@134,seq8973@16,0.9999999999999999
seq2729@134,seq10250@26,0.9999999999999999
seq2729@134,seq665@142,0.9999999999999999
seq2729@134,seq19083@16,0.9999999999999999
seq2729@134,seq11084@28,0.9999999999999999
seq2729@134,seq827@40,0.9999999999999999
seq2729@134,seq12056@15,0.9999999999999999
seq2729@134,seq7903@50,0.9999999999999999
seq2729@134,seq304@159,0.9999999999999999
seq2729@134,seq18051@15,0.9999999999999999
seq2729@134,seq727@97,0.9999999999999999
seq2729@134,seq18658@14,0.9999999999999999
seq2729@134,seq7943@23,0.9999999999999999
seq2729@134,seq1789@33,0.9999999999999999
seq2729@134,seq3869@13,0.9999999999999999
seq2729@134,seq4911@51,0.9999999999999999
seq2729@134,seq9228@13,0.9999999999999999
seq2729@134,seq6853@35,0.9999999999999999
seq2729@134,seq5557@100,0.9999999999999999
seq2729@134,seq11119@13,0.9999999999999999
seq2729@134,seq1157@22,0.9999999999999999
seq2729@134,seq36481@13,0.9999999999999999
seq2729@134,seq2829@96,0.9999999999999999
seq2729@134,seq2945@101,0.9999999999999999
seq2729@134,seq6441@14,0.9999999999999999
seq2729@134,seq8635@17,0.9999999999999999
seq2729@134,seq51@191,0.9999999999999999
seq2729@134,seq3044@174,0.9999999999999999
seq2729@134,seq32@162,0.9999999999999999
seq2729@134,seq5261@140,0.9999999999999999
seq2729@134,seq735@110,0.9999999999999999
seq2729@134,seq59@102,0.9999999999999999
seq2729@134,seq1941@68,0.9999999999999999
seq2729@134,seq1484@47,0.9999999999999999
seq2729@134,seq4376@42,0.9999999999999999
seq2729@134,seq2344@27,0.9878787878787878
seq2729@134,seq1344@16,0.9999999999999999
seq2729@134,seq10715@16,0.9878787878787878
seq2729@134,seq11724@14,0.9999999999999999
seq2729@134,seq14484@12,0.9999999999999999
seq2729@134,seq7157@37,0.9999999999999999
seq2729@134,seq5804@94,0.9999999999999999
seq8973@16,seq10250@26,0.9999999999999999
seq8973@16,seq665@142,0.9999999999999999
seq8973@16,seq19083@16,0.9999999999999999
seq8973@16,seq11084@28,0.9999999999999999
seq8973@16,seq827@40,0.9999999999999999
seq8973@16,seq12056@15,0.9999999999999999
seq8973@16,seq7903@50,0.9999999999999999
seq8973@16,seq304@159,0.9999999999999999
seq8973@16,seq18051@15,0.9999999999999999
seq8973@16,seq727@97,0.9999999999999999
seq8973@16,seq18658@14,0.9999999999999999
seq8973@16,seq7943@23,0.9999999999999999
seq8973@16,seq1789@33,0.9999999999999999
seq8973@16,seq3869@13,0.9999999999999999
seq8973@16,seq4911@51,0.9999999999999999
seq8973@16,seq9228@13,0.9999999999999999
seq8973@16,seq6853@35,0.9999999999999999
seq8973@16,seq5557@100,0.9999999999999999
seq8973@16,seq11119@13,0.9999999999999999
seq8973@16,seq1157@22,0.9999999999999999
seq8973@16,seq36481@13,0.9999999999999999
seq8973@16,seq2829@96,0.9999999999999999
seq8973@16,seq2945@101,0.9999999999999999
seq8973@16,seq6441@14,0.9999999999999999
seq8973@16,seq8635@17,0.9999999999999999
seq8973@16,seq51@191,0.9999999999999999
seq8973@16,seq3044@174,0.9999999999999999
seq8973@16,seq32@162,0.9999999999999999
seq8973@16,seq5261@140,0.9999999999999999
seq8973@16,seq735@110,0.9999999999999999
seq8973@16,seq59@102,0.9999999999999999
seq8973@16,seq1941@68,0.9999999999999999
seq8973@16,seq1484@47,0.9999999999999999
seq8973@16,seq4376@42,0.9999999999999999
seq8973@16,seq2344@27,0.9878787878787878
seq8973@16,seq1344@16,0.9999999999999999
seq8973@16,seq10715@16,0.9878787878787878
seq8973@16,seq11724@14,0.9999999999999999
seq8973@16,seq14484@12,0.9999999999999999
seq8973@16,seq7157@37,0.9999999999999999
seq8973@16,seq5804@94,0.9999999999999999
seq10250@26,seq665@142,0.9999999999999999
seq10250@26,seq19083@16,0.9999999999999999
seq10250@26,seq11084@28,0.9999999999999999
seq10250@26,seq827@40,0.9999999999999999
seq10250@26,seq12056@15,0.9999999999999999
seq10250@26,seq7903@50,0.9999999999999999
seq10250@26,seq304@159,0.9999999999999999
seq10250@26,seq18051@15,0.9999999999999999
seq10250@26,seq727@97,0.9999999999999999
seq10250@26,seq18658@14,0.9999999999999999
seq10250@26,seq7943@23,0.9999999999999999
seq10250@26,seq1789@33,0.9999999999999999
seq10250@26,seq3869@13,0.9999999999999999
seq10250@26,seq4911@51,0.9999999999999999
seq10250@26,seq9228@13,0.9999999999999999
seq10250@26,seq6853@35,0.9999999999999999
seq10250@26,seq5557@100,0.9999999999999999
seq10250@26,seq11119@13,0.9999999999999999
seq10250@26,seq1157@22,0.9999999999999999
seq10250@26,seq36481@13,0.9999999999999999
seq10250@26,seq2829@96,0.9999999999999999
seq10250@26,seq2945@101,0.9999999999999999
seq10250@26,seq6441@14,0.9999999999999999
seq10250@26,seq8635@17,0.9999999999999999
seq10250@26,seq51@191,0.9999999999999999
seq10250@26,seq3044@174,0.9999999999999999
seq10250@26,seq32@162,0.9999999999999999
seq10250@26,seq5261@140,0.9999999999999999
seq10250@26,seq735@110,0.9999999999999999
seq10250@26,seq59@102,0.9999999999999999
seq10250@26,seq1941@68,0.9999999999999999
seq10250@26,seq1484@47,0.9999999999999999
seq10250@26,seq4376@42,0.9999999999999999
seq10250@26,seq2344@27,0.9878787878787878
seq10250@26,seq1344@16,0.9999999999999999
seq10250@26,seq10715@16,0.9878787878787878
seq10250@26,seq11724@14,0.9999999999999999
seq10250@26,seq14484@12,0.9999999999999999
seq10250@26,seq7157@37,0.9999999999999999
seq10250@26,seq5804@94,0.9999999999999999
seq665@142,seq19083@16,0.9999999999999999
seq665@142,seq11084@28,0.9999999999999999
seq665@142,seq827@40,0.9999999999999999
seq665@142,seq12056@15,0.9999999999999999
seq665@142,seq7903@50,0.9999999999999999
seq665@142,seq304@159,0.9999999999999999
seq665@142,seq18051@15,0.9999999999999999
seq665@142,seq727@97,0.9999999999999999
seq665@142,seq18658@14,0.9999999999999999
seq665@142,seq7943@23,0.9999999999999999
seq665@142,seq1789@33,0.9999999999999999
seq665@142,seq3869@13,0.9999999999999999
seq665@142,seq4911@51,0.9999999999999999
seq665@142,seq9228@13,0.9999999999999999
seq665@142,seq6853@35,0.9999999999999999
seq665@142,seq5557@100,0.9999999999999999
seq665@142,seq11119@13,0.9999999999999999
seq665@142,seq1157@22,0.9999999999999999
seq665@142,seq36481@13,0.9999999999999999
seq665@142,seq2829@96,0.9999999999999999
seq665@142,seq2945@101,0.9999999999999999
seq665@142,seq6441@14,0.9999999999999999
seq665@142,seq8635@17,0.9999999999999999
seq665@142,seq51@191,0.9999999999999999
seq665@142,seq3044@174,0.9999999999999999
seq665@142,seq32@162,0.9999999999999999
seq665@142,seq5261@140,0.9999999999999999
seq665@142,seq735@110,0.9999999999999999
seq665@142,seq59@102,0.9999999999999999
seq665@142,seq1941@68,0.9999999999999999
seq665@142,seq1484@47,0.9999999999999999
seq665@142,seq4376@42,0.9999999999999999
seq665@142,seq2344@27,0.9878787878787878
seq665@142,seq1344@16,0.9999999999999999
seq665@142,seq10715@16,0.9878787878787878
seq665@142,seq11724@14,0.9999999999999999
seq665@142,seq14484@12,0.9999999999999999
seq665@142,seq7157@37,0.9999999999999999
seq665@142,seq5804@94,0.9999999999999999
seq19083@16,seq11084@28,0.9999999999999999
seq19083@16,seq827@40,0.9999999999999999
seq19083@16,seq12056@15,0.9999999999999999
seq19083@16,seq7903@50,0.9999999999999999
seq19083@16,seq304@159,0.9999999999999999
seq19083@16,seq18051@15,0.9999999999999999
seq19083@16,seq727@97,0.9999999999999999
seq19083@16,seq18658@14,0.9999999999999999
seq19083@16,seq7943@23,0.9999999999999999
seq19083@16,seq1789@33,0.9999999999999999
seq19083@16,seq3869@13,0.9999999999999999
seq19083@16,seq4911@51,0.9999999999999999
seq19083@16,seq9228@13,0.9999999999999999
seq19083@16,seq6853@35,0.9999999999999999
seq19083@16,seq5557@100,0.9999999999999999
seq19083@16,seq11119@13,0.9999999999999999
seq19083@16,seq1157@22,0.9999999999999999
seq19083@16,seq36481@13,0.9999999999999999
seq19083@16,seq2829@96,0.9999999999999999
seq19083@16,seq2945@101,0.9999999999999999
seq19083@16,seq6441@14,0.9999999999999999
seq19083@16,seq8635@17,0.9999999999999999
seq19083@16,seq51@191,0.9999999999999999
seq19083@16,seq3044@174,0.9999999999999999
seq19083@16,seq32@162,0.9999999999999999
seq19083@16,seq5261@140,0.9999999999999999
seq19083@16,seq735@110,0.9999999999999999
seq19083@16,seq59@102,0.9999999999999999
seq19083@16,seq1941@68,0.9999999999999999
seq19083@16,seq1484@47,0.9999999999999999
seq19083@16,seq4376@42,0.9999999999999999
seq19083@16,seq2344@27,0.9878787878787878
seq19083@16,seq1344@16,0.9999999999999999
seq19083@16,seq10715@16,0.9878787878787878
seq19083@16,seq11724@14,0.9999999999999999
seq19083@16,seq14484@12,0.9999999999999999
seq19083@16,seq7157@37,0.9999999999999999
seq19083@16,seq5804@94,0.9999999999999999
seq11084@28,seq827@40,0.9999999999999999
seq11084@28,seq12056@15,0.9999999999999999
seq11084@28,seq7903@50,0.9999999999999999
seq11084@28,seq304@159,0.9999999999999999
seq11084@28,seq18051@15,0.9999999999999999
seq11084@28,seq727@97,0.9999999999999999
seq11084@28,seq18658@14,0.9999999999999999
seq11084@28,seq7943@23,0.9999999999999999
seq11084@28,seq1789@33,0.9999999999999999
seq11084@28,seq3869@13,0.9999999999999999
seq11084@28,seq4911@51,0.9999999999999999
seq11084@28,seq9228@13,0.9999999999999999
seq11084@28,seq6853@35,0.9999999999999999
seq11084@28,seq5557@100,0.9999999999999999
seq11084@28,seq11119@13,0.9999999999999999
seq11084@28,seq1157@22,0.9999999999999999
seq11084@28,seq36481@13,0.9999999999999999
seq11084@28,seq2829@96,0.9999999999999999
seq11084@28,seq2945@101,0.9999999999999999
seq11084@28,seq6441@14,0.9999999999999999
seq11084@28,seq8635@17,0.9999999999999999
seq11084@28,seq51@191,0.9999999999999999
seq11084@28,seq3044@174,0.9999999999999999
seq11084@28,seq32@162,0.9999999999999999
seq11084@28,seq5261@140,0.9999999999999999
seq11084@28,seq735@110,0.9999999999999999
seq11084@28,seq59@102,0.9999999999999999
seq11084@28,seq1941@68,0.9999999999999999
seq11084@28,seq1484@47,0.9999999999999999
seq11084@28,seq4376@42,0.9999999999999999
seq11084@28,seq2344@27,0.9878787878787878
seq11084@28,seq1344@16,0.9999999999999999
seq11084@28,seq10715@16,0.9878787878787878
seq11084@28,seq11724@14,0.9999999999999999
seq11084@28,seq14484@12,0.9999999999999999
seq11084@28,seq7157@37,0.9999999999999999
seq11084@28,seq5804@94,0.9999999999999999
seq827@40,seq12056@15,0.9999999999999999
seq827@40,seq7903@50,0.9999999999999999
seq827@40,seq304@159,0.9999999999999999
seq827@40,seq18051@15,0.9999999999999999
seq827@40,seq727@97,0.9999999999999999
seq827@40,seq18658@14,0.9999999999999999
seq827@40,seq7943@23,0.9999999999999999
seq827@40,seq1789@33,0.9999999999999999
seq827@40,seq3869@13,0.9999999999999999
seq827@40,seq4911@51,0.9999999999999999
seq827@40,seq9228@13,0.9999999999999999
seq827@40,seq6853@35,0.9999999999999999
seq827@40,seq5557@100,0.9999999999999999
seq827@40,seq11119@13,0.9999999999999999
seq827@40,seq1157@22,0.9999999999999999
seq827@40,seq36481@13,0.9999999999999999
seq827@40,seq2829@96,0.9999999999999999
seq827@40,seq2945@101,0.9999999999999999
seq827@40,seq6441@14,0.9999999999999999
seq827@40,seq8635@17,0.9999999999999999
seq827@40,seq51@191,0.9999999999999999
seq827@40,seq3044@174,0.9999999999999999
seq827@40,seq32@162,0.9999999999999999
seq827@40,seq5261@140,0.9999999999999999
seq827@40,seq735@110,0.9999999999999999
seq827@40,seq59@102,0.9999999999999999
seq827@40,seq1941@68,0.9999999999999999
seq827@40,seq1484@47,0.9999999999999999
seq827@40,seq4376@42,0.9999999999999999
seq827@40,seq2344@27,0.9878787878787878
seq827@40,seq1344@16,0.9999999999999999
seq827@40,seq10715@16,0.9878787878787878
seq827@40,seq11724@14,0.9999999999999999
seq827@40,seq14484@12,0.9999999999999999
seq827@40,seq7157@37,0.9999999999999999
seq827@40,seq5804@94,0.9999999999999999
seq12056@15,seq7903@50,0.9999999999999999
seq12056@15,seq304@159,0.9999999999999999
seq12056@15,seq18051@15,0.9999999999999999
seq12056@15,seq727@97,0.9999999999999999
seq12056@15,seq18658@14,0.9999999999999999
seq12056@15,seq7943@23,0.9999999999999999
seq12056@15,seq1789@33,0.9999999999999999
seq12056@15,seq3869@13,0.9999999999999999
seq12056@15,seq4911@51,0.9999999999999999
seq12056@15,seq9228@13,0.9999999999999999
seq12056@15,seq6853@35,0.9999999999999999
seq12056@15,seq5557@100,0.9999999999999999
seq12056@15,seq11119@13,0.9999999999999999
seq12056@15,seq1157@22,0.9999999999999999
seq12056@15,seq36481@13,0.9999999999999999
seq12056@15,seq2829@96,0.9999999999999999
seq12056@15,seq2945@101,0.9999999999999999
seq12056@15,seq6441@14,0.9999999999999999
seq12056@15,seq8635@17,0.9999999999999999
seq12056@15,seq51@191,0.9999999999999999
seq12056@15,seq3044@174,0.9999999999999999
seq12056@15,seq32@162,0.9999999999999999
seq12056@15,seq5261@140,0.9999999999999999
seq12056@15,seq735@110,0.9999999999999999
seq12056@15,seq59@102,0.9999999999999999
seq12056@15,seq1941@68,0.9999999999999999
seq12056@15,seq1484@47,0.9999999999999999
seq12056@15,seq4376@42,0.9999999999999999
seq12056@15,seq2344@27,0.9878787878787878
seq12056@15,seq1344@16,0.9999999999999999
seq12056@15,seq10715@16,0.9878787878787878
seq12056@15,seq11724@14,0.9999999999999999
seq12056@15,seq14484@12,0.9999999999999999
seq12056@15,seq7157@37,0.9999999999999999
seq12056@15,seq5804@94,0.9999999999999999
seq7903@50,seq304@159,0.9999999999999999
seq7903@50,seq18051@15,0.9999999999999999
seq7903@50,seq727@97,0.9999999999999999
seq7903@50,seq18658@14,0.9999999999999999
seq7903@50,seq7943@23,0.9999999999999999
seq7903@50,seq1789@33,0.9999999999999999
seq7903@50,seq3869@13,0.9999999999999999
seq7903@50,seq4911@51,0.9999999999999999
seq7903@50,seq9228@13,0.9999999999999999
seq7903@50,seq6853@35,0.9999999999999999
seq7903@50,seq5557@100,0.9999999999999999
seq7903@50,seq11119@13,0.9999999999999999
seq7903@50,seq1157@22,0.9999999999999999
seq7903@50,seq36481@13,0.9999999999999999
seq7903@50,seq2829@96,0.9999999999999999
seq7903@50,seq2945@101,0.9999999999999999
seq7903@50,seq6441@14,0.9999999999999999
seq7903@50,seq8635@17,0.9999999999999999
seq7903@50,seq51@191,0.9999999999999999
seq7903@50,seq3044@174,0.9999999999999999
seq7903@50,seq32@162,0.9999999999999999
seq7903@50,seq5261@140,0.9999999999999999
seq7903@50,seq735@110,0.9999999999999999
seq7903@50,seq59@102,0.9999999999999999
seq7903@50,seq1941@68,0.9999999999999999
seq7903@50,seq1484@47,0.9999999999999999
seq7903@50,seq4376@42,0.9999999999999999
seq7903@50,seq2344@27,0.9878787878787878
seq7903@50,seq1344@16,0.9999999999999999
seq7903@50,seq10715@16,0.9878787878787878
seq7903@50,seq11724@14,0.9999999999999999
seq7903@50,seq14484@12,0.9999999999999999
seq7903@50,seq7157@37,0.9999999999999999
seq7903@50,seq5804@94,0.9999999999999999
seq304@159,seq18051@15,0.9999999999999999
seq304@159,seq727@97,0.9999999999999999
seq304@159,seq18658@14,0.9999999999999999
seq304@159,seq7943@23,0.9999999999999999
seq304@159,seq1789@33,0.9999999999999999
seq304@159,seq3869@13,0.9999999999999999
seq304@159,seq4911@51,0.9999999999999999
seq304@159,seq9228@13,0.9999999999999999
seq304@159,seq6853@35,0.9999999999999999
seq304@159,seq5557@100,0.9999999999999999
seq304@159,seq11119@13,0.9999999999999999
seq304@159,seq1157@22,0.9999999999999999
seq304@159,seq36481@13,0.9999999999999999
seq304@159,seq2829@96,0.9999999999999999
seq304@159,seq2945@101,0.9999999999999999
seq304@159,seq6441@14,0.9999999999999999
seq304@159,seq8635@17,0.9999999999999999
seq304@159,seq51@191,0.9999999999999999
seq304@159,seq3044@174,0.9999999999999999
seq304@159,seq32@162,0.9999999999999999
seq304@159,seq5261@140,0.9999999999999999
seq304@159,seq735@110,0.9999999999999999
seq304@159,seq59@102,0.9999999999999999
seq304@159,seq1941@68,0.9999999999999999
seq304@159,seq1484@47,0.9999999999999999
seq304@159,seq4376@42,0.9999999999999999
seq304@159,seq2344@27,0.9878787878787878
seq304@159,seq1344@16,0.9999999999999999
seq304@159,seq10715@16,0.9878787878787878
seq304@159,seq11724@14,0.9999999999999999
seq304@159,seq14484@12,0.9999999999999999
seq304@159,seq7157@37,0.9999999999999999
seq304@159,seq5804@94,0.9999999999999999
seq18051@15,seq727@97,0.9999999999999999
seq18051@15,seq18658@14,0.9999999999999999
seq18051@15,seq7943@23,0.9999999999999999
seq18051@15,seq1789@33,0.9999999999999999
seq18051@15,seq3869@13,0.9999999999999999
seq18051@15,seq4911@51,0.9999999999999999
seq18051@15,seq9228@13,0.9999999999999999
seq18051@15,seq6853@35,0.9999999999999999
seq18051@15,seq5557@100,0.9999999999999999
seq18051@15,seq11119@13,0.9999999999999999
seq18051@15,seq1157@22,0.9999999999999999
seq18051@15,seq36481@13,0.9999999999999999
seq18051@15,seq2829@96,0.9999999999999999
seq18051@15,seq2945@101,0.9999999999999999
seq18051@15,seq6441@14,0.9999999999999999
seq18051@15,seq8635@17,0.9999999999999999
seq18051@15,seq51@191,0.9999999999999999
seq18051@15,seq3044@174,0.9999999999999999
seq18051@15,seq32@162,0.9999999999999999
seq18051@15,seq5261@140,0.9999999999999999
seq18051@15,seq735@110,0.9999999999999999
seq18051@15,seq59@102,0.9999999999999999
seq18051@15,seq1941@68,0.9999999999999999
seq18051@15,seq1484@47,0.9999999999999999
seq18051@15,seq4376@42,0.9999999999999999
seq18051@15,seq2344@27,0.9878787878787878
seq18051@15,seq1344@16,0.9999999999999999
seq18051@15,seq10715@16,0.9878787878787878
seq18051@15,seq11724@14,0.9999999999999999
seq18051@15,seq14484@12,0.9999999999999999
seq18051@15,seq7157@37,0.9999999999999999
seq18051@15,seq5804@94,0.9999999999999999
seq727@97,seq18658@14,0.9999999999999999
seq727@97,seq7943@23,0.9999999999999999
seq727@97,seq1789@33,0.9999999999999999
seq727@97,seq3869@13,0.9999999999999999
seq727@97,seq4911@51,0.9999999999999999
seq727@97,seq9228@13,0.9999999999999999
seq727@97,seq6853@35,0.9999999999999999
seq727@97,seq5557@100,0.9999999999999999
seq727@97,seq11119@13,0.9999999999999999
seq727@97,seq1157@22,0.9999999999999999
seq727@97,seq36481@13,0.9999999999999999
seq727@97,seq2829@96,0.9999999999999999
seq727@97,seq2945@101,0.9999999999999999
seq727@97,seq6441@14,0.9999999999999999
seq727@97,seq8635@17,0.9999999999999999
seq727@97,seq51@191,0.9999999999999999
seq727@97,seq3044@174,0.9999999999999999
seq727@97,seq32@162,0.9999999999999999
seq727@97,seq5261@140,0.9999999999999999
seq727@97,seq735@110,0.9999999999999999
seq727@97,seq59@102,0.9999999999999999
seq727@97,seq1941@68,0.9999999999999999
seq727@97,seq1484@47,0.9999999999999999
seq727@97,seq4376@42,0.9999999999999999
seq727@97,seq2344@27,0.9878787878787878
seq727@97,seq1344@16,0.9999999999999999
seq727@97,seq10715@16,0.9878787878787878
seq727@97,seq11724@14,0.9999999999999999
seq727@97,seq14484@12,0.9999999999999999
seq727@97,seq7157@37,0.9999999999999999
seq727@97,seq5804@94,0.9999999999999999
seq18658@14,seq7943@23,0.9999999999999999
seq18658@14,seq1789@33,0.9999999999999999
seq18658@14,seq3869@13,0.9999999999999999
seq18658@14,seq4911@51,0.9999999999999999
seq18658@14,seq9228@13,0.9999999999999999
seq18658@14,seq6853@35,0.9999999999999999
seq18658@14,seq5557@100,0.9999999999999999
seq18658@14,seq11119@13,0.9999999999999999
seq18658@14,seq1157@22,0.9999999999999999
seq18658@14,seq36481@13,0.9999999999999999
seq18658@14,seq2829@96,0.9999999999999999
seq18658@14,seq2945@101,0.9999999999999999
seq18658@14,seq6441@14,0.9999999999999999
seq18658@14,seq8635@17,0.9999999999999999
seq18658@14,seq51@191,0.9999999999999999
seq18658@14,seq3044@174,0.9999999999999999
seq18658@14,seq32@162,0.9999999999999999
seq18658@14,seq5261@140,0.9999999999999999
seq18658@14,seq735@110,0.9999999999999999
seq18658@14,seq59@102,0.9999999999999999
seq18658@14,seq1941@68,0.9999999999999999
seq18658@14,seq1484@47,0.9999999999999999
seq18658@14,seq4376@42,0.9999999999999999
seq18658@14,seq2344@27,0.9878787878787878
seq18658@14,seq1344@16,0.9999999999999999
seq18658@14,seq10715@16,0.9878787878787878
seq18658@14,seq11724@14,0.9999999999999999
seq18658@14,seq14484@12,0.9999999999999999
seq18658@14,seq7157@37,0.9999999999999999
seq18658@14,seq5804@94,0.9999999999999999
seq7943@23,seq1789@33,0.9999999999999999
seq7943@23,seq3869@13,0.9999999999999999
seq7943@23,seq4911@51,0.9999999999999999
seq7943@23,seq9228@13,0.9999999999999999
seq7943@23,seq6853@35,0.9999999999999999
seq7943@23,seq5557@100,0.9999999999999999
seq7943@23,seq11119@13,0.9999999999999999
seq7943@23,seq1157@22,0.9999999999999999
seq7943@23,seq36481@13,0.9999999999999999
seq7943@23,seq2829@96,0.9999999999999999
seq7943@23,seq2945@101,0.9999999999999999
seq7943@23,seq6441@14,0.9999999999999999
seq7943@23,seq8635@17,0.9999999999999999
seq7943@23,seq51@191,0.9999999999999999
seq7943@23,seq3044@174,0.9999999999999999
seq7943@23,seq32@162,0.9999999999999999
seq7943@23,seq5261@140,0.9999999999999999
seq7943@23,seq735@110,0.9999999999999999
seq7943@23,seq59@102,0.9999999999999999
seq7943@23,seq1941@68,0.9999999999999999
seq7943@23,seq1484@47,0.9999999999999999
seq7943@23,seq4376@42,0.9999999999999999
seq7943@23,seq2344@27,0.9878787878787878
seq7943@23,seq1344@16,0.9999999999999999
seq7943@23,seq10715@16,0.9878787878787878
seq7943@23,seq11724@14,0.9999999999999999
seq7943@23,seq14484@12,0.9999999999999999
seq7943@23,seq7157@37,0.9999999999999999
seq7943@23,seq5804@94,0.9999999999999999
seq1789@33,seq3869@13,0.9999999999999999
seq1789@33,seq4911@51,0.9999999999999999
seq1789@33,seq9228@13,0.9999999999999999
seq1789@33,seq6853@35,0.9999999999999999
seq1789@33,seq5557@100,0.9999999999999999
seq1789@33,seq11119@13,0.9999999999999999
seq1789@33,seq1157@22,0.9999999999999999
seq1789@33,seq36481@13,0.9999999999999999
seq1789@33,seq2829@96,0.9999999999999999
seq1789@33,seq2945@101,0.9999999999999999
seq1789@33,seq6441@14,0.9999999999999999
seq1789@33,seq8635@17,0.9999999999999999
seq1789@33,seq51@191,0.9999999999999999
seq1789@33,seq3044@174,0.9999999999999999
seq1789@33,seq32@162,0.9999999999999999
seq1789@33,seq5261@140,0.9999999999999999
seq1789@33,seq735@110,0.9999999999999999
seq1789@33,seq59@102,0.9999999999999999
seq1789@33,seq1941@68,0.9999999999999999
seq1789@33,seq1484@47,0.9999999999999999
seq1789@33,seq4376@42,0.9999999999999999
seq1789@33,seq2344@27,0.9878787878787878
seq1789@33,seq1344@16,0.9999999999999999
seq1789@33,seq10715@16,0.9878787878787878
seq1789@33,seq11724@14,0.9999999999999999
seq1789@33,seq14484@12,0.9999999999999999
seq1789@33,seq7157@37,0.9999999999999999
seq1789@33,seq5804@94,0.9999999999999999
seq3869@13,seq4911@51,0.9999999999999999
seq3869@13,seq9228@13,0.9999999999999999
seq3869@13,seq6853@35,0.9999999999999999
seq3869@13,seq5557@100,0.9999999999999999
seq3869@13,seq11119@13,0.9999999999999999
seq3869@13,seq1157@22,0.9999999999999999
seq3869@13,seq36481@13,0.9999999999999999
seq3869@13,seq2829@96,0.9999999999999999
seq3869@13,seq2945@101,0.9999999999999999
seq3869@13,seq6441@14,0.9999999999999999
seq3869@13,seq8635@17,0.9999999999999999
seq3869@13,seq51@191,0.9999999999999999
seq3869@13,seq3044@174,0.9999999999999999
seq3869@13,seq32@162,0.9999999999999999
seq3869@13,seq5261@140,0.9999999999999999
seq3869@13,seq735@110,0.9999999999999999
seq3869@13,seq59@102,0.9999999999999999
seq3869@13,seq1941@68,0.9999999999999999
seq3869@13,seq1484@47,0.9999999999999999
seq3869@13,seq4376@42,0.9999999999999999
seq3869@13,seq2344@27,0.9878787878787878
seq3869@13,seq1344@16,0.9999999999999999
seq3869@13,seq10715@16,0.9878787878787878
seq3869@13,seq11724@14,0.9999999999999999
seq3869@13,seq14484@12,0.9999999999999999
seq3869@13,seq7157@37,0.9999999999999999
seq3869@13,seq5804@94,0.9999999999999999
seq4911@51,seq9228@13,0.9999999999999999
seq4911@51,seq6853@35,0.9999999999999999
seq4911@51,seq5557@100,0.9999999999999999
seq4911@51,seq11119@13,0.9999999999999999
seq4911@51,seq1157@22,0.9999999999999999
seq4911@51,seq36481@13,0.9999999999999999
seq4911@51,seq2829@96,0.9999999999999999
seq4911@51,seq2945@101,0.9999999999999999
seq4911@51,seq6441@14,0.9999999999999999
seq4911@51,seq8635@17,0.9999999999999999
seq4911@51,seq51@191,0.9999999999999999
seq4911@51,seq3044@174,0.9999999999999999
seq4911@51,seq32@162,0.9999999999999999
seq4911@51,seq5261@140,0.9999999999999999
seq4911@51,seq735@110,0.9999999999999999
seq4911@51,seq59@102,0.9999999999999999
seq4911@51,seq1941@68,0.9999999999999999
seq4911@51,seq1484@47,0.9999999999999999
seq4911@51,seq4376@42,0.9999999999999999
seq4911@51,seq2344@27,0.9878787878787878
seq4911@51,seq1344@16,0.9999999999999999
seq4911@51,seq10715@16,0.9878787878787878
seq4911@51,seq11724@14,0.9999999999999999
seq4911@51,seq14484@12,0.9999999999999999
seq4911@51,seq7157@37,0.9999999999999999
seq4911@51,seq5804@94,0.9999999999999999
seq9228@13,seq6853@35,0.9999999999999999
seq9228@13,seq5557@100,0.9999999999999999
seq9228@13,seq11119@13,0.9999999999999999
seq9228@13,seq1157@22,0.9999999999999999
seq9228@13,seq36481@13,0.9999999999999999
seq9228@13,seq2829@96,0.9999999999999999
seq9228@13,seq2945@101,0.9999999999999999
seq9228@13,seq6441@14,0.9999999999999999
seq9228@13,seq8635@17,0.9999999999999999
seq9228@13,seq51@191,0.9999999999999999
seq9228@13,seq3044@174,0.9999999999999999
seq9228@13,seq32@162,0.9999999999999999
seq9228@13,seq5261@140,0.9999999999999999
seq9228@13,seq735@110,0.9999999999999999
seq9228@13,seq59@102,0.9999999999999999
seq9228@13,seq1941@68,0.9999999999999999
seq9228@13,seq1484@47,0.9999999999999999
seq9228@13,seq4376@42,0.9999999999999999
seq9228@13,seq2344@27,0.9878787878787878
seq9228@13,seq1344@16,0.9999999999999999
seq9228@13,seq10715@16,0.9878787878787878
seq9228@13,seq11724@14,0.9999999999999999
seq9228@13,seq14484@12,0.9999999999999999
seq9228@13,seq7157@37,0.9999999999999999
seq9228@13,seq5804@94,0.9999999999999999
seq6853@35,seq5557@100,0.9999999999999999
seq6853@35,seq11119@13,0.9999999999999999
seq6853@35,seq1157@22,0.9999999999999999
seq6853@35,seq36481@13,0.9999999999999999
seq6853@35,seq2829@96,0.9999999999999999
seq6853@35,seq2945@101,0.9999999999999999
seq6853@35,seq6441@14,0.9999999999999999
seq6853@35,seq8635@17,0.9999999999999999
seq6853@35,seq51@191,0.9999999999999999
seq6853@35,seq3044@174,0.9999999999999999
seq6853@35,seq32@162,0.9999999999999999
seq6853@35,seq5261@140,0.9999999999999999
seq6853@35,seq735@110,0.9999999999999999
seq6853@35,seq59@102,0.9999999999999999
seq6853@35,seq1941@68,0.9999999999999999
seq6853@35,seq1484@47,0.9999999999999999
seq6853@35,seq4376@42,0.9999999999999999
seq6853@35,seq2344@27,0.9878787878787878
seq6853@35,seq1344@16,0.9999999999999999
seq6853@35,seq10715@16,0.9878787878787878
seq6853@35,seq11724@14,0.9999999999999999
seq6853@35,seq14484@12,0.9999999999999999
seq6853@35,seq7157@37,0.9999999999999999
seq6853@35,seq5804@94,0.9999999999999999
seq5557@100,seq11119@13,0.9999999999999999
seq5557@100,seq1157@22,0.9999999999999999
seq5557@100,seq36481@13,0.9999999999999999
seq5557@100,seq2829@96,0.9999999999999999
seq5557@100,seq2945@101,0.9999999999999999
seq5557@100,seq6441@14,0.9999999999999999
seq5557@100,seq8635@17,0.9999999999999999
seq5557@100,seq51@191,0.9999999999999999
seq5557@100,seq3044@174,0.9999999999999999
seq5557@100,seq32@162,0.9999999999999999
seq5557@100,seq5261@140,0.9999999999999999
seq5557@100,seq735@110,0.9999999999999999
seq5557@100,seq59@102,0.9999999999999999
seq5557@100,seq1941@68,0.9999999999999999
seq5557@100,seq1484@47,0.9999999999999999
seq5557@100,seq4376@42,0.9999999999999999
seq5557@100,seq2344@27,0.9878787878787878
seq5557@100,seq1344@16,0.9999999999999999
seq5557@100,seq10715@16,0.9878787878787878
seq5557@100,seq11724@14,0.9999999999999999
seq5557@100,seq14484@12,0.9999999999999999
seq5557@100,seq7157@37,0.9999999999999999
seq5557@100,seq5804@94,0.9999999999999999
seq11119@13,seq1157@22,0.9999999999999999
seq11119@13,seq36481@13,0.9999999999999999
seq11119@13,seq2829@96,0.9999999999999999
seq11119@13,seq2945@101,0.9999999999999999
seq11119@13,seq6441@14,0.9999999999999999
seq11119@13,seq8635@17,0.9999999999999999
seq11119@13,seq51@191,0.9999999999999999
seq11119@13,seq3044@174,0.9999999999999999
seq11119@13,seq32@162,0.9999999999999999
seq11119@13,seq5261@140,0.9999999999999999
seq11119@13,seq735@110,0.9999999999999999
seq11119@13,seq59@102,0.9999999999999999
seq11119@13,seq1941@68,0.9999999999999999
seq11119@13,seq1484@47,0.9999999999999999
seq11119@13,seq4376@42,0.9999999999999999
seq11119@13,seq2344@27,0.9878787878787878
seq11119@13,seq1344@16,0.9999999999999999
seq11119@13,seq10715@16,0.9878787878787878
seq11119@13,seq11724@14,0.9999999999999999
seq11119@13,seq14484@12,0.9999999999999999
seq11119@13,seq7157@37,0.9999999999999999
seq11119@13,seq5804@94,0.9999999999999999
seq1157@22,seq36481@13,0.9999999999999999
seq1157@22,seq2829@96,0.9999999999999999
seq1157@22,seq2945@101,0.9999999999999999
seq1157@22,seq6441@14,0.9999999999999999
seq1157@22,seq8635@17,0.9999999999999999
seq1157@22,seq51@191,0.9999999999999999
seq1157@22,seq3044@174,0.9999999999999999
seq1157@22,seq32@162,0.9999999999999999
seq1157@22,seq5261@140,0.9999999999999999
seq1157@22,seq735@110,0.9999999999999999
seq1157@22,seq59@102,0.9999999999999999
seq1157@22,seq1941@68,0.9999999999999999
seq1157@22,seq1484@47,0.9999999999999999
seq1157@22,seq4376@42,0.9999999999999999
seq1157@22,seq2344@27,0.9878787878787878
seq1157@22,seq1344@16,0.9999999999999999
seq1157@22,seq10715@16,0.9878787878787878
seq1157@22,seq11724@14,0.9999999999999999
seq1157@22,seq14484@12,0.9999999999999999
seq1157@22,seq7157@37,0.9999999999999999
seq1157@22,seq5804@94,0.9999999999999999
seq36481@13,seq2829@96,0.9999999999999999
seq36481@13,seq2945@101,0.9999999999999999
seq36481@13,seq6441@14,0.9999999999999999
seq36481@13,seq8635@17,0.9999999999999999
seq36481@13,seq51@191,0.9999999999999999
seq36481@13,seq3044@174,0.9999999999999999
seq36481@13,seq32@162,0.9999999999999999
seq36481@13,seq5261@140,0.9999999999999999
seq36481@13,seq735@110,0.9999999999999999
seq36481@13,seq59@102,0.9999999999999999
seq36481@13,seq1941@68,0.9999999999999999
seq36481@13,seq1484@47,0.9999999999999999
seq36481@13,seq4376@42,0.9999999999999999
seq36481@13,seq2344@27,0.9878787878787878
seq36481@13,seq1344@16,0.9999999999999999
seq36481@13,seq10715@16,0.9878787878787878
seq36481@13,seq11724@14,0.9999999999999999
seq36481@13,seq14484@12,0.9999999999999999
seq36481@13,seq7157@37,0.9999999999999999
seq36481@13,seq5804@94,0.9999999999999999
seq2829@96,seq2945@101,0.9999999999999999
seq2829@96,seq6441@14,0.9999999999999999
seq2829@96,seq8635@17,0.9999999999999999
seq2829@96,seq51@191,0.9999999999999999
seq2829@96,seq3044@174,0.9999999999999999
seq2829@96,seq32@162,0.9999999999999999
seq2829@96,seq5261@140,0.9999999999999999
seq2829@96,seq735@110,0.9999999999999999
seq2829@96,seq59@102,0.9999999999999999
seq2829@96,seq1941@68,0.9999999999999999
seq2829@96,seq1484@47,0.9999999999999999
seq2829@96,seq4376@42,0.9999999999999999
seq2829@96,seq2344@27,0.9878787878787878
seq2829@96,seq1344@16,0.9999999999999999
seq2829@96,seq10715@16,0.9878787878787878
seq2829@96,seq11724@14,0.9999999999999999
seq2829@96,seq14484@12,0.9999999999999999
seq2829@96,seq7157@37,0.9999999999999999
seq2829@96,seq5804@94,0.9999999999999999
seq2945@101,seq6441@14,0.9999999999999999
seq2945@101,seq8635@17,0.9999999999999999
seq2945@101,seq51@191,0.9999999999999999
seq2945@101,seq3044@174,0.9999999999999999
seq2945@101,seq32@162,0.9999999999999999
seq2945@101,seq5261@140,0.9999999999999999
seq2945@101,seq735@110,0.9999999999999999
seq2945@101,seq59@102,0.9999999999999999
seq2945@101,seq1941@68,0.9999999999999999
seq2945@101,seq1484@47,0.9999999999999999
seq2945@101,seq4376@42,0.9999999999999999
seq2945@101,seq2344@27,0.9878787878787878
seq2945@101,seq1344@16,0.9999999999999999
seq2945@101,seq10715@16,0.9878787878787878
seq2945@101,seq11724@14,0.9999999999999999
seq2945@101,seq14484@12,0.9999999999999999
seq2945@101,seq7157@37,0.9999999999999999
seq2945@101,seq5804@94,0.9999999999999999
seq6441@14,seq8635@17,0.9999999999999999
seq6441@14,seq51@191,0.9999999999999999
seq6441@14,seq3044@174,0.9999999999999999
seq6441@14,seq32@162,0.9999999999999999
seq6441@14,seq5261@140,0.9999999999999999
seq6441@14,seq735@110,0.9999999999999999
seq6441@14,seq59@102,0.9999999999999999
seq6441@14,seq1941@68,0.9999999999999999
seq6441@14,seq1484@47,0.9999999999999999
seq6441@14,seq4376@42,0.9999999999999999
seq6441@14,seq2344@27,0.9878787878787878
seq6441@14,seq1344@16,0.9999999999999999
seq6441@14,seq10715@16,0.9878787878787878
seq6441@14,seq11724@14,0.9999999999999999
seq6441@14,seq14484@12,0.9999999999999999
seq6441@14,seq7157@37,0.9999999999999999
seq6441@14,seq5804@94,0.9999999999999999
seq8635@17,seq51@191,0.9999999999999999
seq8635@17,seq3044@174,0.9999999999999999
seq8635@17,seq32@162,0.9999999999999999
seq8635@17,seq5261@140,0.9999999999999999
seq8635@17,seq735@110,0.9999999999999999
seq8635@17,seq59@102,0.9999999999999999
seq8635@17,seq1941@68,0.9999999999999999
seq8635@17,seq1484@47,0.9999999999999999
seq8635@17,seq4376@42,0.9999999999999999
seq8635@17,seq2344@27,0.9878787878787878
seq8635@17,seq1344@16,0.9999999999999999
seq8635@17,seq10715@16,0.9878787878787878
seq8635@17,seq11724@14,0.9999999999999999
seq8635@17,seq14484@12,0.9999999999999999
seq8635@17,seq7157@37,0.9999999999999999
seq8635@17,seq5804@94,0.9999999999999999
seq51@191,seq3044@174,0.9999999999999999
seq51@191,seq32@162,0.9999999999999999
seq51@191,seq5261@140,0.9999999999999999
seq51@191,seq735@110,0.9999999999999999
seq51@191,seq59@102,0.9999999999999999
seq51@191,seq1941@68,0.9999999999999999
seq51@191,seq1484@47,0.9999999999999999
seq51@191,seq4376@42,0.9999999999999999
seq51@191,seq2344@27,0.9878787878787878
seq51@191,seq1344@16,0.9999999999999999
seq51@191,seq10715@16,0.9878787878787878
seq51@191,seq11724@14,0.9999999999999999
seq51@191,seq14484@12,0.9999999999999999
seq51@191,seq7157@37,0.9999999999999999
seq51@191,seq5804@94,0.9999999999999999
seq3044@174,seq32@162,0.9999999999999999
seq3044@174,seq5261@140,0.9999999999999999
seq3044@174,seq735@110,0.9999999999999999
seq3044@174,seq59@102,0.9999999999999999
seq3044@174,seq1941@68,0.9999999999999999
seq3044@174,seq1484@47,0.9999999999999999
seq3044@174,seq4376@42,0.9999999999999999
seq3044@174,seq2344@27,0.9878787878787878
seq3044@174,seq1344@16,0.9999999999999999
seq3044@174,seq10715@16,0.9878787878787878
seq3044@174,seq11724@14,0.9999999999999999
seq3044@174,seq14484@12,0.9999999999999999
seq3044@174,seq7157@37,0.9999999999999999
seq3044@174,seq5804@94,0.9999999999999999
seq32@162,seq5261@140,0.9999999999999999
seq32@162,seq735@110,0.9999999999999999
seq32@162,seq59@102,0.9999999999999999
seq32@162,seq1941@68,0.9999999999999999
seq32@162,seq1484@47,0.9999999999999999
seq32@162,seq4376@42,0.9999999999999999
seq32@162,seq2344@27,0.9878787878787878
seq32@162,seq1344@16,0.9999999999999999
seq32@162,seq10715@16,0.9878787878787878
seq32@162,seq11724@14,0.9999999999999999
seq32@162,seq14484@12,0.9999999999999999
seq32@162,seq7157@37,0.9999999999999999
seq32@162,seq5804@94,0.9999999999999999
seq5261@140,seq735@110,0.9999999999999999
seq5261@140,seq59@102,0.9999999999999999
seq5261@140,seq1941@68,0.9999999999999999
seq5261@140,seq1484@47,0.9999999999999999
seq5261@140,seq4376@42,0.9999999999999999
seq5261@140,seq2344@27,0.9878787878787878
seq5261@140,seq1344@16,0.9999999999999999
seq5261@140,seq10715@16,0.9878787878787878
seq5261@140,seq11724@14,0.9999999999999999
seq5261@140,seq14484@12,0.9999999999999999
seq5261@140,seq7157@37,0.9999999999999999
seq5261@140,seq5804@94,0.9999999999999999
seq735@110,seq59@102,0.9999999999999999
seq735@110,seq1941@68,0.9999999999999999
seq735@110,seq1484@47,0.9999999999999999
seq735@110,seq4376@42,0.9999999999999999
seq735@110,seq2344@27,0.9878787878787878
seq735@110,seq1344@16,0.9999999999999999
seq735@110,seq10715@16,0.9878787878787878
seq735@110,seq11724@14,0.9999999999999999
seq735@110,seq14484@12,0.9999999999999999
seq735@110,seq7157@37,0.9999999999999999
seq735@110,seq5804@94,0.9999999999999999
seq59@102,seq1941@68,0.9999999999999999
seq59@102,seq1484@47,0.9999999999999999
seq59@102,seq4376@42,0.9999999999999999
seq59@102,seq2344@27,0.9878787878787878
seq59@102,seq1344@16,0.9999999999999999
seq59@102,seq10715@16,0.9878787878787878
seq59@102,seq11724@14,0.9999999999999999
seq59@102,seq14484@12,0.9999999999999999
seq59@102,seq7157@37,0.9999999999999999
seq59@102,seq5804@94,0.9999999999999999
seq1941@68,seq1484@47,0.9999999999999999
seq1941@68,seq4376@42,0.9999999999999999
seq1941@68,seq2344@27,0.9878787878787878
seq1941@68,seq1344@16,0.9999999999999999
seq1941@68,seq10715@16,0.9878787878787878
seq1941@68,seq11724@14,0.9999999999999999
seq1941@68,seq14484@12,0.9999999999999999
seq1941@68,seq7157@37,0.9999999999999999
seq1941@68,seq5804@94,0.9999999999999999
seq1484@47,seq4376@42,0.9999999999999999
seq1484@47,seq2344@27,0.9878787878787878
seq1484@47,seq1344@16,0.9999999999999999
seq1484@47,seq10715@16,0.9878787878787878
seq1484@47,seq11724@14,0.9999999999999999
seq1484@47,seq14484@12,0.9999999999999999
seq1484@47,seq7157@37,0.9999999999999999
seq1484@47,seq5804@94,0.9999999999999999
seq4376@42,seq2344@27,0.9878787878787878
seq4376@42,seq1344@16,0.9999999999999999
seq4376@42,seq10715@16,0.9878787878787878
seq4376@42,seq11724@14,0.9999999999999999
seq4376@42,seq14484@12,0.9999999999999999
seq4376@42,seq7157@37,0.9999999999999999
seq4376@42,seq5804@94,0.9999999999999999
seq2344@27,seq1344@16,0.9878787878787878
seq2344@27,seq10715@16,0.9999999999999999
seq2344@27,seq11724@14,0.9878787878787878
seq2344@27,seq14484@12,0.9878787878787878
seq2344@27,seq7157@37,0.9878787878787878
seq2344@27,seq5804@94,0.9878787878787878
seq1344@16,seq10715@16,0.9878787878787878
seq1344@16,seq11724@14,0.9999999999999999
seq1344@16,seq14484@12,0.9999999999999999
seq1344@16,seq7157@37,0.9999999999999999
seq1344@16,seq5804@94,0.9999999999999999
seq10715@16,seq11724@14,0.9878787878787878
seq10715@16,seq14484@12,0.9878787878787878
seq10715@16,seq7157@37,0.9878787878787878
seq10715@16,seq5804@94,0.9878787878787878
seq11724@14,seq14484@12,0.9999999999999999
seq11724@14,seq7157@37,0.9999999999999999
seq11724@14,seq5804@94,0.9999999999999999
seq14484@12,seq7157@37,0.9999999999999999
seq14484@12,seq5804@94,0.9999999999999999
seq7157@37,seq5804@94,0.9999999999999999
