Protein1,Protein2,SpearmanSimilarity
seq6805@7,seq14503@8,0.9999999999999999
seq6805@7,seq3929@5,0.9999999999999999
seq6805@7,seq117@16,0.9999999999999999
seq6805@7,seq5297@6,0.9999999999999999
seq6805@7,seq5405@17,0.9999999999999999
seq6805@7,seq796@14,0.9999999999999999
seq6805@7,seq3640@13,0.9999999999999999
seq6805@7,seq1718@9,0.9878787878787878
seq6805@7,seq3234@9,0.9999999999999999
seq6805@7,seq10018@8,0.9999999999999999
seq6805@7,seq1481@7,0.9999999999999999
seq6805@7,seq4721@7,0.9878787878787878
seq6805@7,seq10507@7,0.9999999999999999
seq6805@7,seq4315@6,0.9999999999999999
seq6805@7,seq7536@6,0.9999999999999999
seq6805@7,seq39677@6,0.9999999999999999
seq6805@7,seq4508@5,0.9999999999999999
seq6805@7,seq5590@5,0.9999999999999999
seq6805@7,seq6544@5,0.9999999999999999
seq6805@7,seq7946@5,0.9999999999999999
seq6805@7,seq20893@5,0.9999999999999999
seq6805@7,naive,0.9999999999999999
seq6805@7,seq24@4813,0.9999999999999999
seq6805@7,seq23901@6,0.9999999999999999
seq6805@7,seq366@64,0.9999999999999999
seq6805@7,seq5823@8,0.9999999999999999
seq6805@7,seq5881@11,0.9999999999999999
seq6805@7,seq1004@14,0.9999999999999999
seq6805@7,seq42589@5,0.9999999999999999
seq6805@7,seq1603@86,0.9999999999999999
seq6805@7,seq3096@41,0.9999999999999999
seq6805@7,seq141@55,0.9999999999999999
seq6805@7,seq4005@80,0.9999999999999999
seq6805@7,seq6678@28,0.9999999999999999
seq6805@7,seq398@62,0.9999999999999999
seq6805@7,seq3289@27,0.9999999999999999
seq6805@7,seq667@45,0.9999999999999999
seq6805@7,seq4058@95,0.9999999999999999
seq6805@7,seq567@25,0.9999999999999999
seq6805@7,seq4013@37,0.9999999999999999
seq6805@7,seq756@25,0.9999999999999999
seq6805@7,seq32059@5,0.9999999999999999
seq6805@7,seq2413@23,0.9999999999999999
seq6805@7,seq803@72,0.9999999999999999
seq6805@7,seq5832@22,0.9999999999999999
seq6805@7,seq968@46,0.9999999999999999
seq6805@7,seq5127@21,0.9999999999999999
seq6805@7,seq2366@32,0.9999999999999999
seq6805@7,seq1939@16,0.9999999999999999
seq6805@7,seq7090@22,0.9999999999999999
seq6805@7,seq4637@16,0.9999999999999999
seq6805@7,seq294@40,0.9999999999999999
seq6805@7,seq3663@14,0.9999999999999999
seq6805@7,seq282@31,0.9999999999999999
seq6805@7,seq1977@11,0.9999999999999999
seq6805@7,seq101@106,0.9999999999999999
seq6805@7,seq11445@10,0.9878787878787878
seq6805@7,seq1609@30,0.9999999999999999
seq6805@7,seq804@9,0.9999999999999999
seq6805@7,seq11725@11,0.996965091635306
seq6805@7,seq12219@7,0.9999999999999999
seq6805@7,seq347@84,0.9999999999999999
seq6805@7,seq24325@7,0.9999999999999999
seq6805@7,seq762@26,0.9999999999999999
seq6805@7,seq9045@6,0.9999999999999999
seq6805@7,seq1062@22,0.9999999999999999
seq6805@7,seq11877@7,0.9999999999999999
seq6805@7,seq3868@20,0.9999999999999999
seq6805@7,seq2340@41,0.9999999999999999
seq6805@7,seq9698@6,0.9999999999999999
seq6805@7,seq2229@7,0.9999999999999999
seq6805@7,seq1169@78,0.9999999999999999
seq6805@7,seq2868@5,0.9999999999999999
seq6805@7,seq4564@7,0.9999999999999999
seq6805@7,seq1376@21,0.9878787878787878
seq6805@7,seq3502@5,0.9999999999999999
seq6805@7,seq13938@8,0.9999999999999999
seq6805@7,seq629@101,0.9999999999999999
seq6805@7,seq4326@5,0.9999999999999999
seq6805@7,seq147@8,0.9999999999999999
seq6805@7,seq304@65,0.9999999999999999
seq6805@7,seq7359@5,0.9999999999999999
seq6805@7,seq5131@10,0.9999999999999999
seq6805@7,seq7760@5,0.9999999999999999
seq6805@7,seq109@26,0.9999999999999999
seq6805@7,seq9913@5,0.9999999999999999
seq6805@7,seq10957@23,0.9999999999999999
seq6805@7,seq1472@61,0.9999999999999999
seq6805@7,seq12569@5,0.9999999999999999
seq6805@7,seq18928@9,0.9999999999999999
seq6805@7,seq16760@5,0.9999999999999999
seq6805@7,seq732@44,0.9999999999999999
seq6805@7,seq8386@19,0.9999999999999999
seq6805@7,seq4165@10,0.9999999999999999
seq6805@7,seq223@39,0.9999999999999999
seq6805@7,seq2127@17,0.9878787878787878
seq6805@7,seq5880@7,0.9878787878787878
seq6805@7,seq1314@44,0.9999999999999999
seq6805@7,seq516@43,0.9999999999999999
seq6805@7,seq239@42,0.9999999999999999
seq6805@7,seq7106@30,0.9999999999999999
seq6805@7,seq430@28,0.9999999999999999
seq6805@7,seq1204@23,0.9999999999999999
seq6805@7,seq2462@16,0.9999999999999999
seq6805@7,seq12862@14,0.9999999999999999
seq6805@7,seq1280@12,0.9878787878787878
seq6805@7,seq16740@11,0.9878787878787878
seq6805@7,seq17946@8,0.9999999999999999
seq6805@7,seq9187@6,0.9999999999999999
seq6805@7,seq2929@5,0.9999999999999999
seq6805@7,seq991@17,0.9999999999999999
seq6805@7,seq1934@40,0.9999999999999999
seq6805@7,seq8@44677,0.9999999999999999
seq6805@7,seq2461@27,0.9999999999999999
seq14503@8,seq3929@5,0.9999999999999999
seq14503@8,seq117@16,0.9999999999999999
seq14503@8,seq5297@6,0.9999999999999999
seq14503@8,seq5405@17,0.9999999999999999
seq14503@8,seq796@14,0.9999999999999999
seq14503@8,seq3640@13,0.9999999999999999
seq14503@8,seq1718@9,0.9878787878787878
seq14503@8,seq3234@9,0.9999999999999999
seq14503@8,seq10018@8,0.9999999999999999
seq14503@8,seq1481@7,0.9999999999999999
seq14503@8,seq4721@7,0.9878787878787878
seq14503@8,seq10507@7,0.9999999999999999
seq14503@8,seq4315@6,0.9999999999999999
seq14503@8,seq7536@6,0.9999999999999999
seq14503@8,seq39677@6,0.9999999999999999
seq14503@8,seq4508@5,0.9999999999999999
seq14503@8,seq5590@5,0.9999999999999999
seq14503@8,seq6544@5,0.9999999999999999
seq14503@8,seq7946@5,0.9999999999999999
seq14503@8,seq20893@5,0.9999999999999999
seq14503@8,naive,0.9999999999999999
seq14503@8,seq24@4813,0.9999999999999999
seq14503@8,seq23901@6,0.9999999999999999
seq14503@8,seq366@64,0.9999999999999999
seq14503@8,seq5823@8,0.9999999999999999
seq14503@8,seq5881@11,0.9999999999999999
seq14503@8,seq1004@14,0.9999999999999999
seq14503@8,seq42589@5,0.9999999999999999
seq14503@8,seq1603@86,0.9999999999999999
seq14503@8,seq3096@41,0.9999999999999999
seq14503@8,seq141@55,0.9999999999999999
seq14503@8,seq4005@80,0.9999999999999999
seq14503@8,seq6678@28,0.9999999999999999
seq14503@8,seq398@62,0.9999999999999999
seq14503@8,seq3289@27,0.9999999999999999
seq14503@8,seq667@45,0.9999999999999999
seq14503@8,seq4058@95,0.9999999999999999
seq14503@8,seq567@25,0.9999999999999999
seq14503@8,seq4013@37,0.9999999999999999
seq14503@8,seq756@25,0.9999999999999999
seq14503@8,seq32059@5,0.9999999999999999
seq14503@8,seq2413@23,0.9999999999999999
seq14503@8,seq803@72,0.9999999999999999
seq14503@8,seq5832@22,0.9999999999999999
seq14503@8,seq968@46,0.9999999999999999
seq14503@8,seq5127@21,0.9999999999999999
seq14503@8,seq2366@32,0.9999999999999999
seq14503@8,seq1939@16,0.9999999999999999
seq14503@8,seq7090@22,0.9999999999999999
seq14503@8,seq4637@16,0.9999999999999999
seq14503@8,seq294@40,0.9999999999999999
seq14503@8,seq3663@14,0.9999999999999999
seq14503@8,seq282@31,0.9999999999999999
seq14503@8,seq1977@11,0.9999999999999999
seq14503@8,seq101@106,0.9999999999999999
seq14503@8,seq11445@10,0.9878787878787878
seq14503@8,seq1609@30,0.9999999999999999
seq14503@8,seq804@9,0.9999999999999999
seq14503@8,seq11725@11,0.996965091635306
seq14503@8,seq12219@7,0.9999999999999999
seq14503@8,seq347@84,0.9999999999999999
seq14503@8,seq24325@7,0.9999999999999999
seq14503@8,seq762@26,0.9999999999999999
seq14503@8,seq9045@6,0.9999999999999999
seq14503@8,seq1062@22,0.9999999999999999
seq14503@8,seq11877@7,0.9999999999999999
seq14503@8,seq3868@20,0.9999999999999999
seq14503@8,seq2340@41,0.9999999999999999
seq14503@8,seq9698@6,0.9999999999999999
seq14503@8,seq2229@7,0.9999999999999999
seq14503@8,seq1169@78,0.9999999999999999
seq14503@8,seq2868@5,0.9999999999999999
seq14503@8,seq4564@7,0.9999999999999999
seq14503@8,seq1376@21,0.9878787878787878
seq14503@8,seq3502@5,0.9999999999999999
seq14503@8,seq13938@8,0.9999999999999999
seq14503@8,seq629@101,0.9999999999999999
seq14503@8,seq4326@5,0.9999999999999999
seq14503@8,seq147@8,0.9999999999999999
seq14503@8,seq304@65,0.9999999999999999
seq14503@8,seq7359@5,0.9999999999999999
seq14503@8,seq5131@10,0.9999999999999999
seq14503@8,seq7760@5,0.9999999999999999
seq14503@8,seq109@26,0.9999999999999999
seq14503@8,seq9913@5,0.9999999999999999
seq14503@8,seq10957@23,0.9999999999999999
seq14503@8,seq1472@61,0.9999999999999999
seq14503@8,seq12569@5,0.9999999999999999
seq14503@8,seq18928@9,0.9999999999999999
seq14503@8,seq16760@5,0.9999999999999999
seq14503@8,seq732@44,0.9999999999999999
seq14503@8,seq8386@19,0.9999999999999999
seq14503@8,seq4165@10,0.9999999999999999
seq14503@8,seq223@39,0.9999999999999999
seq14503@8,seq2127@17,0.9878787878787878
seq14503@8,seq5880@7,0.9878787878787878
seq14503@8,seq1314@44,0.9999999999999999
seq14503@8,seq516@43,0.9999999999999999
seq14503@8,seq239@42,0.9999999999999999
seq14503@8,seq7106@30,0.9999999999999999
seq14503@8,seq430@28,0.9999999999999999
seq14503@8,seq1204@23,0.9999999999999999
seq14503@8,seq2462@16,0.9999999999999999
seq14503@8,seq12862@14,0.9999999999999999
seq14503@8,seq1280@12,0.9878787878787878
seq14503@8,seq16740@11,0.9878787878787878
seq14503@8,seq17946@8,0.9999999999999999
seq14503@8,seq9187@6,0.9999999999999999
seq14503@8,seq2929@5,0.9999999999999999
seq14503@8,seq991@17,0.9999999999999999
seq14503@8,seq1934@40,0.9999999999999999
seq14503@8,seq8@44677,0.9999999999999999
seq14503@8,seq2461@27,0.9999999999999999
seq3929@5,seq117@16,0.9999999999999999
seq3929@5,seq5297@6,0.9999999999999999
seq3929@5,seq5405@17,0.9999999999999999
seq3929@5,seq796@14,0.9999999999999999
seq3929@5,seq3640@13,0.9999999999999999
seq3929@5,seq1718@9,0.9878787878787878
seq3929@5,seq3234@9,0.9999999999999999
seq3929@5,seq10018@8,0.9999999999999999
seq3929@5,seq1481@7,0.9999999999999999
seq3929@5,seq4721@7,0.9878787878787878
seq3929@5,seq10507@7,0.9999999999999999
seq3929@5,seq4315@6,0.9999999999999999
seq3929@5,seq7536@6,0.9999999999999999
seq3929@5,seq39677@6,0.9999999999999999
seq3929@5,seq4508@5,0.9999999999999999
seq3929@5,seq5590@5,0.9999999999999999
seq3929@5,seq6544@5,0.9999999999999999
seq3929@5,seq7946@5,0.9999999999999999
seq3929@5,seq20893@5,0.9999999999999999
seq3929@5,naive,0.9999999999999999
seq3929@5,seq24@4813,0.9999999999999999
seq3929@5,seq23901@6,0.9999999999999999
seq3929@5,seq366@64,0.9999999999999999
seq3929@5,seq5823@8,0.9999999999999999
seq3929@5,seq5881@11,0.9999999999999999
seq3929@5,seq1004@14,0.9999999999999999
seq3929@5,seq42589@5,0.9999999999999999
seq3929@5,seq1603@86,0.9999999999999999
seq3929@5,seq3096@41,0.9999999999999999
seq3929@5,seq141@55,0.9999999999999999
seq3929@5,seq4005@80,0.9999999999999999
seq3929@5,seq6678@28,0.9999999999999999
seq3929@5,seq398@62,0.9999999999999999
seq3929@5,seq3289@27,0.9999999999999999
seq3929@5,seq667@45,0.9999999999999999
seq3929@5,seq4058@95,0.9999999999999999
seq3929@5,seq567@25,0.9999999999999999
seq3929@5,seq4013@37,0.9999999999999999
seq3929@5,seq756@25,0.9999999999999999
seq3929@5,seq32059@5,0.9999999999999999
seq3929@5,seq2413@23,0.9999999999999999
seq3929@5,seq803@72,0.9999999999999999
seq3929@5,seq5832@22,0.9999999999999999
seq3929@5,seq968@46,0.9999999999999999
seq3929@5,seq5127@21,0.9999999999999999
seq3929@5,seq2366@32,0.9999999999999999
seq3929@5,seq1939@16,0.9999999999999999
seq3929@5,seq7090@22,0.9999999999999999
seq3929@5,seq4637@16,0.9999999999999999
seq3929@5,seq294@40,0.9999999999999999
seq3929@5,seq3663@14,0.9999999999999999
seq3929@5,seq282@31,0.9999999999999999
seq3929@5,seq1977@11,0.9999999999999999
seq3929@5,seq101@106,0.9999999999999999
seq3929@5,seq11445@10,0.9878787878787878
seq3929@5,seq1609@30,0.9999999999999999
seq3929@5,seq804@9,0.9999999999999999
seq3929@5,seq11725@11,0.996965091635306
seq3929@5,seq12219@7,0.9999999999999999
seq3929@5,seq347@84,0.9999999999999999
seq3929@5,seq24325@7,0.9999999999999999
seq3929@5,seq762@26,0.9999999999999999
seq3929@5,seq9045@6,0.9999999999999999
seq3929@5,seq1062@22,0.9999999999999999
seq3929@5,seq11877@7,0.9999999999999999
seq3929@5,seq3868@20,0.9999999999999999
seq3929@5,seq2340@41,0.9999999999999999
seq3929@5,seq9698@6,0.9999999999999999
seq3929@5,seq2229@7,0.9999999999999999
seq3929@5,seq1169@78,0.9999999999999999
seq3929@5,seq2868@5,0.9999999999999999
seq3929@5,seq4564@7,0.9999999999999999
seq3929@5,seq1376@21,0.9878787878787878
seq3929@5,seq3502@5,0.9999999999999999
seq3929@5,seq13938@8,0.9999999999999999
seq3929@5,seq629@101,0.9999999999999999
seq3929@5,seq4326@5,0.9999999999999999
seq3929@5,seq147@8,0.9999999999999999
seq3929@5,seq304@65,0.9999999999999999
seq3929@5,seq7359@5,0.9999999999999999
seq3929@5,seq5131@10,0.9999999999999999
seq3929@5,seq7760@5,0.9999999999999999
seq3929@5,seq109@26,0.9999999999999999
seq3929@5,seq9913@5,0.9999999999999999
seq3929@5,seq10957@23,0.9999999999999999
seq3929@5,seq1472@61,0.9999999999999999
seq3929@5,seq12569@5,0.9999999999999999
seq3929@5,seq18928@9,0.9999999999999999
seq3929@5,seq16760@5,0.9999999999999999
seq3929@5,seq732@44,0.9999999999999999
seq3929@5,seq8386@19,0.9999999999999999
seq3929@5,seq4165@10,0.9999999999999999
seq3929@5,seq223@39,0.9999999999999999
seq3929@5,seq2127@17,0.9878787878787878
seq3929@5,seq5880@7,0.9878787878787878
seq3929@5,seq1314@44,0.9999999999999999
seq3929@5,seq516@43,0.9999999999999999
seq3929@5,seq239@42,0.9999999999999999
seq3929@5,seq7106@30,0.9999999999999999
seq3929@5,seq430@28,0.9999999999999999
seq3929@5,seq1204@23,0.9999999999999999
seq3929@5,seq2462@16,0.9999999999999999
seq3929@5,seq12862@14,0.9999999999999999
seq3929@5,seq1280@12,0.9878787878787878
seq3929@5,seq16740@11,0.9878787878787878
seq3929@5,seq17946@8,0.9999999999999999
seq3929@5,seq9187@6,0.9999999999999999
seq3929@5,seq2929@5,0.9999999999999999
seq3929@5,seq991@17,0.9999999999999999
seq3929@5,seq1934@40,0.9999999999999999
seq3929@5,seq8@44677,0.9999999999999999
seq3929@5,seq2461@27,0.9999999999999999
seq117@16,seq5297@6,0.9999999999999999
seq117@16,seq5405@17,0.9999999999999999
seq117@16,seq796@14,0.9999999999999999
seq117@16,seq3640@13,0.9999999999999999
seq117@16,seq1718@9,0.9878787878787878
seq117@16,seq3234@9,0.9999999999999999
seq117@16,seq10018@8,0.9999999999999999
seq117@16,seq1481@7,0.9999999999999999
seq117@16,seq4721@7,0.9878787878787878
seq117@16,seq10507@7,0.9999999999999999
seq117@16,seq4315@6,0.9999999999999999
seq117@16,seq7536@6,0.9999999999999999
seq117@16,seq39677@6,0.9999999999999999
seq117@16,seq4508@5,0.9999999999999999
seq117@16,seq5590@5,0.9999999999999999
seq117@16,seq6544@5,0.9999999999999999
seq117@16,seq7946@5,0.9999999999999999
seq117@16,seq20893@5,0.9999999999999999
seq117@16,naive,0.9999999999999999
seq117@16,seq24@4813,0.9999999999999999
seq117@16,seq23901@6,0.9999999999999999
seq117@16,seq366@64,0.9999999999999999
seq117@16,seq5823@8,0.9999999999999999
seq117@16,seq5881@11,0.9999999999999999
seq117@16,seq1004@14,0.9999999999999999
seq117@16,seq42589@5,0.9999999999999999
seq117@16,seq1603@86,0.9999999999999999
seq117@16,seq3096@41,0.9999999999999999
seq117@16,seq141@55,0.9999999999999999
seq117@16,seq4005@80,0.9999999999999999
seq117@16,seq6678@28,0.9999999999999999
seq117@16,seq398@62,0.9999999999999999
seq117@16,seq3289@27,0.9999999999999999
seq117@16,seq667@45,0.9999999999999999
seq117@16,seq4058@95,0.9999999999999999
seq117@16,seq567@25,0.9999999999999999
seq117@16,seq4013@37,0.9999999999999999
seq117@16,seq756@25,0.9999999999999999
seq117@16,seq32059@5,0.9999999999999999
seq117@16,seq2413@23,0.9999999999999999
seq117@16,seq803@72,0.9999999999999999
seq117@16,seq5832@22,0.9999999999999999
seq117@16,seq968@46,0.9999999999999999
seq117@16,seq5127@21,0.9999999999999999
seq117@16,seq2366@32,0.9999999999999999
seq117@16,seq1939@16,0.9999999999999999
seq117@16,seq7090@22,0.9999999999999999
seq117@16,seq4637@16,0.9999999999999999
seq117@16,seq294@40,0.9999999999999999
seq117@16,seq3663@14,0.9999999999999999
seq117@16,seq282@31,0.9999999999999999
seq117@16,seq1977@11,0.9999999999999999
seq117@16,seq101@106,0.9999999999999999
seq117@16,seq11445@10,0.9878787878787878
seq117@16,seq1609@30,0.9999999999999999
seq117@16,seq804@9,0.9999999999999999
seq117@16,seq11725@11,0.996965091635306
seq117@16,seq12219@7,0.9999999999999999
seq117@16,seq347@84,0.9999999999999999
seq117@16,seq24325@7,0.9999999999999999
seq117@16,seq762@26,0.9999999999999999
seq117@16,seq9045@6,0.9999999999999999
seq117@16,seq1062@22,0.9999999999999999
seq117@16,seq11877@7,0.9999999999999999
seq117@16,seq3868@20,0.9999999999999999
seq117@16,seq2340@41,0.9999999999999999
seq117@16,seq9698@6,0.9999999999999999
seq117@16,seq2229@7,0.9999999999999999
seq117@16,seq1169@78,0.9999999999999999
seq117@16,seq2868@5,0.9999999999999999
seq117@16,seq4564@7,0.9999999999999999
seq117@16,seq1376@21,0.9878787878787878
seq117@16,seq3502@5,0.9999999999999999
seq117@16,seq13938@8,0.9999999999999999
seq117@16,seq629@101,0.9999999999999999
seq117@16,seq4326@5,0.9999999999999999
seq117@16,seq147@8,0.9999999999999999
seq117@16,seq304@65,0.9999999999999999
seq117@16,seq7359@5,0.9999999999999999
seq117@16,seq5131@10,0.9999999999999999
seq117@16,seq7760@5,0.9999999999999999
seq117@16,seq109@26,0.9999999999999999
seq117@16,seq9913@5,0.9999999999999999
seq117@16,seq10957@23,0.9999999999999999
seq117@16,seq1472@61,0.9999999999999999
seq117@16,seq12569@5,0.9999999999999999
seq117@16,seq18928@9,0.9999999999999999
seq117@16,seq16760@5,0.9999999999999999
seq117@16,seq732@44,0.9999999999999999
seq117@16,seq8386@19,0.9999999999999999
seq117@16,seq4165@10,0.9999999999999999
seq117@16,seq223@39,0.9999999999999999
seq117@16,seq2127@17,0.9878787878787878
seq117@16,seq5880@7,0.9878787878787878
seq117@16,seq1314@44,0.9999999999999999
seq117@16,seq516@43,0.9999999999999999
seq117@16,seq239@42,0.9999999999999999
seq117@16,seq7106@30,0.9999999999999999
seq117@16,seq430@28,0.9999999999999999
seq117@16,seq1204@23,0.9999999999999999
seq117@16,seq2462@16,0.9999999999999999
seq117@16,seq12862@14,0.9999999999999999
seq117@16,seq1280@12,0.9878787878787878
seq117@16,seq16740@11,0.9878787878787878
seq117@16,seq17946@8,0.9999999999999999
seq117@16,seq9187@6,0.9999999999999999
seq117@16,seq2929@5,0.9999999999999999
seq117@16,seq991@17,0.9999999999999999
seq117@16,seq1934@40,0.9999999999999999
seq117@16,seq8@44677,0.9999999999999999
seq117@16,seq2461@27,0.9999999999999999
seq5297@6,seq5405@17,0.9999999999999999
seq5297@6,seq796@14,0.9999999999999999
seq5297@6,seq3640@13,0.9999999999999999
seq5297@6,seq1718@9,0.9878787878787878
seq5297@6,seq3234@9,0.9999999999999999
seq5297@6,seq10018@8,0.9999999999999999
seq5297@6,seq1481@7,0.9999999999999999
seq5297@6,seq4721@7,0.9878787878787878
seq5297@6,seq10507@7,0.9999999999999999
seq5297@6,seq4315@6,0.9999999999999999
seq5297@6,seq7536@6,0.9999999999999999
seq5297@6,seq39677@6,0.9999999999999999
seq5297@6,seq4508@5,0.9999999999999999
seq5297@6,seq5590@5,0.9999999999999999
seq5297@6,seq6544@5,0.9999999999999999
seq5297@6,seq7946@5,0.9999999999999999
seq5297@6,seq20893@5,0.9999999999999999
seq5297@6,naive,0.9999999999999999
seq5297@6,seq24@4813,0.9999999999999999
seq5297@6,seq23901@6,0.9999999999999999
seq5297@6,seq366@64,0.9999999999999999
seq5297@6,seq5823@8,0.9999999999999999
seq5297@6,seq5881@11,0.9999999999999999
seq5297@6,seq1004@14,0.9999999999999999
seq5297@6,seq42589@5,0.9999999999999999
seq5297@6,seq1603@86,0.9999999999999999
seq5297@6,seq3096@41,0.9999999999999999
seq5297@6,seq141@55,0.9999999999999999
seq5297@6,seq4005@80,0.9999999999999999
seq5297@6,seq6678@28,0.9999999999999999
seq5297@6,seq398@62,0.9999999999999999
seq5297@6,seq3289@27,0.9999999999999999
seq5297@6,seq667@45,0.9999999999999999
seq5297@6,seq4058@95,0.9999999999999999
seq5297@6,seq567@25,0.9999999999999999
seq5297@6,seq4013@37,0.9999999999999999
seq5297@6,seq756@25,0.9999999999999999
seq5297@6,seq32059@5,0.9999999999999999
seq5297@6,seq2413@23,0.9999999999999999
seq5297@6,seq803@72,0.9999999999999999
seq5297@6,seq5832@22,0.9999999999999999
seq5297@6,seq968@46,0.9999999999999999
seq5297@6,seq5127@21,0.9999999999999999
seq5297@6,seq2366@32,0.9999999999999999
seq5297@6,seq1939@16,0.9999999999999999
seq5297@6,seq7090@22,0.9999999999999999
seq5297@6,seq4637@16,0.9999999999999999
seq5297@6,seq294@40,0.9999999999999999
seq5297@6,seq3663@14,0.9999999999999999
seq5297@6,seq282@31,0.9999999999999999
seq5297@6,seq1977@11,0.9999999999999999
seq5297@6,seq101@106,0.9999999999999999
seq5297@6,seq11445@10,0.9878787878787878
seq5297@6,seq1609@30,0.9999999999999999
seq5297@6,seq804@9,0.9999999999999999
seq5297@6,seq11725@11,0.996965091635306
seq5297@6,seq12219@7,0.9999999999999999
seq5297@6,seq347@84,0.9999999999999999
seq5297@6,seq24325@7,0.9999999999999999
seq5297@6,seq762@26,0.9999999999999999
seq5297@6,seq9045@6,0.9999999999999999
seq5297@6,seq1062@22,0.9999999999999999
seq5297@6,seq11877@7,0.9999999999999999
seq5297@6,seq3868@20,0.9999999999999999
seq5297@6,seq2340@41,0.9999999999999999
seq5297@6,seq9698@6,0.9999999999999999
seq5297@6,seq2229@7,0.9999999999999999
seq5297@6,seq1169@78,0.9999999999999999
seq5297@6,seq2868@5,0.9999999999999999
seq5297@6,seq4564@7,0.9999999999999999
seq5297@6,seq1376@21,0.9878787878787878
seq5297@6,seq3502@5,0.9999999999999999
seq5297@6,seq13938@8,0.9999999999999999
seq5297@6,seq629@101,0.9999999999999999
seq5297@6,seq4326@5,0.9999999999999999
seq5297@6,seq147@8,0.9999999999999999
seq5297@6,seq304@65,0.9999999999999999
seq5297@6,seq7359@5,0.9999999999999999
seq5297@6,seq5131@10,0.9999999999999999
seq5297@6,seq7760@5,0.9999999999999999
seq5297@6,seq109@26,0.9999999999999999
seq5297@6,seq9913@5,0.9999999999999999
seq5297@6,seq10957@23,0.9999999999999999
seq5297@6,seq1472@61,0.9999999999999999
seq5297@6,seq12569@5,0.9999999999999999
seq5297@6,seq18928@9,0.9999999999999999
seq5297@6,seq16760@5,0.9999999999999999
seq5297@6,seq732@44,0.9999999999999999
seq5297@6,seq8386@19,0.9999999999999999
seq5297@6,seq4165@10,0.9999999999999999
seq5297@6,seq223@39,0.9999999999999999
seq5297@6,seq2127@17,0.9878787878787878
seq5297@6,seq5880@7,0.9878787878787878
seq5297@6,seq1314@44,0.9999999999999999
seq5297@6,seq516@43,0.9999999999999999
seq5297@6,seq239@42,0.9999999999999999
seq5297@6,seq7106@30,0.9999999999999999
seq5297@6,seq430@28,0.9999999999999999
seq5297@6,seq1204@23,0.9999999999999999
seq5297@6,seq2462@16,0.9999999999999999
seq5297@6,seq12862@14,0.9999999999999999
seq5297@6,seq1280@12,0.9878787878787878
seq5297@6,seq16740@11,0.9878787878787878
seq5297@6,seq17946@8,0.9999999999999999
seq5297@6,seq9187@6,0.9999999999999999
seq5297@6,seq2929@5,0.9999999999999999
seq5297@6,seq991@17,0.9999999999999999
seq5297@6,seq1934@40,0.9999999999999999
seq5297@6,seq8@44677,0.9999999999999999
seq5297@6,seq2461@27,0.9999999999999999
seq5405@17,seq796@14,0.9999999999999999
seq5405@17,seq3640@13,0.9999999999999999
seq5405@17,seq1718@9,0.9878787878787878
seq5405@17,seq3234@9,0.9999999999999999
seq5405@17,seq10018@8,0.9999999999999999
seq5405@17,seq1481@7,0.9999999999999999
seq5405@17,seq4721@7,0.9878787878787878
seq5405@17,seq10507@7,0.9999999999999999
seq5405@17,seq4315@6,0.9999999999999999
seq5405@17,seq7536@6,0.9999999999999999
seq5405@17,seq39677@6,0.9999999999999999
seq5405@17,seq4508@5,0.9999999999999999
seq5405@17,seq5590@5,0.9999999999999999
seq5405@17,seq6544@5,0.9999999999999999
seq5405@17,seq7946@5,0.9999999999999999
seq5405@17,seq20893@5,0.9999999999999999
seq5405@17,naive,0.9999999999999999
seq5405@17,seq24@4813,0.9999999999999999
seq5405@17,seq23901@6,0.9999999999999999
seq5405@17,seq366@64,0.9999999999999999
seq5405@17,seq5823@8,0.9999999999999999
seq5405@17,seq5881@11,0.9999999999999999
seq5405@17,seq1004@14,0.9999999999999999
seq5405@17,seq42589@5,0.9999999999999999
seq5405@17,seq1603@86,0.9999999999999999
seq5405@17,seq3096@41,0.9999999999999999
seq5405@17,seq141@55,0.9999999999999999
seq5405@17,seq4005@80,0.9999999999999999
seq5405@17,seq6678@28,0.9999999999999999
seq5405@17,seq398@62,0.9999999999999999
seq5405@17,seq3289@27,0.9999999999999999
seq5405@17,seq667@45,0.9999999999999999
seq5405@17,seq4058@95,0.9999999999999999
seq5405@17,seq567@25,0.9999999999999999
seq5405@17,seq4013@37,0.9999999999999999
seq5405@17,seq756@25,0.9999999999999999
seq5405@17,seq32059@5,0.9999999999999999
seq5405@17,seq2413@23,0.9999999999999999
seq5405@17,seq803@72,0.9999999999999999
seq5405@17,seq5832@22,0.9999999999999999
seq5405@17,seq968@46,0.9999999999999999
seq5405@17,seq5127@21,0.9999999999999999
seq5405@17,seq2366@32,0.9999999999999999
seq5405@17,seq1939@16,0.9999999999999999
seq5405@17,seq7090@22,0.9999999999999999
seq5405@17,seq4637@16,0.9999999999999999
seq5405@17,seq294@40,0.9999999999999999
seq5405@17,seq3663@14,0.9999999999999999
seq5405@17,seq282@31,0.9999999999999999
seq5405@17,seq1977@11,0.9999999999999999
seq5405@17,seq101@106,0.9999999999999999
seq5405@17,seq11445@10,0.9878787878787878
seq5405@17,seq1609@30,0.9999999999999999
seq5405@17,seq804@9,0.9999999999999999
seq5405@17,seq11725@11,0.996965091635306
seq5405@17,seq12219@7,0.9999999999999999
seq5405@17,seq347@84,0.9999999999999999
seq5405@17,seq24325@7,0.9999999999999999
seq5405@17,seq762@26,0.9999999999999999
seq5405@17,seq9045@6,0.9999999999999999
seq5405@17,seq1062@22,0.9999999999999999
seq5405@17,seq11877@7,0.9999999999999999
seq5405@17,seq3868@20,0.9999999999999999
seq5405@17,seq2340@41,0.9999999999999999
seq5405@17,seq9698@6,0.9999999999999999
seq5405@17,seq2229@7,0.9999999999999999
seq5405@17,seq1169@78,0.9999999999999999
seq5405@17,seq2868@5,0.9999999999999999
seq5405@17,seq4564@7,0.9999999999999999
seq5405@17,seq1376@21,0.9878787878787878
seq5405@17,seq3502@5,0.9999999999999999
seq5405@17,seq13938@8,0.9999999999999999
seq5405@17,seq629@101,0.9999999999999999
seq5405@17,seq4326@5,0.9999999999999999
seq5405@17,seq147@8,0.9999999999999999
seq5405@17,seq304@65,0.9999999999999999
seq5405@17,seq7359@5,0.9999999999999999
seq5405@17,seq5131@10,0.9999999999999999
seq5405@17,seq7760@5,0.9999999999999999
seq5405@17,seq109@26,0.9999999999999999
seq5405@17,seq9913@5,0.9999999999999999
seq5405@17,seq10957@23,0.9999999999999999
seq5405@17,seq1472@61,0.9999999999999999
seq5405@17,seq12569@5,0.9999999999999999
seq5405@17,seq18928@9,0.9999999999999999
seq5405@17,seq16760@5,0.9999999999999999
seq5405@17,seq732@44,0.9999999999999999
seq5405@17,seq8386@19,0.9999999999999999
seq5405@17,seq4165@10,0.9999999999999999
seq5405@17,seq223@39,0.9999999999999999
seq5405@17,seq2127@17,0.9878787878787878
seq5405@17,seq5880@7,0.9878787878787878
seq5405@17,seq1314@44,0.9999999999999999
seq5405@17,seq516@43,0.9999999999999999
seq5405@17,seq239@42,0.9999999999999999
seq5405@17,seq7106@30,0.9999999999999999
seq5405@17,seq430@28,0.9999999999999999
seq5405@17,seq1204@23,0.9999999999999999
seq5405@17,seq2462@16,0.9999999999999999
seq5405@17,seq12862@14,0.9999999999999999
seq5405@17,seq1280@12,0.9878787878787878
seq5405@17,seq16740@11,0.9878787878787878
seq5405@17,seq17946@8,0.9999999999999999
seq5405@17,seq9187@6,0.9999999999999999
seq5405@17,seq2929@5,0.9999999999999999
seq5405@17,seq991@17,0.9999999999999999
seq5405@17,seq1934@40,0.9999999999999999
seq5405@17,seq8@44677,0.9999999999999999
seq5405@17,seq2461@27,0.9999999999999999
seq796@14,seq3640@13,0.9999999999999999
seq796@14,seq1718@9,0.9878787878787878
seq796@14,seq3234@9,0.9999999999999999
seq796@14,seq10018@8,0.9999999999999999
seq796@14,seq1481@7,0.9999999999999999
seq796@14,seq4721@7,0.9878787878787878
seq796@14,seq10507@7,0.9999999999999999
seq796@14,seq4315@6,0.9999999999999999
seq796@14,seq7536@6,0.9999999999999999
seq796@14,seq39677@6,0.9999999999999999
seq796@14,seq4508@5,0.9999999999999999
seq796@14,seq5590@5,0.9999999999999999
seq796@14,seq6544@5,0.9999999999999999
seq796@14,seq7946@5,0.9999999999999999
seq796@14,seq20893@5,0.9999999999999999
seq796@14,naive,0.9999999999999999
seq796@14,seq24@4813,0.9999999999999999
seq796@14,seq23901@6,0.9999999999999999
seq796@14,seq366@64,0.9999999999999999
seq796@14,seq5823@8,0.9999999999999999
seq796@14,seq5881@11,0.9999999999999999
seq796@14,seq1004@14,0.9999999999999999
seq796@14,seq42589@5,0.9999999999999999
seq796@14,seq1603@86,0.9999999999999999
seq796@14,seq3096@41,0.9999999999999999
seq796@14,seq141@55,0.9999999999999999
seq796@14,seq4005@80,0.9999999999999999
seq796@14,seq6678@28,0.9999999999999999
seq796@14,seq398@62,0.9999999999999999
seq796@14,seq3289@27,0.9999999999999999
seq796@14,seq667@45,0.9999999999999999
seq796@14,seq4058@95,0.9999999999999999
seq796@14,seq567@25,0.9999999999999999
seq796@14,seq4013@37,0.9999999999999999
seq796@14,seq756@25,0.9999999999999999
seq796@14,seq32059@5,0.9999999999999999
seq796@14,seq2413@23,0.9999999999999999
seq796@14,seq803@72,0.9999999999999999
seq796@14,seq5832@22,0.9999999999999999
seq796@14,seq968@46,0.9999999999999999
seq796@14,seq5127@21,0.9999999999999999
seq796@14,seq2366@32,0.9999999999999999
seq796@14,seq1939@16,0.9999999999999999
seq796@14,seq7090@22,0.9999999999999999
seq796@14,seq4637@16,0.9999999999999999
seq796@14,seq294@40,0.9999999999999999
seq796@14,seq3663@14,0.9999999999999999
seq796@14,seq282@31,0.9999999999999999
seq796@14,seq1977@11,0.9999999999999999
seq796@14,seq101@106,0.9999999999999999
seq796@14,seq11445@10,0.9878787878787878
seq796@14,seq1609@30,0.9999999999999999
seq796@14,seq804@9,0.9999999999999999
seq796@14,seq11725@11,0.996965091635306
seq796@14,seq12219@7,0.9999999999999999
seq796@14,seq347@84,0.9999999999999999
seq796@14,seq24325@7,0.9999999999999999
seq796@14,seq762@26,0.9999999999999999
seq796@14,seq9045@6,0.9999999999999999
seq796@14,seq1062@22,0.9999999999999999
seq796@14,seq11877@7,0.9999999999999999
seq796@14,seq3868@20,0.9999999999999999
seq796@14,seq2340@41,0.9999999999999999
seq796@14,seq9698@6,0.9999999999999999
seq796@14,seq2229@7,0.9999999999999999
seq796@14,seq1169@78,0.9999999999999999
seq796@14,seq2868@5,0.9999999999999999
seq796@14,seq4564@7,0.9999999999999999
seq796@14,seq1376@21,0.9878787878787878
seq796@14,seq3502@5,0.9999999999999999
seq796@14,seq13938@8,0.9999999999999999
seq796@14,seq629@101,0.9999999999999999
seq796@14,seq4326@5,0.9999999999999999
seq796@14,seq147@8,0.9999999999999999
seq796@14,seq304@65,0.9999999999999999
seq796@14,seq7359@5,0.9999999999999999
seq796@14,seq5131@10,0.9999999999999999
seq796@14,seq7760@5,0.9999999999999999
seq796@14,seq109@26,0.9999999999999999
seq796@14,seq9913@5,0.9999999999999999
seq796@14,seq10957@23,0.9999999999999999
seq796@14,seq1472@61,0.9999999999999999
seq796@14,seq12569@5,0.9999999999999999
seq796@14,seq18928@9,0.9999999999999999
seq796@14,seq16760@5,0.9999999999999999
seq796@14,seq732@44,0.9999999999999999
seq796@14,seq8386@19,0.9999999999999999
seq796@14,seq4165@10,0.9999999999999999
seq796@14,seq223@39,0.9999999999999999
seq796@14,seq2127@17,0.9878787878787878
seq796@14,seq5880@7,0.9878787878787878
seq796@14,seq1314@44,0.9999999999999999
seq796@14,seq516@43,0.9999999999999999
seq796@14,seq239@42,0.9999999999999999
seq796@14,seq7106@30,0.9999999999999999
seq796@14,seq430@28,0.9999999999999999
seq796@14,seq1204@23,0.9999999999999999
seq796@14,seq2462@16,0.9999999999999999
seq796@14,seq12862@14,0.9999999999999999
seq796@14,seq1280@12,0.9878787878787878
seq796@14,seq16740@11,0.9878787878787878
seq796@14,seq17946@8,0.9999999999999999
seq796@14,seq9187@6,0.9999999999999999
seq796@14,seq2929@5,0.9999999999999999
seq796@14,seq991@17,0.9999999999999999
seq796@14,seq1934@40,0.9999999999999999
seq796@14,seq8@44677,0.9999999999999999
seq796@14,seq2461@27,0.9999999999999999
seq3640@13,seq1718@9,0.9878787878787878
seq3640@13,seq3234@9,0.9999999999999999
seq3640@13,seq10018@8,0.9999999999999999
seq3640@13,seq1481@7,0.9999999999999999
seq3640@13,seq4721@7,0.9878787878787878
seq3640@13,seq10507@7,0.9999999999999999
seq3640@13,seq4315@6,0.9999999999999999
seq3640@13,seq7536@6,0.9999999999999999
seq3640@13,seq39677@6,0.9999999999999999
seq3640@13,seq4508@5,0.9999999999999999
seq3640@13,seq5590@5,0.9999999999999999
seq3640@13,seq6544@5,0.9999999999999999
seq3640@13,seq7946@5,0.9999999999999999
seq3640@13,seq20893@5,0.9999999999999999
seq3640@13,naive,0.9999999999999999
seq3640@13,seq24@4813,0.9999999999999999
seq3640@13,seq23901@6,0.9999999999999999
seq3640@13,seq366@64,0.9999999999999999
seq3640@13,seq5823@8,0.9999999999999999
seq3640@13,seq5881@11,0.9999999999999999
seq3640@13,seq1004@14,0.9999999999999999
seq3640@13,seq42589@5,0.9999999999999999
seq3640@13,seq1603@86,0.9999999999999999
seq3640@13,seq3096@41,0.9999999999999999
seq3640@13,seq141@55,0.9999999999999999
seq3640@13,seq4005@80,0.9999999999999999
seq3640@13,seq6678@28,0.9999999999999999
seq3640@13,seq398@62,0.9999999999999999
seq3640@13,seq3289@27,0.9999999999999999
seq3640@13,seq667@45,0.9999999999999999
seq3640@13,seq4058@95,0.9999999999999999
seq3640@13,seq567@25,0.9999999999999999
seq3640@13,seq4013@37,0.9999999999999999
seq3640@13,seq756@25,0.9999999999999999
seq3640@13,seq32059@5,0.9999999999999999
seq3640@13,seq2413@23,0.9999999999999999
seq3640@13,seq803@72,0.9999999999999999
seq3640@13,seq5832@22,0.9999999999999999
seq3640@13,seq968@46,0.9999999999999999
seq3640@13,seq5127@21,0.9999999999999999
seq3640@13,seq2366@32,0.9999999999999999
seq3640@13,seq1939@16,0.9999999999999999
seq3640@13,seq7090@22,0.9999999999999999
seq3640@13,seq4637@16,0.9999999999999999
seq3640@13,seq294@40,0.9999999999999999
seq3640@13,seq3663@14,0.9999999999999999
seq3640@13,seq282@31,0.9999999999999999
seq3640@13,seq1977@11,0.9999999999999999
seq3640@13,seq101@106,0.9999999999999999
seq3640@13,seq11445@10,0.9878787878787878
seq3640@13,seq1609@30,0.9999999999999999
seq3640@13,seq804@9,0.9999999999999999
seq3640@13,seq11725@11,0.996965091635306
seq3640@13,seq12219@7,0.9999999999999999
seq3640@13,seq347@84,0.9999999999999999
seq3640@13,seq24325@7,0.9999999999999999
seq3640@13,seq762@26,0.9999999999999999
seq3640@13,seq9045@6,0.9999999999999999
seq3640@13,seq1062@22,0.9999999999999999
seq3640@13,seq11877@7,0.9999999999999999
seq3640@13,seq3868@20,0.9999999999999999
seq3640@13,seq2340@41,0.9999999999999999
seq3640@13,seq9698@6,0.9999999999999999
seq3640@13,seq2229@7,0.9999999999999999
seq3640@13,seq1169@78,0.9999999999999999
seq3640@13,seq2868@5,0.9999999999999999
seq3640@13,seq4564@7,0.9999999999999999
seq3640@13,seq1376@21,0.9878787878787878
seq3640@13,seq3502@5,0.9999999999999999
seq3640@13,seq13938@8,0.9999999999999999
seq3640@13,seq629@101,0.9999999999999999
seq3640@13,seq4326@5,0.9999999999999999
seq3640@13,seq147@8,0.9999999999999999
seq3640@13,seq304@65,0.9999999999999999
seq3640@13,seq7359@5,0.9999999999999999
seq3640@13,seq5131@10,0.9999999999999999
seq3640@13,seq7760@5,0.9999999999999999
seq3640@13,seq109@26,0.9999999999999999
seq3640@13,seq9913@5,0.9999999999999999
seq3640@13,seq10957@23,0.9999999999999999
seq3640@13,seq1472@61,0.9999999999999999
seq3640@13,seq12569@5,0.9999999999999999
seq3640@13,seq18928@9,0.9999999999999999
seq3640@13,seq16760@5,0.9999999999999999
seq3640@13,seq732@44,0.9999999999999999
seq3640@13,seq8386@19,0.9999999999999999
seq3640@13,seq4165@10,0.9999999999999999
seq3640@13,seq223@39,0.9999999999999999
seq3640@13,seq2127@17,0.9878787878787878
seq3640@13,seq5880@7,0.9878787878787878
seq3640@13,seq1314@44,0.9999999999999999
seq3640@13,seq516@43,0.9999999999999999
seq3640@13,seq239@42,0.9999999999999999
seq3640@13,seq7106@30,0.9999999999999999
seq3640@13,seq430@28,0.9999999999999999
seq3640@13,seq1204@23,0.9999999999999999
seq3640@13,seq2462@16,0.9999999999999999
seq3640@13,seq12862@14,0.9999999999999999
seq3640@13,seq1280@12,0.9878787878787878
seq3640@13,seq16740@11,0.9878787878787878
seq3640@13,seq17946@8,0.9999999999999999
seq3640@13,seq9187@6,0.9999999999999999
seq3640@13,seq2929@5,0.9999999999999999
seq3640@13,seq991@17,0.9999999999999999
seq3640@13,seq1934@40,0.9999999999999999
seq3640@13,seq8@44677,0.9999999999999999
seq3640@13,seq2461@27,0.9999999999999999
seq1718@9,seq3234@9,0.9878787878787878
seq1718@9,seq10018@8,0.9878787878787878
seq1718@9,seq1481@7,0.9878787878787878
seq1718@9,seq4721@7,0.9636363636363635
seq1718@9,seq10507@7,0.9878787878787878
seq1718@9,seq4315@6,0.9878787878787878
seq1718@9,seq7536@6,0.9878787878787878
seq1718@9,seq39677@6,0.9878787878787878
seq1718@9,seq4508@5,0.9878787878787878
seq1718@9,seq5590@5,0.9878787878787878
seq1718@9,seq6544@5,0.9878787878787878
seq1718@9,seq7946@5,0.9878787878787878
seq1718@9,seq20893@5,0.9878787878787878
seq1718@9,naive,0.9878787878787878
seq1718@9,seq24@4813,0.9878787878787878
seq1718@9,seq23901@6,0.9878787878787878
seq1718@9,seq366@64,0.9878787878787878
seq1718@9,seq5823@8,0.9878787878787878
seq1718@9,seq5881@11,0.9878787878787878
seq1718@9,seq1004@14,0.9878787878787878
seq1718@9,seq42589@5,0.9878787878787878
seq1718@9,seq1603@86,0.9878787878787878
seq1718@9,seq3096@41,0.9878787878787878
seq1718@9,seq141@55,0.9878787878787878
seq1718@9,seq4005@80,0.9878787878787878
seq1718@9,seq6678@28,0.9878787878787878
seq1718@9,seq398@62,0.9878787878787878
seq1718@9,seq3289@27,0.9878787878787878
seq1718@9,seq667@45,0.9878787878787878
seq1718@9,seq4058@95,0.9878787878787878
seq1718@9,seq567@25,0.9878787878787878
seq1718@9,seq4013@37,0.9878787878787878
seq1718@9,seq756@25,0.9878787878787878
seq1718@9,seq32059@5,0.9878787878787878
seq1718@9,seq2413@23,0.9878787878787878
seq1718@9,seq803@72,0.9878787878787878
seq1718@9,seq5832@22,0.9878787878787878
seq1718@9,seq968@46,0.9878787878787878
seq1718@9,seq5127@21,0.9878787878787878
seq1718@9,seq2366@32,0.9878787878787878
seq1718@9,seq1939@16,0.9878787878787878
seq1718@9,seq7090@22,0.9878787878787878
seq1718@9,seq4637@16,0.9878787878787878
seq1718@9,seq294@40,0.9878787878787878
seq1718@9,seq3663@14,0.9878787878787878
seq1718@9,seq282@31,0.9878787878787878
seq1718@9,seq1977@11,0.9878787878787878
seq1718@9,seq101@106,0.9878787878787878
seq1718@9,seq11445@10,0.9757575757575757
seq1718@9,seq1609@30,0.9878787878787878
seq1718@9,seq804@9,0.9878787878787878
seq1718@9,seq11725@11,0.996965091635306
seq1718@9,seq12219@7,0.9878787878787878
seq1718@9,seq347@84,0.9878787878787878
seq1718@9,seq24325@7,0.9878787878787878
seq1718@9,seq762@26,0.9878787878787878
seq1718@9,seq9045@6,0.9878787878787878
seq1718@9,seq1062@22,0.9878787878787878
seq1718@9,seq11877@7,0.9878787878787878
seq1718@9,seq3868@20,0.9878787878787878
seq1718@9,seq2340@41,0.9878787878787878
seq1718@9,seq9698@6,0.9878787878787878
seq1718@9,seq2229@7,0.9878787878787878
seq1718@9,seq1169@78,0.9878787878787878
seq1718@9,seq2868@5,0.9878787878787878
seq1718@9,seq4564@7,0.9878787878787878
seq1718@9,seq1376@21,0.9636363636363635
seq1718@9,seq3502@5,0.9878787878787878
seq1718@9,seq13938@8,0.9878787878787878
seq1718@9,seq629@101,0.9878787878787878
seq1718@9,seq4326@5,0.9878787878787878
seq1718@9,seq147@8,0.9878787878787878
seq1718@9,seq304@65,0.9878787878787878
seq1718@9,seq7359@5,0.9878787878787878
seq1718@9,seq5131@10,0.9878787878787878
seq1718@9,seq7760@5,0.9878787878787878
seq1718@9,seq109@26,0.9878787878787878
seq1718@9,seq9913@5,0.9878787878787878
seq1718@9,seq10957@23,0.9878787878787878
seq1718@9,seq1472@61,0.9878787878787878
seq1718@9,seq12569@5,0.9878787878787878
seq1718@9,seq18928@9,0.9878787878787878
seq1718@9,seq16760@5,0.9878787878787878
seq1718@9,seq732@44,0.9878787878787878
seq1718@9,seq8386@19,0.9878787878787878
seq1718@9,seq4165@10,0.9878787878787878
seq1718@9,seq223@39,0.9878787878787878
seq1718@9,seq2127@17,0.9636363636363635
seq1718@9,seq5880@7,0.9636363636363635
seq1718@9,seq1314@44,0.9878787878787878
seq1718@9,seq516@43,0.9878787878787878
seq1718@9,seq239@42,0.9878787878787878
seq1718@9,seq7106@30,0.9878787878787878
seq1718@9,seq430@28,0.9878787878787878
seq1718@9,seq1204@23,0.9878787878787878
seq1718@9,seq2462@16,0.9878787878787878
seq1718@9,seq12862@14,0.9878787878787878
seq1718@9,seq1280@12,0.9757575757575757
seq1718@9,seq16740@11,0.9757575757575757
seq1718@9,seq17946@8,0.9878787878787878
seq1718@9,seq9187@6,0.9878787878787878
seq1718@9,seq2929@5,0.9878787878787878
seq1718@9,seq991@17,0.9878787878787878
seq1718@9,seq1934@40,0.9878787878787878
seq1718@9,seq8@44677,0.9878787878787878
seq1718@9,seq2461@27,0.9878787878787878
seq3234@9,seq10018@8,0.9999999999999999
seq3234@9,seq1481@7,0.9999999999999999
seq3234@9,seq4721@7,0.9878787878787878
seq3234@9,seq10507@7,0.9999999999999999
seq3234@9,seq4315@6,0.9999999999999999
seq3234@9,seq7536@6,0.9999999999999999
seq3234@9,seq39677@6,0.9999999999999999
seq3234@9,seq4508@5,0.9999999999999999
seq3234@9,seq5590@5,0.9999999999999999
seq3234@9,seq6544@5,0.9999999999999999
seq3234@9,seq7946@5,0.9999999999999999
seq3234@9,seq20893@5,0.9999999999999999
seq3234@9,naive,0.9999999999999999
seq3234@9,seq24@4813,0.9999999999999999
seq3234@9,seq23901@6,0.9999999999999999
seq3234@9,seq366@64,0.9999999999999999
seq3234@9,seq5823@8,0.9999999999999999
seq3234@9,seq5881@11,0.9999999999999999
seq3234@9,seq1004@14,0.9999999999999999
seq3234@9,seq42589@5,0.9999999999999999
seq3234@9,seq1603@86,0.9999999999999999
seq3234@9,seq3096@41,0.9999999999999999
seq3234@9,seq141@55,0.9999999999999999
seq3234@9,seq4005@80,0.9999999999999999
seq3234@9,seq6678@28,0.9999999999999999
seq3234@9,seq398@62,0.9999999999999999
seq3234@9,seq3289@27,0.9999999999999999
seq3234@9,seq667@45,0.9999999999999999
seq3234@9,seq4058@95,0.9999999999999999
seq3234@9,seq567@25,0.9999999999999999
seq3234@9,seq4013@37,0.9999999999999999
seq3234@9,seq756@25,0.9999999999999999
seq3234@9,seq32059@5,0.9999999999999999
seq3234@9,seq2413@23,0.9999999999999999
seq3234@9,seq803@72,0.9999999999999999
seq3234@9,seq5832@22,0.9999999999999999
seq3234@9,seq968@46,0.9999999999999999
seq3234@9,seq5127@21,0.9999999999999999
seq3234@9,seq2366@32,0.9999999999999999
seq3234@9,seq1939@16,0.9999999999999999
seq3234@9,seq7090@22,0.9999999999999999
seq3234@9,seq4637@16,0.9999999999999999
seq3234@9,seq294@40,0.9999999999999999
seq3234@9,seq3663@14,0.9999999999999999
seq3234@9,seq282@31,0.9999999999999999
seq3234@9,seq1977@11,0.9999999999999999
seq3234@9,seq101@106,0.9999999999999999
seq3234@9,seq11445@10,0.9878787878787878
seq3234@9,seq1609@30,0.9999999999999999
seq3234@9,seq804@9,0.9999999999999999
seq3234@9,seq11725@11,0.996965091635306
seq3234@9,seq12219@7,0.9999999999999999
seq3234@9,seq347@84,0.9999999999999999
seq3234@9,seq24325@7,0.9999999999999999
seq3234@9,seq762@26,0.9999999999999999
seq3234@9,seq9045@6,0.9999999999999999
seq3234@9,seq1062@22,0.9999999999999999
seq3234@9,seq11877@7,0.9999999999999999
seq3234@9,seq3868@20,0.9999999999999999
seq3234@9,seq2340@41,0.9999999999999999
seq3234@9,seq9698@6,0.9999999999999999
seq3234@9,seq2229@7,0.9999999999999999
seq3234@9,seq1169@78,0.9999999999999999
seq3234@9,seq2868@5,0.9999999999999999
seq3234@9,seq4564@7,0.9999999999999999
seq3234@9,seq1376@21,0.9878787878787878
seq3234@9,seq3502@5,0.9999999999999999
seq3234@9,seq13938@8,0.9999999999999999
seq3234@9,seq629@101,0.9999999999999999
seq3234@9,seq4326@5,0.9999999999999999
seq3234@9,seq147@8,0.9999999999999999
seq3234@9,seq304@65,0.9999999999999999
seq3234@9,seq7359@5,0.9999999999999999
seq3234@9,seq5131@10,0.9999999999999999
seq3234@9,seq7760@5,0.9999999999999999
seq3234@9,seq109@26,0.9999999999999999
seq3234@9,seq9913@5,0.9999999999999999
seq3234@9,seq10957@23,0.9999999999999999
seq3234@9,seq1472@61,0.9999999999999999
seq3234@9,seq12569@5,0.9999999999999999
seq3234@9,seq18928@9,0.9999999999999999
seq3234@9,seq16760@5,0.9999999999999999
seq3234@9,seq732@44,0.9999999999999999
seq3234@9,seq8386@19,0.9999999999999999
seq3234@9,seq4165@10,0.9999999999999999
seq3234@9,seq223@39,0.9999999999999999
seq3234@9,seq2127@17,0.9878787878787878
seq3234@9,seq5880@7,0.9878787878787878
seq3234@9,seq1314@44,0.9999999999999999
seq3234@9,seq516@43,0.9999999999999999
seq3234@9,seq239@42,0.9999999999999999
seq3234@9,seq7106@30,0.9999999999999999
seq3234@9,seq430@28,0.9999999999999999
seq3234@9,seq1204@23,0.9999999999999999
seq3234@9,seq2462@16,0.9999999999999999
seq3234@9,seq12862@14,0.9999999999999999
seq3234@9,seq1280@12,0.9878787878787878
seq3234@9,seq16740@11,0.9878787878787878
seq3234@9,seq17946@8,0.9999999999999999
seq3234@9,seq9187@6,0.9999999999999999
seq3234@9,seq2929@5,0.9999999999999999
seq3234@9,seq991@17,0.9999999999999999
seq3234@9,seq1934@40,0.9999999999999999
seq3234@9,seq8@44677,0.9999999999999999
seq3234@9,seq2461@27,0.9999999999999999
seq10018@8,seq1481@7,0.9999999999999999
seq10018@8,seq4721@7,0.9878787878787878
seq10018@8,seq10507@7,0.9999999999999999
seq10018@8,seq4315@6,0.9999999999999999
seq10018@8,seq7536@6,0.9999999999999999
seq10018@8,seq39677@6,0.9999999999999999
seq10018@8,seq4508@5,0.9999999999999999
seq10018@8,seq5590@5,0.9999999999999999
seq10018@8,seq6544@5,0.9999999999999999
seq10018@8,seq7946@5,0.9999999999999999
seq10018@8,seq20893@5,0.9999999999999999
seq10018@8,naive,0.9999999999999999
seq10018@8,seq24@4813,0.9999999999999999
seq10018@8,seq23901@6,0.9999999999999999
seq10018@8,seq366@64,0.9999999999999999
seq10018@8,seq5823@8,0.9999999999999999
seq10018@8,seq5881@11,0.9999999999999999
seq10018@8,seq1004@14,0.9999999999999999
seq10018@8,seq42589@5,0.9999999999999999
seq10018@8,seq1603@86,0.9999999999999999
seq10018@8,seq3096@41,0.9999999999999999
seq10018@8,seq141@55,0.9999999999999999
seq10018@8,seq4005@80,0.9999999999999999
seq10018@8,seq6678@28,0.9999999999999999
seq10018@8,seq398@62,0.9999999999999999
seq10018@8,seq3289@27,0.9999999999999999
seq10018@8,seq667@45,0.9999999999999999
seq10018@8,seq4058@95,0.9999999999999999
seq10018@8,seq567@25,0.9999999999999999
seq10018@8,seq4013@37,0.9999999999999999
seq10018@8,seq756@25,0.9999999999999999
seq10018@8,seq32059@5,0.9999999999999999
seq10018@8,seq2413@23,0.9999999999999999
seq10018@8,seq803@72,0.9999999999999999
seq10018@8,seq5832@22,0.9999999999999999
seq10018@8,seq968@46,0.9999999999999999
seq10018@8,seq5127@21,0.9999999999999999
seq10018@8,seq2366@32,0.9999999999999999
seq10018@8,seq1939@16,0.9999999999999999
seq10018@8,seq7090@22,0.9999999999999999
seq10018@8,seq4637@16,0.9999999999999999
seq10018@8,seq294@40,0.9999999999999999
seq10018@8,seq3663@14,0.9999999999999999
seq10018@8,seq282@31,0.9999999999999999
seq10018@8,seq1977@11,0.9999999999999999
seq10018@8,seq101@106,0.9999999999999999
seq10018@8,seq11445@10,0.9878787878787878
seq10018@8,seq1609@30,0.9999999999999999
seq10018@8,seq804@9,0.9999999999999999
seq10018@8,seq11725@11,0.996965091635306
seq10018@8,seq12219@7,0.9999999999999999
seq10018@8,seq347@84,0.9999999999999999
seq10018@8,seq24325@7,0.9999999999999999
seq10018@8,seq762@26,0.9999999999999999
seq10018@8,seq9045@6,0.9999999999999999
seq10018@8,seq1062@22,0.9999999999999999
seq10018@8,seq11877@7,0.9999999999999999
seq10018@8,seq3868@20,0.9999999999999999
seq10018@8,seq2340@41,0.9999999999999999
seq10018@8,seq9698@6,0.9999999999999999
seq10018@8,seq2229@7,0.9999999999999999
seq10018@8,seq1169@78,0.9999999999999999
seq10018@8,seq2868@5,0.9999999999999999
seq10018@8,seq4564@7,0.9999999999999999
seq10018@8,seq1376@21,0.9878787878787878
seq10018@8,seq3502@5,0.9999999999999999
seq10018@8,seq13938@8,0.9999999999999999
seq10018@8,seq629@101,0.9999999999999999
seq10018@8,seq4326@5,0.9999999999999999
seq10018@8,seq147@8,0.9999999999999999
seq10018@8,seq304@65,0.9999999999999999
seq10018@8,seq7359@5,0.9999999999999999
seq10018@8,seq5131@10,0.9999999999999999
seq10018@8,seq7760@5,0.9999999999999999
seq10018@8,seq109@26,0.9999999999999999
seq10018@8,seq9913@5,0.9999999999999999
seq10018@8,seq10957@23,0.9999999999999999
seq10018@8,seq1472@61,0.9999999999999999
seq10018@8,seq12569@5,0.9999999999999999
seq10018@8,seq18928@9,0.9999999999999999
seq10018@8,seq16760@5,0.9999999999999999
seq10018@8,seq732@44,0.9999999999999999
seq10018@8,seq8386@19,0.9999999999999999
seq10018@8,seq4165@10,0.9999999999999999
seq10018@8,seq223@39,0.9999999999999999
seq10018@8,seq2127@17,0.9878787878787878
seq10018@8,seq5880@7,0.9878787878787878
seq10018@8,seq1314@44,0.9999999999999999
seq10018@8,seq516@43,0.9999999999999999
seq10018@8,seq239@42,0.9999999999999999
seq10018@8,seq7106@30,0.9999999999999999
seq10018@8,seq430@28,0.9999999999999999
seq10018@8,seq1204@23,0.9999999999999999
seq10018@8,seq2462@16,0.9999999999999999
seq10018@8,seq12862@14,0.9999999999999999
seq10018@8,seq1280@12,0.9878787878787878
seq10018@8,seq16740@11,0.9878787878787878
seq10018@8,seq17946@8,0.9999999999999999
seq10018@8,seq9187@6,0.9999999999999999
seq10018@8,seq2929@5,0.9999999999999999
seq10018@8,seq991@17,0.9999999999999999
seq10018@8,seq1934@40,0.9999999999999999
seq10018@8,seq8@44677,0.9999999999999999
seq10018@8,seq2461@27,0.9999999999999999
seq1481@7,seq4721@7,0.9878787878787878
seq1481@7,seq10507@7,0.9999999999999999
seq1481@7,seq4315@6,0.9999999999999999
seq1481@7,seq7536@6,0.9999999999999999
seq1481@7,seq39677@6,0.9999999999999999
seq1481@7,seq4508@5,0.9999999999999999
seq1481@7,seq5590@5,0.9999999999999999
seq1481@7,seq6544@5,0.9999999999999999
seq1481@7,seq7946@5,0.9999999999999999
seq1481@7,seq20893@5,0.9999999999999999
seq1481@7,naive,0.9999999999999999
seq1481@7,seq24@4813,0.9999999999999999
seq1481@7,seq23901@6,0.9999999999999999
seq1481@7,seq366@64,0.9999999999999999
seq1481@7,seq5823@8,0.9999999999999999
seq1481@7,seq5881@11,0.9999999999999999
seq1481@7,seq1004@14,0.9999999999999999
seq1481@7,seq42589@5,0.9999999999999999
seq1481@7,seq1603@86,0.9999999999999999
seq1481@7,seq3096@41,0.9999999999999999
seq1481@7,seq141@55,0.9999999999999999
seq1481@7,seq4005@80,0.9999999999999999
seq1481@7,seq6678@28,0.9999999999999999
seq1481@7,seq398@62,0.9999999999999999
seq1481@7,seq3289@27,0.9999999999999999
seq1481@7,seq667@45,0.9999999999999999
seq1481@7,seq4058@95,0.9999999999999999
seq1481@7,seq567@25,0.9999999999999999
seq1481@7,seq4013@37,0.9999999999999999
seq1481@7,seq756@25,0.9999999999999999
seq1481@7,seq32059@5,0.9999999999999999
seq1481@7,seq2413@23,0.9999999999999999
seq1481@7,seq803@72,0.9999999999999999
seq1481@7,seq5832@22,0.9999999999999999
seq1481@7,seq968@46,0.9999999999999999
seq1481@7,seq5127@21,0.9999999999999999
seq1481@7,seq2366@32,0.9999999999999999
seq1481@7,seq1939@16,0.9999999999999999
seq1481@7,seq7090@22,0.9999999999999999
seq1481@7,seq4637@16,0.9999999999999999
seq1481@7,seq294@40,0.9999999999999999
seq1481@7,seq3663@14,0.9999999999999999
seq1481@7,seq282@31,0.9999999999999999
seq1481@7,seq1977@11,0.9999999999999999
seq1481@7,seq101@106,0.9999999999999999
seq1481@7,seq11445@10,0.9878787878787878
seq1481@7,seq1609@30,0.9999999999999999
seq1481@7,seq804@9,0.9999999999999999
seq1481@7,seq11725@11,0.996965091635306
seq1481@7,seq12219@7,0.9999999999999999
seq1481@7,seq347@84,0.9999999999999999
seq1481@7,seq24325@7,0.9999999999999999
seq1481@7,seq762@26,0.9999999999999999
seq1481@7,seq9045@6,0.9999999999999999
seq1481@7,seq1062@22,0.9999999999999999
seq1481@7,seq11877@7,0.9999999999999999
seq1481@7,seq3868@20,0.9999999999999999
seq1481@7,seq2340@41,0.9999999999999999
seq1481@7,seq9698@6,0.9999999999999999
seq1481@7,seq2229@7,0.9999999999999999
seq1481@7,seq1169@78,0.9999999999999999
seq1481@7,seq2868@5,0.9999999999999999
seq1481@7,seq4564@7,0.9999999999999999
seq1481@7,seq1376@21,0.9878787878787878
seq1481@7,seq3502@5,0.9999999999999999
seq1481@7,seq13938@8,0.9999999999999999
seq1481@7,seq629@101,0.9999999999999999
seq1481@7,seq4326@5,0.9999999999999999
seq1481@7,seq147@8,0.9999999999999999
seq1481@7,seq304@65,0.9999999999999999
seq1481@7,seq7359@5,0.9999999999999999
seq1481@7,seq5131@10,0.9999999999999999
seq1481@7,seq7760@5,0.9999999999999999
seq1481@7,seq109@26,0.9999999999999999
seq1481@7,seq9913@5,0.9999999999999999
seq1481@7,seq10957@23,0.9999999999999999
seq1481@7,seq1472@61,0.9999999999999999
seq1481@7,seq12569@5,0.9999999999999999
seq1481@7,seq18928@9,0.9999999999999999
seq1481@7,seq16760@5,0.9999999999999999
seq1481@7,seq732@44,0.9999999999999999
seq1481@7,seq8386@19,0.9999999999999999
seq1481@7,seq4165@10,0.9999999999999999
seq1481@7,seq223@39,0.9999999999999999
seq1481@7,seq2127@17,0.9878787878787878
seq1481@7,seq5880@7,0.9878787878787878
seq1481@7,seq1314@44,0.9999999999999999
seq1481@7,seq516@43,0.9999999999999999
seq1481@7,seq239@42,0.9999999999999999
seq1481@7,seq7106@30,0.9999999999999999
seq1481@7,seq430@28,0.9999999999999999
seq1481@7,seq1204@23,0.9999999999999999
seq1481@7,seq2462@16,0.9999999999999999
seq1481@7,seq12862@14,0.9999999999999999
seq1481@7,seq1280@12,0.9878787878787878
seq1481@7,seq16740@11,0.9878787878787878
seq1481@7,seq17946@8,0.9999999999999999
seq1481@7,seq9187@6,0.9999999999999999
seq1481@7,seq2929@5,0.9999999999999999
seq1481@7,seq991@17,0.9999999999999999
seq1481@7,seq1934@40,0.9999999999999999
seq1481@7,seq8@44677,0.9999999999999999
seq1481@7,seq2461@27,0.9999999999999999
seq4721@7,seq10507@7,0.9878787878787878
seq4721@7,seq4315@6,0.9878787878787878
seq4721@7,seq7536@6,0.9878787878787878
seq4721@7,seq39677@6,0.9878787878787878
seq4721@7,seq4508@5,0.9878787878787878
seq4721@7,seq5590@5,0.9878787878787878
seq4721@7,seq6544@5,0.9878787878787878
seq4721@7,seq7946@5,0.9878787878787878
seq4721@7,seq20893@5,0.9878787878787878
seq4721@7,naive,0.9878787878787878
seq4721@7,seq24@4813,0.9878787878787878
seq4721@7,seq23901@6,0.9878787878787878
seq4721@7,seq366@64,0.9878787878787878
seq4721@7,seq5823@8,0.9878787878787878
seq4721@7,seq5881@11,0.9878787878787878
seq4721@7,seq1004@14,0.9878787878787878
seq4721@7,seq42589@5,0.9878787878787878
seq4721@7,seq1603@86,0.9878787878787878
seq4721@7,seq3096@41,0.9878787878787878
seq4721@7,seq141@55,0.9878787878787878
seq4721@7,seq4005@80,0.9878787878787878
seq4721@7,seq6678@28,0.9878787878787878
seq4721@7,seq398@62,0.9878787878787878
seq4721@7,seq3289@27,0.9878787878787878
seq4721@7,seq667@45,0.9878787878787878
seq4721@7,seq4058@95,0.9878787878787878
seq4721@7,seq567@25,0.9878787878787878
seq4721@7,seq4013@37,0.9878787878787878
seq4721@7,seq756@25,0.9878787878787878
seq4721@7,seq32059@5,0.9878787878787878
seq4721@7,seq2413@23,0.9878787878787878
seq4721@7,seq803@72,0.9878787878787878
seq4721@7,seq5832@22,0.9878787878787878
seq4721@7,seq968@46,0.9878787878787878
seq4721@7,seq5127@21,0.9878787878787878
seq4721@7,seq2366@32,0.9878787878787878
seq4721@7,seq1939@16,0.9878787878787878
seq4721@7,seq7090@22,0.9878787878787878
seq4721@7,seq4637@16,0.9878787878787878
seq4721@7,seq294@40,0.9878787878787878
seq4721@7,seq3663@14,0.9878787878787878
seq4721@7,seq282@31,0.9878787878787878
seq4721@7,seq1977@11,0.9878787878787878
seq4721@7,seq101@106,0.9878787878787878
seq4721@7,seq11445@10,0.9757575757575757
seq4721@7,seq1609@30,0.9878787878787878
seq4721@7,seq804@9,0.9878787878787878
seq4721@7,seq11725@11,0.9787279253249042
seq4721@7,seq12219@7,0.9878787878787878
seq4721@7,seq347@84,0.9878787878787878
seq4721@7,seq24325@7,0.9878787878787878
seq4721@7,seq762@26,0.9878787878787878
seq4721@7,seq9045@6,0.9878787878787878
seq4721@7,seq1062@22,0.9878787878787878
seq4721@7,seq11877@7,0.9878787878787878
seq4721@7,seq3868@20,0.9878787878787878
seq4721@7,seq2340@41,0.9878787878787878
seq4721@7,seq9698@6,0.9878787878787878
seq4721@7,seq2229@7,0.9878787878787878
seq4721@7,seq1169@78,0.9878787878787878
seq4721@7,seq2868@5,0.9878787878787878
seq4721@7,seq4564@7,0.9878787878787878
seq4721@7,seq1376@21,0.9999999999999999
seq4721@7,seq3502@5,0.9878787878787878
seq4721@7,seq13938@8,0.9878787878787878
seq4721@7,seq629@101,0.9878787878787878
seq4721@7,seq4326@5,0.9878787878787878
seq4721@7,seq147@8,0.9878787878787878
seq4721@7,seq304@65,0.9878787878787878
seq4721@7,seq7359@5,0.9878787878787878
seq4721@7,seq5131@10,0.9878787878787878
seq4721@7,seq7760@5,0.9878787878787878
seq4721@7,seq109@26,0.9878787878787878
seq4721@7,seq9913@5,0.9878787878787878
seq4721@7,seq10957@23,0.9878787878787878
seq4721@7,seq1472@61,0.9878787878787878
seq4721@7,seq12569@5,0.9878787878787878
seq4721@7,seq18928@9,0.9878787878787878
seq4721@7,seq16760@5,0.9878787878787878
seq4721@7,seq732@44,0.9878787878787878
seq4721@7,seq8386@19,0.9878787878787878
seq4721@7,seq4165@10,0.9878787878787878
seq4721@7,seq223@39,0.9878787878787878
seq4721@7,seq2127@17,0.9999999999999999
seq4721@7,seq5880@7,0.9999999999999999
seq4721@7,seq1314@44,0.9878787878787878
seq4721@7,seq516@43,0.9878787878787878
seq4721@7,seq239@42,0.9878787878787878
seq4721@7,seq7106@30,0.9878787878787878
seq4721@7,seq430@28,0.9878787878787878
seq4721@7,seq1204@23,0.9878787878787878
seq4721@7,seq2462@16,0.9878787878787878
seq4721@7,seq12862@14,0.9878787878787878
seq4721@7,seq1280@12,0.9757575757575757
seq4721@7,seq16740@11,0.9757575757575757
seq4721@7,seq17946@8,0.9878787878787878
seq4721@7,seq9187@6,0.9878787878787878
seq4721@7,seq2929@5,0.9878787878787878
seq4721@7,seq991@17,0.9878787878787878
seq4721@7,seq1934@40,0.9878787878787878
seq4721@7,seq8@44677,0.9878787878787878
seq4721@7,seq2461@27,0.9878787878787878
seq10507@7,seq4315@6,0.9999999999999999
seq10507@7,seq7536@6,0.9999999999999999
seq10507@7,seq39677@6,0.9999999999999999
seq10507@7,seq4508@5,0.9999999999999999
seq10507@7,seq5590@5,0.9999999999999999
seq10507@7,seq6544@5,0.9999999999999999
seq10507@7,seq7946@5,0.9999999999999999
seq10507@7,seq20893@5,0.9999999999999999
seq10507@7,naive,0.9999999999999999
seq10507@7,seq24@4813,0.9999999999999999
seq10507@7,seq23901@6,0.9999999999999999
seq10507@7,seq366@64,0.9999999999999999
seq10507@7,seq5823@8,0.9999999999999999
seq10507@7,seq5881@11,0.9999999999999999
seq10507@7,seq1004@14,0.9999999999999999
seq10507@7,seq42589@5,0.9999999999999999
seq10507@7,seq1603@86,0.9999999999999999
seq10507@7,seq3096@41,0.9999999999999999
seq10507@7,seq141@55,0.9999999999999999
seq10507@7,seq4005@80,0.9999999999999999
seq10507@7,seq6678@28,0.9999999999999999
seq10507@7,seq398@62,0.9999999999999999
seq10507@7,seq3289@27,0.9999999999999999
seq10507@7,seq667@45,0.9999999999999999
seq10507@7,seq4058@95,0.9999999999999999
seq10507@7,seq567@25,0.9999999999999999
seq10507@7,seq4013@37,0.9999999999999999
seq10507@7,seq756@25,0.9999999999999999
seq10507@7,seq32059@5,0.9999999999999999
seq10507@7,seq2413@23,0.9999999999999999
seq10507@7,seq803@72,0.9999999999999999
seq10507@7,seq5832@22,0.9999999999999999
seq10507@7,seq968@46,0.9999999999999999
seq10507@7,seq5127@21,0.9999999999999999
seq10507@7,seq2366@32,0.9999999999999999
seq10507@7,seq1939@16,0.9999999999999999
seq10507@7,seq7090@22,0.9999999999999999
seq10507@7,seq4637@16,0.9999999999999999
seq10507@7,seq294@40,0.9999999999999999
seq10507@7,seq3663@14,0.9999999999999999
seq10507@7,seq282@31,0.9999999999999999
seq10507@7,seq1977@11,0.9999999999999999
seq10507@7,seq101@106,0.9999999999999999
seq10507@7,seq11445@10,0.9878787878787878
seq10507@7,seq1609@30,0.9999999999999999
seq10507@7,seq804@9,0.9999999999999999
seq10507@7,seq11725@11,0.996965091635306
seq10507@7,seq12219@7,0.9999999999999999
seq10507@7,seq347@84,0.9999999999999999
seq10507@7,seq24325@7,0.9999999999999999
seq10507@7,seq762@26,0.9999999999999999
seq10507@7,seq9045@6,0.9999999999999999
seq10507@7,seq1062@22,0.9999999999999999
seq10507@7,seq11877@7,0.9999999999999999
seq10507@7,seq3868@20,0.9999999999999999
seq10507@7,seq2340@41,0.9999999999999999
seq10507@7,seq9698@6,0.9999999999999999
seq10507@7,seq2229@7,0.9999999999999999
seq10507@7,seq1169@78,0.9999999999999999
seq10507@7,seq2868@5,0.9999999999999999
seq10507@7,seq4564@7,0.9999999999999999
seq10507@7,seq1376@21,0.9878787878787878
seq10507@7,seq3502@5,0.9999999999999999
seq10507@7,seq13938@8,0.9999999999999999
seq10507@7,seq629@101,0.9999999999999999
seq10507@7,seq4326@5,0.9999999999999999
seq10507@7,seq147@8,0.9999999999999999
seq10507@7,seq304@65,0.9999999999999999
seq10507@7,seq7359@5,0.9999999999999999
seq10507@7,seq5131@10,0.9999999999999999
seq10507@7,seq7760@5,0.9999999999999999
seq10507@7,seq109@26,0.9999999999999999
seq10507@7,seq9913@5,0.9999999999999999
seq10507@7,seq10957@23,0.9999999999999999
seq10507@7,seq1472@61,0.9999999999999999
seq10507@7,seq12569@5,0.9999999999999999
seq10507@7,seq18928@9,0.9999999999999999
seq10507@7,seq16760@5,0.9999999999999999
seq10507@7,seq732@44,0.9999999999999999
seq10507@7,seq8386@19,0.9999999999999999
seq10507@7,seq4165@10,0.9999999999999999
seq10507@7,seq223@39,0.9999999999999999
seq10507@7,seq2127@17,0.9878787878787878
seq10507@7,seq5880@7,0.9878787878787878
seq10507@7,seq1314@44,0.9999999999999999
seq10507@7,seq516@43,0.9999999999999999
seq10507@7,seq239@42,0.9999999999999999
seq10507@7,seq7106@30,0.9999999999999999
seq10507@7,seq430@28,0.9999999999999999
seq10507@7,seq1204@23,0.9999999999999999
seq10507@7,seq2462@16,0.9999999999999999
seq10507@7,seq12862@14,0.9999999999999999
seq10507@7,seq1280@12,0.9878787878787878
seq10507@7,seq16740@11,0.9878787878787878
seq10507@7,seq17946@8,0.9999999999999999
seq10507@7,seq9187@6,0.9999999999999999
seq10507@7,seq2929@5,0.9999999999999999
seq10507@7,seq991@17,0.9999999999999999
seq10507@7,seq1934@40,0.9999999999999999
seq10507@7,seq8@44677,0.9999999999999999
seq10507@7,seq2461@27,0.9999999999999999
seq4315@6,seq7536@6,0.9999999999999999
seq4315@6,seq39677@6,0.9999999999999999
seq4315@6,seq4508@5,0.9999999999999999
seq4315@6,seq5590@5,0.9999999999999999
seq4315@6,seq6544@5,0.9999999999999999
seq4315@6,seq7946@5,0.9999999999999999
seq4315@6,seq20893@5,0.9999999999999999
seq4315@6,naive,0.9999999999999999
seq4315@6,seq24@4813,0.9999999999999999
seq4315@6,seq23901@6,0.9999999999999999
seq4315@6,seq366@64,0.9999999999999999
seq4315@6,seq5823@8,0.9999999999999999
seq4315@6,seq5881@11,0.9999999999999999
seq4315@6,seq1004@14,0.9999999999999999
seq4315@6,seq42589@5,0.9999999999999999
seq4315@6,seq1603@86,0.9999999999999999
seq4315@6,seq3096@41,0.9999999999999999
seq4315@6,seq141@55,0.9999999999999999
seq4315@6,seq4005@80,0.9999999999999999
seq4315@6,seq6678@28,0.9999999999999999
seq4315@6,seq398@62,0.9999999999999999
seq4315@6,seq3289@27,0.9999999999999999
seq4315@6,seq667@45,0.9999999999999999
seq4315@6,seq4058@95,0.9999999999999999
seq4315@6,seq567@25,0.9999999999999999
seq4315@6,seq4013@37,0.9999999999999999
seq4315@6,seq756@25,0.9999999999999999
seq4315@6,seq32059@5,0.9999999999999999
seq4315@6,seq2413@23,0.9999999999999999
seq4315@6,seq803@72,0.9999999999999999
seq4315@6,seq5832@22,0.9999999999999999
seq4315@6,seq968@46,0.9999999999999999
seq4315@6,seq5127@21,0.9999999999999999
seq4315@6,seq2366@32,0.9999999999999999
seq4315@6,seq1939@16,0.9999999999999999
seq4315@6,seq7090@22,0.9999999999999999
seq4315@6,seq4637@16,0.9999999999999999
seq4315@6,seq294@40,0.9999999999999999
seq4315@6,seq3663@14,0.9999999999999999
seq4315@6,seq282@31,0.9999999999999999
seq4315@6,seq1977@11,0.9999999999999999
seq4315@6,seq101@106,0.9999999999999999
seq4315@6,seq11445@10,0.9878787878787878
seq4315@6,seq1609@30,0.9999999999999999
seq4315@6,seq804@9,0.9999999999999999
seq4315@6,seq11725@11,0.996965091635306
seq4315@6,seq12219@7,0.9999999999999999
seq4315@6,seq347@84,0.9999999999999999
seq4315@6,seq24325@7,0.9999999999999999
seq4315@6,seq762@26,0.9999999999999999
seq4315@6,seq9045@6,0.9999999999999999
seq4315@6,seq1062@22,0.9999999999999999
seq4315@6,seq11877@7,0.9999999999999999
seq4315@6,seq3868@20,0.9999999999999999
seq4315@6,seq2340@41,0.9999999999999999
seq4315@6,seq9698@6,0.9999999999999999
seq4315@6,seq2229@7,0.9999999999999999
seq4315@6,seq1169@78,0.9999999999999999
seq4315@6,seq2868@5,0.9999999999999999
seq4315@6,seq4564@7,0.9999999999999999
seq4315@6,seq1376@21,0.9878787878787878
seq4315@6,seq3502@5,0.9999999999999999
seq4315@6,seq13938@8,0.9999999999999999
seq4315@6,seq629@101,0.9999999999999999
seq4315@6,seq4326@5,0.9999999999999999
seq4315@6,seq147@8,0.9999999999999999
seq4315@6,seq304@65,0.9999999999999999
seq4315@6,seq7359@5,0.9999999999999999
seq4315@6,seq5131@10,0.9999999999999999
seq4315@6,seq7760@5,0.9999999999999999
seq4315@6,seq109@26,0.9999999999999999
seq4315@6,seq9913@5,0.9999999999999999
seq4315@6,seq10957@23,0.9999999999999999
seq4315@6,seq1472@61,0.9999999999999999
seq4315@6,seq12569@5,0.9999999999999999
seq4315@6,seq18928@9,0.9999999999999999
seq4315@6,seq16760@5,0.9999999999999999
seq4315@6,seq732@44,0.9999999999999999
seq4315@6,seq8386@19,0.9999999999999999
seq4315@6,seq4165@10,0.9999999999999999
seq4315@6,seq223@39,0.9999999999999999
seq4315@6,seq2127@17,0.9878787878787878
seq4315@6,seq5880@7,0.9878787878787878
seq4315@6,seq1314@44,0.9999999999999999
seq4315@6,seq516@43,0.9999999999999999
seq4315@6,seq239@42,0.9999999999999999
seq4315@6,seq7106@30,0.9999999999999999
seq4315@6,seq430@28,0.9999999999999999
seq4315@6,seq1204@23,0.9999999999999999
seq4315@6,seq2462@16,0.9999999999999999
seq4315@6,seq12862@14,0.9999999999999999
seq4315@6,seq1280@12,0.9878787878787878
seq4315@6,seq16740@11,0.9878787878787878
seq4315@6,seq17946@8,0.9999999999999999
seq4315@6,seq9187@6,0.9999999999999999
seq4315@6,seq2929@5,0.9999999999999999
seq4315@6,seq991@17,0.9999999999999999
seq4315@6,seq1934@40,0.9999999999999999
seq4315@6,seq8@44677,0.9999999999999999
seq4315@6,seq2461@27,0.9999999999999999
seq7536@6,seq39677@6,0.9999999999999999
seq7536@6,seq4508@5,0.9999999999999999
seq7536@6,seq5590@5,0.9999999999999999
seq7536@6,seq6544@5,0.9999999999999999
seq7536@6,seq7946@5,0.9999999999999999
seq7536@6,seq20893@5,0.9999999999999999
seq7536@6,naive,0.9999999999999999
seq7536@6,seq24@4813,0.9999999999999999
seq7536@6,seq23901@6,0.9999999999999999
seq7536@6,seq366@64,0.9999999999999999
seq7536@6,seq5823@8,0.9999999999999999
seq7536@6,seq5881@11,0.9999999999999999
seq7536@6,seq1004@14,0.9999999999999999
seq7536@6,seq42589@5,0.9999999999999999
seq7536@6,seq1603@86,0.9999999999999999
seq7536@6,seq3096@41,0.9999999999999999
seq7536@6,seq141@55,0.9999999999999999
seq7536@6,seq4005@80,0.9999999999999999
seq7536@6,seq6678@28,0.9999999999999999
seq7536@6,seq398@62,0.9999999999999999
seq7536@6,seq3289@27,0.9999999999999999
seq7536@6,seq667@45,0.9999999999999999
seq7536@6,seq4058@95,0.9999999999999999
seq7536@6,seq567@25,0.9999999999999999
seq7536@6,seq4013@37,0.9999999999999999
seq7536@6,seq756@25,0.9999999999999999
seq7536@6,seq32059@5,0.9999999999999999
seq7536@6,seq2413@23,0.9999999999999999
seq7536@6,seq803@72,0.9999999999999999
seq7536@6,seq5832@22,0.9999999999999999
seq7536@6,seq968@46,0.9999999999999999
seq7536@6,seq5127@21,0.9999999999999999
seq7536@6,seq2366@32,0.9999999999999999
seq7536@6,seq1939@16,0.9999999999999999
seq7536@6,seq7090@22,0.9999999999999999
seq7536@6,seq4637@16,0.9999999999999999
seq7536@6,seq294@40,0.9999999999999999
seq7536@6,seq3663@14,0.9999999999999999
seq7536@6,seq282@31,0.9999999999999999
seq7536@6,seq1977@11,0.9999999999999999
seq7536@6,seq101@106,0.9999999999999999
seq7536@6,seq11445@10,0.9878787878787878
seq7536@6,seq1609@30,0.9999999999999999
seq7536@6,seq804@9,0.9999999999999999
seq7536@6,seq11725@11,0.996965091635306
seq7536@6,seq12219@7,0.9999999999999999
seq7536@6,seq347@84,0.9999999999999999
seq7536@6,seq24325@7,0.9999999999999999
seq7536@6,seq762@26,0.9999999999999999
seq7536@6,seq9045@6,0.9999999999999999
seq7536@6,seq1062@22,0.9999999999999999
seq7536@6,seq11877@7,0.9999999999999999
seq7536@6,seq3868@20,0.9999999999999999
seq7536@6,seq2340@41,0.9999999999999999
seq7536@6,seq9698@6,0.9999999999999999
seq7536@6,seq2229@7,0.9999999999999999
seq7536@6,seq1169@78,0.9999999999999999
seq7536@6,seq2868@5,0.9999999999999999
seq7536@6,seq4564@7,0.9999999999999999
seq7536@6,seq1376@21,0.9878787878787878
seq7536@6,seq3502@5,0.9999999999999999
seq7536@6,seq13938@8,0.9999999999999999
seq7536@6,seq629@101,0.9999999999999999
seq7536@6,seq4326@5,0.9999999999999999
seq7536@6,seq147@8,0.9999999999999999
seq7536@6,seq304@65,0.9999999999999999
seq7536@6,seq7359@5,0.9999999999999999
seq7536@6,seq5131@10,0.9999999999999999
seq7536@6,seq7760@5,0.9999999999999999
seq7536@6,seq109@26,0.9999999999999999
seq7536@6,seq9913@5,0.9999999999999999
seq7536@6,seq10957@23,0.9999999999999999
seq7536@6,seq1472@61,0.9999999999999999
seq7536@6,seq12569@5,0.9999999999999999
seq7536@6,seq18928@9,0.9999999999999999
seq7536@6,seq16760@5,0.9999999999999999
seq7536@6,seq732@44,0.9999999999999999
seq7536@6,seq8386@19,0.9999999999999999
seq7536@6,seq4165@10,0.9999999999999999
seq7536@6,seq223@39,0.9999999999999999
seq7536@6,seq2127@17,0.9878787878787878
seq7536@6,seq5880@7,0.9878787878787878
seq7536@6,seq1314@44,0.9999999999999999
seq7536@6,seq516@43,0.9999999999999999
seq7536@6,seq239@42,0.9999999999999999
seq7536@6,seq7106@30,0.9999999999999999
seq7536@6,seq430@28,0.9999999999999999
seq7536@6,seq1204@23,0.9999999999999999
seq7536@6,seq2462@16,0.9999999999999999
seq7536@6,seq12862@14,0.9999999999999999
seq7536@6,seq1280@12,0.9878787878787878
seq7536@6,seq16740@11,0.9878787878787878
seq7536@6,seq17946@8,0.9999999999999999
seq7536@6,seq9187@6,0.9999999999999999
seq7536@6,seq2929@5,0.9999999999999999
seq7536@6,seq991@17,0.9999999999999999
seq7536@6,seq1934@40,0.9999999999999999
seq7536@6,seq8@44677,0.9999999999999999
seq7536@6,seq2461@27,0.9999999999999999
seq39677@6,seq4508@5,0.9999999999999999
seq39677@6,seq5590@5,0.9999999999999999
seq39677@6,seq6544@5,0.9999999999999999
seq39677@6,seq7946@5,0.9999999999999999
seq39677@6,seq20893@5,0.9999999999999999
seq39677@6,naive,0.9999999999999999
seq39677@6,seq24@4813,0.9999999999999999
seq39677@6,seq23901@6,0.9999999999999999
seq39677@6,seq366@64,0.9999999999999999
seq39677@6,seq5823@8,0.9999999999999999
seq39677@6,seq5881@11,0.9999999999999999
seq39677@6,seq1004@14,0.9999999999999999
seq39677@6,seq42589@5,0.9999999999999999
seq39677@6,seq1603@86,0.9999999999999999
seq39677@6,seq3096@41,0.9999999999999999
seq39677@6,seq141@55,0.9999999999999999
seq39677@6,seq4005@80,0.9999999999999999
seq39677@6,seq6678@28,0.9999999999999999
seq39677@6,seq398@62,0.9999999999999999
seq39677@6,seq3289@27,0.9999999999999999
seq39677@6,seq667@45,0.9999999999999999
seq39677@6,seq4058@95,0.9999999999999999
seq39677@6,seq567@25,0.9999999999999999
seq39677@6,seq4013@37,0.9999999999999999
seq39677@6,seq756@25,0.9999999999999999
seq39677@6,seq32059@5,0.9999999999999999
seq39677@6,seq2413@23,0.9999999999999999
seq39677@6,seq803@72,0.9999999999999999
seq39677@6,seq5832@22,0.9999999999999999
seq39677@6,seq968@46,0.9999999999999999
seq39677@6,seq5127@21,0.9999999999999999
seq39677@6,seq2366@32,0.9999999999999999
seq39677@6,seq1939@16,0.9999999999999999
seq39677@6,seq7090@22,0.9999999999999999
seq39677@6,seq4637@16,0.9999999999999999
seq39677@6,seq294@40,0.9999999999999999
seq39677@6,seq3663@14,0.9999999999999999
seq39677@6,seq282@31,0.9999999999999999
seq39677@6,seq1977@11,0.9999999999999999
seq39677@6,seq101@106,0.9999999999999999
seq39677@6,seq11445@10,0.9878787878787878
seq39677@6,seq1609@30,0.9999999999999999
seq39677@6,seq804@9,0.9999999999999999
seq39677@6,seq11725@11,0.996965091635306
seq39677@6,seq12219@7,0.9999999999999999
seq39677@6,seq347@84,0.9999999999999999
seq39677@6,seq24325@7,0.9999999999999999
seq39677@6,seq762@26,0.9999999999999999
seq39677@6,seq9045@6,0.9999999999999999
seq39677@6,seq1062@22,0.9999999999999999
seq39677@6,seq11877@7,0.9999999999999999
seq39677@6,seq3868@20,0.9999999999999999
seq39677@6,seq2340@41,0.9999999999999999
seq39677@6,seq9698@6,0.9999999999999999
seq39677@6,seq2229@7,0.9999999999999999
seq39677@6,seq1169@78,0.9999999999999999
seq39677@6,seq2868@5,0.9999999999999999
seq39677@6,seq4564@7,0.9999999999999999
seq39677@6,seq1376@21,0.9878787878787878
seq39677@6,seq3502@5,0.9999999999999999
seq39677@6,seq13938@8,0.9999999999999999
seq39677@6,seq629@101,0.9999999999999999
seq39677@6,seq4326@5,0.9999999999999999
seq39677@6,seq147@8,0.9999999999999999
seq39677@6,seq304@65,0.9999999999999999
seq39677@6,seq7359@5,0.9999999999999999
seq39677@6,seq5131@10,0.9999999999999999
seq39677@6,seq7760@5,0.9999999999999999
seq39677@6,seq109@26,0.9999999999999999
seq39677@6,seq9913@5,0.9999999999999999
seq39677@6,seq10957@23,0.9999999999999999
seq39677@6,seq1472@61,0.9999999999999999
seq39677@6,seq12569@5,0.9999999999999999
seq39677@6,seq18928@9,0.9999999999999999
seq39677@6,seq16760@5,0.9999999999999999
seq39677@6,seq732@44,0.9999999999999999
seq39677@6,seq8386@19,0.9999999999999999
seq39677@6,seq4165@10,0.9999999999999999
seq39677@6,seq223@39,0.9999999999999999
seq39677@6,seq2127@17,0.9878787878787878
seq39677@6,seq5880@7,0.9878787878787878
seq39677@6,seq1314@44,0.9999999999999999
seq39677@6,seq516@43,0.9999999999999999
seq39677@6,seq239@42,0.9999999999999999
seq39677@6,seq7106@30,0.9999999999999999
seq39677@6,seq430@28,0.9999999999999999
seq39677@6,seq1204@23,0.9999999999999999
seq39677@6,seq2462@16,0.9999999999999999
seq39677@6,seq12862@14,0.9999999999999999
seq39677@6,seq1280@12,0.9878787878787878
seq39677@6,seq16740@11,0.9878787878787878
seq39677@6,seq17946@8,0.9999999999999999
seq39677@6,seq9187@6,0.9999999999999999
seq39677@6,seq2929@5,0.9999999999999999
seq39677@6,seq991@17,0.9999999999999999
seq39677@6,seq1934@40,0.9999999999999999
seq39677@6,seq8@44677,0.9999999999999999
seq39677@6,seq2461@27,0.9999999999999999
seq4508@5,seq5590@5,0.9999999999999999
seq4508@5,seq6544@5,0.9999999999999999
seq4508@5,seq7946@5,0.9999999999999999
seq4508@5,seq20893@5,0.9999999999999999
seq4508@5,naive,0.9999999999999999
seq4508@5,seq24@4813,0.9999999999999999
seq4508@5,seq23901@6,0.9999999999999999
seq4508@5,seq366@64,0.9999999999999999
seq4508@5,seq5823@8,0.9999999999999999
seq4508@5,seq5881@11,0.9999999999999999
seq4508@5,seq1004@14,0.9999999999999999
seq4508@5,seq42589@5,0.9999999999999999
seq4508@5,seq1603@86,0.9999999999999999
seq4508@5,seq3096@41,0.9999999999999999
seq4508@5,seq141@55,0.9999999999999999
seq4508@5,seq4005@80,0.9999999999999999
seq4508@5,seq6678@28,0.9999999999999999
seq4508@5,seq398@62,0.9999999999999999
seq4508@5,seq3289@27,0.9999999999999999
seq4508@5,seq667@45,0.9999999999999999
seq4508@5,seq4058@95,0.9999999999999999
seq4508@5,seq567@25,0.9999999999999999
seq4508@5,seq4013@37,0.9999999999999999
seq4508@5,seq756@25,0.9999999999999999
seq4508@5,seq32059@5,0.9999999999999999
seq4508@5,seq2413@23,0.9999999999999999
seq4508@5,seq803@72,0.9999999999999999
seq4508@5,seq5832@22,0.9999999999999999
seq4508@5,seq968@46,0.9999999999999999
seq4508@5,seq5127@21,0.9999999999999999
seq4508@5,seq2366@32,0.9999999999999999
seq4508@5,seq1939@16,0.9999999999999999
seq4508@5,seq7090@22,0.9999999999999999
seq4508@5,seq4637@16,0.9999999999999999
seq4508@5,seq294@40,0.9999999999999999
seq4508@5,seq3663@14,0.9999999999999999
seq4508@5,seq282@31,0.9999999999999999
seq4508@5,seq1977@11,0.9999999999999999
seq4508@5,seq101@106,0.9999999999999999
seq4508@5,seq11445@10,0.9878787878787878
seq4508@5,seq1609@30,0.9999999999999999
seq4508@5,seq804@9,0.9999999999999999
seq4508@5,seq11725@11,0.996965091635306
seq4508@5,seq12219@7,0.9999999999999999
seq4508@5,seq347@84,0.9999999999999999
seq4508@5,seq24325@7,0.9999999999999999
seq4508@5,seq762@26,0.9999999999999999
seq4508@5,seq9045@6,0.9999999999999999
seq4508@5,seq1062@22,0.9999999999999999
seq4508@5,seq11877@7,0.9999999999999999
seq4508@5,seq3868@20,0.9999999999999999
seq4508@5,seq2340@41,0.9999999999999999
seq4508@5,seq9698@6,0.9999999999999999
seq4508@5,seq2229@7,0.9999999999999999
seq4508@5,seq1169@78,0.9999999999999999
seq4508@5,seq2868@5,0.9999999999999999
seq4508@5,seq4564@7,0.9999999999999999
seq4508@5,seq1376@21,0.9878787878787878
seq4508@5,seq3502@5,0.9999999999999999
seq4508@5,seq13938@8,0.9999999999999999
seq4508@5,seq629@101,0.9999999999999999
seq4508@5,seq4326@5,0.9999999999999999
seq4508@5,seq147@8,0.9999999999999999
seq4508@5,seq304@65,0.9999999999999999
seq4508@5,seq7359@5,0.9999999999999999
seq4508@5,seq5131@10,0.9999999999999999
seq4508@5,seq7760@5,0.9999999999999999
seq4508@5,seq109@26,0.9999999999999999
seq4508@5,seq9913@5,0.9999999999999999
seq4508@5,seq10957@23,0.9999999999999999
seq4508@5,seq1472@61,0.9999999999999999
seq4508@5,seq12569@5,0.9999999999999999
seq4508@5,seq18928@9,0.9999999999999999
seq4508@5,seq16760@5,0.9999999999999999
seq4508@5,seq732@44,0.9999999999999999
seq4508@5,seq8386@19,0.9999999999999999
seq4508@5,seq4165@10,0.9999999999999999
seq4508@5,seq223@39,0.9999999999999999
seq4508@5,seq2127@17,0.9878787878787878
seq4508@5,seq5880@7,0.9878787878787878
seq4508@5,seq1314@44,0.9999999999999999
seq4508@5,seq516@43,0.9999999999999999
seq4508@5,seq239@42,0.9999999999999999
seq4508@5,seq7106@30,0.9999999999999999
seq4508@5,seq430@28,0.9999999999999999
seq4508@5,seq1204@23,0.9999999999999999
seq4508@5,seq2462@16,0.9999999999999999
seq4508@5,seq12862@14,0.9999999999999999
seq4508@5,seq1280@12,0.9878787878787878
seq4508@5,seq16740@11,0.9878787878787878
seq4508@5,seq17946@8,0.9999999999999999
seq4508@5,seq9187@6,0.9999999999999999
seq4508@5,seq2929@5,0.9999999999999999
seq4508@5,seq991@17,0.9999999999999999
seq4508@5,seq1934@40,0.9999999999999999
seq4508@5,seq8@44677,0.9999999999999999
seq4508@5,seq2461@27,0.9999999999999999
seq5590@5,seq6544@5,0.9999999999999999
seq5590@5,seq7946@5,0.9999999999999999
seq5590@5,seq20893@5,0.9999999999999999
seq5590@5,naive,0.9999999999999999
seq5590@5,seq24@4813,0.9999999999999999
seq5590@5,seq23901@6,0.9999999999999999
seq5590@5,seq366@64,0.9999999999999999
seq5590@5,seq5823@8,0.9999999999999999
seq5590@5,seq5881@11,0.9999999999999999
seq5590@5,seq1004@14,0.9999999999999999
seq5590@5,seq42589@5,0.9999999999999999
seq5590@5,seq1603@86,0.9999999999999999
seq5590@5,seq3096@41,0.9999999999999999
seq5590@5,seq141@55,0.9999999999999999
seq5590@5,seq4005@80,0.9999999999999999
seq5590@5,seq6678@28,0.9999999999999999
seq5590@5,seq398@62,0.9999999999999999
seq5590@5,seq3289@27,0.9999999999999999
seq5590@5,seq667@45,0.9999999999999999
seq5590@5,seq4058@95,0.9999999999999999
seq5590@5,seq567@25,0.9999999999999999
seq5590@5,seq4013@37,0.9999999999999999
seq5590@5,seq756@25,0.9999999999999999
seq5590@5,seq32059@5,0.9999999999999999
seq5590@5,seq2413@23,0.9999999999999999
seq5590@5,seq803@72,0.9999999999999999
seq5590@5,seq5832@22,0.9999999999999999
seq5590@5,seq968@46,0.9999999999999999
seq5590@5,seq5127@21,0.9999999999999999
seq5590@5,seq2366@32,0.9999999999999999
seq5590@5,seq1939@16,0.9999999999999999
seq5590@5,seq7090@22,0.9999999999999999
seq5590@5,seq4637@16,0.9999999999999999
seq5590@5,seq294@40,0.9999999999999999
seq5590@5,seq3663@14,0.9999999999999999
seq5590@5,seq282@31,0.9999999999999999
seq5590@5,seq1977@11,0.9999999999999999
seq5590@5,seq101@106,0.9999999999999999
seq5590@5,seq11445@10,0.9878787878787878
seq5590@5,seq1609@30,0.9999999999999999
seq5590@5,seq804@9,0.9999999999999999
seq5590@5,seq11725@11,0.996965091635306
seq5590@5,seq12219@7,0.9999999999999999
seq5590@5,seq347@84,0.9999999999999999
seq5590@5,seq24325@7,0.9999999999999999
seq5590@5,seq762@26,0.9999999999999999
seq5590@5,seq9045@6,0.9999999999999999
seq5590@5,seq1062@22,0.9999999999999999
seq5590@5,seq11877@7,0.9999999999999999
seq5590@5,seq3868@20,0.9999999999999999
seq5590@5,seq2340@41,0.9999999999999999
seq5590@5,seq9698@6,0.9999999999999999
seq5590@5,seq2229@7,0.9999999999999999
seq5590@5,seq1169@78,0.9999999999999999
seq5590@5,seq2868@5,0.9999999999999999
seq5590@5,seq4564@7,0.9999999999999999
seq5590@5,seq1376@21,0.9878787878787878
seq5590@5,seq3502@5,0.9999999999999999
seq5590@5,seq13938@8,0.9999999999999999
seq5590@5,seq629@101,0.9999999999999999
seq5590@5,seq4326@5,0.9999999999999999
seq5590@5,seq147@8,0.9999999999999999
seq5590@5,seq304@65,0.9999999999999999
seq5590@5,seq7359@5,0.9999999999999999
seq5590@5,seq5131@10,0.9999999999999999
seq5590@5,seq7760@5,0.9999999999999999
seq5590@5,seq109@26,0.9999999999999999
seq5590@5,seq9913@5,0.9999999999999999
seq5590@5,seq10957@23,0.9999999999999999
seq5590@5,seq1472@61,0.9999999999999999
seq5590@5,seq12569@5,0.9999999999999999
seq5590@5,seq18928@9,0.9999999999999999
seq5590@5,seq16760@5,0.9999999999999999
seq5590@5,seq732@44,0.9999999999999999
seq5590@5,seq8386@19,0.9999999999999999
seq5590@5,seq4165@10,0.9999999999999999
seq5590@5,seq223@39,0.9999999999999999
seq5590@5,seq2127@17,0.9878787878787878
seq5590@5,seq5880@7,0.9878787878787878
seq5590@5,seq1314@44,0.9999999999999999
seq5590@5,seq516@43,0.9999999999999999
seq5590@5,seq239@42,0.9999999999999999
seq5590@5,seq7106@30,0.9999999999999999
seq5590@5,seq430@28,0.9999999999999999
seq5590@5,seq1204@23,0.9999999999999999
seq5590@5,seq2462@16,0.9999999999999999
seq5590@5,seq12862@14,0.9999999999999999
seq5590@5,seq1280@12,0.9878787878787878
seq5590@5,seq16740@11,0.9878787878787878
seq5590@5,seq17946@8,0.9999999999999999
seq5590@5,seq9187@6,0.9999999999999999
seq5590@5,seq2929@5,0.9999999999999999
seq5590@5,seq991@17,0.9999999999999999
seq5590@5,seq1934@40,0.9999999999999999
seq5590@5,seq8@44677,0.9999999999999999
seq5590@5,seq2461@27,0.9999999999999999
seq6544@5,seq7946@5,0.9999999999999999
seq6544@5,seq20893@5,0.9999999999999999
seq6544@5,naive,0.9999999999999999
seq6544@5,seq24@4813,0.9999999999999999
seq6544@5,seq23901@6,0.9999999999999999
seq6544@5,seq366@64,0.9999999999999999
seq6544@5,seq5823@8,0.9999999999999999
seq6544@5,seq5881@11,0.9999999999999999
seq6544@5,seq1004@14,0.9999999999999999
seq6544@5,seq42589@5,0.9999999999999999
seq6544@5,seq1603@86,0.9999999999999999
seq6544@5,seq3096@41,0.9999999999999999
seq6544@5,seq141@55,0.9999999999999999
seq6544@5,seq4005@80,0.9999999999999999
seq6544@5,seq6678@28,0.9999999999999999
seq6544@5,seq398@62,0.9999999999999999
seq6544@5,seq3289@27,0.9999999999999999
seq6544@5,seq667@45,0.9999999999999999
seq6544@5,seq4058@95,0.9999999999999999
seq6544@5,seq567@25,0.9999999999999999
seq6544@5,seq4013@37,0.9999999999999999
seq6544@5,seq756@25,0.9999999999999999
seq6544@5,seq32059@5,0.9999999999999999
seq6544@5,seq2413@23,0.9999999999999999
seq6544@5,seq803@72,0.9999999999999999
seq6544@5,seq5832@22,0.9999999999999999
seq6544@5,seq968@46,0.9999999999999999
seq6544@5,seq5127@21,0.9999999999999999
seq6544@5,seq2366@32,0.9999999999999999
seq6544@5,seq1939@16,0.9999999999999999
seq6544@5,seq7090@22,0.9999999999999999
seq6544@5,seq4637@16,0.9999999999999999
seq6544@5,seq294@40,0.9999999999999999
seq6544@5,seq3663@14,0.9999999999999999
seq6544@5,seq282@31,0.9999999999999999
seq6544@5,seq1977@11,0.9999999999999999
seq6544@5,seq101@106,0.9999999999999999
seq6544@5,seq11445@10,0.9878787878787878
seq6544@5,seq1609@30,0.9999999999999999
seq6544@5,seq804@9,0.9999999999999999
seq6544@5,seq11725@11,0.996965091635306
seq6544@5,seq12219@7,0.9999999999999999
seq6544@5,seq347@84,0.9999999999999999
seq6544@5,seq24325@7,0.9999999999999999
seq6544@5,seq762@26,0.9999999999999999
seq6544@5,seq9045@6,0.9999999999999999
seq6544@5,seq1062@22,0.9999999999999999
seq6544@5,seq11877@7,0.9999999999999999
seq6544@5,seq3868@20,0.9999999999999999
seq6544@5,seq2340@41,0.9999999999999999
seq6544@5,seq9698@6,0.9999999999999999
seq6544@5,seq2229@7,0.9999999999999999
seq6544@5,seq1169@78,0.9999999999999999
seq6544@5,seq2868@5,0.9999999999999999
seq6544@5,seq4564@7,0.9999999999999999
seq6544@5,seq1376@21,0.9878787878787878
seq6544@5,seq3502@5,0.9999999999999999
seq6544@5,seq13938@8,0.9999999999999999
seq6544@5,seq629@101,0.9999999999999999
seq6544@5,seq4326@5,0.9999999999999999
seq6544@5,seq147@8,0.9999999999999999
seq6544@5,seq304@65,0.9999999999999999
seq6544@5,seq7359@5,0.9999999999999999
seq6544@5,seq5131@10,0.9999999999999999
seq6544@5,seq7760@5,0.9999999999999999
seq6544@5,seq109@26,0.9999999999999999
seq6544@5,seq9913@5,0.9999999999999999
seq6544@5,seq10957@23,0.9999999999999999
seq6544@5,seq1472@61,0.9999999999999999
seq6544@5,seq12569@5,0.9999999999999999
seq6544@5,seq18928@9,0.9999999999999999
seq6544@5,seq16760@5,0.9999999999999999
seq6544@5,seq732@44,0.9999999999999999
seq6544@5,seq8386@19,0.9999999999999999
seq6544@5,seq4165@10,0.9999999999999999
seq6544@5,seq223@39,0.9999999999999999
seq6544@5,seq2127@17,0.9878787878787878
seq6544@5,seq5880@7,0.9878787878787878
seq6544@5,seq1314@44,0.9999999999999999
seq6544@5,seq516@43,0.9999999999999999
seq6544@5,seq239@42,0.9999999999999999
seq6544@5,seq7106@30,0.9999999999999999
seq6544@5,seq430@28,0.9999999999999999
seq6544@5,seq1204@23,0.9999999999999999
seq6544@5,seq2462@16,0.9999999999999999
seq6544@5,seq12862@14,0.9999999999999999
seq6544@5,seq1280@12,0.9878787878787878
seq6544@5,seq16740@11,0.9878787878787878
seq6544@5,seq17946@8,0.9999999999999999
seq6544@5,seq9187@6,0.9999999999999999
seq6544@5,seq2929@5,0.9999999999999999
seq6544@5,seq991@17,0.9999999999999999
seq6544@5,seq1934@40,0.9999999999999999
seq6544@5,seq8@44677,0.9999999999999999
seq6544@5,seq2461@27,0.9999999999999999
seq7946@5,seq20893@5,0.9999999999999999
seq7946@5,naive,0.9999999999999999
seq7946@5,seq24@4813,0.9999999999999999
seq7946@5,seq23901@6,0.9999999999999999
seq7946@5,seq366@64,0.9999999999999999
seq7946@5,seq5823@8,0.9999999999999999
seq7946@5,seq5881@11,0.9999999999999999
seq7946@5,seq1004@14,0.9999999999999999
seq7946@5,seq42589@5,0.9999999999999999
seq7946@5,seq1603@86,0.9999999999999999
seq7946@5,seq3096@41,0.9999999999999999
seq7946@5,seq141@55,0.9999999999999999
seq7946@5,seq4005@80,0.9999999999999999
seq7946@5,seq6678@28,0.9999999999999999
seq7946@5,seq398@62,0.9999999999999999
seq7946@5,seq3289@27,0.9999999999999999
seq7946@5,seq667@45,0.9999999999999999
seq7946@5,seq4058@95,0.9999999999999999
seq7946@5,seq567@25,0.9999999999999999
seq7946@5,seq4013@37,0.9999999999999999
seq7946@5,seq756@25,0.9999999999999999
seq7946@5,seq32059@5,0.9999999999999999
seq7946@5,seq2413@23,0.9999999999999999
seq7946@5,seq803@72,0.9999999999999999
seq7946@5,seq5832@22,0.9999999999999999
seq7946@5,seq968@46,0.9999999999999999
seq7946@5,seq5127@21,0.9999999999999999
seq7946@5,seq2366@32,0.9999999999999999
seq7946@5,seq1939@16,0.9999999999999999
seq7946@5,seq7090@22,0.9999999999999999
seq7946@5,seq4637@16,0.9999999999999999
seq7946@5,seq294@40,0.9999999999999999
seq7946@5,seq3663@14,0.9999999999999999
seq7946@5,seq282@31,0.9999999999999999
seq7946@5,seq1977@11,0.9999999999999999
seq7946@5,seq101@106,0.9999999999999999
seq7946@5,seq11445@10,0.9878787878787878
seq7946@5,seq1609@30,0.9999999999999999
seq7946@5,seq804@9,0.9999999999999999
seq7946@5,seq11725@11,0.996965091635306
seq7946@5,seq12219@7,0.9999999999999999
seq7946@5,seq347@84,0.9999999999999999
seq7946@5,seq24325@7,0.9999999999999999
seq7946@5,seq762@26,0.9999999999999999
seq7946@5,seq9045@6,0.9999999999999999
seq7946@5,seq1062@22,0.9999999999999999
seq7946@5,seq11877@7,0.9999999999999999
seq7946@5,seq3868@20,0.9999999999999999
seq7946@5,seq2340@41,0.9999999999999999
seq7946@5,seq9698@6,0.9999999999999999
seq7946@5,seq2229@7,0.9999999999999999
seq7946@5,seq1169@78,0.9999999999999999
seq7946@5,seq2868@5,0.9999999999999999
seq7946@5,seq4564@7,0.9999999999999999
seq7946@5,seq1376@21,0.9878787878787878
seq7946@5,seq3502@5,0.9999999999999999
seq7946@5,seq13938@8,0.9999999999999999
seq7946@5,seq629@101,0.9999999999999999
seq7946@5,seq4326@5,0.9999999999999999
seq7946@5,seq147@8,0.9999999999999999
seq7946@5,seq304@65,0.9999999999999999
seq7946@5,seq7359@5,0.9999999999999999
seq7946@5,seq5131@10,0.9999999999999999
seq7946@5,seq7760@5,0.9999999999999999
seq7946@5,seq109@26,0.9999999999999999
seq7946@5,seq9913@5,0.9999999999999999
seq7946@5,seq10957@23,0.9999999999999999
seq7946@5,seq1472@61,0.9999999999999999
seq7946@5,seq12569@5,0.9999999999999999
seq7946@5,seq18928@9,0.9999999999999999
seq7946@5,seq16760@5,0.9999999999999999
seq7946@5,seq732@44,0.9999999999999999
seq7946@5,seq8386@19,0.9999999999999999
seq7946@5,seq4165@10,0.9999999999999999
seq7946@5,seq223@39,0.9999999999999999
seq7946@5,seq2127@17,0.9878787878787878
seq7946@5,seq5880@7,0.9878787878787878
seq7946@5,seq1314@44,0.9999999999999999
seq7946@5,seq516@43,0.9999999999999999
seq7946@5,seq239@42,0.9999999999999999
seq7946@5,seq7106@30,0.9999999999999999
seq7946@5,seq430@28,0.9999999999999999
seq7946@5,seq1204@23,0.9999999999999999
seq7946@5,seq2462@16,0.9999999999999999
seq7946@5,seq12862@14,0.9999999999999999
seq7946@5,seq1280@12,0.9878787878787878
seq7946@5,seq16740@11,0.9878787878787878
seq7946@5,seq17946@8,0.9999999999999999
seq7946@5,seq9187@6,0.9999999999999999
seq7946@5,seq2929@5,0.9999999999999999
seq7946@5,seq991@17,0.9999999999999999
seq7946@5,seq1934@40,0.9999999999999999
seq7946@5,seq8@44677,0.9999999999999999
seq7946@5,seq2461@27,0.9999999999999999
seq20893@5,naive,0.9999999999999999
seq20893@5,seq24@4813,0.9999999999999999
seq20893@5,seq23901@6,0.9999999999999999
seq20893@5,seq366@64,0.9999999999999999
seq20893@5,seq5823@8,0.9999999999999999
seq20893@5,seq5881@11,0.9999999999999999
seq20893@5,seq1004@14,0.9999999999999999
seq20893@5,seq42589@5,0.9999999999999999
seq20893@5,seq1603@86,0.9999999999999999
seq20893@5,seq3096@41,0.9999999999999999
seq20893@5,seq141@55,0.9999999999999999
seq20893@5,seq4005@80,0.9999999999999999
seq20893@5,seq6678@28,0.9999999999999999
seq20893@5,seq398@62,0.9999999999999999
seq20893@5,seq3289@27,0.9999999999999999
seq20893@5,seq667@45,0.9999999999999999
seq20893@5,seq4058@95,0.9999999999999999
seq20893@5,seq567@25,0.9999999999999999
seq20893@5,seq4013@37,0.9999999999999999
seq20893@5,seq756@25,0.9999999999999999
seq20893@5,seq32059@5,0.9999999999999999
seq20893@5,seq2413@23,0.9999999999999999
seq20893@5,seq803@72,0.9999999999999999
seq20893@5,seq5832@22,0.9999999999999999
seq20893@5,seq968@46,0.9999999999999999
seq20893@5,seq5127@21,0.9999999999999999
seq20893@5,seq2366@32,0.9999999999999999
seq20893@5,seq1939@16,0.9999999999999999
seq20893@5,seq7090@22,0.9999999999999999
seq20893@5,seq4637@16,0.9999999999999999
seq20893@5,seq294@40,0.9999999999999999
seq20893@5,seq3663@14,0.9999999999999999
seq20893@5,seq282@31,0.9999999999999999
seq20893@5,seq1977@11,0.9999999999999999
seq20893@5,seq101@106,0.9999999999999999
seq20893@5,seq11445@10,0.9878787878787878
seq20893@5,seq1609@30,0.9999999999999999
seq20893@5,seq804@9,0.9999999999999999
seq20893@5,seq11725@11,0.996965091635306
seq20893@5,seq12219@7,0.9999999999999999
seq20893@5,seq347@84,0.9999999999999999
seq20893@5,seq24325@7,0.9999999999999999
seq20893@5,seq762@26,0.9999999999999999
seq20893@5,seq9045@6,0.9999999999999999
seq20893@5,seq1062@22,0.9999999999999999
seq20893@5,seq11877@7,0.9999999999999999
seq20893@5,seq3868@20,0.9999999999999999
seq20893@5,seq2340@41,0.9999999999999999
seq20893@5,seq9698@6,0.9999999999999999
seq20893@5,seq2229@7,0.9999999999999999
seq20893@5,seq1169@78,0.9999999999999999
seq20893@5,seq2868@5,0.9999999999999999
seq20893@5,seq4564@7,0.9999999999999999
seq20893@5,seq1376@21,0.9878787878787878
seq20893@5,seq3502@5,0.9999999999999999
seq20893@5,seq13938@8,0.9999999999999999
seq20893@5,seq629@101,0.9999999999999999
seq20893@5,seq4326@5,0.9999999999999999
seq20893@5,seq147@8,0.9999999999999999
seq20893@5,seq304@65,0.9999999999999999
seq20893@5,seq7359@5,0.9999999999999999
seq20893@5,seq5131@10,0.9999999999999999
seq20893@5,seq7760@5,0.9999999999999999
seq20893@5,seq109@26,0.9999999999999999
seq20893@5,seq9913@5,0.9999999999999999
seq20893@5,seq10957@23,0.9999999999999999
seq20893@5,seq1472@61,0.9999999999999999
seq20893@5,seq12569@5,0.9999999999999999
seq20893@5,seq18928@9,0.9999999999999999
seq20893@5,seq16760@5,0.9999999999999999
seq20893@5,seq732@44,0.9999999999999999
seq20893@5,seq8386@19,0.9999999999999999
seq20893@5,seq4165@10,0.9999999999999999
seq20893@5,seq223@39,0.9999999999999999
seq20893@5,seq2127@17,0.9878787878787878
seq20893@5,seq5880@7,0.9878787878787878
seq20893@5,seq1314@44,0.9999999999999999
seq20893@5,seq516@43,0.9999999999999999
seq20893@5,seq239@42,0.9999999999999999
seq20893@5,seq7106@30,0.9999999999999999
seq20893@5,seq430@28,0.9999999999999999
seq20893@5,seq1204@23,0.9999999999999999
seq20893@5,seq2462@16,0.9999999999999999
seq20893@5,seq12862@14,0.9999999999999999
seq20893@5,seq1280@12,0.9878787878787878
seq20893@5,seq16740@11,0.9878787878787878
seq20893@5,seq17946@8,0.9999999999999999
seq20893@5,seq9187@6,0.9999999999999999
seq20893@5,seq2929@5,0.9999999999999999
seq20893@5,seq991@17,0.9999999999999999
seq20893@5,seq1934@40,0.9999999999999999
seq20893@5,seq8@44677,0.9999999999999999
seq20893@5,seq2461@27,0.9999999999999999
naive,seq24@4813,0.9999999999999999
naive,seq23901@6,0.9999999999999999
naive,seq366@64,0.9999999999999999
naive,seq5823@8,0.9999999999999999
naive,seq5881@11,0.9999999999999999
naive,seq1004@14,0.9999999999999999
naive,seq42589@5,0.9999999999999999
naive,seq1603@86,0.9999999999999999
naive,seq3096@41,0.9999999999999999
naive,seq141@55,0.9999999999999999
naive,seq4005@80,0.9999999999999999
naive,seq6678@28,0.9999999999999999
naive,seq398@62,0.9999999999999999
naive,seq3289@27,0.9999999999999999
naive,seq667@45,0.9999999999999999
naive,seq4058@95,0.9999999999999999
naive,seq567@25,0.9999999999999999
naive,seq4013@37,0.9999999999999999
naive,seq756@25,0.9999999999999999
naive,seq32059@5,0.9999999999999999
naive,seq2413@23,0.9999999999999999
naive,seq803@72,0.9999999999999999
naive,seq5832@22,0.9999999999999999
naive,seq968@46,0.9999999999999999
naive,seq5127@21,0.9999999999999999
naive,seq2366@32,0.9999999999999999
naive,seq1939@16,0.9999999999999999
naive,seq7090@22,0.9999999999999999
naive,seq4637@16,0.9999999999999999
naive,seq294@40,0.9999999999999999
naive,seq3663@14,0.9999999999999999
naive,seq282@31,0.9999999999999999
naive,seq1977@11,0.9999999999999999
naive,seq101@106,0.9999999999999999
naive,seq11445@10,0.9878787878787878
naive,seq1609@30,0.9999999999999999
naive,seq804@9,0.9999999999999999
naive,seq11725@11,0.996965091635306
naive,seq12219@7,0.9999999999999999
naive,seq347@84,0.9999999999999999
naive,seq24325@7,0.9999999999999999
naive,seq762@26,0.9999999999999999
naive,seq9045@6,0.9999999999999999
naive,seq1062@22,0.9999999999999999
naive,seq11877@7,0.9999999999999999
naive,seq3868@20,0.9999999999999999
naive,seq2340@41,0.9999999999999999
naive,seq9698@6,0.9999999999999999
naive,seq2229@7,0.9999999999999999
naive,seq1169@78,0.9999999999999999
naive,seq2868@5,0.9999999999999999
naive,seq4564@7,0.9999999999999999
naive,seq1376@21,0.9878787878787878
naive,seq3502@5,0.9999999999999999
naive,seq13938@8,0.9999999999999999
naive,seq629@101,0.9999999999999999
naive,seq4326@5,0.9999999999999999
naive,seq147@8,0.9999999999999999
naive,seq304@65,0.9999999999999999
naive,seq7359@5,0.9999999999999999
naive,seq5131@10,0.9999999999999999
naive,seq7760@5,0.9999999999999999
naive,seq109@26,0.9999999999999999
naive,seq9913@5,0.9999999999999999
naive,seq10957@23,0.9999999999999999
naive,seq1472@61,0.9999999999999999
naive,seq12569@5,0.9999999999999999
naive,seq18928@9,0.9999999999999999
naive,seq16760@5,0.9999999999999999
naive,seq732@44,0.9999999999999999
naive,seq8386@19,0.9999999999999999
naive,seq4165@10,0.9999999999999999
naive,seq223@39,0.9999999999999999
naive,seq2127@17,0.9878787878787878
naive,seq5880@7,0.9878787878787878
naive,seq1314@44,0.9999999999999999
naive,seq516@43,0.9999999999999999
naive,seq239@42,0.9999999999999999
naive,seq7106@30,0.9999999999999999
naive,seq430@28,0.9999999999999999
naive,seq1204@23,0.9999999999999999
naive,seq2462@16,0.9999999999999999
naive,seq12862@14,0.9999999999999999
naive,seq1280@12,0.9878787878787878
naive,seq16740@11,0.9878787878787878
naive,seq17946@8,0.9999999999999999
naive,seq9187@6,0.9999999999999999
naive,seq2929@5,0.9999999999999999
naive,seq991@17,0.9999999999999999
naive,seq1934@40,0.9999999999999999
naive,seq8@44677,0.9999999999999999
naive,seq2461@27,0.9999999999999999
seq24@4813,seq23901@6,0.9999999999999999
seq24@4813,seq366@64,0.9999999999999999
seq24@4813,seq5823@8,0.9999999999999999
seq24@4813,seq5881@11,0.9999999999999999
seq24@4813,seq1004@14,0.9999999999999999
seq24@4813,seq42589@5,0.9999999999999999
seq24@4813,seq1603@86,0.9999999999999999
seq24@4813,seq3096@41,0.9999999999999999
seq24@4813,seq141@55,0.9999999999999999
seq24@4813,seq4005@80,0.9999999999999999
seq24@4813,seq6678@28,0.9999999999999999
seq24@4813,seq398@62,0.9999999999999999
seq24@4813,seq3289@27,0.9999999999999999
seq24@4813,seq667@45,0.9999999999999999
seq24@4813,seq4058@95,0.9999999999999999
seq24@4813,seq567@25,0.9999999999999999
seq24@4813,seq4013@37,0.9999999999999999
seq24@4813,seq756@25,0.9999999999999999
seq24@4813,seq32059@5,0.9999999999999999
seq24@4813,seq2413@23,0.9999999999999999
seq24@4813,seq803@72,0.9999999999999999
seq24@4813,seq5832@22,0.9999999999999999
seq24@4813,seq968@46,0.9999999999999999
seq24@4813,seq5127@21,0.9999999999999999
seq24@4813,seq2366@32,0.9999999999999999
seq24@4813,seq1939@16,0.9999999999999999
seq24@4813,seq7090@22,0.9999999999999999
seq24@4813,seq4637@16,0.9999999999999999
seq24@4813,seq294@40,0.9999999999999999
seq24@4813,seq3663@14,0.9999999999999999
seq24@4813,seq282@31,0.9999999999999999
seq24@4813,seq1977@11,0.9999999999999999
seq24@4813,seq101@106,0.9999999999999999
seq24@4813,seq11445@10,0.9878787878787878
seq24@4813,seq1609@30,0.9999999999999999
seq24@4813,seq804@9,0.9999999999999999
seq24@4813,seq11725@11,0.996965091635306
seq24@4813,seq12219@7,0.9999999999999999
seq24@4813,seq347@84,0.9999999999999999
seq24@4813,seq24325@7,0.9999999999999999
seq24@4813,seq762@26,0.9999999999999999
seq24@4813,seq9045@6,0.9999999999999999
seq24@4813,seq1062@22,0.9999999999999999
seq24@4813,seq11877@7,0.9999999999999999
seq24@4813,seq3868@20,0.9999999999999999
seq24@4813,seq2340@41,0.9999999999999999
seq24@4813,seq9698@6,0.9999999999999999
seq24@4813,seq2229@7,0.9999999999999999
seq24@4813,seq1169@78,0.9999999999999999
seq24@4813,seq2868@5,0.9999999999999999
seq24@4813,seq4564@7,0.9999999999999999
seq24@4813,seq1376@21,0.9878787878787878
seq24@4813,seq3502@5,0.9999999999999999
seq24@4813,seq13938@8,0.9999999999999999
seq24@4813,seq629@101,0.9999999999999999
seq24@4813,seq4326@5,0.9999999999999999
seq24@4813,seq147@8,0.9999999999999999
seq24@4813,seq304@65,0.9999999999999999
seq24@4813,seq7359@5,0.9999999999999999
seq24@4813,seq5131@10,0.9999999999999999
seq24@4813,seq7760@5,0.9999999999999999
seq24@4813,seq109@26,0.9999999999999999
seq24@4813,seq9913@5,0.9999999999999999
seq24@4813,seq10957@23,0.9999999999999999
seq24@4813,seq1472@61,0.9999999999999999
seq24@4813,seq12569@5,0.9999999999999999
seq24@4813,seq18928@9,0.9999999999999999
seq24@4813,seq16760@5,0.9999999999999999
seq24@4813,seq732@44,0.9999999999999999
seq24@4813,seq8386@19,0.9999999999999999
seq24@4813,seq4165@10,0.9999999999999999
seq24@4813,seq223@39,0.9999999999999999
seq24@4813,seq2127@17,0.9878787878787878
seq24@4813,seq5880@7,0.9878787878787878
seq24@4813,seq1314@44,0.9999999999999999
seq24@4813,seq516@43,0.9999999999999999
seq24@4813,seq239@42,0.9999999999999999
seq24@4813,seq7106@30,0.9999999999999999
seq24@4813,seq430@28,0.9999999999999999
seq24@4813,seq1204@23,0.9999999999999999
seq24@4813,seq2462@16,0.9999999999999999
seq24@4813,seq12862@14,0.9999999999999999
seq24@4813,seq1280@12,0.9878787878787878
seq24@4813,seq16740@11,0.9878787878787878
seq24@4813,seq17946@8,0.9999999999999999
seq24@4813,seq9187@6,0.9999999999999999
seq24@4813,seq2929@5,0.9999999999999999
seq24@4813,seq991@17,0.9999999999999999
seq24@4813,seq1934@40,0.9999999999999999
seq24@4813,seq8@44677,0.9999999999999999
seq24@4813,seq2461@27,0.9999999999999999
seq23901@6,seq366@64,0.9999999999999999
seq23901@6,seq5823@8,0.9999999999999999
seq23901@6,seq5881@11,0.9999999999999999
seq23901@6,seq1004@14,0.9999999999999999
seq23901@6,seq42589@5,0.9999999999999999
seq23901@6,seq1603@86,0.9999999999999999
seq23901@6,seq3096@41,0.9999999999999999
seq23901@6,seq141@55,0.9999999999999999
seq23901@6,seq4005@80,0.9999999999999999
seq23901@6,seq6678@28,0.9999999999999999
seq23901@6,seq398@62,0.9999999999999999
seq23901@6,seq3289@27,0.9999999999999999
seq23901@6,seq667@45,0.9999999999999999
seq23901@6,seq4058@95,0.9999999999999999
seq23901@6,seq567@25,0.9999999999999999
seq23901@6,seq4013@37,0.9999999999999999
seq23901@6,seq756@25,0.9999999999999999
seq23901@6,seq32059@5,0.9999999999999999
seq23901@6,seq2413@23,0.9999999999999999
seq23901@6,seq803@72,0.9999999999999999
seq23901@6,seq5832@22,0.9999999999999999
seq23901@6,seq968@46,0.9999999999999999
seq23901@6,seq5127@21,0.9999999999999999
seq23901@6,seq2366@32,0.9999999999999999
seq23901@6,seq1939@16,0.9999999999999999
seq23901@6,seq7090@22,0.9999999999999999
seq23901@6,seq4637@16,0.9999999999999999
seq23901@6,seq294@40,0.9999999999999999
seq23901@6,seq3663@14,0.9999999999999999
seq23901@6,seq282@31,0.9999999999999999
seq23901@6,seq1977@11,0.9999999999999999
seq23901@6,seq101@106,0.9999999999999999
seq23901@6,seq11445@10,0.9878787878787878
seq23901@6,seq1609@30,0.9999999999999999
seq23901@6,seq804@9,0.9999999999999999
seq23901@6,seq11725@11,0.996965091635306
seq23901@6,seq12219@7,0.9999999999999999
seq23901@6,seq347@84,0.9999999999999999
seq23901@6,seq24325@7,0.9999999999999999
seq23901@6,seq762@26,0.9999999999999999
seq23901@6,seq9045@6,0.9999999999999999
seq23901@6,seq1062@22,0.9999999999999999
seq23901@6,seq11877@7,0.9999999999999999
seq23901@6,seq3868@20,0.9999999999999999
seq23901@6,seq2340@41,0.9999999999999999
seq23901@6,seq9698@6,0.9999999999999999
seq23901@6,seq2229@7,0.9999999999999999
seq23901@6,seq1169@78,0.9999999999999999
seq23901@6,seq2868@5,0.9999999999999999
seq23901@6,seq4564@7,0.9999999999999999
seq23901@6,seq1376@21,0.9878787878787878
seq23901@6,seq3502@5,0.9999999999999999
seq23901@6,seq13938@8,0.9999999999999999
seq23901@6,seq629@101,0.9999999999999999
seq23901@6,seq4326@5,0.9999999999999999
seq23901@6,seq147@8,0.9999999999999999
seq23901@6,seq304@65,0.9999999999999999
seq23901@6,seq7359@5,0.9999999999999999
seq23901@6,seq5131@10,0.9999999999999999
seq23901@6,seq7760@5,0.9999999999999999
seq23901@6,seq109@26,0.9999999999999999
seq23901@6,seq9913@5,0.9999999999999999
seq23901@6,seq10957@23,0.9999999999999999
seq23901@6,seq1472@61,0.9999999999999999
seq23901@6,seq12569@5,0.9999999999999999
seq23901@6,seq18928@9,0.9999999999999999
seq23901@6,seq16760@5,0.9999999999999999
seq23901@6,seq732@44,0.9999999999999999
seq23901@6,seq8386@19,0.9999999999999999
seq23901@6,seq4165@10,0.9999999999999999
seq23901@6,seq223@39,0.9999999999999999
seq23901@6,seq2127@17,0.9878787878787878
seq23901@6,seq5880@7,0.9878787878787878
seq23901@6,seq1314@44,0.9999999999999999
seq23901@6,seq516@43,0.9999999999999999
seq23901@6,seq239@42,0.9999999999999999
seq23901@6,seq7106@30,0.9999999999999999
seq23901@6,seq430@28,0.9999999999999999
seq23901@6,seq1204@23,0.9999999999999999
seq23901@6,seq2462@16,0.9999999999999999
seq23901@6,seq12862@14,0.9999999999999999
seq23901@6,seq1280@12,0.9878787878787878
seq23901@6,seq16740@11,0.9878787878787878
seq23901@6,seq17946@8,0.9999999999999999
seq23901@6,seq9187@6,0.9999999999999999
seq23901@6,seq2929@5,0.9999999999999999
seq23901@6,seq991@17,0.9999999999999999
seq23901@6,seq1934@40,0.9999999999999999
seq23901@6,seq8@44677,0.9999999999999999
seq23901@6,seq2461@27,0.9999999999999999
seq366@64,seq5823@8,0.9999999999999999
seq366@64,seq5881@11,0.9999999999999999
seq366@64,seq1004@14,0.9999999999999999
seq366@64,seq42589@5,0.9999999999999999
seq366@64,seq1603@86,0.9999999999999999
seq366@64,seq3096@41,0.9999999999999999
seq366@64,seq141@55,0.9999999999999999
seq366@64,seq4005@80,0.9999999999999999
seq366@64,seq6678@28,0.9999999999999999
seq366@64,seq398@62,0.9999999999999999
seq366@64,seq3289@27,0.9999999999999999
seq366@64,seq667@45,0.9999999999999999
seq366@64,seq4058@95,0.9999999999999999
seq366@64,seq567@25,0.9999999999999999
seq366@64,seq4013@37,0.9999999999999999
seq366@64,seq756@25,0.9999999999999999
seq366@64,seq32059@5,0.9999999999999999
seq366@64,seq2413@23,0.9999999999999999
seq366@64,seq803@72,0.9999999999999999
seq366@64,seq5832@22,0.9999999999999999
seq366@64,seq968@46,0.9999999999999999
seq366@64,seq5127@21,0.9999999999999999
seq366@64,seq2366@32,0.9999999999999999
seq366@64,seq1939@16,0.9999999999999999
seq366@64,seq7090@22,0.9999999999999999
seq366@64,seq4637@16,0.9999999999999999
seq366@64,seq294@40,0.9999999999999999
seq366@64,seq3663@14,0.9999999999999999
seq366@64,seq282@31,0.9999999999999999
seq366@64,seq1977@11,0.9999999999999999
seq366@64,seq101@106,0.9999999999999999
seq366@64,seq11445@10,0.9878787878787878
seq366@64,seq1609@30,0.9999999999999999
seq366@64,seq804@9,0.9999999999999999
seq366@64,seq11725@11,0.996965091635306
seq366@64,seq12219@7,0.9999999999999999
seq366@64,seq347@84,0.9999999999999999
seq366@64,seq24325@7,0.9999999999999999
seq366@64,seq762@26,0.9999999999999999
seq366@64,seq9045@6,0.9999999999999999
seq366@64,seq1062@22,0.9999999999999999
seq366@64,seq11877@7,0.9999999999999999
seq366@64,seq3868@20,0.9999999999999999
seq366@64,seq2340@41,0.9999999999999999
seq366@64,seq9698@6,0.9999999999999999
seq366@64,seq2229@7,0.9999999999999999
seq366@64,seq1169@78,0.9999999999999999
seq366@64,seq2868@5,0.9999999999999999
seq366@64,seq4564@7,0.9999999999999999
seq366@64,seq1376@21,0.9878787878787878
seq366@64,seq3502@5,0.9999999999999999
seq366@64,seq13938@8,0.9999999999999999
seq366@64,seq629@101,0.9999999999999999
seq366@64,seq4326@5,0.9999999999999999
seq366@64,seq147@8,0.9999999999999999
seq366@64,seq304@65,0.9999999999999999
seq366@64,seq7359@5,0.9999999999999999
seq366@64,seq5131@10,0.9999999999999999
seq366@64,seq7760@5,0.9999999999999999
seq366@64,seq109@26,0.9999999999999999
seq366@64,seq9913@5,0.9999999999999999
seq366@64,seq10957@23,0.9999999999999999
seq366@64,seq1472@61,0.9999999999999999
seq366@64,seq12569@5,0.9999999999999999
seq366@64,seq18928@9,0.9999999999999999
seq366@64,seq16760@5,0.9999999999999999
seq366@64,seq732@44,0.9999999999999999
seq366@64,seq8386@19,0.9999999999999999
seq366@64,seq4165@10,0.9999999999999999
seq366@64,seq223@39,0.9999999999999999
seq366@64,seq2127@17,0.9878787878787878
seq366@64,seq5880@7,0.9878787878787878
seq366@64,seq1314@44,0.9999999999999999
seq366@64,seq516@43,0.9999999999999999
seq366@64,seq239@42,0.9999999999999999
seq366@64,seq7106@30,0.9999999999999999
seq366@64,seq430@28,0.9999999999999999
seq366@64,seq1204@23,0.9999999999999999
seq366@64,seq2462@16,0.9999999999999999
seq366@64,seq12862@14,0.9999999999999999
seq366@64,seq1280@12,0.9878787878787878
seq366@64,seq16740@11,0.9878787878787878
seq366@64,seq17946@8,0.9999999999999999
seq366@64,seq9187@6,0.9999999999999999
seq366@64,seq2929@5,0.9999999999999999
seq366@64,seq991@17,0.9999999999999999
seq366@64,seq1934@40,0.9999999999999999
seq366@64,seq8@44677,0.9999999999999999
seq366@64,seq2461@27,0.9999999999999999
seq5823@8,seq5881@11,0.9999999999999999
seq5823@8,seq1004@14,0.9999999999999999
seq5823@8,seq42589@5,0.9999999999999999
seq5823@8,seq1603@86,0.9999999999999999
seq5823@8,seq3096@41,0.9999999999999999
seq5823@8,seq141@55,0.9999999999999999
seq5823@8,seq4005@80,0.9999999999999999
seq5823@8,seq6678@28,0.9999999999999999
seq5823@8,seq398@62,0.9999999999999999
seq5823@8,seq3289@27,0.9999999999999999
seq5823@8,seq667@45,0.9999999999999999
seq5823@8,seq4058@95,0.9999999999999999
seq5823@8,seq567@25,0.9999999999999999
seq5823@8,seq4013@37,0.9999999999999999
seq5823@8,seq756@25,0.9999999999999999
seq5823@8,seq32059@5,0.9999999999999999
seq5823@8,seq2413@23,0.9999999999999999
seq5823@8,seq803@72,0.9999999999999999
seq5823@8,seq5832@22,0.9999999999999999
seq5823@8,seq968@46,0.9999999999999999
seq5823@8,seq5127@21,0.9999999999999999
seq5823@8,seq2366@32,0.9999999999999999
seq5823@8,seq1939@16,0.9999999999999999
seq5823@8,seq7090@22,0.9999999999999999
seq5823@8,seq4637@16,0.9999999999999999
seq5823@8,seq294@40,0.9999999999999999
seq5823@8,seq3663@14,0.9999999999999999
seq5823@8,seq282@31,0.9999999999999999
seq5823@8,seq1977@11,0.9999999999999999
seq5823@8,seq101@106,0.9999999999999999
seq5823@8,seq11445@10,0.9878787878787878
seq5823@8,seq1609@30,0.9999999999999999
seq5823@8,seq804@9,0.9999999999999999
seq5823@8,seq11725@11,0.996965091635306
seq5823@8,seq12219@7,0.9999999999999999
seq5823@8,seq347@84,0.9999999999999999
seq5823@8,seq24325@7,0.9999999999999999
seq5823@8,seq762@26,0.9999999999999999
seq5823@8,seq9045@6,0.9999999999999999
seq5823@8,seq1062@22,0.9999999999999999
seq5823@8,seq11877@7,0.9999999999999999
seq5823@8,seq3868@20,0.9999999999999999
seq5823@8,seq2340@41,0.9999999999999999
seq5823@8,seq9698@6,0.9999999999999999
seq5823@8,seq2229@7,0.9999999999999999
seq5823@8,seq1169@78,0.9999999999999999
seq5823@8,seq2868@5,0.9999999999999999
seq5823@8,seq4564@7,0.9999999999999999
seq5823@8,seq1376@21,0.9878787878787878
seq5823@8,seq3502@5,0.9999999999999999
seq5823@8,seq13938@8,0.9999999999999999
seq5823@8,seq629@101,0.9999999999999999
seq5823@8,seq4326@5,0.9999999999999999
seq5823@8,seq147@8,0.9999999999999999
seq5823@8,seq304@65,0.9999999999999999
seq5823@8,seq7359@5,0.9999999999999999
seq5823@8,seq5131@10,0.9999999999999999
seq5823@8,seq7760@5,0.9999999999999999
seq5823@8,seq109@26,0.9999999999999999
seq5823@8,seq9913@5,0.9999999999999999
seq5823@8,seq10957@23,0.9999999999999999
seq5823@8,seq1472@61,0.9999999999999999
seq5823@8,seq12569@5,0.9999999999999999
seq5823@8,seq18928@9,0.9999999999999999
seq5823@8,seq16760@5,0.9999999999999999
seq5823@8,seq732@44,0.9999999999999999
seq5823@8,seq8386@19,0.9999999999999999
seq5823@8,seq4165@10,0.9999999999999999
seq5823@8,seq223@39,0.9999999999999999
seq5823@8,seq2127@17,0.9878787878787878
seq5823@8,seq5880@7,0.9878787878787878
seq5823@8,seq1314@44,0.9999999999999999
seq5823@8,seq516@43,0.9999999999999999
seq5823@8,seq239@42,0.9999999999999999
seq5823@8,seq7106@30,0.9999999999999999
seq5823@8,seq430@28,0.9999999999999999
seq5823@8,seq1204@23,0.9999999999999999
seq5823@8,seq2462@16,0.9999999999999999
seq5823@8,seq12862@14,0.9999999999999999
seq5823@8,seq1280@12,0.9878787878787878
seq5823@8,seq16740@11,0.9878787878787878
seq5823@8,seq17946@8,0.9999999999999999
seq5823@8,seq9187@6,0.9999999999999999
seq5823@8,seq2929@5,0.9999999999999999
seq5823@8,seq991@17,0.9999999999999999
seq5823@8,seq1934@40,0.9999999999999999
seq5823@8,seq8@44677,0.9999999999999999
seq5823@8,seq2461@27,0.9999999999999999
seq5881@11,seq1004@14,0.9999999999999999
seq5881@11,seq42589@5,0.9999999999999999
seq5881@11,seq1603@86,0.9999999999999999
seq5881@11,seq3096@41,0.9999999999999999
seq5881@11,seq141@55,0.9999999999999999
seq5881@11,seq4005@80,0.9999999999999999
seq5881@11,seq6678@28,0.9999999999999999
seq5881@11,seq398@62,0.9999999999999999
seq5881@11,seq3289@27,0.9999999999999999
seq5881@11,seq667@45,0.9999999999999999
seq5881@11,seq4058@95,0.9999999999999999
seq5881@11,seq567@25,0.9999999999999999
seq5881@11,seq4013@37,0.9999999999999999
seq5881@11,seq756@25,0.9999999999999999
seq5881@11,seq32059@5,0.9999999999999999
seq5881@11,seq2413@23,0.9999999999999999
seq5881@11,seq803@72,0.9999999999999999
seq5881@11,seq5832@22,0.9999999999999999
seq5881@11,seq968@46,0.9999999999999999
seq5881@11,seq5127@21,0.9999999999999999
seq5881@11,seq2366@32,0.9999999999999999
seq5881@11,seq1939@16,0.9999999999999999
seq5881@11,seq7090@22,0.9999999999999999
seq5881@11,seq4637@16,0.9999999999999999
seq5881@11,seq294@40,0.9999999999999999
seq5881@11,seq3663@14,0.9999999999999999
seq5881@11,seq282@31,0.9999999999999999
seq5881@11,seq1977@11,0.9999999999999999
seq5881@11,seq101@106,0.9999999999999999
seq5881@11,seq11445@10,0.9878787878787878
seq5881@11,seq1609@30,0.9999999999999999
seq5881@11,seq804@9,0.9999999999999999
seq5881@11,seq11725@11,0.996965091635306
seq5881@11,seq12219@7,0.9999999999999999
seq5881@11,seq347@84,0.9999999999999999
seq5881@11,seq24325@7,0.9999999999999999
seq5881@11,seq762@26,0.9999999999999999
seq5881@11,seq9045@6,0.9999999999999999
seq5881@11,seq1062@22,0.9999999999999999
seq5881@11,seq11877@7,0.9999999999999999
seq5881@11,seq3868@20,0.9999999999999999
seq5881@11,seq2340@41,0.9999999999999999
seq5881@11,seq9698@6,0.9999999999999999
seq5881@11,seq2229@7,0.9999999999999999
seq5881@11,seq1169@78,0.9999999999999999
seq5881@11,seq2868@5,0.9999999999999999
seq5881@11,seq4564@7,0.9999999999999999
seq5881@11,seq1376@21,0.9878787878787878
seq5881@11,seq3502@5,0.9999999999999999
seq5881@11,seq13938@8,0.9999999999999999
seq5881@11,seq629@101,0.9999999999999999
seq5881@11,seq4326@5,0.9999999999999999
seq5881@11,seq147@8,0.9999999999999999
seq5881@11,seq304@65,0.9999999999999999
seq5881@11,seq7359@5,0.9999999999999999
seq5881@11,seq5131@10,0.9999999999999999
seq5881@11,seq7760@5,0.9999999999999999
seq5881@11,seq109@26,0.9999999999999999
seq5881@11,seq9913@5,0.9999999999999999
seq5881@11,seq10957@23,0.9999999999999999
seq5881@11,seq1472@61,0.9999999999999999
seq5881@11,seq12569@5,0.9999999999999999
seq5881@11,seq18928@9,0.9999999999999999
seq5881@11,seq16760@5,0.9999999999999999
seq5881@11,seq732@44,0.9999999999999999
seq5881@11,seq8386@19,0.9999999999999999
seq5881@11,seq4165@10,0.9999999999999999
seq5881@11,seq223@39,0.9999999999999999
seq5881@11,seq2127@17,0.9878787878787878
seq5881@11,seq5880@7,0.9878787878787878
seq5881@11,seq1314@44,0.9999999999999999
seq5881@11,seq516@43,0.9999999999999999
seq5881@11,seq239@42,0.9999999999999999
seq5881@11,seq7106@30,0.9999999999999999
seq5881@11,seq430@28,0.9999999999999999
seq5881@11,seq1204@23,0.9999999999999999
seq5881@11,seq2462@16,0.9999999999999999
seq5881@11,seq12862@14,0.9999999999999999
seq5881@11,seq1280@12,0.9878787878787878
seq5881@11,seq16740@11,0.9878787878787878
seq5881@11,seq17946@8,0.9999999999999999
seq5881@11,seq9187@6,0.9999999999999999
seq5881@11,seq2929@5,0.9999999999999999
seq5881@11,seq991@17,0.9999999999999999
seq5881@11,seq1934@40,0.9999999999999999
seq5881@11,seq8@44677,0.9999999999999999
seq5881@11,seq2461@27,0.9999999999999999
seq1004@14,seq42589@5,0.9999999999999999
seq1004@14,seq1603@86,0.9999999999999999
seq1004@14,seq3096@41,0.9999999999999999
seq1004@14,seq141@55,0.9999999999999999
seq1004@14,seq4005@80,0.9999999999999999
seq1004@14,seq6678@28,0.9999999999999999
seq1004@14,seq398@62,0.9999999999999999
seq1004@14,seq3289@27,0.9999999999999999
seq1004@14,seq667@45,0.9999999999999999
seq1004@14,seq4058@95,0.9999999999999999
seq1004@14,seq567@25,0.9999999999999999
seq1004@14,seq4013@37,0.9999999999999999
seq1004@14,seq756@25,0.9999999999999999
seq1004@14,seq32059@5,0.9999999999999999
seq1004@14,seq2413@23,0.9999999999999999
seq1004@14,seq803@72,0.9999999999999999
seq1004@14,seq5832@22,0.9999999999999999
seq1004@14,seq968@46,0.9999999999999999
seq1004@14,seq5127@21,0.9999999999999999
seq1004@14,seq2366@32,0.9999999999999999
seq1004@14,seq1939@16,0.9999999999999999
seq1004@14,seq7090@22,0.9999999999999999
seq1004@14,seq4637@16,0.9999999999999999
seq1004@14,seq294@40,0.9999999999999999
seq1004@14,seq3663@14,0.9999999999999999
seq1004@14,seq282@31,0.9999999999999999
seq1004@14,seq1977@11,0.9999999999999999
seq1004@14,seq101@106,0.9999999999999999
seq1004@14,seq11445@10,0.9878787878787878
seq1004@14,seq1609@30,0.9999999999999999
seq1004@14,seq804@9,0.9999999999999999
seq1004@14,seq11725@11,0.996965091635306
seq1004@14,seq12219@7,0.9999999999999999
seq1004@14,seq347@84,0.9999999999999999
seq1004@14,seq24325@7,0.9999999999999999
seq1004@14,seq762@26,0.9999999999999999
seq1004@14,seq9045@6,0.9999999999999999
seq1004@14,seq1062@22,0.9999999999999999
seq1004@14,seq11877@7,0.9999999999999999
seq1004@14,seq3868@20,0.9999999999999999
seq1004@14,seq2340@41,0.9999999999999999
seq1004@14,seq9698@6,0.9999999999999999
seq1004@14,seq2229@7,0.9999999999999999
seq1004@14,seq1169@78,0.9999999999999999
seq1004@14,seq2868@5,0.9999999999999999
seq1004@14,seq4564@7,0.9999999999999999
seq1004@14,seq1376@21,0.9878787878787878
seq1004@14,seq3502@5,0.9999999999999999
seq1004@14,seq13938@8,0.9999999999999999
seq1004@14,seq629@101,0.9999999999999999
seq1004@14,seq4326@5,0.9999999999999999
seq1004@14,seq147@8,0.9999999999999999
seq1004@14,seq304@65,0.9999999999999999
seq1004@14,seq7359@5,0.9999999999999999
seq1004@14,seq5131@10,0.9999999999999999
seq1004@14,seq7760@5,0.9999999999999999
seq1004@14,seq109@26,0.9999999999999999
seq1004@14,seq9913@5,0.9999999999999999
seq1004@14,seq10957@23,0.9999999999999999
seq1004@14,seq1472@61,0.9999999999999999
seq1004@14,seq12569@5,0.9999999999999999
seq1004@14,seq18928@9,0.9999999999999999
seq1004@14,seq16760@5,0.9999999999999999
seq1004@14,seq732@44,0.9999999999999999
seq1004@14,seq8386@19,0.9999999999999999
seq1004@14,seq4165@10,0.9999999999999999
seq1004@14,seq223@39,0.9999999999999999
seq1004@14,seq2127@17,0.9878787878787878
seq1004@14,seq5880@7,0.9878787878787878
seq1004@14,seq1314@44,0.9999999999999999
seq1004@14,seq516@43,0.9999999999999999
seq1004@14,seq239@42,0.9999999999999999
seq1004@14,seq7106@30,0.9999999999999999
seq1004@14,seq430@28,0.9999999999999999
seq1004@14,seq1204@23,0.9999999999999999
seq1004@14,seq2462@16,0.9999999999999999
seq1004@14,seq12862@14,0.9999999999999999
seq1004@14,seq1280@12,0.9878787878787878
seq1004@14,seq16740@11,0.9878787878787878
seq1004@14,seq17946@8,0.9999999999999999
seq1004@14,seq9187@6,0.9999999999999999
seq1004@14,seq2929@5,0.9999999999999999
seq1004@14,seq991@17,0.9999999999999999
seq1004@14,seq1934@40,0.9999999999999999
seq1004@14,seq8@44677,0.9999999999999999
seq1004@14,seq2461@27,0.9999999999999999
seq42589@5,seq1603@86,0.9999999999999999
seq42589@5,seq3096@41,0.9999999999999999
seq42589@5,seq141@55,0.9999999999999999
seq42589@5,seq4005@80,0.9999999999999999
seq42589@5,seq6678@28,0.9999999999999999
seq42589@5,seq398@62,0.9999999999999999
seq42589@5,seq3289@27,0.9999999999999999
seq42589@5,seq667@45,0.9999999999999999
seq42589@5,seq4058@95,0.9999999999999999
seq42589@5,seq567@25,0.9999999999999999
seq42589@5,seq4013@37,0.9999999999999999
seq42589@5,seq756@25,0.9999999999999999
seq42589@5,seq32059@5,0.9999999999999999
seq42589@5,seq2413@23,0.9999999999999999
seq42589@5,seq803@72,0.9999999999999999
seq42589@5,seq5832@22,0.9999999999999999
seq42589@5,seq968@46,0.9999999999999999
seq42589@5,seq5127@21,0.9999999999999999
seq42589@5,seq2366@32,0.9999999999999999
seq42589@5,seq1939@16,0.9999999999999999
seq42589@5,seq7090@22,0.9999999999999999
seq42589@5,seq4637@16,0.9999999999999999
seq42589@5,seq294@40,0.9999999999999999
seq42589@5,seq3663@14,0.9999999999999999
seq42589@5,seq282@31,0.9999999999999999
seq42589@5,seq1977@11,0.9999999999999999
seq42589@5,seq101@106,0.9999999999999999
seq42589@5,seq11445@10,0.9878787878787878
seq42589@5,seq1609@30,0.9999999999999999
seq42589@5,seq804@9,0.9999999999999999
seq42589@5,seq11725@11,0.996965091635306
seq42589@5,seq12219@7,0.9999999999999999
seq42589@5,seq347@84,0.9999999999999999
seq42589@5,seq24325@7,0.9999999999999999
seq42589@5,seq762@26,0.9999999999999999
seq42589@5,seq9045@6,0.9999999999999999
seq42589@5,seq1062@22,0.9999999999999999
seq42589@5,seq11877@7,0.9999999999999999
seq42589@5,seq3868@20,0.9999999999999999
seq42589@5,seq2340@41,0.9999999999999999
seq42589@5,seq9698@6,0.9999999999999999
seq42589@5,seq2229@7,0.9999999999999999
seq42589@5,seq1169@78,0.9999999999999999
seq42589@5,seq2868@5,0.9999999999999999
seq42589@5,seq4564@7,0.9999999999999999
seq42589@5,seq1376@21,0.9878787878787878
seq42589@5,seq3502@5,0.9999999999999999
seq42589@5,seq13938@8,0.9999999999999999
seq42589@5,seq629@101,0.9999999999999999
seq42589@5,seq4326@5,0.9999999999999999
seq42589@5,seq147@8,0.9999999999999999
seq42589@5,seq304@65,0.9999999999999999
seq42589@5,seq7359@5,0.9999999999999999
seq42589@5,seq5131@10,0.9999999999999999
seq42589@5,seq7760@5,0.9999999999999999
seq42589@5,seq109@26,0.9999999999999999
seq42589@5,seq9913@5,0.9999999999999999
seq42589@5,seq10957@23,0.9999999999999999
seq42589@5,seq1472@61,0.9999999999999999
seq42589@5,seq12569@5,0.9999999999999999
seq42589@5,seq18928@9,0.9999999999999999
seq42589@5,seq16760@5,0.9999999999999999
seq42589@5,seq732@44,0.9999999999999999
seq42589@5,seq8386@19,0.9999999999999999
seq42589@5,seq4165@10,0.9999999999999999
seq42589@5,seq223@39,0.9999999999999999
seq42589@5,seq2127@17,0.9878787878787878
seq42589@5,seq5880@7,0.9878787878787878
seq42589@5,seq1314@44,0.9999999999999999
seq42589@5,seq516@43,0.9999999999999999
seq42589@5,seq239@42,0.9999999999999999
seq42589@5,seq7106@30,0.9999999999999999
seq42589@5,seq430@28,0.9999999999999999
seq42589@5,seq1204@23,0.9999999999999999
seq42589@5,seq2462@16,0.9999999999999999
seq42589@5,seq12862@14,0.9999999999999999
seq42589@5,seq1280@12,0.9878787878787878
seq42589@5,seq16740@11,0.9878787878787878
seq42589@5,seq17946@8,0.9999999999999999
seq42589@5,seq9187@6,0.9999999999999999
seq42589@5,seq2929@5,0.9999999999999999
seq42589@5,seq991@17,0.9999999999999999
seq42589@5,seq1934@40,0.9999999999999999
seq42589@5,seq8@44677,0.9999999999999999
seq42589@5,seq2461@27,0.9999999999999999
seq1603@86,seq3096@41,0.9999999999999999
seq1603@86,seq141@55,0.9999999999999999
seq1603@86,seq4005@80,0.9999999999999999
seq1603@86,seq6678@28,0.9999999999999999
seq1603@86,seq398@62,0.9999999999999999
seq1603@86,seq3289@27,0.9999999999999999
seq1603@86,seq667@45,0.9999999999999999
seq1603@86,seq4058@95,0.9999999999999999
seq1603@86,seq567@25,0.9999999999999999
seq1603@86,seq4013@37,0.9999999999999999
seq1603@86,seq756@25,0.9999999999999999
seq1603@86,seq32059@5,0.9999999999999999
seq1603@86,seq2413@23,0.9999999999999999
seq1603@86,seq803@72,0.9999999999999999
seq1603@86,seq5832@22,0.9999999999999999
seq1603@86,seq968@46,0.9999999999999999
seq1603@86,seq5127@21,0.9999999999999999
seq1603@86,seq2366@32,0.9999999999999999
seq1603@86,seq1939@16,0.9999999999999999
seq1603@86,seq7090@22,0.9999999999999999
seq1603@86,seq4637@16,0.9999999999999999
seq1603@86,seq294@40,0.9999999999999999
seq1603@86,seq3663@14,0.9999999999999999
seq1603@86,seq282@31,0.9999999999999999
seq1603@86,seq1977@11,0.9999999999999999
seq1603@86,seq101@106,0.9999999999999999
seq1603@86,seq11445@10,0.9878787878787878
seq1603@86,seq1609@30,0.9999999999999999
seq1603@86,seq804@9,0.9999999999999999
seq1603@86,seq11725@11,0.996965091635306
seq1603@86,seq12219@7,0.9999999999999999
seq1603@86,seq347@84,0.9999999999999999
seq1603@86,seq24325@7,0.9999999999999999
seq1603@86,seq762@26,0.9999999999999999
seq1603@86,seq9045@6,0.9999999999999999
seq1603@86,seq1062@22,0.9999999999999999
seq1603@86,seq11877@7,0.9999999999999999
seq1603@86,seq3868@20,0.9999999999999999
seq1603@86,seq2340@41,0.9999999999999999
seq1603@86,seq9698@6,0.9999999999999999
seq1603@86,seq2229@7,0.9999999999999999
seq1603@86,seq1169@78,0.9999999999999999
seq1603@86,seq2868@5,0.9999999999999999
seq1603@86,seq4564@7,0.9999999999999999
seq1603@86,seq1376@21,0.9878787878787878
seq1603@86,seq3502@5,0.9999999999999999
seq1603@86,seq13938@8,0.9999999999999999
seq1603@86,seq629@101,0.9999999999999999
seq1603@86,seq4326@5,0.9999999999999999
seq1603@86,seq147@8,0.9999999999999999
seq1603@86,seq304@65,0.9999999999999999
seq1603@86,seq7359@5,0.9999999999999999
seq1603@86,seq5131@10,0.9999999999999999
seq1603@86,seq7760@5,0.9999999999999999
seq1603@86,seq109@26,0.9999999999999999
seq1603@86,seq9913@5,0.9999999999999999
seq1603@86,seq10957@23,0.9999999999999999
seq1603@86,seq1472@61,0.9999999999999999
seq1603@86,seq12569@5,0.9999999999999999
seq1603@86,seq18928@9,0.9999999999999999
seq1603@86,seq16760@5,0.9999999999999999
seq1603@86,seq732@44,0.9999999999999999
seq1603@86,seq8386@19,0.9999999999999999
seq1603@86,seq4165@10,0.9999999999999999
seq1603@86,seq223@39,0.9999999999999999
seq1603@86,seq2127@17,0.9878787878787878
seq1603@86,seq5880@7,0.9878787878787878
seq1603@86,seq1314@44,0.9999999999999999
seq1603@86,seq516@43,0.9999999999999999
seq1603@86,seq239@42,0.9999999999999999
seq1603@86,seq7106@30,0.9999999999999999
seq1603@86,seq430@28,0.9999999999999999
seq1603@86,seq1204@23,0.9999999999999999
seq1603@86,seq2462@16,0.9999999999999999
seq1603@86,seq12862@14,0.9999999999999999
seq1603@86,seq1280@12,0.9878787878787878
seq1603@86,seq16740@11,0.9878787878787878
seq1603@86,seq17946@8,0.9999999999999999
seq1603@86,seq9187@6,0.9999999999999999
seq1603@86,seq2929@5,0.9999999999999999
seq1603@86,seq991@17,0.9999999999999999
seq1603@86,seq1934@40,0.9999999999999999
seq1603@86,seq8@44677,0.9999999999999999
seq1603@86,seq2461@27,0.9999999999999999
seq3096@41,seq141@55,0.9999999999999999
seq3096@41,seq4005@80,0.9999999999999999
seq3096@41,seq6678@28,0.9999999999999999
seq3096@41,seq398@62,0.9999999999999999
seq3096@41,seq3289@27,0.9999999999999999
seq3096@41,seq667@45,0.9999999999999999
seq3096@41,seq4058@95,0.9999999999999999
seq3096@41,seq567@25,0.9999999999999999
seq3096@41,seq4013@37,0.9999999999999999
seq3096@41,seq756@25,0.9999999999999999
seq3096@41,seq32059@5,0.9999999999999999
seq3096@41,seq2413@23,0.9999999999999999
seq3096@41,seq803@72,0.9999999999999999
seq3096@41,seq5832@22,0.9999999999999999
seq3096@41,seq968@46,0.9999999999999999
seq3096@41,seq5127@21,0.9999999999999999
seq3096@41,seq2366@32,0.9999999999999999
seq3096@41,seq1939@16,0.9999999999999999
seq3096@41,seq7090@22,0.9999999999999999
seq3096@41,seq4637@16,0.9999999999999999
seq3096@41,seq294@40,0.9999999999999999
seq3096@41,seq3663@14,0.9999999999999999
seq3096@41,seq282@31,0.9999999999999999
seq3096@41,seq1977@11,0.9999999999999999
seq3096@41,seq101@106,0.9999999999999999
seq3096@41,seq11445@10,0.9878787878787878
seq3096@41,seq1609@30,0.9999999999999999
seq3096@41,seq804@9,0.9999999999999999
seq3096@41,seq11725@11,0.996965091635306
seq3096@41,seq12219@7,0.9999999999999999
seq3096@41,seq347@84,0.9999999999999999
seq3096@41,seq24325@7,0.9999999999999999
seq3096@41,seq762@26,0.9999999999999999
seq3096@41,seq9045@6,0.9999999999999999
seq3096@41,seq1062@22,0.9999999999999999
seq3096@41,seq11877@7,0.9999999999999999
seq3096@41,seq3868@20,0.9999999999999999
seq3096@41,seq2340@41,0.9999999999999999
seq3096@41,seq9698@6,0.9999999999999999
seq3096@41,seq2229@7,0.9999999999999999
seq3096@41,seq1169@78,0.9999999999999999
seq3096@41,seq2868@5,0.9999999999999999
seq3096@41,seq4564@7,0.9999999999999999
seq3096@41,seq1376@21,0.9878787878787878
seq3096@41,seq3502@5,0.9999999999999999
seq3096@41,seq13938@8,0.9999999999999999
seq3096@41,seq629@101,0.9999999999999999
seq3096@41,seq4326@5,0.9999999999999999
seq3096@41,seq147@8,0.9999999999999999
seq3096@41,seq304@65,0.9999999999999999
seq3096@41,seq7359@5,0.9999999999999999
seq3096@41,seq5131@10,0.9999999999999999
seq3096@41,seq7760@5,0.9999999999999999
seq3096@41,seq109@26,0.9999999999999999
seq3096@41,seq9913@5,0.9999999999999999
seq3096@41,seq10957@23,0.9999999999999999
seq3096@41,seq1472@61,0.9999999999999999
seq3096@41,seq12569@5,0.9999999999999999
seq3096@41,seq18928@9,0.9999999999999999
seq3096@41,seq16760@5,0.9999999999999999
seq3096@41,seq732@44,0.9999999999999999
seq3096@41,seq8386@19,0.9999999999999999
seq3096@41,seq4165@10,0.9999999999999999
seq3096@41,seq223@39,0.9999999999999999
seq3096@41,seq2127@17,0.9878787878787878
seq3096@41,seq5880@7,0.9878787878787878
seq3096@41,seq1314@44,0.9999999999999999
seq3096@41,seq516@43,0.9999999999999999
seq3096@41,seq239@42,0.9999999999999999
seq3096@41,seq7106@30,0.9999999999999999
seq3096@41,seq430@28,0.9999999999999999
seq3096@41,seq1204@23,0.9999999999999999
seq3096@41,seq2462@16,0.9999999999999999
seq3096@41,seq12862@14,0.9999999999999999
seq3096@41,seq1280@12,0.9878787878787878
seq3096@41,seq16740@11,0.9878787878787878
seq3096@41,seq17946@8,0.9999999999999999
seq3096@41,seq9187@6,0.9999999999999999
seq3096@41,seq2929@5,0.9999999999999999
seq3096@41,seq991@17,0.9999999999999999
seq3096@41,seq1934@40,0.9999999999999999
seq3096@41,seq8@44677,0.9999999999999999
seq3096@41,seq2461@27,0.9999999999999999
seq141@55,seq4005@80,0.9999999999999999
seq141@55,seq6678@28,0.9999999999999999
seq141@55,seq398@62,0.9999999999999999
seq141@55,seq3289@27,0.9999999999999999
seq141@55,seq667@45,0.9999999999999999
seq141@55,seq4058@95,0.9999999999999999
seq141@55,seq567@25,0.9999999999999999
seq141@55,seq4013@37,0.9999999999999999
seq141@55,seq756@25,0.9999999999999999
seq141@55,seq32059@5,0.9999999999999999
seq141@55,seq2413@23,0.9999999999999999
seq141@55,seq803@72,0.9999999999999999
seq141@55,seq5832@22,0.9999999999999999
seq141@55,seq968@46,0.9999999999999999
seq141@55,seq5127@21,0.9999999999999999
seq141@55,seq2366@32,0.9999999999999999
seq141@55,seq1939@16,0.9999999999999999
seq141@55,seq7090@22,0.9999999999999999
seq141@55,seq4637@16,0.9999999999999999
seq141@55,seq294@40,0.9999999999999999
seq141@55,seq3663@14,0.9999999999999999
seq141@55,seq282@31,0.9999999999999999
seq141@55,seq1977@11,0.9999999999999999
seq141@55,seq101@106,0.9999999999999999
seq141@55,seq11445@10,0.9878787878787878
seq141@55,seq1609@30,0.9999999999999999
seq141@55,seq804@9,0.9999999999999999
seq141@55,seq11725@11,0.996965091635306
seq141@55,seq12219@7,0.9999999999999999
seq141@55,seq347@84,0.9999999999999999
seq141@55,seq24325@7,0.9999999999999999
seq141@55,seq762@26,0.9999999999999999
seq141@55,seq9045@6,0.9999999999999999
seq141@55,seq1062@22,0.9999999999999999
seq141@55,seq11877@7,0.9999999999999999
seq141@55,seq3868@20,0.9999999999999999
seq141@55,seq2340@41,0.9999999999999999
seq141@55,seq9698@6,0.9999999999999999
seq141@55,seq2229@7,0.9999999999999999
seq141@55,seq1169@78,0.9999999999999999
seq141@55,seq2868@5,0.9999999999999999
seq141@55,seq4564@7,0.9999999999999999
seq141@55,seq1376@21,0.9878787878787878
seq141@55,seq3502@5,0.9999999999999999
seq141@55,seq13938@8,0.9999999999999999
seq141@55,seq629@101,0.9999999999999999
seq141@55,seq4326@5,0.9999999999999999
seq141@55,seq147@8,0.9999999999999999
seq141@55,seq304@65,0.9999999999999999
seq141@55,seq7359@5,0.9999999999999999
seq141@55,seq5131@10,0.9999999999999999
seq141@55,seq7760@5,0.9999999999999999
seq141@55,seq109@26,0.9999999999999999
seq141@55,seq9913@5,0.9999999999999999
seq141@55,seq10957@23,0.9999999999999999
seq141@55,seq1472@61,0.9999999999999999
seq141@55,seq12569@5,0.9999999999999999
seq141@55,seq18928@9,0.9999999999999999
seq141@55,seq16760@5,0.9999999999999999
seq141@55,seq732@44,0.9999999999999999
seq141@55,seq8386@19,0.9999999999999999
seq141@55,seq4165@10,0.9999999999999999
seq141@55,seq223@39,0.9999999999999999
seq141@55,seq2127@17,0.9878787878787878
seq141@55,seq5880@7,0.9878787878787878
seq141@55,seq1314@44,0.9999999999999999
seq141@55,seq516@43,0.9999999999999999
seq141@55,seq239@42,0.9999999999999999
seq141@55,seq7106@30,0.9999999999999999
seq141@55,seq430@28,0.9999999999999999
seq141@55,seq1204@23,0.9999999999999999
seq141@55,seq2462@16,0.9999999999999999
seq141@55,seq12862@14,0.9999999999999999
seq141@55,seq1280@12,0.9878787878787878
seq141@55,seq16740@11,0.9878787878787878
seq141@55,seq17946@8,0.9999999999999999
seq141@55,seq9187@6,0.9999999999999999
seq141@55,seq2929@5,0.9999999999999999
seq141@55,seq991@17,0.9999999999999999
seq141@55,seq1934@40,0.9999999999999999
seq141@55,seq8@44677,0.9999999999999999
seq141@55,seq2461@27,0.9999999999999999
seq4005@80,seq6678@28,0.9999999999999999
seq4005@80,seq398@62,0.9999999999999999
seq4005@80,seq3289@27,0.9999999999999999
seq4005@80,seq667@45,0.9999999999999999
seq4005@80,seq4058@95,0.9999999999999999
seq4005@80,seq567@25,0.9999999999999999
seq4005@80,seq4013@37,0.9999999999999999
seq4005@80,seq756@25,0.9999999999999999
seq4005@80,seq32059@5,0.9999999999999999
seq4005@80,seq2413@23,0.9999999999999999
seq4005@80,seq803@72,0.9999999999999999
seq4005@80,seq5832@22,0.9999999999999999
seq4005@80,seq968@46,0.9999999999999999
seq4005@80,seq5127@21,0.9999999999999999
seq4005@80,seq2366@32,0.9999999999999999
seq4005@80,seq1939@16,0.9999999999999999
seq4005@80,seq7090@22,0.9999999999999999
seq4005@80,seq4637@16,0.9999999999999999
seq4005@80,seq294@40,0.9999999999999999
seq4005@80,seq3663@14,0.9999999999999999
seq4005@80,seq282@31,0.9999999999999999
seq4005@80,seq1977@11,0.9999999999999999
seq4005@80,seq101@106,0.9999999999999999
seq4005@80,seq11445@10,0.9878787878787878
seq4005@80,seq1609@30,0.9999999999999999
seq4005@80,seq804@9,0.9999999999999999
seq4005@80,seq11725@11,0.996965091635306
seq4005@80,seq12219@7,0.9999999999999999
seq4005@80,seq347@84,0.9999999999999999
seq4005@80,seq24325@7,0.9999999999999999
seq4005@80,seq762@26,0.9999999999999999
seq4005@80,seq9045@6,0.9999999999999999
seq4005@80,seq1062@22,0.9999999999999999
seq4005@80,seq11877@7,0.9999999999999999
seq4005@80,seq3868@20,0.9999999999999999
seq4005@80,seq2340@41,0.9999999999999999
seq4005@80,seq9698@6,0.9999999999999999
seq4005@80,seq2229@7,0.9999999999999999
seq4005@80,seq1169@78,0.9999999999999999
seq4005@80,seq2868@5,0.9999999999999999
seq4005@80,seq4564@7,0.9999999999999999
seq4005@80,seq1376@21,0.9878787878787878
seq4005@80,seq3502@5,0.9999999999999999
seq4005@80,seq13938@8,0.9999999999999999
seq4005@80,seq629@101,0.9999999999999999
seq4005@80,seq4326@5,0.9999999999999999
seq4005@80,seq147@8,0.9999999999999999
seq4005@80,seq304@65,0.9999999999999999
seq4005@80,seq7359@5,0.9999999999999999
seq4005@80,seq5131@10,0.9999999999999999
seq4005@80,seq7760@5,0.9999999999999999
seq4005@80,seq109@26,0.9999999999999999
seq4005@80,seq9913@5,0.9999999999999999
seq4005@80,seq10957@23,0.9999999999999999
seq4005@80,seq1472@61,0.9999999999999999
seq4005@80,seq12569@5,0.9999999999999999
seq4005@80,seq18928@9,0.9999999999999999
seq4005@80,seq16760@5,0.9999999999999999
seq4005@80,seq732@44,0.9999999999999999
seq4005@80,seq8386@19,0.9999999999999999
seq4005@80,seq4165@10,0.9999999999999999
seq4005@80,seq223@39,0.9999999999999999
seq4005@80,seq2127@17,0.9878787878787878
seq4005@80,seq5880@7,0.9878787878787878
seq4005@80,seq1314@44,0.9999999999999999
seq4005@80,seq516@43,0.9999999999999999
seq4005@80,seq239@42,0.9999999999999999
seq4005@80,seq7106@30,0.9999999999999999
seq4005@80,seq430@28,0.9999999999999999
seq4005@80,seq1204@23,0.9999999999999999
seq4005@80,seq2462@16,0.9999999999999999
seq4005@80,seq12862@14,0.9999999999999999
seq4005@80,seq1280@12,0.9878787878787878
seq4005@80,seq16740@11,0.9878787878787878
seq4005@80,seq17946@8,0.9999999999999999
seq4005@80,seq9187@6,0.9999999999999999
seq4005@80,seq2929@5,0.9999999999999999
seq4005@80,seq991@17,0.9999999999999999
seq4005@80,seq1934@40,0.9999999999999999
seq4005@80,seq8@44677,0.9999999999999999
seq4005@80,seq2461@27,0.9999999999999999
seq6678@28,seq398@62,0.9999999999999999
seq6678@28,seq3289@27,0.9999999999999999
seq6678@28,seq667@45,0.9999999999999999
seq6678@28,seq4058@95,0.9999999999999999
seq6678@28,seq567@25,0.9999999999999999
seq6678@28,seq4013@37,0.9999999999999999
seq6678@28,seq756@25,0.9999999999999999
seq6678@28,seq32059@5,0.9999999999999999
seq6678@28,seq2413@23,0.9999999999999999
seq6678@28,seq803@72,0.9999999999999999
seq6678@28,seq5832@22,0.9999999999999999
seq6678@28,seq968@46,0.9999999999999999
seq6678@28,seq5127@21,0.9999999999999999
seq6678@28,seq2366@32,0.9999999999999999
seq6678@28,seq1939@16,0.9999999999999999
seq6678@28,seq7090@22,0.9999999999999999
seq6678@28,seq4637@16,0.9999999999999999
seq6678@28,seq294@40,0.9999999999999999
seq6678@28,seq3663@14,0.9999999999999999
seq6678@28,seq282@31,0.9999999999999999
seq6678@28,seq1977@11,0.9999999999999999
seq6678@28,seq101@106,0.9999999999999999
seq6678@28,seq11445@10,0.9878787878787878
seq6678@28,seq1609@30,0.9999999999999999
seq6678@28,seq804@9,0.9999999999999999
seq6678@28,seq11725@11,0.996965091635306
seq6678@28,seq12219@7,0.9999999999999999
seq6678@28,seq347@84,0.9999999999999999
seq6678@28,seq24325@7,0.9999999999999999
seq6678@28,seq762@26,0.9999999999999999
seq6678@28,seq9045@6,0.9999999999999999
seq6678@28,seq1062@22,0.9999999999999999
seq6678@28,seq11877@7,0.9999999999999999
seq6678@28,seq3868@20,0.9999999999999999
seq6678@28,seq2340@41,0.9999999999999999
seq6678@28,seq9698@6,0.9999999999999999
seq6678@28,seq2229@7,0.9999999999999999
seq6678@28,seq1169@78,0.9999999999999999
seq6678@28,seq2868@5,0.9999999999999999
seq6678@28,seq4564@7,0.9999999999999999
seq6678@28,seq1376@21,0.9878787878787878
seq6678@28,seq3502@5,0.9999999999999999
seq6678@28,seq13938@8,0.9999999999999999
seq6678@28,seq629@101,0.9999999999999999
seq6678@28,seq4326@5,0.9999999999999999
seq6678@28,seq147@8,0.9999999999999999
seq6678@28,seq304@65,0.9999999999999999
seq6678@28,seq7359@5,0.9999999999999999
seq6678@28,seq5131@10,0.9999999999999999
seq6678@28,seq7760@5,0.9999999999999999
seq6678@28,seq109@26,0.9999999999999999
seq6678@28,seq9913@5,0.9999999999999999
seq6678@28,seq10957@23,0.9999999999999999
seq6678@28,seq1472@61,0.9999999999999999
seq6678@28,seq12569@5,0.9999999999999999
seq6678@28,seq18928@9,0.9999999999999999
seq6678@28,seq16760@5,0.9999999999999999
seq6678@28,seq732@44,0.9999999999999999
seq6678@28,seq8386@19,0.9999999999999999
seq6678@28,seq4165@10,0.9999999999999999
seq6678@28,seq223@39,0.9999999999999999
seq6678@28,seq2127@17,0.9878787878787878
seq6678@28,seq5880@7,0.9878787878787878
seq6678@28,seq1314@44,0.9999999999999999
seq6678@28,seq516@43,0.9999999999999999
seq6678@28,seq239@42,0.9999999999999999
seq6678@28,seq7106@30,0.9999999999999999
seq6678@28,seq430@28,0.9999999999999999
seq6678@28,seq1204@23,0.9999999999999999
seq6678@28,seq2462@16,0.9999999999999999
seq6678@28,seq12862@14,0.9999999999999999
seq6678@28,seq1280@12,0.9878787878787878
seq6678@28,seq16740@11,0.9878787878787878
seq6678@28,seq17946@8,0.9999999999999999
seq6678@28,seq9187@6,0.9999999999999999
seq6678@28,seq2929@5,0.9999999999999999
seq6678@28,seq991@17,0.9999999999999999
seq6678@28,seq1934@40,0.9999999999999999
seq6678@28,seq8@44677,0.9999999999999999
seq6678@28,seq2461@27,0.9999999999999999
seq398@62,seq3289@27,0.9999999999999999
seq398@62,seq667@45,0.9999999999999999
seq398@62,seq4058@95,0.9999999999999999
seq398@62,seq567@25,0.9999999999999999
seq398@62,seq4013@37,0.9999999999999999
seq398@62,seq756@25,0.9999999999999999
seq398@62,seq32059@5,0.9999999999999999
seq398@62,seq2413@23,0.9999999999999999
seq398@62,seq803@72,0.9999999999999999
seq398@62,seq5832@22,0.9999999999999999
seq398@62,seq968@46,0.9999999999999999
seq398@62,seq5127@21,0.9999999999999999
seq398@62,seq2366@32,0.9999999999999999
seq398@62,seq1939@16,0.9999999999999999
seq398@62,seq7090@22,0.9999999999999999
seq398@62,seq4637@16,0.9999999999999999
seq398@62,seq294@40,0.9999999999999999
seq398@62,seq3663@14,0.9999999999999999
seq398@62,seq282@31,0.9999999999999999
seq398@62,seq1977@11,0.9999999999999999
seq398@62,seq101@106,0.9999999999999999
seq398@62,seq11445@10,0.9878787878787878
seq398@62,seq1609@30,0.9999999999999999
seq398@62,seq804@9,0.9999999999999999
seq398@62,seq11725@11,0.996965091635306
seq398@62,seq12219@7,0.9999999999999999
seq398@62,seq347@84,0.9999999999999999
seq398@62,seq24325@7,0.9999999999999999
seq398@62,seq762@26,0.9999999999999999
seq398@62,seq9045@6,0.9999999999999999
seq398@62,seq1062@22,0.9999999999999999
seq398@62,seq11877@7,0.9999999999999999
seq398@62,seq3868@20,0.9999999999999999
seq398@62,seq2340@41,0.9999999999999999
seq398@62,seq9698@6,0.9999999999999999
seq398@62,seq2229@7,0.9999999999999999
seq398@62,seq1169@78,0.9999999999999999
seq398@62,seq2868@5,0.9999999999999999
seq398@62,seq4564@7,0.9999999999999999
seq398@62,seq1376@21,0.9878787878787878
seq398@62,seq3502@5,0.9999999999999999
seq398@62,seq13938@8,0.9999999999999999
seq398@62,seq629@101,0.9999999999999999
seq398@62,seq4326@5,0.9999999999999999
seq398@62,seq147@8,0.9999999999999999
seq398@62,seq304@65,0.9999999999999999
seq398@62,seq7359@5,0.9999999999999999
seq398@62,seq5131@10,0.9999999999999999
seq398@62,seq7760@5,0.9999999999999999
seq398@62,seq109@26,0.9999999999999999
seq398@62,seq9913@5,0.9999999999999999
seq398@62,seq10957@23,0.9999999999999999
seq398@62,seq1472@61,0.9999999999999999
seq398@62,seq12569@5,0.9999999999999999
seq398@62,seq18928@9,0.9999999999999999
seq398@62,seq16760@5,0.9999999999999999
seq398@62,seq732@44,0.9999999999999999
seq398@62,seq8386@19,0.9999999999999999
seq398@62,seq4165@10,0.9999999999999999
seq398@62,seq223@39,0.9999999999999999
seq398@62,seq2127@17,0.9878787878787878
seq398@62,seq5880@7,0.9878787878787878
seq398@62,seq1314@44,0.9999999999999999
seq398@62,seq516@43,0.9999999999999999
seq398@62,seq239@42,0.9999999999999999
seq398@62,seq7106@30,0.9999999999999999
seq398@62,seq430@28,0.9999999999999999
seq398@62,seq1204@23,0.9999999999999999
seq398@62,seq2462@16,0.9999999999999999
seq398@62,seq12862@14,0.9999999999999999
seq398@62,seq1280@12,0.9878787878787878
seq398@62,seq16740@11,0.9878787878787878
seq398@62,seq17946@8,0.9999999999999999
seq398@62,seq9187@6,0.9999999999999999
seq398@62,seq2929@5,0.9999999999999999
seq398@62,seq991@17,0.9999999999999999
seq398@62,seq1934@40,0.9999999999999999
seq398@62,seq8@44677,0.9999999999999999
seq398@62,seq2461@27,0.9999999999999999
seq3289@27,seq667@45,0.9999999999999999
seq3289@27,seq4058@95,0.9999999999999999
seq3289@27,seq567@25,0.9999999999999999
seq3289@27,seq4013@37,0.9999999999999999
seq3289@27,seq756@25,0.9999999999999999
seq3289@27,seq32059@5,0.9999999999999999
seq3289@27,seq2413@23,0.9999999999999999
seq3289@27,seq803@72,0.9999999999999999
seq3289@27,seq5832@22,0.9999999999999999
seq3289@27,seq968@46,0.9999999999999999
seq3289@27,seq5127@21,0.9999999999999999
seq3289@27,seq2366@32,0.9999999999999999
seq3289@27,seq1939@16,0.9999999999999999
seq3289@27,seq7090@22,0.9999999999999999
seq3289@27,seq4637@16,0.9999999999999999
seq3289@27,seq294@40,0.9999999999999999
seq3289@27,seq3663@14,0.9999999999999999
seq3289@27,seq282@31,0.9999999999999999
seq3289@27,seq1977@11,0.9999999999999999
seq3289@27,seq101@106,0.9999999999999999
seq3289@27,seq11445@10,0.9878787878787878
seq3289@27,seq1609@30,0.9999999999999999
seq3289@27,seq804@9,0.9999999999999999
seq3289@27,seq11725@11,0.996965091635306
seq3289@27,seq12219@7,0.9999999999999999
seq3289@27,seq347@84,0.9999999999999999
seq3289@27,seq24325@7,0.9999999999999999
seq3289@27,seq762@26,0.9999999999999999
seq3289@27,seq9045@6,0.9999999999999999
seq3289@27,seq1062@22,0.9999999999999999
seq3289@27,seq11877@7,0.9999999999999999
seq3289@27,seq3868@20,0.9999999999999999
seq3289@27,seq2340@41,0.9999999999999999
seq3289@27,seq9698@6,0.9999999999999999
seq3289@27,seq2229@7,0.9999999999999999
seq3289@27,seq1169@78,0.9999999999999999
seq3289@27,seq2868@5,0.9999999999999999
seq3289@27,seq4564@7,0.9999999999999999
seq3289@27,seq1376@21,0.9878787878787878
seq3289@27,seq3502@5,0.9999999999999999
seq3289@27,seq13938@8,0.9999999999999999
seq3289@27,seq629@101,0.9999999999999999
seq3289@27,seq4326@5,0.9999999999999999
seq3289@27,seq147@8,0.9999999999999999
seq3289@27,seq304@65,0.9999999999999999
seq3289@27,seq7359@5,0.9999999999999999
seq3289@27,seq5131@10,0.9999999999999999
seq3289@27,seq7760@5,0.9999999999999999
seq3289@27,seq109@26,0.9999999999999999
seq3289@27,seq9913@5,0.9999999999999999
seq3289@27,seq10957@23,0.9999999999999999
seq3289@27,seq1472@61,0.9999999999999999
seq3289@27,seq12569@5,0.9999999999999999
seq3289@27,seq18928@9,0.9999999999999999
seq3289@27,seq16760@5,0.9999999999999999
seq3289@27,seq732@44,0.9999999999999999
seq3289@27,seq8386@19,0.9999999999999999
seq3289@27,seq4165@10,0.9999999999999999
seq3289@27,seq223@39,0.9999999999999999
seq3289@27,seq2127@17,0.9878787878787878
seq3289@27,seq5880@7,0.9878787878787878
seq3289@27,seq1314@44,0.9999999999999999
seq3289@27,seq516@43,0.9999999999999999
seq3289@27,seq239@42,0.9999999999999999
seq3289@27,seq7106@30,0.9999999999999999
seq3289@27,seq430@28,0.9999999999999999
seq3289@27,seq1204@23,0.9999999999999999
seq3289@27,seq2462@16,0.9999999999999999
seq3289@27,seq12862@14,0.9999999999999999
seq3289@27,seq1280@12,0.9878787878787878
seq3289@27,seq16740@11,0.9878787878787878
seq3289@27,seq17946@8,0.9999999999999999
seq3289@27,seq9187@6,0.9999999999999999
seq3289@27,seq2929@5,0.9999999999999999
seq3289@27,seq991@17,0.9999999999999999
seq3289@27,seq1934@40,0.9999999999999999
seq3289@27,seq8@44677,0.9999999999999999
seq3289@27,seq2461@27,0.9999999999999999
seq667@45,seq4058@95,0.9999999999999999
seq667@45,seq567@25,0.9999999999999999
seq667@45,seq4013@37,0.9999999999999999
seq667@45,seq756@25,0.9999999999999999
seq667@45,seq32059@5,0.9999999999999999
seq667@45,seq2413@23,0.9999999999999999
seq667@45,seq803@72,0.9999999999999999
seq667@45,seq5832@22,0.9999999999999999
seq667@45,seq968@46,0.9999999999999999
seq667@45,seq5127@21,0.9999999999999999
seq667@45,seq2366@32,0.9999999999999999
seq667@45,seq1939@16,0.9999999999999999
seq667@45,seq7090@22,0.9999999999999999
seq667@45,seq4637@16,0.9999999999999999
seq667@45,seq294@40,0.9999999999999999
seq667@45,seq3663@14,0.9999999999999999
seq667@45,seq282@31,0.9999999999999999
seq667@45,seq1977@11,0.9999999999999999
seq667@45,seq101@106,0.9999999999999999
seq667@45,seq11445@10,0.9878787878787878
seq667@45,seq1609@30,0.9999999999999999
seq667@45,seq804@9,0.9999999999999999
seq667@45,seq11725@11,0.996965091635306
seq667@45,seq12219@7,0.9999999999999999
seq667@45,seq347@84,0.9999999999999999
seq667@45,seq24325@7,0.9999999999999999
seq667@45,seq762@26,0.9999999999999999
seq667@45,seq9045@6,0.9999999999999999
seq667@45,seq1062@22,0.9999999999999999
seq667@45,seq11877@7,0.9999999999999999
seq667@45,seq3868@20,0.9999999999999999
seq667@45,seq2340@41,0.9999999999999999
seq667@45,seq9698@6,0.9999999999999999
seq667@45,seq2229@7,0.9999999999999999
seq667@45,seq1169@78,0.9999999999999999
seq667@45,seq2868@5,0.9999999999999999
seq667@45,seq4564@7,0.9999999999999999
seq667@45,seq1376@21,0.9878787878787878
seq667@45,seq3502@5,0.9999999999999999
seq667@45,seq13938@8,0.9999999999999999
seq667@45,seq629@101,0.9999999999999999
seq667@45,seq4326@5,0.9999999999999999
seq667@45,seq147@8,0.9999999999999999
seq667@45,seq304@65,0.9999999999999999
seq667@45,seq7359@5,0.9999999999999999
seq667@45,seq5131@10,0.9999999999999999
seq667@45,seq7760@5,0.9999999999999999
seq667@45,seq109@26,0.9999999999999999
seq667@45,seq9913@5,0.9999999999999999
seq667@45,seq10957@23,0.9999999999999999
seq667@45,seq1472@61,0.9999999999999999
seq667@45,seq12569@5,0.9999999999999999
seq667@45,seq18928@9,0.9999999999999999
seq667@45,seq16760@5,0.9999999999999999
seq667@45,seq732@44,0.9999999999999999
seq667@45,seq8386@19,0.9999999999999999
seq667@45,seq4165@10,0.9999999999999999
seq667@45,seq223@39,0.9999999999999999
seq667@45,seq2127@17,0.9878787878787878
seq667@45,seq5880@7,0.9878787878787878
seq667@45,seq1314@44,0.9999999999999999
seq667@45,seq516@43,0.9999999999999999
seq667@45,seq239@42,0.9999999999999999
seq667@45,seq7106@30,0.9999999999999999
seq667@45,seq430@28,0.9999999999999999
seq667@45,seq1204@23,0.9999999999999999
seq667@45,seq2462@16,0.9999999999999999
seq667@45,seq12862@14,0.9999999999999999
seq667@45,seq1280@12,0.9878787878787878
seq667@45,seq16740@11,0.9878787878787878
seq667@45,seq17946@8,0.9999999999999999
seq667@45,seq9187@6,0.9999999999999999
seq667@45,seq2929@5,0.9999999999999999
seq667@45,seq991@17,0.9999999999999999
seq667@45,seq1934@40,0.9999999999999999
seq667@45,seq8@44677,0.9999999999999999
seq667@45,seq2461@27,0.9999999999999999
seq4058@95,seq567@25,0.9999999999999999
seq4058@95,seq4013@37,0.9999999999999999
seq4058@95,seq756@25,0.9999999999999999
seq4058@95,seq32059@5,0.9999999999999999
seq4058@95,seq2413@23,0.9999999999999999
seq4058@95,seq803@72,0.9999999999999999
seq4058@95,seq5832@22,0.9999999999999999
seq4058@95,seq968@46,0.9999999999999999
seq4058@95,seq5127@21,0.9999999999999999
seq4058@95,seq2366@32,0.9999999999999999
seq4058@95,seq1939@16,0.9999999999999999
seq4058@95,seq7090@22,0.9999999999999999
seq4058@95,seq4637@16,0.9999999999999999
seq4058@95,seq294@40,0.9999999999999999
seq4058@95,seq3663@14,0.9999999999999999
seq4058@95,seq282@31,0.9999999999999999
seq4058@95,seq1977@11,0.9999999999999999
seq4058@95,seq101@106,0.9999999999999999
seq4058@95,seq11445@10,0.9878787878787878
seq4058@95,seq1609@30,0.9999999999999999
seq4058@95,seq804@9,0.9999999999999999
seq4058@95,seq11725@11,0.996965091635306
seq4058@95,seq12219@7,0.9999999999999999
seq4058@95,seq347@84,0.9999999999999999
seq4058@95,seq24325@7,0.9999999999999999
seq4058@95,seq762@26,0.9999999999999999
seq4058@95,seq9045@6,0.9999999999999999
seq4058@95,seq1062@22,0.9999999999999999
seq4058@95,seq11877@7,0.9999999999999999
seq4058@95,seq3868@20,0.9999999999999999
seq4058@95,seq2340@41,0.9999999999999999
seq4058@95,seq9698@6,0.9999999999999999
seq4058@95,seq2229@7,0.9999999999999999
seq4058@95,seq1169@78,0.9999999999999999
seq4058@95,seq2868@5,0.9999999999999999
seq4058@95,seq4564@7,0.9999999999999999
seq4058@95,seq1376@21,0.9878787878787878
seq4058@95,seq3502@5,0.9999999999999999
seq4058@95,seq13938@8,0.9999999999999999
seq4058@95,seq629@101,0.9999999999999999
seq4058@95,seq4326@5,0.9999999999999999
seq4058@95,seq147@8,0.9999999999999999
seq4058@95,seq304@65,0.9999999999999999
seq4058@95,seq7359@5,0.9999999999999999
seq4058@95,seq5131@10,0.9999999999999999
seq4058@95,seq7760@5,0.9999999999999999
seq4058@95,seq109@26,0.9999999999999999
seq4058@95,seq9913@5,0.9999999999999999
seq4058@95,seq10957@23,0.9999999999999999
seq4058@95,seq1472@61,0.9999999999999999
seq4058@95,seq12569@5,0.9999999999999999
seq4058@95,seq18928@9,0.9999999999999999
seq4058@95,seq16760@5,0.9999999999999999
seq4058@95,seq732@44,0.9999999999999999
seq4058@95,seq8386@19,0.9999999999999999
seq4058@95,seq4165@10,0.9999999999999999
seq4058@95,seq223@39,0.9999999999999999
seq4058@95,seq2127@17,0.9878787878787878
seq4058@95,seq5880@7,0.9878787878787878
seq4058@95,seq1314@44,0.9999999999999999
seq4058@95,seq516@43,0.9999999999999999
seq4058@95,seq239@42,0.9999999999999999
seq4058@95,seq7106@30,0.9999999999999999
seq4058@95,seq430@28,0.9999999999999999
seq4058@95,seq1204@23,0.9999999999999999
seq4058@95,seq2462@16,0.9999999999999999
seq4058@95,seq12862@14,0.9999999999999999
seq4058@95,seq1280@12,0.9878787878787878
seq4058@95,seq16740@11,0.9878787878787878
seq4058@95,seq17946@8,0.9999999999999999
seq4058@95,seq9187@6,0.9999999999999999
seq4058@95,seq2929@5,0.9999999999999999
seq4058@95,seq991@17,0.9999999999999999
seq4058@95,seq1934@40,0.9999999999999999
seq4058@95,seq8@44677,0.9999999999999999
seq4058@95,seq2461@27,0.9999999999999999
seq567@25,seq4013@37,0.9999999999999999
seq567@25,seq756@25,0.9999999999999999
seq567@25,seq32059@5,0.9999999999999999
seq567@25,seq2413@23,0.9999999999999999
seq567@25,seq803@72,0.9999999999999999
seq567@25,seq5832@22,0.9999999999999999
seq567@25,seq968@46,0.9999999999999999
seq567@25,seq5127@21,0.9999999999999999
seq567@25,seq2366@32,0.9999999999999999
seq567@25,seq1939@16,0.9999999999999999
seq567@25,seq7090@22,0.9999999999999999
seq567@25,seq4637@16,0.9999999999999999
seq567@25,seq294@40,0.9999999999999999
seq567@25,seq3663@14,0.9999999999999999
seq567@25,seq282@31,0.9999999999999999
seq567@25,seq1977@11,0.9999999999999999
seq567@25,seq101@106,0.9999999999999999
seq567@25,seq11445@10,0.9878787878787878
seq567@25,seq1609@30,0.9999999999999999
seq567@25,seq804@9,0.9999999999999999
seq567@25,seq11725@11,0.996965091635306
seq567@25,seq12219@7,0.9999999999999999
seq567@25,seq347@84,0.9999999999999999
seq567@25,seq24325@7,0.9999999999999999
seq567@25,seq762@26,0.9999999999999999
seq567@25,seq9045@6,0.9999999999999999
seq567@25,seq1062@22,0.9999999999999999
seq567@25,seq11877@7,0.9999999999999999
seq567@25,seq3868@20,0.9999999999999999
seq567@25,seq2340@41,0.9999999999999999
seq567@25,seq9698@6,0.9999999999999999
seq567@25,seq2229@7,0.9999999999999999
seq567@25,seq1169@78,0.9999999999999999
seq567@25,seq2868@5,0.9999999999999999
seq567@25,seq4564@7,0.9999999999999999
seq567@25,seq1376@21,0.9878787878787878
seq567@25,seq3502@5,0.9999999999999999
seq567@25,seq13938@8,0.9999999999999999
seq567@25,seq629@101,0.9999999999999999
seq567@25,seq4326@5,0.9999999999999999
seq567@25,seq147@8,0.9999999999999999
seq567@25,seq304@65,0.9999999999999999
seq567@25,seq7359@5,0.9999999999999999
seq567@25,seq5131@10,0.9999999999999999
seq567@25,seq7760@5,0.9999999999999999
seq567@25,seq109@26,0.9999999999999999
seq567@25,seq9913@5,0.9999999999999999
seq567@25,seq10957@23,0.9999999999999999
seq567@25,seq1472@61,0.9999999999999999
seq567@25,seq12569@5,0.9999999999999999
seq567@25,seq18928@9,0.9999999999999999
seq567@25,seq16760@5,0.9999999999999999
seq567@25,seq732@44,0.9999999999999999
seq567@25,seq8386@19,0.9999999999999999
seq567@25,seq4165@10,0.9999999999999999
seq567@25,seq223@39,0.9999999999999999
seq567@25,seq2127@17,0.9878787878787878
seq567@25,seq5880@7,0.9878787878787878
seq567@25,seq1314@44,0.9999999999999999
seq567@25,seq516@43,0.9999999999999999
seq567@25,seq239@42,0.9999999999999999
seq567@25,seq7106@30,0.9999999999999999
seq567@25,seq430@28,0.9999999999999999
seq567@25,seq1204@23,0.9999999999999999
seq567@25,seq2462@16,0.9999999999999999
seq567@25,seq12862@14,0.9999999999999999
seq567@25,seq1280@12,0.9878787878787878
seq567@25,seq16740@11,0.9878787878787878
seq567@25,seq17946@8,0.9999999999999999
seq567@25,seq9187@6,0.9999999999999999
seq567@25,seq2929@5,0.9999999999999999
seq567@25,seq991@17,0.9999999999999999
seq567@25,seq1934@40,0.9999999999999999
seq567@25,seq8@44677,0.9999999999999999
seq567@25,seq2461@27,0.9999999999999999
seq4013@37,seq756@25,0.9999999999999999
seq4013@37,seq32059@5,0.9999999999999999
seq4013@37,seq2413@23,0.9999999999999999
seq4013@37,seq803@72,0.9999999999999999
seq4013@37,seq5832@22,0.9999999999999999
seq4013@37,seq968@46,0.9999999999999999
seq4013@37,seq5127@21,0.9999999999999999
seq4013@37,seq2366@32,0.9999999999999999
seq4013@37,seq1939@16,0.9999999999999999
seq4013@37,seq7090@22,0.9999999999999999
seq4013@37,seq4637@16,0.9999999999999999
seq4013@37,seq294@40,0.9999999999999999
seq4013@37,seq3663@14,0.9999999999999999
seq4013@37,seq282@31,0.9999999999999999
seq4013@37,seq1977@11,0.9999999999999999
seq4013@37,seq101@106,0.9999999999999999
seq4013@37,seq11445@10,0.9878787878787878
seq4013@37,seq1609@30,0.9999999999999999
seq4013@37,seq804@9,0.9999999999999999
seq4013@37,seq11725@11,0.996965091635306
seq4013@37,seq12219@7,0.9999999999999999
seq4013@37,seq347@84,0.9999999999999999
seq4013@37,seq24325@7,0.9999999999999999
seq4013@37,seq762@26,0.9999999999999999
seq4013@37,seq9045@6,0.9999999999999999
seq4013@37,seq1062@22,0.9999999999999999
seq4013@37,seq11877@7,0.9999999999999999
seq4013@37,seq3868@20,0.9999999999999999
seq4013@37,seq2340@41,0.9999999999999999
seq4013@37,seq9698@6,0.9999999999999999
seq4013@37,seq2229@7,0.9999999999999999
seq4013@37,seq1169@78,0.9999999999999999
seq4013@37,seq2868@5,0.9999999999999999
seq4013@37,seq4564@7,0.9999999999999999
seq4013@37,seq1376@21,0.9878787878787878
seq4013@37,seq3502@5,0.9999999999999999
seq4013@37,seq13938@8,0.9999999999999999
seq4013@37,seq629@101,0.9999999999999999
seq4013@37,seq4326@5,0.9999999999999999
seq4013@37,seq147@8,0.9999999999999999
seq4013@37,seq304@65,0.9999999999999999
seq4013@37,seq7359@5,0.9999999999999999
seq4013@37,seq5131@10,0.9999999999999999
seq4013@37,seq7760@5,0.9999999999999999
seq4013@37,seq109@26,0.9999999999999999
seq4013@37,seq9913@5,0.9999999999999999
seq4013@37,seq10957@23,0.9999999999999999
seq4013@37,seq1472@61,0.9999999999999999
seq4013@37,seq12569@5,0.9999999999999999
seq4013@37,seq18928@9,0.9999999999999999
seq4013@37,seq16760@5,0.9999999999999999
seq4013@37,seq732@44,0.9999999999999999
seq4013@37,seq8386@19,0.9999999999999999
seq4013@37,seq4165@10,0.9999999999999999
seq4013@37,seq223@39,0.9999999999999999
seq4013@37,seq2127@17,0.9878787878787878
seq4013@37,seq5880@7,0.9878787878787878
seq4013@37,seq1314@44,0.9999999999999999
seq4013@37,seq516@43,0.9999999999999999
seq4013@37,seq239@42,0.9999999999999999
seq4013@37,seq7106@30,0.9999999999999999
seq4013@37,seq430@28,0.9999999999999999
seq4013@37,seq1204@23,0.9999999999999999
seq4013@37,seq2462@16,0.9999999999999999
seq4013@37,seq12862@14,0.9999999999999999
seq4013@37,seq1280@12,0.9878787878787878
seq4013@37,seq16740@11,0.9878787878787878
seq4013@37,seq17946@8,0.9999999999999999
seq4013@37,seq9187@6,0.9999999999999999
seq4013@37,seq2929@5,0.9999999999999999
seq4013@37,seq991@17,0.9999999999999999
seq4013@37,seq1934@40,0.9999999999999999
seq4013@37,seq8@44677,0.9999999999999999
seq4013@37,seq2461@27,0.9999999999999999
seq756@25,seq32059@5,0.9999999999999999
seq756@25,seq2413@23,0.9999999999999999
seq756@25,seq803@72,0.9999999999999999
seq756@25,seq5832@22,0.9999999999999999
seq756@25,seq968@46,0.9999999999999999
seq756@25,seq5127@21,0.9999999999999999
seq756@25,seq2366@32,0.9999999999999999
seq756@25,seq1939@16,0.9999999999999999
seq756@25,seq7090@22,0.9999999999999999
seq756@25,seq4637@16,0.9999999999999999
seq756@25,seq294@40,0.9999999999999999
seq756@25,seq3663@14,0.9999999999999999
seq756@25,seq282@31,0.9999999999999999
seq756@25,seq1977@11,0.9999999999999999
seq756@25,seq101@106,0.9999999999999999
seq756@25,seq11445@10,0.9878787878787878
seq756@25,seq1609@30,0.9999999999999999
seq756@25,seq804@9,0.9999999999999999
seq756@25,seq11725@11,0.996965091635306
seq756@25,seq12219@7,0.9999999999999999
seq756@25,seq347@84,0.9999999999999999
seq756@25,seq24325@7,0.9999999999999999
seq756@25,seq762@26,0.9999999999999999
seq756@25,seq9045@6,0.9999999999999999
seq756@25,seq1062@22,0.9999999999999999
seq756@25,seq11877@7,0.9999999999999999
seq756@25,seq3868@20,0.9999999999999999
seq756@25,seq2340@41,0.9999999999999999
seq756@25,seq9698@6,0.9999999999999999
seq756@25,seq2229@7,0.9999999999999999
seq756@25,seq1169@78,0.9999999999999999
seq756@25,seq2868@5,0.9999999999999999
seq756@25,seq4564@7,0.9999999999999999
seq756@25,seq1376@21,0.9878787878787878
seq756@25,seq3502@5,0.9999999999999999
seq756@25,seq13938@8,0.9999999999999999
seq756@25,seq629@101,0.9999999999999999
seq756@25,seq4326@5,0.9999999999999999
seq756@25,seq147@8,0.9999999999999999
seq756@25,seq304@65,0.9999999999999999
seq756@25,seq7359@5,0.9999999999999999
seq756@25,seq5131@10,0.9999999999999999
seq756@25,seq7760@5,0.9999999999999999
seq756@25,seq109@26,0.9999999999999999
seq756@25,seq9913@5,0.9999999999999999
seq756@25,seq10957@23,0.9999999999999999
seq756@25,seq1472@61,0.9999999999999999
seq756@25,seq12569@5,0.9999999999999999
seq756@25,seq18928@9,0.9999999999999999
seq756@25,seq16760@5,0.9999999999999999
seq756@25,seq732@44,0.9999999999999999
seq756@25,seq8386@19,0.9999999999999999
seq756@25,seq4165@10,0.9999999999999999
seq756@25,seq223@39,0.9999999999999999
seq756@25,seq2127@17,0.9878787878787878
seq756@25,seq5880@7,0.9878787878787878
seq756@25,seq1314@44,0.9999999999999999
seq756@25,seq516@43,0.9999999999999999
seq756@25,seq239@42,0.9999999999999999
seq756@25,seq7106@30,0.9999999999999999
seq756@25,seq430@28,0.9999999999999999
seq756@25,seq1204@23,0.9999999999999999
seq756@25,seq2462@16,0.9999999999999999
seq756@25,seq12862@14,0.9999999999999999
seq756@25,seq1280@12,0.9878787878787878
seq756@25,seq16740@11,0.9878787878787878
seq756@25,seq17946@8,0.9999999999999999
seq756@25,seq9187@6,0.9999999999999999
seq756@25,seq2929@5,0.9999999999999999
seq756@25,seq991@17,0.9999999999999999
seq756@25,seq1934@40,0.9999999999999999
seq756@25,seq8@44677,0.9999999999999999
seq756@25,seq2461@27,0.9999999999999999
seq32059@5,seq2413@23,0.9999999999999999
seq32059@5,seq803@72,0.9999999999999999
seq32059@5,seq5832@22,0.9999999999999999
seq32059@5,seq968@46,0.9999999999999999
seq32059@5,seq5127@21,0.9999999999999999
seq32059@5,seq2366@32,0.9999999999999999
seq32059@5,seq1939@16,0.9999999999999999
seq32059@5,seq7090@22,0.9999999999999999
seq32059@5,seq4637@16,0.9999999999999999
seq32059@5,seq294@40,0.9999999999999999
seq32059@5,seq3663@14,0.9999999999999999
seq32059@5,seq282@31,0.9999999999999999
seq32059@5,seq1977@11,0.9999999999999999
seq32059@5,seq101@106,0.9999999999999999
seq32059@5,seq11445@10,0.9878787878787878
seq32059@5,seq1609@30,0.9999999999999999
seq32059@5,seq804@9,0.9999999999999999
seq32059@5,seq11725@11,0.996965091635306
seq32059@5,seq12219@7,0.9999999999999999
seq32059@5,seq347@84,0.9999999999999999
seq32059@5,seq24325@7,0.9999999999999999
seq32059@5,seq762@26,0.9999999999999999
seq32059@5,seq9045@6,0.9999999999999999
seq32059@5,seq1062@22,0.9999999999999999
seq32059@5,seq11877@7,0.9999999999999999
seq32059@5,seq3868@20,0.9999999999999999
seq32059@5,seq2340@41,0.9999999999999999
seq32059@5,seq9698@6,0.9999999999999999
seq32059@5,seq2229@7,0.9999999999999999
seq32059@5,seq1169@78,0.9999999999999999
seq32059@5,seq2868@5,0.9999999999999999
seq32059@5,seq4564@7,0.9999999999999999
seq32059@5,seq1376@21,0.9878787878787878
seq32059@5,seq3502@5,0.9999999999999999
seq32059@5,seq13938@8,0.9999999999999999
seq32059@5,seq629@101,0.9999999999999999
seq32059@5,seq4326@5,0.9999999999999999
seq32059@5,seq147@8,0.9999999999999999
seq32059@5,seq304@65,0.9999999999999999
seq32059@5,seq7359@5,0.9999999999999999
seq32059@5,seq5131@10,0.9999999999999999
seq32059@5,seq7760@5,0.9999999999999999
seq32059@5,seq109@26,0.9999999999999999
seq32059@5,seq9913@5,0.9999999999999999
seq32059@5,seq10957@23,0.9999999999999999
seq32059@5,seq1472@61,0.9999999999999999
seq32059@5,seq12569@5,0.9999999999999999
seq32059@5,seq18928@9,0.9999999999999999
seq32059@5,seq16760@5,0.9999999999999999
seq32059@5,seq732@44,0.9999999999999999
seq32059@5,seq8386@19,0.9999999999999999
seq32059@5,seq4165@10,0.9999999999999999
seq32059@5,seq223@39,0.9999999999999999
seq32059@5,seq2127@17,0.9878787878787878
seq32059@5,seq5880@7,0.9878787878787878
seq32059@5,seq1314@44,0.9999999999999999
seq32059@5,seq516@43,0.9999999999999999
seq32059@5,seq239@42,0.9999999999999999
seq32059@5,seq7106@30,0.9999999999999999
seq32059@5,seq430@28,0.9999999999999999
seq32059@5,seq1204@23,0.9999999999999999
seq32059@5,seq2462@16,0.9999999999999999
seq32059@5,seq12862@14,0.9999999999999999
seq32059@5,seq1280@12,0.9878787878787878
seq32059@5,seq16740@11,0.9878787878787878
seq32059@5,seq17946@8,0.9999999999999999
seq32059@5,seq9187@6,0.9999999999999999
seq32059@5,seq2929@5,0.9999999999999999
seq32059@5,seq991@17,0.9999999999999999
seq32059@5,seq1934@40,0.9999999999999999
seq32059@5,seq8@44677,0.9999999999999999
seq32059@5,seq2461@27,0.9999999999999999
seq2413@23,seq803@72,0.9999999999999999
seq2413@23,seq5832@22,0.9999999999999999
seq2413@23,seq968@46,0.9999999999999999
seq2413@23,seq5127@21,0.9999999999999999
seq2413@23,seq2366@32,0.9999999999999999
seq2413@23,seq1939@16,0.9999999999999999
seq2413@23,seq7090@22,0.9999999999999999
seq2413@23,seq4637@16,0.9999999999999999
seq2413@23,seq294@40,0.9999999999999999
seq2413@23,seq3663@14,0.9999999999999999
seq2413@23,seq282@31,0.9999999999999999
seq2413@23,seq1977@11,0.9999999999999999
seq2413@23,seq101@106,0.9999999999999999
seq2413@23,seq11445@10,0.9878787878787878
seq2413@23,seq1609@30,0.9999999999999999
seq2413@23,seq804@9,0.9999999999999999
seq2413@23,seq11725@11,0.996965091635306
seq2413@23,seq12219@7,0.9999999999999999
seq2413@23,seq347@84,0.9999999999999999
seq2413@23,seq24325@7,0.9999999999999999
seq2413@23,seq762@26,0.9999999999999999
seq2413@23,seq9045@6,0.9999999999999999
seq2413@23,seq1062@22,0.9999999999999999
seq2413@23,seq11877@7,0.9999999999999999
seq2413@23,seq3868@20,0.9999999999999999
seq2413@23,seq2340@41,0.9999999999999999
seq2413@23,seq9698@6,0.9999999999999999
seq2413@23,seq2229@7,0.9999999999999999
seq2413@23,seq1169@78,0.9999999999999999
seq2413@23,seq2868@5,0.9999999999999999
seq2413@23,seq4564@7,0.9999999999999999
seq2413@23,seq1376@21,0.9878787878787878
seq2413@23,seq3502@5,0.9999999999999999
seq2413@23,seq13938@8,0.9999999999999999
seq2413@23,seq629@101,0.9999999999999999
seq2413@23,seq4326@5,0.9999999999999999
seq2413@23,seq147@8,0.9999999999999999
seq2413@23,seq304@65,0.9999999999999999
seq2413@23,seq7359@5,0.9999999999999999
seq2413@23,seq5131@10,0.9999999999999999
seq2413@23,seq7760@5,0.9999999999999999
seq2413@23,seq109@26,0.9999999999999999
seq2413@23,seq9913@5,0.9999999999999999
seq2413@23,seq10957@23,0.9999999999999999
seq2413@23,seq1472@61,0.9999999999999999
seq2413@23,seq12569@5,0.9999999999999999
seq2413@23,seq18928@9,0.9999999999999999
seq2413@23,seq16760@5,0.9999999999999999
seq2413@23,seq732@44,0.9999999999999999
seq2413@23,seq8386@19,0.9999999999999999
seq2413@23,seq4165@10,0.9999999999999999
seq2413@23,seq223@39,0.9999999999999999
seq2413@23,seq2127@17,0.9878787878787878
seq2413@23,seq5880@7,0.9878787878787878
seq2413@23,seq1314@44,0.9999999999999999
seq2413@23,seq516@43,0.9999999999999999
seq2413@23,seq239@42,0.9999999999999999
seq2413@23,seq7106@30,0.9999999999999999
seq2413@23,seq430@28,0.9999999999999999
seq2413@23,seq1204@23,0.9999999999999999
seq2413@23,seq2462@16,0.9999999999999999
seq2413@23,seq12862@14,0.9999999999999999
seq2413@23,seq1280@12,0.9878787878787878
seq2413@23,seq16740@11,0.9878787878787878
seq2413@23,seq17946@8,0.9999999999999999
seq2413@23,seq9187@6,0.9999999999999999
seq2413@23,seq2929@5,0.9999999999999999
seq2413@23,seq991@17,0.9999999999999999
seq2413@23,seq1934@40,0.9999999999999999
seq2413@23,seq8@44677,0.9999999999999999
seq2413@23,seq2461@27,0.9999999999999999
seq803@72,seq5832@22,0.9999999999999999
seq803@72,seq968@46,0.9999999999999999
seq803@72,seq5127@21,0.9999999999999999
seq803@72,seq2366@32,0.9999999999999999
seq803@72,seq1939@16,0.9999999999999999
seq803@72,seq7090@22,0.9999999999999999
seq803@72,seq4637@16,0.9999999999999999
seq803@72,seq294@40,0.9999999999999999
seq803@72,seq3663@14,0.9999999999999999
seq803@72,seq282@31,0.9999999999999999
seq803@72,seq1977@11,0.9999999999999999
seq803@72,seq101@106,0.9999999999999999
seq803@72,seq11445@10,0.9878787878787878
seq803@72,seq1609@30,0.9999999999999999
seq803@72,seq804@9,0.9999999999999999
seq803@72,seq11725@11,0.996965091635306
seq803@72,seq12219@7,0.9999999999999999
seq803@72,seq347@84,0.9999999999999999
seq803@72,seq24325@7,0.9999999999999999
seq803@72,seq762@26,0.9999999999999999
seq803@72,seq9045@6,0.9999999999999999
seq803@72,seq1062@22,0.9999999999999999
seq803@72,seq11877@7,0.9999999999999999
seq803@72,seq3868@20,0.9999999999999999
seq803@72,seq2340@41,0.9999999999999999
seq803@72,seq9698@6,0.9999999999999999
seq803@72,seq2229@7,0.9999999999999999
seq803@72,seq1169@78,0.9999999999999999
seq803@72,seq2868@5,0.9999999999999999
seq803@72,seq4564@7,0.9999999999999999
seq803@72,seq1376@21,0.9878787878787878
seq803@72,seq3502@5,0.9999999999999999
seq803@72,seq13938@8,0.9999999999999999
seq803@72,seq629@101,0.9999999999999999
seq803@72,seq4326@5,0.9999999999999999
seq803@72,seq147@8,0.9999999999999999
seq803@72,seq304@65,0.9999999999999999
seq803@72,seq7359@5,0.9999999999999999
seq803@72,seq5131@10,0.9999999999999999
seq803@72,seq7760@5,0.9999999999999999
seq803@72,seq109@26,0.9999999999999999
seq803@72,seq9913@5,0.9999999999999999
seq803@72,seq10957@23,0.9999999999999999
seq803@72,seq1472@61,0.9999999999999999
seq803@72,seq12569@5,0.9999999999999999
seq803@72,seq18928@9,0.9999999999999999
seq803@72,seq16760@5,0.9999999999999999
seq803@72,seq732@44,0.9999999999999999
seq803@72,seq8386@19,0.9999999999999999
seq803@72,seq4165@10,0.9999999999999999
seq803@72,seq223@39,0.9999999999999999
seq803@72,seq2127@17,0.9878787878787878
seq803@72,seq5880@7,0.9878787878787878
seq803@72,seq1314@44,0.9999999999999999
seq803@72,seq516@43,0.9999999999999999
seq803@72,seq239@42,0.9999999999999999
seq803@72,seq7106@30,0.9999999999999999
seq803@72,seq430@28,0.9999999999999999
seq803@72,seq1204@23,0.9999999999999999
seq803@72,seq2462@16,0.9999999999999999
seq803@72,seq12862@14,0.9999999999999999
seq803@72,seq1280@12,0.9878787878787878
seq803@72,seq16740@11,0.9878787878787878
seq803@72,seq17946@8,0.9999999999999999
seq803@72,seq9187@6,0.9999999999999999
seq803@72,seq2929@5,0.9999999999999999
seq803@72,seq991@17,0.9999999999999999
seq803@72,seq1934@40,0.9999999999999999
seq803@72,seq8@44677,0.9999999999999999
seq803@72,seq2461@27,0.9999999999999999
seq5832@22,seq968@46,0.9999999999999999
seq5832@22,seq5127@21,0.9999999999999999
seq5832@22,seq2366@32,0.9999999999999999
seq5832@22,seq1939@16,0.9999999999999999
seq5832@22,seq7090@22,0.9999999999999999
seq5832@22,seq4637@16,0.9999999999999999
seq5832@22,seq294@40,0.9999999999999999
seq5832@22,seq3663@14,0.9999999999999999
seq5832@22,seq282@31,0.9999999999999999
seq5832@22,seq1977@11,0.9999999999999999
seq5832@22,seq101@106,0.9999999999999999
seq5832@22,seq11445@10,0.9878787878787878
seq5832@22,seq1609@30,0.9999999999999999
seq5832@22,seq804@9,0.9999999999999999
seq5832@22,seq11725@11,0.996965091635306
seq5832@22,seq12219@7,0.9999999999999999
seq5832@22,seq347@84,0.9999999999999999
seq5832@22,seq24325@7,0.9999999999999999
seq5832@22,seq762@26,0.9999999999999999
seq5832@22,seq9045@6,0.9999999999999999
seq5832@22,seq1062@22,0.9999999999999999
seq5832@22,seq11877@7,0.9999999999999999
seq5832@22,seq3868@20,0.9999999999999999
seq5832@22,seq2340@41,0.9999999999999999
seq5832@22,seq9698@6,0.9999999999999999
seq5832@22,seq2229@7,0.9999999999999999
seq5832@22,seq1169@78,0.9999999999999999
seq5832@22,seq2868@5,0.9999999999999999
seq5832@22,seq4564@7,0.9999999999999999
seq5832@22,seq1376@21,0.9878787878787878
seq5832@22,seq3502@5,0.9999999999999999
seq5832@22,seq13938@8,0.9999999999999999
seq5832@22,seq629@101,0.9999999999999999
seq5832@22,seq4326@5,0.9999999999999999
seq5832@22,seq147@8,0.9999999999999999
seq5832@22,seq304@65,0.9999999999999999
seq5832@22,seq7359@5,0.9999999999999999
seq5832@22,seq5131@10,0.9999999999999999
seq5832@22,seq7760@5,0.9999999999999999
seq5832@22,seq109@26,0.9999999999999999
seq5832@22,seq9913@5,0.9999999999999999
seq5832@22,seq10957@23,0.9999999999999999
seq5832@22,seq1472@61,0.9999999999999999
seq5832@22,seq12569@5,0.9999999999999999
seq5832@22,seq18928@9,0.9999999999999999
seq5832@22,seq16760@5,0.9999999999999999
seq5832@22,seq732@44,0.9999999999999999
seq5832@22,seq8386@19,0.9999999999999999
seq5832@22,seq4165@10,0.9999999999999999
seq5832@22,seq223@39,0.9999999999999999
seq5832@22,seq2127@17,0.9878787878787878
seq5832@22,seq5880@7,0.9878787878787878
seq5832@22,seq1314@44,0.9999999999999999
seq5832@22,seq516@43,0.9999999999999999
seq5832@22,seq239@42,0.9999999999999999
seq5832@22,seq7106@30,0.9999999999999999
seq5832@22,seq430@28,0.9999999999999999
seq5832@22,seq1204@23,0.9999999999999999
seq5832@22,seq2462@16,0.9999999999999999
seq5832@22,seq12862@14,0.9999999999999999
seq5832@22,seq1280@12,0.9878787878787878
seq5832@22,seq16740@11,0.9878787878787878
seq5832@22,seq17946@8,0.9999999999999999
seq5832@22,seq9187@6,0.9999999999999999
seq5832@22,seq2929@5,0.9999999999999999
seq5832@22,seq991@17,0.9999999999999999
seq5832@22,seq1934@40,0.9999999999999999
seq5832@22,seq8@44677,0.9999999999999999
seq5832@22,seq2461@27,0.9999999999999999
seq968@46,seq5127@21,0.9999999999999999
seq968@46,seq2366@32,0.9999999999999999
seq968@46,seq1939@16,0.9999999999999999
seq968@46,seq7090@22,0.9999999999999999
seq968@46,seq4637@16,0.9999999999999999
seq968@46,seq294@40,0.9999999999999999
seq968@46,seq3663@14,0.9999999999999999
seq968@46,seq282@31,0.9999999999999999
seq968@46,seq1977@11,0.9999999999999999
seq968@46,seq101@106,0.9999999999999999
seq968@46,seq11445@10,0.9878787878787878
seq968@46,seq1609@30,0.9999999999999999
seq968@46,seq804@9,0.9999999999999999
seq968@46,seq11725@11,0.996965091635306
seq968@46,seq12219@7,0.9999999999999999
seq968@46,seq347@84,0.9999999999999999
seq968@46,seq24325@7,0.9999999999999999
seq968@46,seq762@26,0.9999999999999999
seq968@46,seq9045@6,0.9999999999999999
seq968@46,seq1062@22,0.9999999999999999
seq968@46,seq11877@7,0.9999999999999999
seq968@46,seq3868@20,0.9999999999999999
seq968@46,seq2340@41,0.9999999999999999
seq968@46,seq9698@6,0.9999999999999999
seq968@46,seq2229@7,0.9999999999999999
seq968@46,seq1169@78,0.9999999999999999
seq968@46,seq2868@5,0.9999999999999999
seq968@46,seq4564@7,0.9999999999999999
seq968@46,seq1376@21,0.9878787878787878
seq968@46,seq3502@5,0.9999999999999999
seq968@46,seq13938@8,0.9999999999999999
seq968@46,seq629@101,0.9999999999999999
seq968@46,seq4326@5,0.9999999999999999
seq968@46,seq147@8,0.9999999999999999
seq968@46,seq304@65,0.9999999999999999
seq968@46,seq7359@5,0.9999999999999999
seq968@46,seq5131@10,0.9999999999999999
seq968@46,seq7760@5,0.9999999999999999
seq968@46,seq109@26,0.9999999999999999
seq968@46,seq9913@5,0.9999999999999999
seq968@46,seq10957@23,0.9999999999999999
seq968@46,seq1472@61,0.9999999999999999
seq968@46,seq12569@5,0.9999999999999999
seq968@46,seq18928@9,0.9999999999999999
seq968@46,seq16760@5,0.9999999999999999
seq968@46,seq732@44,0.9999999999999999
seq968@46,seq8386@19,0.9999999999999999
seq968@46,seq4165@10,0.9999999999999999
seq968@46,seq223@39,0.9999999999999999
seq968@46,seq2127@17,0.9878787878787878
seq968@46,seq5880@7,0.9878787878787878
seq968@46,seq1314@44,0.9999999999999999
seq968@46,seq516@43,0.9999999999999999
seq968@46,seq239@42,0.9999999999999999
seq968@46,seq7106@30,0.9999999999999999
seq968@46,seq430@28,0.9999999999999999
seq968@46,seq1204@23,0.9999999999999999
seq968@46,seq2462@16,0.9999999999999999
seq968@46,seq12862@14,0.9999999999999999
seq968@46,seq1280@12,0.9878787878787878
seq968@46,seq16740@11,0.9878787878787878
seq968@46,seq17946@8,0.9999999999999999
seq968@46,seq9187@6,0.9999999999999999
seq968@46,seq2929@5,0.9999999999999999
seq968@46,seq991@17,0.9999999999999999
seq968@46,seq1934@40,0.9999999999999999
seq968@46,seq8@44677,0.9999999999999999
seq968@46,seq2461@27,0.9999999999999999
seq5127@21,seq2366@32,0.9999999999999999
seq5127@21,seq1939@16,0.9999999999999999
seq5127@21,seq7090@22,0.9999999999999999
seq5127@21,seq4637@16,0.9999999999999999
seq5127@21,seq294@40,0.9999999999999999
seq5127@21,seq3663@14,0.9999999999999999
seq5127@21,seq282@31,0.9999999999999999
seq5127@21,seq1977@11,0.9999999999999999
seq5127@21,seq101@106,0.9999999999999999
seq5127@21,seq11445@10,0.9878787878787878
seq5127@21,seq1609@30,0.9999999999999999
seq5127@21,seq804@9,0.9999999999999999
seq5127@21,seq11725@11,0.996965091635306
seq5127@21,seq12219@7,0.9999999999999999
seq5127@21,seq347@84,0.9999999999999999
seq5127@21,seq24325@7,0.9999999999999999
seq5127@21,seq762@26,0.9999999999999999
seq5127@21,seq9045@6,0.9999999999999999
seq5127@21,seq1062@22,0.9999999999999999
seq5127@21,seq11877@7,0.9999999999999999
seq5127@21,seq3868@20,0.9999999999999999
seq5127@21,seq2340@41,0.9999999999999999
seq5127@21,seq9698@6,0.9999999999999999
seq5127@21,seq2229@7,0.9999999999999999
seq5127@21,seq1169@78,0.9999999999999999
seq5127@21,seq2868@5,0.9999999999999999
seq5127@21,seq4564@7,0.9999999999999999
seq5127@21,seq1376@21,0.9878787878787878
seq5127@21,seq3502@5,0.9999999999999999
seq5127@21,seq13938@8,0.9999999999999999
seq5127@21,seq629@101,0.9999999999999999
seq5127@21,seq4326@5,0.9999999999999999
seq5127@21,seq147@8,0.9999999999999999
seq5127@21,seq304@65,0.9999999999999999
seq5127@21,seq7359@5,0.9999999999999999
seq5127@21,seq5131@10,0.9999999999999999
seq5127@21,seq7760@5,0.9999999999999999
seq5127@21,seq109@26,0.9999999999999999
seq5127@21,seq9913@5,0.9999999999999999
seq5127@21,seq10957@23,0.9999999999999999
seq5127@21,seq1472@61,0.9999999999999999
seq5127@21,seq12569@5,0.9999999999999999
seq5127@21,seq18928@9,0.9999999999999999
seq5127@21,seq16760@5,0.9999999999999999
seq5127@21,seq732@44,0.9999999999999999
seq5127@21,seq8386@19,0.9999999999999999
seq5127@21,seq4165@10,0.9999999999999999
seq5127@21,seq223@39,0.9999999999999999
seq5127@21,seq2127@17,0.9878787878787878
seq5127@21,seq5880@7,0.9878787878787878
seq5127@21,seq1314@44,0.9999999999999999
seq5127@21,seq516@43,0.9999999999999999
seq5127@21,seq239@42,0.9999999999999999
seq5127@21,seq7106@30,0.9999999999999999
seq5127@21,seq430@28,0.9999999999999999
seq5127@21,seq1204@23,0.9999999999999999
seq5127@21,seq2462@16,0.9999999999999999
seq5127@21,seq12862@14,0.9999999999999999
seq5127@21,seq1280@12,0.9878787878787878
seq5127@21,seq16740@11,0.9878787878787878
seq5127@21,seq17946@8,0.9999999999999999
seq5127@21,seq9187@6,0.9999999999999999
seq5127@21,seq2929@5,0.9999999999999999
seq5127@21,seq991@17,0.9999999999999999
seq5127@21,seq1934@40,0.9999999999999999
seq5127@21,seq8@44677,0.9999999999999999
seq5127@21,seq2461@27,0.9999999999999999
seq2366@32,seq1939@16,0.9999999999999999
seq2366@32,seq7090@22,0.9999999999999999
seq2366@32,seq4637@16,0.9999999999999999
seq2366@32,seq294@40,0.9999999999999999
seq2366@32,seq3663@14,0.9999999999999999
seq2366@32,seq282@31,0.9999999999999999
seq2366@32,seq1977@11,0.9999999999999999
seq2366@32,seq101@106,0.9999999999999999
seq2366@32,seq11445@10,0.9878787878787878
seq2366@32,seq1609@30,0.9999999999999999
seq2366@32,seq804@9,0.9999999999999999
seq2366@32,seq11725@11,0.996965091635306
seq2366@32,seq12219@7,0.9999999999999999
seq2366@32,seq347@84,0.9999999999999999
seq2366@32,seq24325@7,0.9999999999999999
seq2366@32,seq762@26,0.9999999999999999
seq2366@32,seq9045@6,0.9999999999999999
seq2366@32,seq1062@22,0.9999999999999999
seq2366@32,seq11877@7,0.9999999999999999
seq2366@32,seq3868@20,0.9999999999999999
seq2366@32,seq2340@41,0.9999999999999999
seq2366@32,seq9698@6,0.9999999999999999
seq2366@32,seq2229@7,0.9999999999999999
seq2366@32,seq1169@78,0.9999999999999999
seq2366@32,seq2868@5,0.9999999999999999
seq2366@32,seq4564@7,0.9999999999999999
seq2366@32,seq1376@21,0.9878787878787878
seq2366@32,seq3502@5,0.9999999999999999
seq2366@32,seq13938@8,0.9999999999999999
seq2366@32,seq629@101,0.9999999999999999
seq2366@32,seq4326@5,0.9999999999999999
seq2366@32,seq147@8,0.9999999999999999
seq2366@32,seq304@65,0.9999999999999999
seq2366@32,seq7359@5,0.9999999999999999
seq2366@32,seq5131@10,0.9999999999999999
seq2366@32,seq7760@5,0.9999999999999999
seq2366@32,seq109@26,0.9999999999999999
seq2366@32,seq9913@5,0.9999999999999999
seq2366@32,seq10957@23,0.9999999999999999
seq2366@32,seq1472@61,0.9999999999999999
seq2366@32,seq12569@5,0.9999999999999999
seq2366@32,seq18928@9,0.9999999999999999
seq2366@32,seq16760@5,0.9999999999999999
seq2366@32,seq732@44,0.9999999999999999
seq2366@32,seq8386@19,0.9999999999999999
seq2366@32,seq4165@10,0.9999999999999999
seq2366@32,seq223@39,0.9999999999999999
seq2366@32,seq2127@17,0.9878787878787878
seq2366@32,seq5880@7,0.9878787878787878
seq2366@32,seq1314@44,0.9999999999999999
seq2366@32,seq516@43,0.9999999999999999
seq2366@32,seq239@42,0.9999999999999999
seq2366@32,seq7106@30,0.9999999999999999
seq2366@32,seq430@28,0.9999999999999999
seq2366@32,seq1204@23,0.9999999999999999
seq2366@32,seq2462@16,0.9999999999999999
seq2366@32,seq12862@14,0.9999999999999999
seq2366@32,seq1280@12,0.9878787878787878
seq2366@32,seq16740@11,0.9878787878787878
seq2366@32,seq17946@8,0.9999999999999999
seq2366@32,seq9187@6,0.9999999999999999
seq2366@32,seq2929@5,0.9999999999999999
seq2366@32,seq991@17,0.9999999999999999
seq2366@32,seq1934@40,0.9999999999999999
seq2366@32,seq8@44677,0.9999999999999999
seq2366@32,seq2461@27,0.9999999999999999
seq1939@16,seq7090@22,0.9999999999999999
seq1939@16,seq4637@16,0.9999999999999999
seq1939@16,seq294@40,0.9999999999999999
seq1939@16,seq3663@14,0.9999999999999999
seq1939@16,seq282@31,0.9999999999999999
seq1939@16,seq1977@11,0.9999999999999999
seq1939@16,seq101@106,0.9999999999999999
seq1939@16,seq11445@10,0.9878787878787878
seq1939@16,seq1609@30,0.9999999999999999
seq1939@16,seq804@9,0.9999999999999999
seq1939@16,seq11725@11,0.996965091635306
seq1939@16,seq12219@7,0.9999999999999999
seq1939@16,seq347@84,0.9999999999999999
seq1939@16,seq24325@7,0.9999999999999999
seq1939@16,seq762@26,0.9999999999999999
seq1939@16,seq9045@6,0.9999999999999999
seq1939@16,seq1062@22,0.9999999999999999
seq1939@16,seq11877@7,0.9999999999999999
seq1939@16,seq3868@20,0.9999999999999999
seq1939@16,seq2340@41,0.9999999999999999
seq1939@16,seq9698@6,0.9999999999999999
seq1939@16,seq2229@7,0.9999999999999999
seq1939@16,seq1169@78,0.9999999999999999
seq1939@16,seq2868@5,0.9999999999999999
seq1939@16,seq4564@7,0.9999999999999999
seq1939@16,seq1376@21,0.9878787878787878
seq1939@16,seq3502@5,0.9999999999999999
seq1939@16,seq13938@8,0.9999999999999999
seq1939@16,seq629@101,0.9999999999999999
seq1939@16,seq4326@5,0.9999999999999999
seq1939@16,seq147@8,0.9999999999999999
seq1939@16,seq304@65,0.9999999999999999
seq1939@16,seq7359@5,0.9999999999999999
seq1939@16,seq5131@10,0.9999999999999999
seq1939@16,seq7760@5,0.9999999999999999
seq1939@16,seq109@26,0.9999999999999999
seq1939@16,seq9913@5,0.9999999999999999
seq1939@16,seq10957@23,0.9999999999999999
seq1939@16,seq1472@61,0.9999999999999999
seq1939@16,seq12569@5,0.9999999999999999
seq1939@16,seq18928@9,0.9999999999999999
seq1939@16,seq16760@5,0.9999999999999999
seq1939@16,seq732@44,0.9999999999999999
seq1939@16,seq8386@19,0.9999999999999999
seq1939@16,seq4165@10,0.9999999999999999
seq1939@16,seq223@39,0.9999999999999999
seq1939@16,seq2127@17,0.9878787878787878
seq1939@16,seq5880@7,0.9878787878787878
seq1939@16,seq1314@44,0.9999999999999999
seq1939@16,seq516@43,0.9999999999999999
seq1939@16,seq239@42,0.9999999999999999
seq1939@16,seq7106@30,0.9999999999999999
seq1939@16,seq430@28,0.9999999999999999
seq1939@16,seq1204@23,0.9999999999999999
seq1939@16,seq2462@16,0.9999999999999999
seq1939@16,seq12862@14,0.9999999999999999
seq1939@16,seq1280@12,0.9878787878787878
seq1939@16,seq16740@11,0.9878787878787878
seq1939@16,seq17946@8,0.9999999999999999
seq1939@16,seq9187@6,0.9999999999999999
seq1939@16,seq2929@5,0.9999999999999999
seq1939@16,seq991@17,0.9999999999999999
seq1939@16,seq1934@40,0.9999999999999999
seq1939@16,seq8@44677,0.9999999999999999
seq1939@16,seq2461@27,0.9999999999999999
seq7090@22,seq4637@16,0.9999999999999999
seq7090@22,seq294@40,0.9999999999999999
seq7090@22,seq3663@14,0.9999999999999999
seq7090@22,seq282@31,0.9999999999999999
seq7090@22,seq1977@11,0.9999999999999999
seq7090@22,seq101@106,0.9999999999999999
seq7090@22,seq11445@10,0.9878787878787878
seq7090@22,seq1609@30,0.9999999999999999
seq7090@22,seq804@9,0.9999999999999999
seq7090@22,seq11725@11,0.996965091635306
seq7090@22,seq12219@7,0.9999999999999999
seq7090@22,seq347@84,0.9999999999999999
seq7090@22,seq24325@7,0.9999999999999999
seq7090@22,seq762@26,0.9999999999999999
seq7090@22,seq9045@6,0.9999999999999999
seq7090@22,seq1062@22,0.9999999999999999
seq7090@22,seq11877@7,0.9999999999999999
seq7090@22,seq3868@20,0.9999999999999999
seq7090@22,seq2340@41,0.9999999999999999
seq7090@22,seq9698@6,0.9999999999999999
seq7090@22,seq2229@7,0.9999999999999999
seq7090@22,seq1169@78,0.9999999999999999
seq7090@22,seq2868@5,0.9999999999999999
seq7090@22,seq4564@7,0.9999999999999999
seq7090@22,seq1376@21,0.9878787878787878
seq7090@22,seq3502@5,0.9999999999999999
seq7090@22,seq13938@8,0.9999999999999999
seq7090@22,seq629@101,0.9999999999999999
seq7090@22,seq4326@5,0.9999999999999999
seq7090@22,seq147@8,0.9999999999999999
seq7090@22,seq304@65,0.9999999999999999
seq7090@22,seq7359@5,0.9999999999999999
seq7090@22,seq5131@10,0.9999999999999999
seq7090@22,seq7760@5,0.9999999999999999
seq7090@22,seq109@26,0.9999999999999999
seq7090@22,seq9913@5,0.9999999999999999
seq7090@22,seq10957@23,0.9999999999999999
seq7090@22,seq1472@61,0.9999999999999999
seq7090@22,seq12569@5,0.9999999999999999
seq7090@22,seq18928@9,0.9999999999999999
seq7090@22,seq16760@5,0.9999999999999999
seq7090@22,seq732@44,0.9999999999999999
seq7090@22,seq8386@19,0.9999999999999999
seq7090@22,seq4165@10,0.9999999999999999
seq7090@22,seq223@39,0.9999999999999999
seq7090@22,seq2127@17,0.9878787878787878
seq7090@22,seq5880@7,0.9878787878787878
seq7090@22,seq1314@44,0.9999999999999999
seq7090@22,seq516@43,0.9999999999999999
seq7090@22,seq239@42,0.9999999999999999
seq7090@22,seq7106@30,0.9999999999999999
seq7090@22,seq430@28,0.9999999999999999
seq7090@22,seq1204@23,0.9999999999999999
seq7090@22,seq2462@16,0.9999999999999999
seq7090@22,seq12862@14,0.9999999999999999
seq7090@22,seq1280@12,0.9878787878787878
seq7090@22,seq16740@11,0.9878787878787878
seq7090@22,seq17946@8,0.9999999999999999
seq7090@22,seq9187@6,0.9999999999999999
seq7090@22,seq2929@5,0.9999999999999999
seq7090@22,seq991@17,0.9999999999999999
seq7090@22,seq1934@40,0.9999999999999999
seq7090@22,seq8@44677,0.9999999999999999
seq7090@22,seq2461@27,0.9999999999999999
seq4637@16,seq294@40,0.9999999999999999
seq4637@16,seq3663@14,0.9999999999999999
seq4637@16,seq282@31,0.9999999999999999
seq4637@16,seq1977@11,0.9999999999999999
seq4637@16,seq101@106,0.9999999999999999
seq4637@16,seq11445@10,0.9878787878787878
seq4637@16,seq1609@30,0.9999999999999999
seq4637@16,seq804@9,0.9999999999999999
seq4637@16,seq11725@11,0.996965091635306
seq4637@16,seq12219@7,0.9999999999999999
seq4637@16,seq347@84,0.9999999999999999
seq4637@16,seq24325@7,0.9999999999999999
seq4637@16,seq762@26,0.9999999999999999
seq4637@16,seq9045@6,0.9999999999999999
seq4637@16,seq1062@22,0.9999999999999999
seq4637@16,seq11877@7,0.9999999999999999
seq4637@16,seq3868@20,0.9999999999999999
seq4637@16,seq2340@41,0.9999999999999999
seq4637@16,seq9698@6,0.9999999999999999
seq4637@16,seq2229@7,0.9999999999999999
seq4637@16,seq1169@78,0.9999999999999999
seq4637@16,seq2868@5,0.9999999999999999
seq4637@16,seq4564@7,0.9999999999999999
seq4637@16,seq1376@21,0.9878787878787878
seq4637@16,seq3502@5,0.9999999999999999
seq4637@16,seq13938@8,0.9999999999999999
seq4637@16,seq629@101,0.9999999999999999
seq4637@16,seq4326@5,0.9999999999999999
seq4637@16,seq147@8,0.9999999999999999
seq4637@16,seq304@65,0.9999999999999999
seq4637@16,seq7359@5,0.9999999999999999
seq4637@16,seq5131@10,0.9999999999999999
seq4637@16,seq7760@5,0.9999999999999999
seq4637@16,seq109@26,0.9999999999999999
seq4637@16,seq9913@5,0.9999999999999999
seq4637@16,seq10957@23,0.9999999999999999
seq4637@16,seq1472@61,0.9999999999999999
seq4637@16,seq12569@5,0.9999999999999999
seq4637@16,seq18928@9,0.9999999999999999
seq4637@16,seq16760@5,0.9999999999999999
seq4637@16,seq732@44,0.9999999999999999
seq4637@16,seq8386@19,0.9999999999999999
seq4637@16,seq4165@10,0.9999999999999999
seq4637@16,seq223@39,0.9999999999999999
seq4637@16,seq2127@17,0.9878787878787878
seq4637@16,seq5880@7,0.9878787878787878
seq4637@16,seq1314@44,0.9999999999999999
seq4637@16,seq516@43,0.9999999999999999
seq4637@16,seq239@42,0.9999999999999999
seq4637@16,seq7106@30,0.9999999999999999
seq4637@16,seq430@28,0.9999999999999999
seq4637@16,seq1204@23,0.9999999999999999
seq4637@16,seq2462@16,0.9999999999999999
seq4637@16,seq12862@14,0.9999999999999999
seq4637@16,seq1280@12,0.9878787878787878
seq4637@16,seq16740@11,0.9878787878787878
seq4637@16,seq17946@8,0.9999999999999999
seq4637@16,seq9187@6,0.9999999999999999
seq4637@16,seq2929@5,0.9999999999999999
seq4637@16,seq991@17,0.9999999999999999
seq4637@16,seq1934@40,0.9999999999999999
seq4637@16,seq8@44677,0.9999999999999999
seq4637@16,seq2461@27,0.9999999999999999
seq294@40,seq3663@14,0.9999999999999999
seq294@40,seq282@31,0.9999999999999999
seq294@40,seq1977@11,0.9999999999999999
seq294@40,seq101@106,0.9999999999999999
seq294@40,seq11445@10,0.9878787878787878
seq294@40,seq1609@30,0.9999999999999999
seq294@40,seq804@9,0.9999999999999999
seq294@40,seq11725@11,0.996965091635306
seq294@40,seq12219@7,0.9999999999999999
seq294@40,seq347@84,0.9999999999999999
seq294@40,seq24325@7,0.9999999999999999
seq294@40,seq762@26,0.9999999999999999
seq294@40,seq9045@6,0.9999999999999999
seq294@40,seq1062@22,0.9999999999999999
seq294@40,seq11877@7,0.9999999999999999
seq294@40,seq3868@20,0.9999999999999999
seq294@40,seq2340@41,0.9999999999999999
seq294@40,seq9698@6,0.9999999999999999
seq294@40,seq2229@7,0.9999999999999999
seq294@40,seq1169@78,0.9999999999999999
seq294@40,seq2868@5,0.9999999999999999
seq294@40,seq4564@7,0.9999999999999999
seq294@40,seq1376@21,0.9878787878787878
seq294@40,seq3502@5,0.9999999999999999
seq294@40,seq13938@8,0.9999999999999999
seq294@40,seq629@101,0.9999999999999999
seq294@40,seq4326@5,0.9999999999999999
seq294@40,seq147@8,0.9999999999999999
seq294@40,seq304@65,0.9999999999999999
seq294@40,seq7359@5,0.9999999999999999
seq294@40,seq5131@10,0.9999999999999999
seq294@40,seq7760@5,0.9999999999999999
seq294@40,seq109@26,0.9999999999999999
seq294@40,seq9913@5,0.9999999999999999
seq294@40,seq10957@23,0.9999999999999999
seq294@40,seq1472@61,0.9999999999999999
seq294@40,seq12569@5,0.9999999999999999
seq294@40,seq18928@9,0.9999999999999999
seq294@40,seq16760@5,0.9999999999999999
seq294@40,seq732@44,0.9999999999999999
seq294@40,seq8386@19,0.9999999999999999
seq294@40,seq4165@10,0.9999999999999999
seq294@40,seq223@39,0.9999999999999999
seq294@40,seq2127@17,0.9878787878787878
seq294@40,seq5880@7,0.9878787878787878
seq294@40,seq1314@44,0.9999999999999999
seq294@40,seq516@43,0.9999999999999999
seq294@40,seq239@42,0.9999999999999999
seq294@40,seq7106@30,0.9999999999999999
seq294@40,seq430@28,0.9999999999999999
seq294@40,seq1204@23,0.9999999999999999
seq294@40,seq2462@16,0.9999999999999999
seq294@40,seq12862@14,0.9999999999999999
seq294@40,seq1280@12,0.9878787878787878
seq294@40,seq16740@11,0.9878787878787878
seq294@40,seq17946@8,0.9999999999999999
seq294@40,seq9187@6,0.9999999999999999
seq294@40,seq2929@5,0.9999999999999999
seq294@40,seq991@17,0.9999999999999999
seq294@40,seq1934@40,0.9999999999999999
seq294@40,seq8@44677,0.9999999999999999
seq294@40,seq2461@27,0.9999999999999999
seq3663@14,seq282@31,0.9999999999999999
seq3663@14,seq1977@11,0.9999999999999999
seq3663@14,seq101@106,0.9999999999999999
seq3663@14,seq11445@10,0.9878787878787878
seq3663@14,seq1609@30,0.9999999999999999
seq3663@14,seq804@9,0.9999999999999999
seq3663@14,seq11725@11,0.996965091635306
seq3663@14,seq12219@7,0.9999999999999999
seq3663@14,seq347@84,0.9999999999999999
seq3663@14,seq24325@7,0.9999999999999999
seq3663@14,seq762@26,0.9999999999999999
seq3663@14,seq9045@6,0.9999999999999999
seq3663@14,seq1062@22,0.9999999999999999
seq3663@14,seq11877@7,0.9999999999999999
seq3663@14,seq3868@20,0.9999999999999999
seq3663@14,seq2340@41,0.9999999999999999
seq3663@14,seq9698@6,0.9999999999999999
seq3663@14,seq2229@7,0.9999999999999999
seq3663@14,seq1169@78,0.9999999999999999
seq3663@14,seq2868@5,0.9999999999999999
seq3663@14,seq4564@7,0.9999999999999999
seq3663@14,seq1376@21,0.9878787878787878
seq3663@14,seq3502@5,0.9999999999999999
seq3663@14,seq13938@8,0.9999999999999999
seq3663@14,seq629@101,0.9999999999999999
seq3663@14,seq4326@5,0.9999999999999999
seq3663@14,seq147@8,0.9999999999999999
seq3663@14,seq304@65,0.9999999999999999
seq3663@14,seq7359@5,0.9999999999999999
seq3663@14,seq5131@10,0.9999999999999999
seq3663@14,seq7760@5,0.9999999999999999
seq3663@14,seq109@26,0.9999999999999999
seq3663@14,seq9913@5,0.9999999999999999
seq3663@14,seq10957@23,0.9999999999999999
seq3663@14,seq1472@61,0.9999999999999999
seq3663@14,seq12569@5,0.9999999999999999
seq3663@14,seq18928@9,0.9999999999999999
seq3663@14,seq16760@5,0.9999999999999999
seq3663@14,seq732@44,0.9999999999999999
seq3663@14,seq8386@19,0.9999999999999999
seq3663@14,seq4165@10,0.9999999999999999
seq3663@14,seq223@39,0.9999999999999999
seq3663@14,seq2127@17,0.9878787878787878
seq3663@14,seq5880@7,0.9878787878787878
seq3663@14,seq1314@44,0.9999999999999999
seq3663@14,seq516@43,0.9999999999999999
seq3663@14,seq239@42,0.9999999999999999
seq3663@14,seq7106@30,0.9999999999999999
seq3663@14,seq430@28,0.9999999999999999
seq3663@14,seq1204@23,0.9999999999999999
seq3663@14,seq2462@16,0.9999999999999999
seq3663@14,seq12862@14,0.9999999999999999
seq3663@14,seq1280@12,0.9878787878787878
seq3663@14,seq16740@11,0.9878787878787878
seq3663@14,seq17946@8,0.9999999999999999
seq3663@14,seq9187@6,0.9999999999999999
seq3663@14,seq2929@5,0.9999999999999999
seq3663@14,seq991@17,0.9999999999999999
seq3663@14,seq1934@40,0.9999999999999999
seq3663@14,seq8@44677,0.9999999999999999
seq3663@14,seq2461@27,0.9999999999999999
seq282@31,seq1977@11,0.9999999999999999
seq282@31,seq101@106,0.9999999999999999
seq282@31,seq11445@10,0.9878787878787878
seq282@31,seq1609@30,0.9999999999999999
seq282@31,seq804@9,0.9999999999999999
seq282@31,seq11725@11,0.996965091635306
seq282@31,seq12219@7,0.9999999999999999
seq282@31,seq347@84,0.9999999999999999
seq282@31,seq24325@7,0.9999999999999999
seq282@31,seq762@26,0.9999999999999999
seq282@31,seq9045@6,0.9999999999999999
seq282@31,seq1062@22,0.9999999999999999
seq282@31,seq11877@7,0.9999999999999999
seq282@31,seq3868@20,0.9999999999999999
seq282@31,seq2340@41,0.9999999999999999
seq282@31,seq9698@6,0.9999999999999999
seq282@31,seq2229@7,0.9999999999999999
seq282@31,seq1169@78,0.9999999999999999
seq282@31,seq2868@5,0.9999999999999999
seq282@31,seq4564@7,0.9999999999999999
seq282@31,seq1376@21,0.9878787878787878
seq282@31,seq3502@5,0.9999999999999999
seq282@31,seq13938@8,0.9999999999999999
seq282@31,seq629@101,0.9999999999999999
seq282@31,seq4326@5,0.9999999999999999
seq282@31,seq147@8,0.9999999999999999
seq282@31,seq304@65,0.9999999999999999
seq282@31,seq7359@5,0.9999999999999999
seq282@31,seq5131@10,0.9999999999999999
seq282@31,seq7760@5,0.9999999999999999
seq282@31,seq109@26,0.9999999999999999
seq282@31,seq9913@5,0.9999999999999999
seq282@31,seq10957@23,0.9999999999999999
seq282@31,seq1472@61,0.9999999999999999
seq282@31,seq12569@5,0.9999999999999999
seq282@31,seq18928@9,0.9999999999999999
seq282@31,seq16760@5,0.9999999999999999
seq282@31,seq732@44,0.9999999999999999
seq282@31,seq8386@19,0.9999999999999999
seq282@31,seq4165@10,0.9999999999999999
seq282@31,seq223@39,0.9999999999999999
seq282@31,seq2127@17,0.9878787878787878
seq282@31,seq5880@7,0.9878787878787878
seq282@31,seq1314@44,0.9999999999999999
seq282@31,seq516@43,0.9999999999999999
seq282@31,seq239@42,0.9999999999999999
seq282@31,seq7106@30,0.9999999999999999
seq282@31,seq430@28,0.9999999999999999
seq282@31,seq1204@23,0.9999999999999999
seq282@31,seq2462@16,0.9999999999999999
seq282@31,seq12862@14,0.9999999999999999
seq282@31,seq1280@12,0.9878787878787878
seq282@31,seq16740@11,0.9878787878787878
seq282@31,seq17946@8,0.9999999999999999
seq282@31,seq9187@6,0.9999999999999999
seq282@31,seq2929@5,0.9999999999999999
seq282@31,seq991@17,0.9999999999999999
seq282@31,seq1934@40,0.9999999999999999
seq282@31,seq8@44677,0.9999999999999999
seq282@31,seq2461@27,0.9999999999999999
seq1977@11,seq101@106,0.9999999999999999
seq1977@11,seq11445@10,0.9878787878787878
seq1977@11,seq1609@30,0.9999999999999999
seq1977@11,seq804@9,0.9999999999999999
seq1977@11,seq11725@11,0.996965091635306
seq1977@11,seq12219@7,0.9999999999999999
seq1977@11,seq347@84,0.9999999999999999
seq1977@11,seq24325@7,0.9999999999999999
seq1977@11,seq762@26,0.9999999999999999
seq1977@11,seq9045@6,0.9999999999999999
seq1977@11,seq1062@22,0.9999999999999999
seq1977@11,seq11877@7,0.9999999999999999
seq1977@11,seq3868@20,0.9999999999999999
seq1977@11,seq2340@41,0.9999999999999999
seq1977@11,seq9698@6,0.9999999999999999
seq1977@11,seq2229@7,0.9999999999999999
seq1977@11,seq1169@78,0.9999999999999999
seq1977@11,seq2868@5,0.9999999999999999
seq1977@11,seq4564@7,0.9999999999999999
seq1977@11,seq1376@21,0.9878787878787878
seq1977@11,seq3502@5,0.9999999999999999
seq1977@11,seq13938@8,0.9999999999999999
seq1977@11,seq629@101,0.9999999999999999
seq1977@11,seq4326@5,0.9999999999999999
seq1977@11,seq147@8,0.9999999999999999
seq1977@11,seq304@65,0.9999999999999999
seq1977@11,seq7359@5,0.9999999999999999
seq1977@11,seq5131@10,0.9999999999999999
seq1977@11,seq7760@5,0.9999999999999999
seq1977@11,seq109@26,0.9999999999999999
seq1977@11,seq9913@5,0.9999999999999999
seq1977@11,seq10957@23,0.9999999999999999
seq1977@11,seq1472@61,0.9999999999999999
seq1977@11,seq12569@5,0.9999999999999999
seq1977@11,seq18928@9,0.9999999999999999
seq1977@11,seq16760@5,0.9999999999999999
seq1977@11,seq732@44,0.9999999999999999
seq1977@11,seq8386@19,0.9999999999999999
seq1977@11,seq4165@10,0.9999999999999999
seq1977@11,seq223@39,0.9999999999999999
seq1977@11,seq2127@17,0.9878787878787878
seq1977@11,seq5880@7,0.9878787878787878
seq1977@11,seq1314@44,0.9999999999999999
seq1977@11,seq516@43,0.9999999999999999
seq1977@11,seq239@42,0.9999999999999999
seq1977@11,seq7106@30,0.9999999999999999
seq1977@11,seq430@28,0.9999999999999999
seq1977@11,seq1204@23,0.9999999999999999
seq1977@11,seq2462@16,0.9999999999999999
seq1977@11,seq12862@14,0.9999999999999999
seq1977@11,seq1280@12,0.9878787878787878
seq1977@11,seq16740@11,0.9878787878787878
seq1977@11,seq17946@8,0.9999999999999999
seq1977@11,seq9187@6,0.9999999999999999
seq1977@11,seq2929@5,0.9999999999999999
seq1977@11,seq991@17,0.9999999999999999
seq1977@11,seq1934@40,0.9999999999999999
seq1977@11,seq8@44677,0.9999999999999999
seq1977@11,seq2461@27,0.9999999999999999
seq101@106,seq11445@10,0.9878787878787878
seq101@106,seq1609@30,0.9999999999999999
seq101@106,seq804@9,0.9999999999999999
seq101@106,seq11725@11,0.996965091635306
seq101@106,seq12219@7,0.9999999999999999
seq101@106,seq347@84,0.9999999999999999
seq101@106,seq24325@7,0.9999999999999999
seq101@106,seq762@26,0.9999999999999999
seq101@106,seq9045@6,0.9999999999999999
seq101@106,seq1062@22,0.9999999999999999
seq101@106,seq11877@7,0.9999999999999999
seq101@106,seq3868@20,0.9999999999999999
seq101@106,seq2340@41,0.9999999999999999
seq101@106,seq9698@6,0.9999999999999999
seq101@106,seq2229@7,0.9999999999999999
seq101@106,seq1169@78,0.9999999999999999
seq101@106,seq2868@5,0.9999999999999999
seq101@106,seq4564@7,0.9999999999999999
seq101@106,seq1376@21,0.9878787878787878
seq101@106,seq3502@5,0.9999999999999999
seq101@106,seq13938@8,0.9999999999999999
seq101@106,seq629@101,0.9999999999999999
seq101@106,seq4326@5,0.9999999999999999
seq101@106,seq147@8,0.9999999999999999
seq101@106,seq304@65,0.9999999999999999
seq101@106,seq7359@5,0.9999999999999999
seq101@106,seq5131@10,0.9999999999999999
seq101@106,seq7760@5,0.9999999999999999
seq101@106,seq109@26,0.9999999999999999
seq101@106,seq9913@5,0.9999999999999999
seq101@106,seq10957@23,0.9999999999999999
seq101@106,seq1472@61,0.9999999999999999
seq101@106,seq12569@5,0.9999999999999999
seq101@106,seq18928@9,0.9999999999999999
seq101@106,seq16760@5,0.9999999999999999
seq101@106,seq732@44,0.9999999999999999
seq101@106,seq8386@19,0.9999999999999999
seq101@106,seq4165@10,0.9999999999999999
seq101@106,seq223@39,0.9999999999999999
seq101@106,seq2127@17,0.9878787878787878
seq101@106,seq5880@7,0.9878787878787878
seq101@106,seq1314@44,0.9999999999999999
seq101@106,seq516@43,0.9999999999999999
seq101@106,seq239@42,0.9999999999999999
seq101@106,seq7106@30,0.9999999999999999
seq101@106,seq430@28,0.9999999999999999
seq101@106,seq1204@23,0.9999999999999999
seq101@106,seq2462@16,0.9999999999999999
seq101@106,seq12862@14,0.9999999999999999
seq101@106,seq1280@12,0.9878787878787878
seq101@106,seq16740@11,0.9878787878787878
seq101@106,seq17946@8,0.9999999999999999
seq101@106,seq9187@6,0.9999999999999999
seq101@106,seq2929@5,0.9999999999999999
seq101@106,seq991@17,0.9999999999999999
seq101@106,seq1934@40,0.9999999999999999
seq101@106,seq8@44677,0.9999999999999999
seq101@106,seq2461@27,0.9999999999999999
seq11445@10,seq1609@30,0.9878787878787878
seq11445@10,seq804@9,0.9878787878787878
seq11445@10,seq11725@11,0.9848069807617047
seq11445@10,seq12219@7,0.9878787878787878
seq11445@10,seq347@84,0.9878787878787878
seq11445@10,seq24325@7,0.9878787878787878
seq11445@10,seq762@26,0.9878787878787878
seq11445@10,seq9045@6,0.9878787878787878
seq11445@10,seq1062@22,0.9878787878787878
seq11445@10,seq11877@7,0.9878787878787878
seq11445@10,seq3868@20,0.9878787878787878
seq11445@10,seq2340@41,0.9878787878787878
seq11445@10,seq9698@6,0.9878787878787878
seq11445@10,seq2229@7,0.9878787878787878
seq11445@10,seq1169@78,0.9878787878787878
seq11445@10,seq2868@5,0.9878787878787878
seq11445@10,seq4564@7,0.9878787878787878
seq11445@10,seq1376@21,0.9757575757575757
seq11445@10,seq3502@5,0.9878787878787878
seq11445@10,seq13938@8,0.9878787878787878
seq11445@10,seq629@101,0.9878787878787878
seq11445@10,seq4326@5,0.9878787878787878
seq11445@10,seq147@8,0.9878787878787878
seq11445@10,seq304@65,0.9878787878787878
seq11445@10,seq7359@5,0.9878787878787878
seq11445@10,seq5131@10,0.9878787878787878
seq11445@10,seq7760@5,0.9878787878787878
seq11445@10,seq109@26,0.9878787878787878
seq11445@10,seq9913@5,0.9878787878787878
seq11445@10,seq10957@23,0.9878787878787878
seq11445@10,seq1472@61,0.9878787878787878
seq11445@10,seq12569@5,0.9878787878787878
seq11445@10,seq18928@9,0.9878787878787878
seq11445@10,seq16760@5,0.9878787878787878
seq11445@10,seq732@44,0.9878787878787878
seq11445@10,seq8386@19,0.9878787878787878
seq11445@10,seq4165@10,0.9878787878787878
seq11445@10,seq223@39,0.9878787878787878
seq11445@10,seq2127@17,0.9757575757575757
seq11445@10,seq5880@7,0.9757575757575757
seq11445@10,seq1314@44,0.9878787878787878
seq11445@10,seq516@43,0.9878787878787878
seq11445@10,seq239@42,0.9878787878787878
seq11445@10,seq7106@30,0.9878787878787878
seq11445@10,seq430@28,0.9878787878787878
seq11445@10,seq1204@23,0.9878787878787878
seq11445@10,seq2462@16,0.9878787878787878
seq11445@10,seq12862@14,0.9878787878787878
seq11445@10,seq1280@12,0.9999999999999999
seq11445@10,seq16740@11,0.9999999999999999
seq11445@10,seq17946@8,0.9878787878787878
seq11445@10,seq9187@6,0.9878787878787878
seq11445@10,seq2929@5,0.9878787878787878
seq11445@10,seq991@17,0.9878787878787878
seq11445@10,seq1934@40,0.9878787878787878
seq11445@10,seq8@44677,0.9878787878787878
seq11445@10,seq2461@27,0.9878787878787878
seq1609@30,seq804@9,0.9999999999999999
seq1609@30,seq11725@11,0.996965091635306
seq1609@30,seq12219@7,0.9999999999999999
seq1609@30,seq347@84,0.9999999999999999
seq1609@30,seq24325@7,0.9999999999999999
seq1609@30,seq762@26,0.9999999999999999
seq1609@30,seq9045@6,0.9999999999999999
seq1609@30,seq1062@22,0.9999999999999999
seq1609@30,seq11877@7,0.9999999999999999
seq1609@30,seq3868@20,0.9999999999999999
seq1609@30,seq2340@41,0.9999999999999999
seq1609@30,seq9698@6,0.9999999999999999
seq1609@30,seq2229@7,0.9999999999999999
seq1609@30,seq1169@78,0.9999999999999999
seq1609@30,seq2868@5,0.9999999999999999
seq1609@30,seq4564@7,0.9999999999999999
seq1609@30,seq1376@21,0.9878787878787878
seq1609@30,seq3502@5,0.9999999999999999
seq1609@30,seq13938@8,0.9999999999999999
seq1609@30,seq629@101,0.9999999999999999
seq1609@30,seq4326@5,0.9999999999999999
seq1609@30,seq147@8,0.9999999999999999
seq1609@30,seq304@65,0.9999999999999999
seq1609@30,seq7359@5,0.9999999999999999
seq1609@30,seq5131@10,0.9999999999999999
seq1609@30,seq7760@5,0.9999999999999999
seq1609@30,seq109@26,0.9999999999999999
seq1609@30,seq9913@5,0.9999999999999999
seq1609@30,seq10957@23,0.9999999999999999
seq1609@30,seq1472@61,0.9999999999999999
seq1609@30,seq12569@5,0.9999999999999999
seq1609@30,seq18928@9,0.9999999999999999
seq1609@30,seq16760@5,0.9999999999999999
seq1609@30,seq732@44,0.9999999999999999
seq1609@30,seq8386@19,0.9999999999999999
seq1609@30,seq4165@10,0.9999999999999999
seq1609@30,seq223@39,0.9999999999999999
seq1609@30,seq2127@17,0.9878787878787878
seq1609@30,seq5880@7,0.9878787878787878
seq1609@30,seq1314@44,0.9999999999999999
seq1609@30,seq516@43,0.9999999999999999
seq1609@30,seq239@42,0.9999999999999999
seq1609@30,seq7106@30,0.9999999999999999
seq1609@30,seq430@28,0.9999999999999999
seq1609@30,seq1204@23,0.9999999999999999
seq1609@30,seq2462@16,0.9999999999999999
seq1609@30,seq12862@14,0.9999999999999999
seq1609@30,seq1280@12,0.9878787878787878
seq1609@30,seq16740@11,0.9878787878787878
seq1609@30,seq17946@8,0.9999999999999999
seq1609@30,seq9187@6,0.9999999999999999
seq1609@30,seq2929@5,0.9999999999999999
seq1609@30,seq991@17,0.9999999999999999
seq1609@30,seq1934@40,0.9999999999999999
seq1609@30,seq8@44677,0.9999999999999999
seq1609@30,seq2461@27,0.9999999999999999
seq804@9,seq11725@11,0.996965091635306
seq804@9,seq12219@7,0.9999999999999999
seq804@9,seq347@84,0.9999999999999999
seq804@9,seq24325@7,0.9999999999999999
seq804@9,seq762@26,0.9999999999999999
seq804@9,seq9045@6,0.9999999999999999
seq804@9,seq1062@22,0.9999999999999999
seq804@9,seq11877@7,0.9999999999999999
seq804@9,seq3868@20,0.9999999999999999
seq804@9,seq2340@41,0.9999999999999999
seq804@9,seq9698@6,0.9999999999999999
seq804@9,seq2229@7,0.9999999999999999
seq804@9,seq1169@78,0.9999999999999999
seq804@9,seq2868@5,0.9999999999999999
seq804@9,seq4564@7,0.9999999999999999
seq804@9,seq1376@21,0.9878787878787878
seq804@9,seq3502@5,0.9999999999999999
seq804@9,seq13938@8,0.9999999999999999
seq804@9,seq629@101,0.9999999999999999
seq804@9,seq4326@5,0.9999999999999999
seq804@9,seq147@8,0.9999999999999999
seq804@9,seq304@65,0.9999999999999999
seq804@9,seq7359@5,0.9999999999999999
seq804@9,seq5131@10,0.9999999999999999
seq804@9,seq7760@5,0.9999999999999999
seq804@9,seq109@26,0.9999999999999999
seq804@9,seq9913@5,0.9999999999999999
seq804@9,seq10957@23,0.9999999999999999
seq804@9,seq1472@61,0.9999999999999999
seq804@9,seq12569@5,0.9999999999999999
seq804@9,seq18928@9,0.9999999999999999
seq804@9,seq16760@5,0.9999999999999999
seq804@9,seq732@44,0.9999999999999999
seq804@9,seq8386@19,0.9999999999999999
seq804@9,seq4165@10,0.9999999999999999
seq804@9,seq223@39,0.9999999999999999
seq804@9,seq2127@17,0.9878787878787878
seq804@9,seq5880@7,0.9878787878787878
seq804@9,seq1314@44,0.9999999999999999
seq804@9,seq516@43,0.9999999999999999
seq804@9,seq239@42,0.9999999999999999
seq804@9,seq7106@30,0.9999999999999999
seq804@9,seq430@28,0.9999999999999999
seq804@9,seq1204@23,0.9999999999999999
seq804@9,seq2462@16,0.9999999999999999
seq804@9,seq12862@14,0.9999999999999999
seq804@9,seq1280@12,0.9878787878787878
seq804@9,seq16740@11,0.9878787878787878
seq804@9,seq17946@8,0.9999999999999999
seq804@9,seq9187@6,0.9999999999999999
seq804@9,seq2929@5,0.9999999999999999
seq804@9,seq991@17,0.9999999999999999
seq804@9,seq1934@40,0.9999999999999999
seq804@9,seq8@44677,0.9999999999999999
seq804@9,seq2461@27,0.9999999999999999
seq11725@11,seq12219@7,0.9969650916353059
seq11725@11,seq347@84,0.9969650916353059
seq11725@11,seq24325@7,0.9969650916353059
seq11725@11,seq762@26,0.9969650916353059
seq11725@11,seq9045@6,0.9969650916353059
seq11725@11,seq1062@22,0.9969650916353059
seq11725@11,seq11877@7,0.9969650916353059
seq11725@11,seq3868@20,0.9969650916353059
seq11725@11,seq2340@41,0.9969650916353059
seq11725@11,seq9698@6,0.9969650916353059
seq11725@11,seq2229@7,0.9969650916353059
seq11725@11,seq1169@78,0.9969650916353059
seq11725@11,seq2868@5,0.9969650916353059
seq11725@11,seq4564@7,0.9969650916353059
seq11725@11,seq1376@21,0.978727925324904
seq11725@11,seq3502@5,0.9969650916353059
seq11725@11,seq13938@8,0.9969650916353059
seq11725@11,seq629@101,0.9969650916353059
seq11725@11,seq4326@5,0.9969650916353059
seq11725@11,seq147@8,0.9969650916353059
seq11725@11,seq304@65,0.9969650916353059
seq11725@11,seq7359@5,0.9969650916353059
seq11725@11,seq5131@10,0.9969650916353059
seq11725@11,seq7760@5,0.9969650916353059
seq11725@11,seq109@26,0.9969650916353059
seq11725@11,seq9913@5,0.9969650916353059
seq11725@11,seq10957@23,0.9969650916353059
seq11725@11,seq1472@61,0.9969650916353059
seq11725@11,seq12569@5,0.9969650916353059
seq11725@11,seq18928@9,0.9969650916353059
seq11725@11,seq16760@5,0.9969650916353059
seq11725@11,seq732@44,0.9969650916353059
seq11725@11,seq8386@19,0.9969650916353059
seq11725@11,seq4165@10,0.9969650916353059
seq11725@11,seq223@39,0.9969650916353059
seq11725@11,seq2127@17,0.978727925324904
seq11725@11,seq5880@7,0.978727925324904
seq11725@11,seq1314@44,0.9969650916353059
seq11725@11,seq516@43,0.9969650916353059
seq11725@11,seq239@42,0.9969650916353059
seq11725@11,seq7106@30,0.9969650916353059
seq11725@11,seq430@28,0.9969650916353059
seq11725@11,seq1204@23,0.9969650916353059
seq11725@11,seq2462@16,0.9969650916353059
seq11725@11,seq12862@14,0.9969650916353059
seq11725@11,seq1280@12,0.9848069807617046
seq11725@11,seq16740@11,0.9848069807617046
seq11725@11,seq17946@8,0.9969650916353059
seq11725@11,seq9187@6,0.9969650916353059
seq11725@11,seq2929@5,0.9969650916353059
seq11725@11,seq991@17,0.9969650916353059
seq11725@11,seq1934@40,0.9969650916353059
seq11725@11,seq8@44677,0.9969650916353059
seq11725@11,seq2461@27,0.9969650916353059
seq12219@7,seq347@84,0.9999999999999999
seq12219@7,seq24325@7,0.9999999999999999
seq12219@7,seq762@26,0.9999999999999999
seq12219@7,seq9045@6,0.9999999999999999
seq12219@7,seq1062@22,0.9999999999999999
seq12219@7,seq11877@7,0.9999999999999999
seq12219@7,seq3868@20,0.9999999999999999
seq12219@7,seq2340@41,0.9999999999999999
seq12219@7,seq9698@6,0.9999999999999999
seq12219@7,seq2229@7,0.9999999999999999
seq12219@7,seq1169@78,0.9999999999999999
seq12219@7,seq2868@5,0.9999999999999999
seq12219@7,seq4564@7,0.9999999999999999
seq12219@7,seq1376@21,0.9878787878787878
seq12219@7,seq3502@5,0.9999999999999999
seq12219@7,seq13938@8,0.9999999999999999
seq12219@7,seq629@101,0.9999999999999999
seq12219@7,seq4326@5,0.9999999999999999
seq12219@7,seq147@8,0.9999999999999999
seq12219@7,seq304@65,0.9999999999999999
seq12219@7,seq7359@5,0.9999999999999999
seq12219@7,seq5131@10,0.9999999999999999
seq12219@7,seq7760@5,0.9999999999999999
seq12219@7,seq109@26,0.9999999999999999
seq12219@7,seq9913@5,0.9999999999999999
seq12219@7,seq10957@23,0.9999999999999999
seq12219@7,seq1472@61,0.9999999999999999
seq12219@7,seq12569@5,0.9999999999999999
seq12219@7,seq18928@9,0.9999999999999999
seq12219@7,seq16760@5,0.9999999999999999
seq12219@7,seq732@44,0.9999999999999999
seq12219@7,seq8386@19,0.9999999999999999
seq12219@7,seq4165@10,0.9999999999999999
seq12219@7,seq223@39,0.9999999999999999
seq12219@7,seq2127@17,0.9878787878787878
seq12219@7,seq5880@7,0.9878787878787878
seq12219@7,seq1314@44,0.9999999999999999
seq12219@7,seq516@43,0.9999999999999999
seq12219@7,seq239@42,0.9999999999999999
seq12219@7,seq7106@30,0.9999999999999999
seq12219@7,seq430@28,0.9999999999999999
seq12219@7,seq1204@23,0.9999999999999999
seq12219@7,seq2462@16,0.9999999999999999
seq12219@7,seq12862@14,0.9999999999999999
seq12219@7,seq1280@12,0.9878787878787878
seq12219@7,seq16740@11,0.9878787878787878
seq12219@7,seq17946@8,0.9999999999999999
seq12219@7,seq9187@6,0.9999999999999999
seq12219@7,seq2929@5,0.9999999999999999
seq12219@7,seq991@17,0.9999999999999999
seq12219@7,seq1934@40,0.9999999999999999
seq12219@7,seq8@44677,0.9999999999999999
seq12219@7,seq2461@27,0.9999999999999999
seq347@84,seq24325@7,0.9999999999999999
seq347@84,seq762@26,0.9999999999999999
seq347@84,seq9045@6,0.9999999999999999
seq347@84,seq1062@22,0.9999999999999999
seq347@84,seq11877@7,0.9999999999999999
seq347@84,seq3868@20,0.9999999999999999
seq347@84,seq2340@41,0.9999999999999999
seq347@84,seq9698@6,0.9999999999999999
seq347@84,seq2229@7,0.9999999999999999
seq347@84,seq1169@78,0.9999999999999999
seq347@84,seq2868@5,0.9999999999999999
seq347@84,seq4564@7,0.9999999999999999
seq347@84,seq1376@21,0.9878787878787878
seq347@84,seq3502@5,0.9999999999999999
seq347@84,seq13938@8,0.9999999999999999
seq347@84,seq629@101,0.9999999999999999
seq347@84,seq4326@5,0.9999999999999999
seq347@84,seq147@8,0.9999999999999999
seq347@84,seq304@65,0.9999999999999999
seq347@84,seq7359@5,0.9999999999999999
seq347@84,seq5131@10,0.9999999999999999
seq347@84,seq7760@5,0.9999999999999999
seq347@84,seq109@26,0.9999999999999999
seq347@84,seq9913@5,0.9999999999999999
seq347@84,seq10957@23,0.9999999999999999
seq347@84,seq1472@61,0.9999999999999999
seq347@84,seq12569@5,0.9999999999999999
seq347@84,seq18928@9,0.9999999999999999
seq347@84,seq16760@5,0.9999999999999999
seq347@84,seq732@44,0.9999999999999999
seq347@84,seq8386@19,0.9999999999999999
seq347@84,seq4165@10,0.9999999999999999
seq347@84,seq223@39,0.9999999999999999
seq347@84,seq2127@17,0.9878787878787878
seq347@84,seq5880@7,0.9878787878787878
seq347@84,seq1314@44,0.9999999999999999
seq347@84,seq516@43,0.9999999999999999
seq347@84,seq239@42,0.9999999999999999
seq347@84,seq7106@30,0.9999999999999999
seq347@84,seq430@28,0.9999999999999999
seq347@84,seq1204@23,0.9999999999999999
seq347@84,seq2462@16,0.9999999999999999
seq347@84,seq12862@14,0.9999999999999999
seq347@84,seq1280@12,0.9878787878787878
seq347@84,seq16740@11,0.9878787878787878
seq347@84,seq17946@8,0.9999999999999999
seq347@84,seq9187@6,0.9999999999999999
seq347@84,seq2929@5,0.9999999999999999
seq347@84,seq991@17,0.9999999999999999
seq347@84,seq1934@40,0.9999999999999999
seq347@84,seq8@44677,0.9999999999999999
seq347@84,seq2461@27,0.9999999999999999
seq24325@7,seq762@26,0.9999999999999999
seq24325@7,seq9045@6,0.9999999999999999
seq24325@7,seq1062@22,0.9999999999999999
seq24325@7,seq11877@7,0.9999999999999999
seq24325@7,seq3868@20,0.9999999999999999
seq24325@7,seq2340@41,0.9999999999999999
seq24325@7,seq9698@6,0.9999999999999999
seq24325@7,seq2229@7,0.9999999999999999
seq24325@7,seq1169@78,0.9999999999999999
seq24325@7,seq2868@5,0.9999999999999999
seq24325@7,seq4564@7,0.9999999999999999
seq24325@7,seq1376@21,0.9878787878787878
seq24325@7,seq3502@5,0.9999999999999999
seq24325@7,seq13938@8,0.9999999999999999
seq24325@7,seq629@101,0.9999999999999999
seq24325@7,seq4326@5,0.9999999999999999
seq24325@7,seq147@8,0.9999999999999999
seq24325@7,seq304@65,0.9999999999999999
seq24325@7,seq7359@5,0.9999999999999999
seq24325@7,seq5131@10,0.9999999999999999
seq24325@7,seq7760@5,0.9999999999999999
seq24325@7,seq109@26,0.9999999999999999
seq24325@7,seq9913@5,0.9999999999999999
seq24325@7,seq10957@23,0.9999999999999999
seq24325@7,seq1472@61,0.9999999999999999
seq24325@7,seq12569@5,0.9999999999999999
seq24325@7,seq18928@9,0.9999999999999999
seq24325@7,seq16760@5,0.9999999999999999
seq24325@7,seq732@44,0.9999999999999999
seq24325@7,seq8386@19,0.9999999999999999
seq24325@7,seq4165@10,0.9999999999999999
seq24325@7,seq223@39,0.9999999999999999
seq24325@7,seq2127@17,0.9878787878787878
seq24325@7,seq5880@7,0.9878787878787878
seq24325@7,seq1314@44,0.9999999999999999
seq24325@7,seq516@43,0.9999999999999999
seq24325@7,seq239@42,0.9999999999999999
seq24325@7,seq7106@30,0.9999999999999999
seq24325@7,seq430@28,0.9999999999999999
seq24325@7,seq1204@23,0.9999999999999999
seq24325@7,seq2462@16,0.9999999999999999
seq24325@7,seq12862@14,0.9999999999999999
seq24325@7,seq1280@12,0.9878787878787878
seq24325@7,seq16740@11,0.9878787878787878
seq24325@7,seq17946@8,0.9999999999999999
seq24325@7,seq9187@6,0.9999999999999999
seq24325@7,seq2929@5,0.9999999999999999
seq24325@7,seq991@17,0.9999999999999999
seq24325@7,seq1934@40,0.9999999999999999
seq24325@7,seq8@44677,0.9999999999999999
seq24325@7,seq2461@27,0.9999999999999999
seq762@26,seq9045@6,0.9999999999999999
seq762@26,seq1062@22,0.9999999999999999
seq762@26,seq11877@7,0.9999999999999999
seq762@26,seq3868@20,0.9999999999999999
seq762@26,seq2340@41,0.9999999999999999
seq762@26,seq9698@6,0.9999999999999999
seq762@26,seq2229@7,0.9999999999999999
seq762@26,seq1169@78,0.9999999999999999
seq762@26,seq2868@5,0.9999999999999999
seq762@26,seq4564@7,0.9999999999999999
seq762@26,seq1376@21,0.9878787878787878
seq762@26,seq3502@5,0.9999999999999999
seq762@26,seq13938@8,0.9999999999999999
seq762@26,seq629@101,0.9999999999999999
seq762@26,seq4326@5,0.9999999999999999
seq762@26,seq147@8,0.9999999999999999
seq762@26,seq304@65,0.9999999999999999
seq762@26,seq7359@5,0.9999999999999999
seq762@26,seq5131@10,0.9999999999999999
seq762@26,seq7760@5,0.9999999999999999
seq762@26,seq109@26,0.9999999999999999
seq762@26,seq9913@5,0.9999999999999999
seq762@26,seq10957@23,0.9999999999999999
seq762@26,seq1472@61,0.9999999999999999
seq762@26,seq12569@5,0.9999999999999999
seq762@26,seq18928@9,0.9999999999999999
seq762@26,seq16760@5,0.9999999999999999
seq762@26,seq732@44,0.9999999999999999
seq762@26,seq8386@19,0.9999999999999999
seq762@26,seq4165@10,0.9999999999999999
seq762@26,seq223@39,0.9999999999999999
seq762@26,seq2127@17,0.9878787878787878
seq762@26,seq5880@7,0.9878787878787878
seq762@26,seq1314@44,0.9999999999999999
seq762@26,seq516@43,0.9999999999999999
seq762@26,seq239@42,0.9999999999999999
seq762@26,seq7106@30,0.9999999999999999
seq762@26,seq430@28,0.9999999999999999
seq762@26,seq1204@23,0.9999999999999999
seq762@26,seq2462@16,0.9999999999999999
seq762@26,seq12862@14,0.9999999999999999
seq762@26,seq1280@12,0.9878787878787878
seq762@26,seq16740@11,0.9878787878787878
seq762@26,seq17946@8,0.9999999999999999
seq762@26,seq9187@6,0.9999999999999999
seq762@26,seq2929@5,0.9999999999999999
seq762@26,seq991@17,0.9999999999999999
seq762@26,seq1934@40,0.9999999999999999
seq762@26,seq8@44677,0.9999999999999999
seq762@26,seq2461@27,0.9999999999999999
seq9045@6,seq1062@22,0.9999999999999999
seq9045@6,seq11877@7,0.9999999999999999
seq9045@6,seq3868@20,0.9999999999999999
seq9045@6,seq2340@41,0.9999999999999999
seq9045@6,seq9698@6,0.9999999999999999
seq9045@6,seq2229@7,0.9999999999999999
seq9045@6,seq1169@78,0.9999999999999999
seq9045@6,seq2868@5,0.9999999999999999
seq9045@6,seq4564@7,0.9999999999999999
seq9045@6,seq1376@21,0.9878787878787878
seq9045@6,seq3502@5,0.9999999999999999
seq9045@6,seq13938@8,0.9999999999999999
seq9045@6,seq629@101,0.9999999999999999
seq9045@6,seq4326@5,0.9999999999999999
seq9045@6,seq147@8,0.9999999999999999
seq9045@6,seq304@65,0.9999999999999999
seq9045@6,seq7359@5,0.9999999999999999
seq9045@6,seq5131@10,0.9999999999999999
seq9045@6,seq7760@5,0.9999999999999999
seq9045@6,seq109@26,0.9999999999999999
seq9045@6,seq9913@5,0.9999999999999999
seq9045@6,seq10957@23,0.9999999999999999
seq9045@6,seq1472@61,0.9999999999999999
seq9045@6,seq12569@5,0.9999999999999999
seq9045@6,seq18928@9,0.9999999999999999
seq9045@6,seq16760@5,0.9999999999999999
seq9045@6,seq732@44,0.9999999999999999
seq9045@6,seq8386@19,0.9999999999999999
seq9045@6,seq4165@10,0.9999999999999999
seq9045@6,seq223@39,0.9999999999999999
seq9045@6,seq2127@17,0.9878787878787878
seq9045@6,seq5880@7,0.9878787878787878
seq9045@6,seq1314@44,0.9999999999999999
seq9045@6,seq516@43,0.9999999999999999
seq9045@6,seq239@42,0.9999999999999999
seq9045@6,seq7106@30,0.9999999999999999
seq9045@6,seq430@28,0.9999999999999999
seq9045@6,seq1204@23,0.9999999999999999
seq9045@6,seq2462@16,0.9999999999999999
seq9045@6,seq12862@14,0.9999999999999999
seq9045@6,seq1280@12,0.9878787878787878
seq9045@6,seq16740@11,0.9878787878787878
seq9045@6,seq17946@8,0.9999999999999999
seq9045@6,seq9187@6,0.9999999999999999
seq9045@6,seq2929@5,0.9999999999999999
seq9045@6,seq991@17,0.9999999999999999
seq9045@6,seq1934@40,0.9999999999999999
seq9045@6,seq8@44677,0.9999999999999999
seq9045@6,seq2461@27,0.9999999999999999
seq1062@22,seq11877@7,0.9999999999999999
seq1062@22,seq3868@20,0.9999999999999999
seq1062@22,seq2340@41,0.9999999999999999
seq1062@22,seq9698@6,0.9999999999999999
seq1062@22,seq2229@7,0.9999999999999999
seq1062@22,seq1169@78,0.9999999999999999
seq1062@22,seq2868@5,0.9999999999999999
seq1062@22,seq4564@7,0.9999999999999999
seq1062@22,seq1376@21,0.9878787878787878
seq1062@22,seq3502@5,0.9999999999999999
seq1062@22,seq13938@8,0.9999999999999999
seq1062@22,seq629@101,0.9999999999999999
seq1062@22,seq4326@5,0.9999999999999999
seq1062@22,seq147@8,0.9999999999999999
seq1062@22,seq304@65,0.9999999999999999
seq1062@22,seq7359@5,0.9999999999999999
seq1062@22,seq5131@10,0.9999999999999999
seq1062@22,seq7760@5,0.9999999999999999
seq1062@22,seq109@26,0.9999999999999999
seq1062@22,seq9913@5,0.9999999999999999
seq1062@22,seq10957@23,0.9999999999999999
seq1062@22,seq1472@61,0.9999999999999999
seq1062@22,seq12569@5,0.9999999999999999
seq1062@22,seq18928@9,0.9999999999999999
seq1062@22,seq16760@5,0.9999999999999999
seq1062@22,seq732@44,0.9999999999999999
seq1062@22,seq8386@19,0.9999999999999999
seq1062@22,seq4165@10,0.9999999999999999
seq1062@22,seq223@39,0.9999999999999999
seq1062@22,seq2127@17,0.9878787878787878
seq1062@22,seq5880@7,0.9878787878787878
seq1062@22,seq1314@44,0.9999999999999999
seq1062@22,seq516@43,0.9999999999999999
seq1062@22,seq239@42,0.9999999999999999
seq1062@22,seq7106@30,0.9999999999999999
seq1062@22,seq430@28,0.9999999999999999
seq1062@22,seq1204@23,0.9999999999999999
seq1062@22,seq2462@16,0.9999999999999999
seq1062@22,seq12862@14,0.9999999999999999
seq1062@22,seq1280@12,0.9878787878787878
seq1062@22,seq16740@11,0.9878787878787878
seq1062@22,seq17946@8,0.9999999999999999
seq1062@22,seq9187@6,0.9999999999999999
seq1062@22,seq2929@5,0.9999999999999999
seq1062@22,seq991@17,0.9999999999999999
seq1062@22,seq1934@40,0.9999999999999999
seq1062@22,seq8@44677,0.9999999999999999
seq1062@22,seq2461@27,0.9999999999999999
seq11877@7,seq3868@20,0.9999999999999999
seq11877@7,seq2340@41,0.9999999999999999
seq11877@7,seq9698@6,0.9999999999999999
seq11877@7,seq2229@7,0.9999999999999999
seq11877@7,seq1169@78,0.9999999999999999
seq11877@7,seq2868@5,0.9999999999999999
seq11877@7,seq4564@7,0.9999999999999999
seq11877@7,seq1376@21,0.9878787878787878
seq11877@7,seq3502@5,0.9999999999999999
seq11877@7,seq13938@8,0.9999999999999999
seq11877@7,seq629@101,0.9999999999999999
seq11877@7,seq4326@5,0.9999999999999999
seq11877@7,seq147@8,0.9999999999999999
seq11877@7,seq304@65,0.9999999999999999
seq11877@7,seq7359@5,0.9999999999999999
seq11877@7,seq5131@10,0.9999999999999999
seq11877@7,seq7760@5,0.9999999999999999
seq11877@7,seq109@26,0.9999999999999999
seq11877@7,seq9913@5,0.9999999999999999
seq11877@7,seq10957@23,0.9999999999999999
seq11877@7,seq1472@61,0.9999999999999999
seq11877@7,seq12569@5,0.9999999999999999
seq11877@7,seq18928@9,0.9999999999999999
seq11877@7,seq16760@5,0.9999999999999999
seq11877@7,seq732@44,0.9999999999999999
seq11877@7,seq8386@19,0.9999999999999999
seq11877@7,seq4165@10,0.9999999999999999
seq11877@7,seq223@39,0.9999999999999999
seq11877@7,seq2127@17,0.9878787878787878
seq11877@7,seq5880@7,0.9878787878787878
seq11877@7,seq1314@44,0.9999999999999999
seq11877@7,seq516@43,0.9999999999999999
seq11877@7,seq239@42,0.9999999999999999
seq11877@7,seq7106@30,0.9999999999999999
seq11877@7,seq430@28,0.9999999999999999
seq11877@7,seq1204@23,0.9999999999999999
seq11877@7,seq2462@16,0.9999999999999999
seq11877@7,seq12862@14,0.9999999999999999
seq11877@7,seq1280@12,0.9878787878787878
seq11877@7,seq16740@11,0.9878787878787878
seq11877@7,seq17946@8,0.9999999999999999
seq11877@7,seq9187@6,0.9999999999999999
seq11877@7,seq2929@5,0.9999999999999999
seq11877@7,seq991@17,0.9999999999999999
seq11877@7,seq1934@40,0.9999999999999999
seq11877@7,seq8@44677,0.9999999999999999
seq11877@7,seq2461@27,0.9999999999999999
seq3868@20,seq2340@41,0.9999999999999999
seq3868@20,seq9698@6,0.9999999999999999
seq3868@20,seq2229@7,0.9999999999999999
seq3868@20,seq1169@78,0.9999999999999999
seq3868@20,seq2868@5,0.9999999999999999
seq3868@20,seq4564@7,0.9999999999999999
seq3868@20,seq1376@21,0.9878787878787878
seq3868@20,seq3502@5,0.9999999999999999
seq3868@20,seq13938@8,0.9999999999999999
seq3868@20,seq629@101,0.9999999999999999
seq3868@20,seq4326@5,0.9999999999999999
seq3868@20,seq147@8,0.9999999999999999
seq3868@20,seq304@65,0.9999999999999999
seq3868@20,seq7359@5,0.9999999999999999
seq3868@20,seq5131@10,0.9999999999999999
seq3868@20,seq7760@5,0.9999999999999999
seq3868@20,seq109@26,0.9999999999999999
seq3868@20,seq9913@5,0.9999999999999999
seq3868@20,seq10957@23,0.9999999999999999
seq3868@20,seq1472@61,0.9999999999999999
seq3868@20,seq12569@5,0.9999999999999999
seq3868@20,seq18928@9,0.9999999999999999
seq3868@20,seq16760@5,0.9999999999999999
seq3868@20,seq732@44,0.9999999999999999
seq3868@20,seq8386@19,0.9999999999999999
seq3868@20,seq4165@10,0.9999999999999999
seq3868@20,seq223@39,0.9999999999999999
seq3868@20,seq2127@17,0.9878787878787878
seq3868@20,seq5880@7,0.9878787878787878
seq3868@20,seq1314@44,0.9999999999999999
seq3868@20,seq516@43,0.9999999999999999
seq3868@20,seq239@42,0.9999999999999999
seq3868@20,seq7106@30,0.9999999999999999
seq3868@20,seq430@28,0.9999999999999999
seq3868@20,seq1204@23,0.9999999999999999
seq3868@20,seq2462@16,0.9999999999999999
seq3868@20,seq12862@14,0.9999999999999999
seq3868@20,seq1280@12,0.9878787878787878
seq3868@20,seq16740@11,0.9878787878787878
seq3868@20,seq17946@8,0.9999999999999999
seq3868@20,seq9187@6,0.9999999999999999
seq3868@20,seq2929@5,0.9999999999999999
seq3868@20,seq991@17,0.9999999999999999
seq3868@20,seq1934@40,0.9999999999999999
seq3868@20,seq8@44677,0.9999999999999999
seq3868@20,seq2461@27,0.9999999999999999
seq2340@41,seq9698@6,0.9999999999999999
seq2340@41,seq2229@7,0.9999999999999999
seq2340@41,seq1169@78,0.9999999999999999
seq2340@41,seq2868@5,0.9999999999999999
seq2340@41,seq4564@7,0.9999999999999999
seq2340@41,seq1376@21,0.9878787878787878
seq2340@41,seq3502@5,0.9999999999999999
seq2340@41,seq13938@8,0.9999999999999999
seq2340@41,seq629@101,0.9999999999999999
seq2340@41,seq4326@5,0.9999999999999999
seq2340@41,seq147@8,0.9999999999999999
seq2340@41,seq304@65,0.9999999999999999
seq2340@41,seq7359@5,0.9999999999999999
seq2340@41,seq5131@10,0.9999999999999999
seq2340@41,seq7760@5,0.9999999999999999
seq2340@41,seq109@26,0.9999999999999999
seq2340@41,seq9913@5,0.9999999999999999
seq2340@41,seq10957@23,0.9999999999999999
seq2340@41,seq1472@61,0.9999999999999999
seq2340@41,seq12569@5,0.9999999999999999
seq2340@41,seq18928@9,0.9999999999999999
seq2340@41,seq16760@5,0.9999999999999999
seq2340@41,seq732@44,0.9999999999999999
seq2340@41,seq8386@19,0.9999999999999999
seq2340@41,seq4165@10,0.9999999999999999
seq2340@41,seq223@39,0.9999999999999999
seq2340@41,seq2127@17,0.9878787878787878
seq2340@41,seq5880@7,0.9878787878787878
seq2340@41,seq1314@44,0.9999999999999999
seq2340@41,seq516@43,0.9999999999999999
seq2340@41,seq239@42,0.9999999999999999
seq2340@41,seq7106@30,0.9999999999999999
seq2340@41,seq430@28,0.9999999999999999
seq2340@41,seq1204@23,0.9999999999999999
seq2340@41,seq2462@16,0.9999999999999999
seq2340@41,seq12862@14,0.9999999999999999
seq2340@41,seq1280@12,0.9878787878787878
seq2340@41,seq16740@11,0.9878787878787878
seq2340@41,seq17946@8,0.9999999999999999
seq2340@41,seq9187@6,0.9999999999999999
seq2340@41,seq2929@5,0.9999999999999999
seq2340@41,seq991@17,0.9999999999999999
seq2340@41,seq1934@40,0.9999999999999999
seq2340@41,seq8@44677,0.9999999999999999
seq2340@41,seq2461@27,0.9999999999999999
seq9698@6,seq2229@7,0.9999999999999999
seq9698@6,seq1169@78,0.9999999999999999
seq9698@6,seq2868@5,0.9999999999999999
seq9698@6,seq4564@7,0.9999999999999999
seq9698@6,seq1376@21,0.9878787878787878
seq9698@6,seq3502@5,0.9999999999999999
seq9698@6,seq13938@8,0.9999999999999999
seq9698@6,seq629@101,0.9999999999999999
seq9698@6,seq4326@5,0.9999999999999999
seq9698@6,seq147@8,0.9999999999999999
seq9698@6,seq304@65,0.9999999999999999
seq9698@6,seq7359@5,0.9999999999999999
seq9698@6,seq5131@10,0.9999999999999999
seq9698@6,seq7760@5,0.9999999999999999
seq9698@6,seq109@26,0.9999999999999999
seq9698@6,seq9913@5,0.9999999999999999
seq9698@6,seq10957@23,0.9999999999999999
seq9698@6,seq1472@61,0.9999999999999999
seq9698@6,seq12569@5,0.9999999999999999
seq9698@6,seq18928@9,0.9999999999999999
seq9698@6,seq16760@5,0.9999999999999999
seq9698@6,seq732@44,0.9999999999999999
seq9698@6,seq8386@19,0.9999999999999999
seq9698@6,seq4165@10,0.9999999999999999
seq9698@6,seq223@39,0.9999999999999999
seq9698@6,seq2127@17,0.9878787878787878
seq9698@6,seq5880@7,0.9878787878787878
seq9698@6,seq1314@44,0.9999999999999999
seq9698@6,seq516@43,0.9999999999999999
seq9698@6,seq239@42,0.9999999999999999
seq9698@6,seq7106@30,0.9999999999999999
seq9698@6,seq430@28,0.9999999999999999
seq9698@6,seq1204@23,0.9999999999999999
seq9698@6,seq2462@16,0.9999999999999999
seq9698@6,seq12862@14,0.9999999999999999
seq9698@6,seq1280@12,0.9878787878787878
seq9698@6,seq16740@11,0.9878787878787878
seq9698@6,seq17946@8,0.9999999999999999
seq9698@6,seq9187@6,0.9999999999999999
seq9698@6,seq2929@5,0.9999999999999999
seq9698@6,seq991@17,0.9999999999999999
seq9698@6,seq1934@40,0.9999999999999999
seq9698@6,seq8@44677,0.9999999999999999
seq9698@6,seq2461@27,0.9999999999999999
seq2229@7,seq1169@78,0.9999999999999999
seq2229@7,seq2868@5,0.9999999999999999
seq2229@7,seq4564@7,0.9999999999999999
seq2229@7,seq1376@21,0.9878787878787878
seq2229@7,seq3502@5,0.9999999999999999
seq2229@7,seq13938@8,0.9999999999999999
seq2229@7,seq629@101,0.9999999999999999
seq2229@7,seq4326@5,0.9999999999999999
seq2229@7,seq147@8,0.9999999999999999
seq2229@7,seq304@65,0.9999999999999999
seq2229@7,seq7359@5,0.9999999999999999
seq2229@7,seq5131@10,0.9999999999999999
seq2229@7,seq7760@5,0.9999999999999999
seq2229@7,seq109@26,0.9999999999999999
seq2229@7,seq9913@5,0.9999999999999999
seq2229@7,seq10957@23,0.9999999999999999
seq2229@7,seq1472@61,0.9999999999999999
seq2229@7,seq12569@5,0.9999999999999999
seq2229@7,seq18928@9,0.9999999999999999
seq2229@7,seq16760@5,0.9999999999999999
seq2229@7,seq732@44,0.9999999999999999
seq2229@7,seq8386@19,0.9999999999999999
seq2229@7,seq4165@10,0.9999999999999999
seq2229@7,seq223@39,0.9999999999999999
seq2229@7,seq2127@17,0.9878787878787878
seq2229@7,seq5880@7,0.9878787878787878
seq2229@7,seq1314@44,0.9999999999999999
seq2229@7,seq516@43,0.9999999999999999
seq2229@7,seq239@42,0.9999999999999999
seq2229@7,seq7106@30,0.9999999999999999
seq2229@7,seq430@28,0.9999999999999999
seq2229@7,seq1204@23,0.9999999999999999
seq2229@7,seq2462@16,0.9999999999999999
seq2229@7,seq12862@14,0.9999999999999999
seq2229@7,seq1280@12,0.9878787878787878
seq2229@7,seq16740@11,0.9878787878787878
seq2229@7,seq17946@8,0.9999999999999999
seq2229@7,seq9187@6,0.9999999999999999
seq2229@7,seq2929@5,0.9999999999999999
seq2229@7,seq991@17,0.9999999999999999
seq2229@7,seq1934@40,0.9999999999999999
seq2229@7,seq8@44677,0.9999999999999999
seq2229@7,seq2461@27,0.9999999999999999
seq1169@78,seq2868@5,0.9999999999999999
seq1169@78,seq4564@7,0.9999999999999999
seq1169@78,seq1376@21,0.9878787878787878
seq1169@78,seq3502@5,0.9999999999999999
seq1169@78,seq13938@8,0.9999999999999999
seq1169@78,seq629@101,0.9999999999999999
seq1169@78,seq4326@5,0.9999999999999999
seq1169@78,seq147@8,0.9999999999999999
seq1169@78,seq304@65,0.9999999999999999
seq1169@78,seq7359@5,0.9999999999999999
seq1169@78,seq5131@10,0.9999999999999999
seq1169@78,seq7760@5,0.9999999999999999
seq1169@78,seq109@26,0.9999999999999999
seq1169@78,seq9913@5,0.9999999999999999
seq1169@78,seq10957@23,0.9999999999999999
seq1169@78,seq1472@61,0.9999999999999999
seq1169@78,seq12569@5,0.9999999999999999
seq1169@78,seq18928@9,0.9999999999999999
seq1169@78,seq16760@5,0.9999999999999999
seq1169@78,seq732@44,0.9999999999999999
seq1169@78,seq8386@19,0.9999999999999999
seq1169@78,seq4165@10,0.9999999999999999
seq1169@78,seq223@39,0.9999999999999999
seq1169@78,seq2127@17,0.9878787878787878
seq1169@78,seq5880@7,0.9878787878787878
seq1169@78,seq1314@44,0.9999999999999999
seq1169@78,seq516@43,0.9999999999999999
seq1169@78,seq239@42,0.9999999999999999
seq1169@78,seq7106@30,0.9999999999999999
seq1169@78,seq430@28,0.9999999999999999
seq1169@78,seq1204@23,0.9999999999999999
seq1169@78,seq2462@16,0.9999999999999999
seq1169@78,seq12862@14,0.9999999999999999
seq1169@78,seq1280@12,0.9878787878787878
seq1169@78,seq16740@11,0.9878787878787878
seq1169@78,seq17946@8,0.9999999999999999
seq1169@78,seq9187@6,0.9999999999999999
seq1169@78,seq2929@5,0.9999999999999999
seq1169@78,seq991@17,0.9999999999999999
seq1169@78,seq1934@40,0.9999999999999999
seq1169@78,seq8@44677,0.9999999999999999
seq1169@78,seq2461@27,0.9999999999999999
seq2868@5,seq4564@7,0.9999999999999999
seq2868@5,seq1376@21,0.9878787878787878
seq2868@5,seq3502@5,0.9999999999999999
seq2868@5,seq13938@8,0.9999999999999999
seq2868@5,seq629@101,0.9999999999999999
seq2868@5,seq4326@5,0.9999999999999999
seq2868@5,seq147@8,0.9999999999999999
seq2868@5,seq304@65,0.9999999999999999
seq2868@5,seq7359@5,0.9999999999999999
seq2868@5,seq5131@10,0.9999999999999999
seq2868@5,seq7760@5,0.9999999999999999
seq2868@5,seq109@26,0.9999999999999999
seq2868@5,seq9913@5,0.9999999999999999
seq2868@5,seq10957@23,0.9999999999999999
seq2868@5,seq1472@61,0.9999999999999999
seq2868@5,seq12569@5,0.9999999999999999
seq2868@5,seq18928@9,0.9999999999999999
seq2868@5,seq16760@5,0.9999999999999999
seq2868@5,seq732@44,0.9999999999999999
seq2868@5,seq8386@19,0.9999999999999999
seq2868@5,seq4165@10,0.9999999999999999
seq2868@5,seq223@39,0.9999999999999999
seq2868@5,seq2127@17,0.9878787878787878
seq2868@5,seq5880@7,0.9878787878787878
seq2868@5,seq1314@44,0.9999999999999999
seq2868@5,seq516@43,0.9999999999999999
seq2868@5,seq239@42,0.9999999999999999
seq2868@5,seq7106@30,0.9999999999999999
seq2868@5,seq430@28,0.9999999999999999
seq2868@5,seq1204@23,0.9999999999999999
seq2868@5,seq2462@16,0.9999999999999999
seq2868@5,seq12862@14,0.9999999999999999
seq2868@5,seq1280@12,0.9878787878787878
seq2868@5,seq16740@11,0.9878787878787878
seq2868@5,seq17946@8,0.9999999999999999
seq2868@5,seq9187@6,0.9999999999999999
seq2868@5,seq2929@5,0.9999999999999999
seq2868@5,seq991@17,0.9999999999999999
seq2868@5,seq1934@40,0.9999999999999999
seq2868@5,seq8@44677,0.9999999999999999
seq2868@5,seq2461@27,0.9999999999999999
seq4564@7,seq1376@21,0.9878787878787878
seq4564@7,seq3502@5,0.9999999999999999
seq4564@7,seq13938@8,0.9999999999999999
seq4564@7,seq629@101,0.9999999999999999
seq4564@7,seq4326@5,0.9999999999999999
seq4564@7,seq147@8,0.9999999999999999
seq4564@7,seq304@65,0.9999999999999999
seq4564@7,seq7359@5,0.9999999999999999
seq4564@7,seq5131@10,0.9999999999999999
seq4564@7,seq7760@5,0.9999999999999999
seq4564@7,seq109@26,0.9999999999999999
seq4564@7,seq9913@5,0.9999999999999999
seq4564@7,seq10957@23,0.9999999999999999
seq4564@7,seq1472@61,0.9999999999999999
seq4564@7,seq12569@5,0.9999999999999999
seq4564@7,seq18928@9,0.9999999999999999
seq4564@7,seq16760@5,0.9999999999999999
seq4564@7,seq732@44,0.9999999999999999
seq4564@7,seq8386@19,0.9999999999999999
seq4564@7,seq4165@10,0.9999999999999999
seq4564@7,seq223@39,0.9999999999999999
seq4564@7,seq2127@17,0.9878787878787878
seq4564@7,seq5880@7,0.9878787878787878
seq4564@7,seq1314@44,0.9999999999999999
seq4564@7,seq516@43,0.9999999999999999
seq4564@7,seq239@42,0.9999999999999999
seq4564@7,seq7106@30,0.9999999999999999
seq4564@7,seq430@28,0.9999999999999999
seq4564@7,seq1204@23,0.9999999999999999
seq4564@7,seq2462@16,0.9999999999999999
seq4564@7,seq12862@14,0.9999999999999999
seq4564@7,seq1280@12,0.9878787878787878
seq4564@7,seq16740@11,0.9878787878787878
seq4564@7,seq17946@8,0.9999999999999999
seq4564@7,seq9187@6,0.9999999999999999
seq4564@7,seq2929@5,0.9999999999999999
seq4564@7,seq991@17,0.9999999999999999
seq4564@7,seq1934@40,0.9999999999999999
seq4564@7,seq8@44677,0.9999999999999999
seq4564@7,seq2461@27,0.9999999999999999
seq1376@21,seq3502@5,0.9878787878787878
seq1376@21,seq13938@8,0.9878787878787878
seq1376@21,seq629@101,0.9878787878787878
seq1376@21,seq4326@5,0.9878787878787878
seq1376@21,seq147@8,0.9878787878787878
seq1376@21,seq304@65,0.9878787878787878
seq1376@21,seq7359@5,0.9878787878787878
seq1376@21,seq5131@10,0.9878787878787878
seq1376@21,seq7760@5,0.9878787878787878
seq1376@21,seq109@26,0.9878787878787878
seq1376@21,seq9913@5,0.9878787878787878
seq1376@21,seq10957@23,0.9878787878787878
seq1376@21,seq1472@61,0.9878787878787878
seq1376@21,seq12569@5,0.9878787878787878
seq1376@21,seq18928@9,0.9878787878787878
seq1376@21,seq16760@5,0.9878787878787878
seq1376@21,seq732@44,0.9878787878787878
seq1376@21,seq8386@19,0.9878787878787878
seq1376@21,seq4165@10,0.9878787878787878
seq1376@21,seq223@39,0.9878787878787878
seq1376@21,seq2127@17,0.9999999999999999
seq1376@21,seq5880@7,0.9999999999999999
seq1376@21,seq1314@44,0.9878787878787878
seq1376@21,seq516@43,0.9878787878787878
seq1376@21,seq239@42,0.9878787878787878
seq1376@21,seq7106@30,0.9878787878787878
seq1376@21,seq430@28,0.9878787878787878
seq1376@21,seq1204@23,0.9878787878787878
seq1376@21,seq2462@16,0.9878787878787878
seq1376@21,seq12862@14,0.9878787878787878
seq1376@21,seq1280@12,0.9757575757575757
seq1376@21,seq16740@11,0.9757575757575757
seq1376@21,seq17946@8,0.9878787878787878
seq1376@21,seq9187@6,0.9878787878787878
seq1376@21,seq2929@5,0.9878787878787878
seq1376@21,seq991@17,0.9878787878787878
seq1376@21,seq1934@40,0.9878787878787878
seq1376@21,seq8@44677,0.9878787878787878
seq1376@21,seq2461@27,0.9878787878787878
seq3502@5,seq13938@8,0.9999999999999999
seq3502@5,seq629@101,0.9999999999999999
seq3502@5,seq4326@5,0.9999999999999999
seq3502@5,seq147@8,0.9999999999999999
seq3502@5,seq304@65,0.9999999999999999
seq3502@5,seq7359@5,0.9999999999999999
seq3502@5,seq5131@10,0.9999999999999999
seq3502@5,seq7760@5,0.9999999999999999
seq3502@5,seq109@26,0.9999999999999999
seq3502@5,seq9913@5,0.9999999999999999
seq3502@5,seq10957@23,0.9999999999999999
seq3502@5,seq1472@61,0.9999999999999999
seq3502@5,seq12569@5,0.9999999999999999
seq3502@5,seq18928@9,0.9999999999999999
seq3502@5,seq16760@5,0.9999999999999999
seq3502@5,seq732@44,0.9999999999999999
seq3502@5,seq8386@19,0.9999999999999999
seq3502@5,seq4165@10,0.9999999999999999
seq3502@5,seq223@39,0.9999999999999999
seq3502@5,seq2127@17,0.9878787878787878
seq3502@5,seq5880@7,0.9878787878787878
seq3502@5,seq1314@44,0.9999999999999999
seq3502@5,seq516@43,0.9999999999999999
seq3502@5,seq239@42,0.9999999999999999
seq3502@5,seq7106@30,0.9999999999999999
seq3502@5,seq430@28,0.9999999999999999
seq3502@5,seq1204@23,0.9999999999999999
seq3502@5,seq2462@16,0.9999999999999999
seq3502@5,seq12862@14,0.9999999999999999
seq3502@5,seq1280@12,0.9878787878787878
seq3502@5,seq16740@11,0.9878787878787878
seq3502@5,seq17946@8,0.9999999999999999
seq3502@5,seq9187@6,0.9999999999999999
seq3502@5,seq2929@5,0.9999999999999999
seq3502@5,seq991@17,0.9999999999999999
seq3502@5,seq1934@40,0.9999999999999999
seq3502@5,seq8@44677,0.9999999999999999
seq3502@5,seq2461@27,0.9999999999999999
seq13938@8,seq629@101,0.9999999999999999
seq13938@8,seq4326@5,0.9999999999999999
seq13938@8,seq147@8,0.9999999999999999
seq13938@8,seq304@65,0.9999999999999999
seq13938@8,seq7359@5,0.9999999999999999
seq13938@8,seq5131@10,0.9999999999999999
seq13938@8,seq7760@5,0.9999999999999999
seq13938@8,seq109@26,0.9999999999999999
seq13938@8,seq9913@5,0.9999999999999999
seq13938@8,seq10957@23,0.9999999999999999
seq13938@8,seq1472@61,0.9999999999999999
seq13938@8,seq12569@5,0.9999999999999999
seq13938@8,seq18928@9,0.9999999999999999
seq13938@8,seq16760@5,0.9999999999999999
seq13938@8,seq732@44,0.9999999999999999
seq13938@8,seq8386@19,0.9999999999999999
seq13938@8,seq4165@10,0.9999999999999999
seq13938@8,seq223@39,0.9999999999999999
seq13938@8,seq2127@17,0.9878787878787878
seq13938@8,seq5880@7,0.9878787878787878
seq13938@8,seq1314@44,0.9999999999999999
seq13938@8,seq516@43,0.9999999999999999
seq13938@8,seq239@42,0.9999999999999999
seq13938@8,seq7106@30,0.9999999999999999
seq13938@8,seq430@28,0.9999999999999999
seq13938@8,seq1204@23,0.9999999999999999
seq13938@8,seq2462@16,0.9999999999999999
seq13938@8,seq12862@14,0.9999999999999999
seq13938@8,seq1280@12,0.9878787878787878
seq13938@8,seq16740@11,0.9878787878787878
seq13938@8,seq17946@8,0.9999999999999999
seq13938@8,seq9187@6,0.9999999999999999
seq13938@8,seq2929@5,0.9999999999999999
seq13938@8,seq991@17,0.9999999999999999
seq13938@8,seq1934@40,0.9999999999999999
seq13938@8,seq8@44677,0.9999999999999999
seq13938@8,seq2461@27,0.9999999999999999
seq629@101,seq4326@5,0.9999999999999999
seq629@101,seq147@8,0.9999999999999999
seq629@101,seq304@65,0.9999999999999999
seq629@101,seq7359@5,0.9999999999999999
seq629@101,seq5131@10,0.9999999999999999
seq629@101,seq7760@5,0.9999999999999999
seq629@101,seq109@26,0.9999999999999999
seq629@101,seq9913@5,0.9999999999999999
seq629@101,seq10957@23,0.9999999999999999
seq629@101,seq1472@61,0.9999999999999999
seq629@101,seq12569@5,0.9999999999999999
seq629@101,seq18928@9,0.9999999999999999
seq629@101,seq16760@5,0.9999999999999999
seq629@101,seq732@44,0.9999999999999999
seq629@101,seq8386@19,0.9999999999999999
seq629@101,seq4165@10,0.9999999999999999
seq629@101,seq223@39,0.9999999999999999
seq629@101,seq2127@17,0.9878787878787878
seq629@101,seq5880@7,0.9878787878787878
seq629@101,seq1314@44,0.9999999999999999
seq629@101,seq516@43,0.9999999999999999
seq629@101,seq239@42,0.9999999999999999
seq629@101,seq7106@30,0.9999999999999999
seq629@101,seq430@28,0.9999999999999999
seq629@101,seq1204@23,0.9999999999999999
seq629@101,seq2462@16,0.9999999999999999
seq629@101,seq12862@14,0.9999999999999999
seq629@101,seq1280@12,0.9878787878787878
seq629@101,seq16740@11,0.9878787878787878
seq629@101,seq17946@8,0.9999999999999999
seq629@101,seq9187@6,0.9999999999999999
seq629@101,seq2929@5,0.9999999999999999
seq629@101,seq991@17,0.9999999999999999
seq629@101,seq1934@40,0.9999999999999999
seq629@101,seq8@44677,0.9999999999999999
seq629@101,seq2461@27,0.9999999999999999
seq4326@5,seq147@8,0.9999999999999999
seq4326@5,seq304@65,0.9999999999999999
seq4326@5,seq7359@5,0.9999999999999999
seq4326@5,seq5131@10,0.9999999999999999
seq4326@5,seq7760@5,0.9999999999999999
seq4326@5,seq109@26,0.9999999999999999
seq4326@5,seq9913@5,0.9999999999999999
seq4326@5,seq10957@23,0.9999999999999999
seq4326@5,seq1472@61,0.9999999999999999
seq4326@5,seq12569@5,0.9999999999999999
seq4326@5,seq18928@9,0.9999999999999999
seq4326@5,seq16760@5,0.9999999999999999
seq4326@5,seq732@44,0.9999999999999999
seq4326@5,seq8386@19,0.9999999999999999
seq4326@5,seq4165@10,0.9999999999999999
seq4326@5,seq223@39,0.9999999999999999
seq4326@5,seq2127@17,0.9878787878787878
seq4326@5,seq5880@7,0.9878787878787878
seq4326@5,seq1314@44,0.9999999999999999
seq4326@5,seq516@43,0.9999999999999999
seq4326@5,seq239@42,0.9999999999999999
seq4326@5,seq7106@30,0.9999999999999999
seq4326@5,seq430@28,0.9999999999999999
seq4326@5,seq1204@23,0.9999999999999999
seq4326@5,seq2462@16,0.9999999999999999
seq4326@5,seq12862@14,0.9999999999999999
seq4326@5,seq1280@12,0.9878787878787878
seq4326@5,seq16740@11,0.9878787878787878
seq4326@5,seq17946@8,0.9999999999999999
seq4326@5,seq9187@6,0.9999999999999999
seq4326@5,seq2929@5,0.9999999999999999
seq4326@5,seq991@17,0.9999999999999999
seq4326@5,seq1934@40,0.9999999999999999
seq4326@5,seq8@44677,0.9999999999999999
seq4326@5,seq2461@27,0.9999999999999999
seq147@8,seq304@65,0.9999999999999999
seq147@8,seq7359@5,0.9999999999999999
seq147@8,seq5131@10,0.9999999999999999
seq147@8,seq7760@5,0.9999999999999999
seq147@8,seq109@26,0.9999999999999999
seq147@8,seq9913@5,0.9999999999999999
seq147@8,seq10957@23,0.9999999999999999
seq147@8,seq1472@61,0.9999999999999999
seq147@8,seq12569@5,0.9999999999999999
seq147@8,seq18928@9,0.9999999999999999
seq147@8,seq16760@5,0.9999999999999999
seq147@8,seq732@44,0.9999999999999999
seq147@8,seq8386@19,0.9999999999999999
seq147@8,seq4165@10,0.9999999999999999
seq147@8,seq223@39,0.9999999999999999
seq147@8,seq2127@17,0.9878787878787878
seq147@8,seq5880@7,0.9878787878787878
seq147@8,seq1314@44,0.9999999999999999
seq147@8,seq516@43,0.9999999999999999
seq147@8,seq239@42,0.9999999999999999
seq147@8,seq7106@30,0.9999999999999999
seq147@8,seq430@28,0.9999999999999999
seq147@8,seq1204@23,0.9999999999999999
seq147@8,seq2462@16,0.9999999999999999
seq147@8,seq12862@14,0.9999999999999999
seq147@8,seq1280@12,0.9878787878787878
seq147@8,seq16740@11,0.9878787878787878
seq147@8,seq17946@8,0.9999999999999999
seq147@8,seq9187@6,0.9999999999999999
seq147@8,seq2929@5,0.9999999999999999
seq147@8,seq991@17,0.9999999999999999
seq147@8,seq1934@40,0.9999999999999999
seq147@8,seq8@44677,0.9999999999999999
seq147@8,seq2461@27,0.9999999999999999
seq304@65,seq7359@5,0.9999999999999999
seq304@65,seq5131@10,0.9999999999999999
seq304@65,seq7760@5,0.9999999999999999
seq304@65,seq109@26,0.9999999999999999
seq304@65,seq9913@5,0.9999999999999999
seq304@65,seq10957@23,0.9999999999999999
seq304@65,seq1472@61,0.9999999999999999
seq304@65,seq12569@5,0.9999999999999999
seq304@65,seq18928@9,0.9999999999999999
seq304@65,seq16760@5,0.9999999999999999
seq304@65,seq732@44,0.9999999999999999
seq304@65,seq8386@19,0.9999999999999999
seq304@65,seq4165@10,0.9999999999999999
seq304@65,seq223@39,0.9999999999999999
seq304@65,seq2127@17,0.9878787878787878
seq304@65,seq5880@7,0.9878787878787878
seq304@65,seq1314@44,0.9999999999999999
seq304@65,seq516@43,0.9999999999999999
seq304@65,seq239@42,0.9999999999999999
seq304@65,seq7106@30,0.9999999999999999
seq304@65,seq430@28,0.9999999999999999
seq304@65,seq1204@23,0.9999999999999999
seq304@65,seq2462@16,0.9999999999999999
seq304@65,seq12862@14,0.9999999999999999
seq304@65,seq1280@12,0.9878787878787878
seq304@65,seq16740@11,0.9878787878787878
seq304@65,seq17946@8,0.9999999999999999
seq304@65,seq9187@6,0.9999999999999999
seq304@65,seq2929@5,0.9999999999999999
seq304@65,seq991@17,0.9999999999999999
seq304@65,seq1934@40,0.9999999999999999
seq304@65,seq8@44677,0.9999999999999999
seq304@65,seq2461@27,0.9999999999999999
seq7359@5,seq5131@10,0.9999999999999999
seq7359@5,seq7760@5,0.9999999999999999
seq7359@5,seq109@26,0.9999999999999999
seq7359@5,seq9913@5,0.9999999999999999
seq7359@5,seq10957@23,0.9999999999999999
seq7359@5,seq1472@61,0.9999999999999999
seq7359@5,seq12569@5,0.9999999999999999
seq7359@5,seq18928@9,0.9999999999999999
seq7359@5,seq16760@5,0.9999999999999999
seq7359@5,seq732@44,0.9999999999999999
seq7359@5,seq8386@19,0.9999999999999999
seq7359@5,seq4165@10,0.9999999999999999
seq7359@5,seq223@39,0.9999999999999999
seq7359@5,seq2127@17,0.9878787878787878
seq7359@5,seq5880@7,0.9878787878787878
seq7359@5,seq1314@44,0.9999999999999999
seq7359@5,seq516@43,0.9999999999999999
seq7359@5,seq239@42,0.9999999999999999
seq7359@5,seq7106@30,0.9999999999999999
seq7359@5,seq430@28,0.9999999999999999
seq7359@5,seq1204@23,0.9999999999999999
seq7359@5,seq2462@16,0.9999999999999999
seq7359@5,seq12862@14,0.9999999999999999
seq7359@5,seq1280@12,0.9878787878787878
seq7359@5,seq16740@11,0.9878787878787878
seq7359@5,seq17946@8,0.9999999999999999
seq7359@5,seq9187@6,0.9999999999999999
seq7359@5,seq2929@5,0.9999999999999999
seq7359@5,seq991@17,0.9999999999999999
seq7359@5,seq1934@40,0.9999999999999999
seq7359@5,seq8@44677,0.9999999999999999
seq7359@5,seq2461@27,0.9999999999999999
seq5131@10,seq7760@5,0.9999999999999999
seq5131@10,seq109@26,0.9999999999999999
seq5131@10,seq9913@5,0.9999999999999999
seq5131@10,seq10957@23,0.9999999999999999
seq5131@10,seq1472@61,0.9999999999999999
seq5131@10,seq12569@5,0.9999999999999999
seq5131@10,seq18928@9,0.9999999999999999
seq5131@10,seq16760@5,0.9999999999999999
seq5131@10,seq732@44,0.9999999999999999
seq5131@10,seq8386@19,0.9999999999999999
seq5131@10,seq4165@10,0.9999999999999999
seq5131@10,seq223@39,0.9999999999999999
seq5131@10,seq2127@17,0.9878787878787878
seq5131@10,seq5880@7,0.9878787878787878
seq5131@10,seq1314@44,0.9999999999999999
seq5131@10,seq516@43,0.9999999999999999
seq5131@10,seq239@42,0.9999999999999999
seq5131@10,seq7106@30,0.9999999999999999
seq5131@10,seq430@28,0.9999999999999999
seq5131@10,seq1204@23,0.9999999999999999
seq5131@10,seq2462@16,0.9999999999999999
seq5131@10,seq12862@14,0.9999999999999999
seq5131@10,seq1280@12,0.9878787878787878
seq5131@10,seq16740@11,0.9878787878787878
seq5131@10,seq17946@8,0.9999999999999999
seq5131@10,seq9187@6,0.9999999999999999
seq5131@10,seq2929@5,0.9999999999999999
seq5131@10,seq991@17,0.9999999999999999
seq5131@10,seq1934@40,0.9999999999999999
seq5131@10,seq8@44677,0.9999999999999999
seq5131@10,seq2461@27,0.9999999999999999
seq7760@5,seq109@26,0.9999999999999999
seq7760@5,seq9913@5,0.9999999999999999
seq7760@5,seq10957@23,0.9999999999999999
seq7760@5,seq1472@61,0.9999999999999999
seq7760@5,seq12569@5,0.9999999999999999
seq7760@5,seq18928@9,0.9999999999999999
seq7760@5,seq16760@5,0.9999999999999999
seq7760@5,seq732@44,0.9999999999999999
seq7760@5,seq8386@19,0.9999999999999999
seq7760@5,seq4165@10,0.9999999999999999
seq7760@5,seq223@39,0.9999999999999999
seq7760@5,seq2127@17,0.9878787878787878
seq7760@5,seq5880@7,0.9878787878787878
seq7760@5,seq1314@44,0.9999999999999999
seq7760@5,seq516@43,0.9999999999999999
seq7760@5,seq239@42,0.9999999999999999
seq7760@5,seq7106@30,0.9999999999999999
seq7760@5,seq430@28,0.9999999999999999
seq7760@5,seq1204@23,0.9999999999999999
seq7760@5,seq2462@16,0.9999999999999999
seq7760@5,seq12862@14,0.9999999999999999
seq7760@5,seq1280@12,0.9878787878787878
seq7760@5,seq16740@11,0.9878787878787878
seq7760@5,seq17946@8,0.9999999999999999
seq7760@5,seq9187@6,0.9999999999999999
seq7760@5,seq2929@5,0.9999999999999999
seq7760@5,seq991@17,0.9999999999999999
seq7760@5,seq1934@40,0.9999999999999999
seq7760@5,seq8@44677,0.9999999999999999
seq7760@5,seq2461@27,0.9999999999999999
seq109@26,seq9913@5,0.9999999999999999
seq109@26,seq10957@23,0.9999999999999999
seq109@26,seq1472@61,0.9999999999999999
seq109@26,seq12569@5,0.9999999999999999
seq109@26,seq18928@9,0.9999999999999999
seq109@26,seq16760@5,0.9999999999999999
seq109@26,seq732@44,0.9999999999999999
seq109@26,seq8386@19,0.9999999999999999
seq109@26,seq4165@10,0.9999999999999999
seq109@26,seq223@39,0.9999999999999999
seq109@26,seq2127@17,0.9878787878787878
seq109@26,seq5880@7,0.9878787878787878
seq109@26,seq1314@44,0.9999999999999999
seq109@26,seq516@43,0.9999999999999999
seq109@26,seq239@42,0.9999999999999999
seq109@26,seq7106@30,0.9999999999999999
seq109@26,seq430@28,0.9999999999999999
seq109@26,seq1204@23,0.9999999999999999
seq109@26,seq2462@16,0.9999999999999999
seq109@26,seq12862@14,0.9999999999999999
seq109@26,seq1280@12,0.9878787878787878
seq109@26,seq16740@11,0.9878787878787878
seq109@26,seq17946@8,0.9999999999999999
seq109@26,seq9187@6,0.9999999999999999
seq109@26,seq2929@5,0.9999999999999999
seq109@26,seq991@17,0.9999999999999999
seq109@26,seq1934@40,0.9999999999999999
seq109@26,seq8@44677,0.9999999999999999
seq109@26,seq2461@27,0.9999999999999999
seq9913@5,seq10957@23,0.9999999999999999
seq9913@5,seq1472@61,0.9999999999999999
seq9913@5,seq12569@5,0.9999999999999999
seq9913@5,seq18928@9,0.9999999999999999
seq9913@5,seq16760@5,0.9999999999999999
seq9913@5,seq732@44,0.9999999999999999
seq9913@5,seq8386@19,0.9999999999999999
seq9913@5,seq4165@10,0.9999999999999999
seq9913@5,seq223@39,0.9999999999999999
seq9913@5,seq2127@17,0.9878787878787878
seq9913@5,seq5880@7,0.9878787878787878
seq9913@5,seq1314@44,0.9999999999999999
seq9913@5,seq516@43,0.9999999999999999
seq9913@5,seq239@42,0.9999999999999999
seq9913@5,seq7106@30,0.9999999999999999
seq9913@5,seq430@28,0.9999999999999999
seq9913@5,seq1204@23,0.9999999999999999
seq9913@5,seq2462@16,0.9999999999999999
seq9913@5,seq12862@14,0.9999999999999999
seq9913@5,seq1280@12,0.9878787878787878
seq9913@5,seq16740@11,0.9878787878787878
seq9913@5,seq17946@8,0.9999999999999999
seq9913@5,seq9187@6,0.9999999999999999
seq9913@5,seq2929@5,0.9999999999999999
seq9913@5,seq991@17,0.9999999999999999
seq9913@5,seq1934@40,0.9999999999999999
seq9913@5,seq8@44677,0.9999999999999999
seq9913@5,seq2461@27,0.9999999999999999
seq10957@23,seq1472@61,0.9999999999999999
seq10957@23,seq12569@5,0.9999999999999999
seq10957@23,seq18928@9,0.9999999999999999
seq10957@23,seq16760@5,0.9999999999999999
seq10957@23,seq732@44,0.9999999999999999
seq10957@23,seq8386@19,0.9999999999999999
seq10957@23,seq4165@10,0.9999999999999999
seq10957@23,seq223@39,0.9999999999999999
seq10957@23,seq2127@17,0.9878787878787878
seq10957@23,seq5880@7,0.9878787878787878
seq10957@23,seq1314@44,0.9999999999999999
seq10957@23,seq516@43,0.9999999999999999
seq10957@23,seq239@42,0.9999999999999999
seq10957@23,seq7106@30,0.9999999999999999
seq10957@23,seq430@28,0.9999999999999999
seq10957@23,seq1204@23,0.9999999999999999
seq10957@23,seq2462@16,0.9999999999999999
seq10957@23,seq12862@14,0.9999999999999999
seq10957@23,seq1280@12,0.9878787878787878
seq10957@23,seq16740@11,0.9878787878787878
seq10957@23,seq17946@8,0.9999999999999999
seq10957@23,seq9187@6,0.9999999999999999
seq10957@23,seq2929@5,0.9999999999999999
seq10957@23,seq991@17,0.9999999999999999
seq10957@23,seq1934@40,0.9999999999999999
seq10957@23,seq8@44677,0.9999999999999999
seq10957@23,seq2461@27,0.9999999999999999
seq1472@61,seq12569@5,0.9999999999999999
seq1472@61,seq18928@9,0.9999999999999999
seq1472@61,seq16760@5,0.9999999999999999
seq1472@61,seq732@44,0.9999999999999999
seq1472@61,seq8386@19,0.9999999999999999
seq1472@61,seq4165@10,0.9999999999999999
seq1472@61,seq223@39,0.9999999999999999
seq1472@61,seq2127@17,0.9878787878787878
seq1472@61,seq5880@7,0.9878787878787878
seq1472@61,seq1314@44,0.9999999999999999
seq1472@61,seq516@43,0.9999999999999999
seq1472@61,seq239@42,0.9999999999999999
seq1472@61,seq7106@30,0.9999999999999999
seq1472@61,seq430@28,0.9999999999999999
seq1472@61,seq1204@23,0.9999999999999999
seq1472@61,seq2462@16,0.9999999999999999
seq1472@61,seq12862@14,0.9999999999999999
seq1472@61,seq1280@12,0.9878787878787878
seq1472@61,seq16740@11,0.9878787878787878
seq1472@61,seq17946@8,0.9999999999999999
seq1472@61,seq9187@6,0.9999999999999999
seq1472@61,seq2929@5,0.9999999999999999
seq1472@61,seq991@17,0.9999999999999999
seq1472@61,seq1934@40,0.9999999999999999
seq1472@61,seq8@44677,0.9999999999999999
seq1472@61,seq2461@27,0.9999999999999999
seq12569@5,seq18928@9,0.9999999999999999
seq12569@5,seq16760@5,0.9999999999999999
seq12569@5,seq732@44,0.9999999999999999
seq12569@5,seq8386@19,0.9999999999999999
seq12569@5,seq4165@10,0.9999999999999999
seq12569@5,seq223@39,0.9999999999999999
seq12569@5,seq2127@17,0.9878787878787878
seq12569@5,seq5880@7,0.9878787878787878
seq12569@5,seq1314@44,0.9999999999999999
seq12569@5,seq516@43,0.9999999999999999
seq12569@5,seq239@42,0.9999999999999999
seq12569@5,seq7106@30,0.9999999999999999
seq12569@5,seq430@28,0.9999999999999999
seq12569@5,seq1204@23,0.9999999999999999
seq12569@5,seq2462@16,0.9999999999999999
seq12569@5,seq12862@14,0.9999999999999999
seq12569@5,seq1280@12,0.9878787878787878
seq12569@5,seq16740@11,0.9878787878787878
seq12569@5,seq17946@8,0.9999999999999999
seq12569@5,seq9187@6,0.9999999999999999
seq12569@5,seq2929@5,0.9999999999999999
seq12569@5,seq991@17,0.9999999999999999
seq12569@5,seq1934@40,0.9999999999999999
seq12569@5,seq8@44677,0.9999999999999999
seq12569@5,seq2461@27,0.9999999999999999
seq18928@9,seq16760@5,0.9999999999999999
seq18928@9,seq732@44,0.9999999999999999
seq18928@9,seq8386@19,0.9999999999999999
seq18928@9,seq4165@10,0.9999999999999999
seq18928@9,seq223@39,0.9999999999999999
seq18928@9,seq2127@17,0.9878787878787878
seq18928@9,seq5880@7,0.9878787878787878
seq18928@9,seq1314@44,0.9999999999999999
seq18928@9,seq516@43,0.9999999999999999
seq18928@9,seq239@42,0.9999999999999999
seq18928@9,seq7106@30,0.9999999999999999
seq18928@9,seq430@28,0.9999999999999999
seq18928@9,seq1204@23,0.9999999999999999
seq18928@9,seq2462@16,0.9999999999999999
seq18928@9,seq12862@14,0.9999999999999999
seq18928@9,seq1280@12,0.9878787878787878
seq18928@9,seq16740@11,0.9878787878787878
seq18928@9,seq17946@8,0.9999999999999999
seq18928@9,seq9187@6,0.9999999999999999
seq18928@9,seq2929@5,0.9999999999999999
seq18928@9,seq991@17,0.9999999999999999
seq18928@9,seq1934@40,0.9999999999999999
seq18928@9,seq8@44677,0.9999999999999999
seq18928@9,seq2461@27,0.9999999999999999
seq16760@5,seq732@44,0.9999999999999999
seq16760@5,seq8386@19,0.9999999999999999
seq16760@5,seq4165@10,0.9999999999999999
seq16760@5,seq223@39,0.9999999999999999
seq16760@5,seq2127@17,0.9878787878787878
seq16760@5,seq5880@7,0.9878787878787878
seq16760@5,seq1314@44,0.9999999999999999
seq16760@5,seq516@43,0.9999999999999999
seq16760@5,seq239@42,0.9999999999999999
seq16760@5,seq7106@30,0.9999999999999999
seq16760@5,seq430@28,0.9999999999999999
seq16760@5,seq1204@23,0.9999999999999999
seq16760@5,seq2462@16,0.9999999999999999
seq16760@5,seq12862@14,0.9999999999999999
seq16760@5,seq1280@12,0.9878787878787878
seq16760@5,seq16740@11,0.9878787878787878
seq16760@5,seq17946@8,0.9999999999999999
seq16760@5,seq9187@6,0.9999999999999999
seq16760@5,seq2929@5,0.9999999999999999
seq16760@5,seq991@17,0.9999999999999999
seq16760@5,seq1934@40,0.9999999999999999
seq16760@5,seq8@44677,0.9999999999999999
seq16760@5,seq2461@27,0.9999999999999999
seq732@44,seq8386@19,0.9999999999999999
seq732@44,seq4165@10,0.9999999999999999
seq732@44,seq223@39,0.9999999999999999
seq732@44,seq2127@17,0.9878787878787878
seq732@44,seq5880@7,0.9878787878787878
seq732@44,seq1314@44,0.9999999999999999
seq732@44,seq516@43,0.9999999999999999
seq732@44,seq239@42,0.9999999999999999
seq732@44,seq7106@30,0.9999999999999999
seq732@44,seq430@28,0.9999999999999999
seq732@44,seq1204@23,0.9999999999999999
seq732@44,seq2462@16,0.9999999999999999
seq732@44,seq12862@14,0.9999999999999999
seq732@44,seq1280@12,0.9878787878787878
seq732@44,seq16740@11,0.9878787878787878
seq732@44,seq17946@8,0.9999999999999999
seq732@44,seq9187@6,0.9999999999999999
seq732@44,seq2929@5,0.9999999999999999
seq732@44,seq991@17,0.9999999999999999
seq732@44,seq1934@40,0.9999999999999999
seq732@44,seq8@44677,0.9999999999999999
seq732@44,seq2461@27,0.9999999999999999
seq8386@19,seq4165@10,0.9999999999999999
seq8386@19,seq223@39,0.9999999999999999
seq8386@19,seq2127@17,0.9878787878787878
seq8386@19,seq5880@7,0.9878787878787878
seq8386@19,seq1314@44,0.9999999999999999
seq8386@19,seq516@43,0.9999999999999999
seq8386@19,seq239@42,0.9999999999999999
seq8386@19,seq7106@30,0.9999999999999999
seq8386@19,seq430@28,0.9999999999999999
seq8386@19,seq1204@23,0.9999999999999999
seq8386@19,seq2462@16,0.9999999999999999
seq8386@19,seq12862@14,0.9999999999999999
seq8386@19,seq1280@12,0.9878787878787878
seq8386@19,seq16740@11,0.9878787878787878
seq8386@19,seq17946@8,0.9999999999999999
seq8386@19,seq9187@6,0.9999999999999999
seq8386@19,seq2929@5,0.9999999999999999
seq8386@19,seq991@17,0.9999999999999999
seq8386@19,seq1934@40,0.9999999999999999
seq8386@19,seq8@44677,0.9999999999999999
seq8386@19,seq2461@27,0.9999999999999999
seq4165@10,seq223@39,0.9999999999999999
seq4165@10,seq2127@17,0.9878787878787878
seq4165@10,seq5880@7,0.9878787878787878
seq4165@10,seq1314@44,0.9999999999999999
seq4165@10,seq516@43,0.9999999999999999
seq4165@10,seq239@42,0.9999999999999999
seq4165@10,seq7106@30,0.9999999999999999
seq4165@10,seq430@28,0.9999999999999999
seq4165@10,seq1204@23,0.9999999999999999
seq4165@10,seq2462@16,0.9999999999999999
seq4165@10,seq12862@14,0.9999999999999999
seq4165@10,seq1280@12,0.9878787878787878
seq4165@10,seq16740@11,0.9878787878787878
seq4165@10,seq17946@8,0.9999999999999999
seq4165@10,seq9187@6,0.9999999999999999
seq4165@10,seq2929@5,0.9999999999999999
seq4165@10,seq991@17,0.9999999999999999
seq4165@10,seq1934@40,0.9999999999999999
seq4165@10,seq8@44677,0.9999999999999999
seq4165@10,seq2461@27,0.9999999999999999
seq223@39,seq2127@17,0.9878787878787878
seq223@39,seq5880@7,0.9878787878787878
seq223@39,seq1314@44,0.9999999999999999
seq223@39,seq516@43,0.9999999999999999
seq223@39,seq239@42,0.9999999999999999
seq223@39,seq7106@30,0.9999999999999999
seq223@39,seq430@28,0.9999999999999999
seq223@39,seq1204@23,0.9999999999999999
seq223@39,seq2462@16,0.9999999999999999
seq223@39,seq12862@14,0.9999999999999999
seq223@39,seq1280@12,0.9878787878787878
seq223@39,seq16740@11,0.9878787878787878
seq223@39,seq17946@8,0.9999999999999999
seq223@39,seq9187@6,0.9999999999999999
seq223@39,seq2929@5,0.9999999999999999
seq223@39,seq991@17,0.9999999999999999
seq223@39,seq1934@40,0.9999999999999999
seq223@39,seq8@44677,0.9999999999999999
seq223@39,seq2461@27,0.9999999999999999
seq2127@17,seq5880@7,0.9999999999999999
seq2127@17,seq1314@44,0.9878787878787878
seq2127@17,seq516@43,0.9878787878787878
seq2127@17,seq239@42,0.9878787878787878
seq2127@17,seq7106@30,0.9878787878787878
seq2127@17,seq430@28,0.9878787878787878
seq2127@17,seq1204@23,0.9878787878787878
seq2127@17,seq2462@16,0.9878787878787878
seq2127@17,seq12862@14,0.9878787878787878
seq2127@17,seq1280@12,0.9757575757575757
seq2127@17,seq16740@11,0.9757575757575757
seq2127@17,seq17946@8,0.9878787878787878
seq2127@17,seq9187@6,0.9878787878787878
seq2127@17,seq2929@5,0.9878787878787878
seq2127@17,seq991@17,0.9878787878787878
seq2127@17,seq1934@40,0.9878787878787878
seq2127@17,seq8@44677,0.9878787878787878
seq2127@17,seq2461@27,0.9878787878787878
seq5880@7,seq1314@44,0.9878787878787878
seq5880@7,seq516@43,0.9878787878787878
seq5880@7,seq239@42,0.9878787878787878
seq5880@7,seq7106@30,0.9878787878787878
seq5880@7,seq430@28,0.9878787878787878
seq5880@7,seq1204@23,0.9878787878787878
seq5880@7,seq2462@16,0.9878787878787878
seq5880@7,seq12862@14,0.9878787878787878
seq5880@7,seq1280@12,0.9757575757575757
seq5880@7,seq16740@11,0.9757575757575757
seq5880@7,seq17946@8,0.9878787878787878
seq5880@7,seq9187@6,0.9878787878787878
seq5880@7,seq2929@5,0.9878787878787878
seq5880@7,seq991@17,0.9878787878787878
seq5880@7,seq1934@40,0.9878787878787878
seq5880@7,seq8@44677,0.9878787878787878
seq5880@7,seq2461@27,0.9878787878787878
seq1314@44,seq516@43,0.9999999999999999
seq1314@44,seq239@42,0.9999999999999999
seq1314@44,seq7106@30,0.9999999999999999
seq1314@44,seq430@28,0.9999999999999999
seq1314@44,seq1204@23,0.9999999999999999
seq1314@44,seq2462@16,0.9999999999999999
seq1314@44,seq12862@14,0.9999999999999999
seq1314@44,seq1280@12,0.9878787878787878
seq1314@44,seq16740@11,0.9878787878787878
seq1314@44,seq17946@8,0.9999999999999999
seq1314@44,seq9187@6,0.9999999999999999
seq1314@44,seq2929@5,0.9999999999999999
seq1314@44,seq991@17,0.9999999999999999
seq1314@44,seq1934@40,0.9999999999999999
seq1314@44,seq8@44677,0.9999999999999999
seq1314@44,seq2461@27,0.9999999999999999
seq516@43,seq239@42,0.9999999999999999
seq516@43,seq7106@30,0.9999999999999999
seq516@43,seq430@28,0.9999999999999999
seq516@43,seq1204@23,0.9999999999999999
seq516@43,seq2462@16,0.9999999999999999
seq516@43,seq12862@14,0.9999999999999999
seq516@43,seq1280@12,0.9878787878787878
seq516@43,seq16740@11,0.9878787878787878
seq516@43,seq17946@8,0.9999999999999999
seq516@43,seq9187@6,0.9999999999999999
seq516@43,seq2929@5,0.9999999999999999
seq516@43,seq991@17,0.9999999999999999
seq516@43,seq1934@40,0.9999999999999999
seq516@43,seq8@44677,0.9999999999999999
seq516@43,seq2461@27,0.9999999999999999
seq239@42,seq7106@30,0.9999999999999999
seq239@42,seq430@28,0.9999999999999999
seq239@42,seq1204@23,0.9999999999999999
seq239@42,seq2462@16,0.9999999999999999
seq239@42,seq12862@14,0.9999999999999999
seq239@42,seq1280@12,0.9878787878787878
seq239@42,seq16740@11,0.9878787878787878
seq239@42,seq17946@8,0.9999999999999999
seq239@42,seq9187@6,0.9999999999999999
seq239@42,seq2929@5,0.9999999999999999
seq239@42,seq991@17,0.9999999999999999
seq239@42,seq1934@40,0.9999999999999999
seq239@42,seq8@44677,0.9999999999999999
seq239@42,seq2461@27,0.9999999999999999
seq7106@30,seq430@28,0.9999999999999999
seq7106@30,seq1204@23,0.9999999999999999
seq7106@30,seq2462@16,0.9999999999999999
seq7106@30,seq12862@14,0.9999999999999999
seq7106@30,seq1280@12,0.9878787878787878
seq7106@30,seq16740@11,0.9878787878787878
seq7106@30,seq17946@8,0.9999999999999999
seq7106@30,seq9187@6,0.9999999999999999
seq7106@30,seq2929@5,0.9999999999999999
seq7106@30,seq991@17,0.9999999999999999
seq7106@30,seq1934@40,0.9999999999999999
seq7106@30,seq8@44677,0.9999999999999999
seq7106@30,seq2461@27,0.9999999999999999
seq430@28,seq1204@23,0.9999999999999999
seq430@28,seq2462@16,0.9999999999999999
seq430@28,seq12862@14,0.9999999999999999
seq430@28,seq1280@12,0.9878787878787878
seq430@28,seq16740@11,0.9878787878787878
seq430@28,seq17946@8,0.9999999999999999
seq430@28,seq9187@6,0.9999999999999999
seq430@28,seq2929@5,0.9999999999999999
seq430@28,seq991@17,0.9999999999999999
seq430@28,seq1934@40,0.9999999999999999
seq430@28,seq8@44677,0.9999999999999999
seq430@28,seq2461@27,0.9999999999999999
seq1204@23,seq2462@16,0.9999999999999999
seq1204@23,seq12862@14,0.9999999999999999
seq1204@23,seq1280@12,0.9878787878787878
seq1204@23,seq16740@11,0.9878787878787878
seq1204@23,seq17946@8,0.9999999999999999
seq1204@23,seq9187@6,0.9999999999999999
seq1204@23,seq2929@5,0.9999999999999999
seq1204@23,seq991@17,0.9999999999999999
seq1204@23,seq1934@40,0.9999999999999999
seq1204@23,seq8@44677,0.9999999999999999
seq1204@23,seq2461@27,0.9999999999999999
seq2462@16,seq12862@14,0.9999999999999999
seq2462@16,seq1280@12,0.9878787878787878
seq2462@16,seq16740@11,0.9878787878787878
seq2462@16,seq17946@8,0.9999999999999999
seq2462@16,seq9187@6,0.9999999999999999
seq2462@16,seq2929@5,0.9999999999999999
seq2462@16,seq991@17,0.9999999999999999
seq2462@16,seq1934@40,0.9999999999999999
seq2462@16,seq8@44677,0.9999999999999999
seq2462@16,seq2461@27,0.9999999999999999
seq12862@14,seq1280@12,0.9878787878787878
seq12862@14,seq16740@11,0.9878787878787878
seq12862@14,seq17946@8,0.9999999999999999
seq12862@14,seq9187@6,0.9999999999999999
seq12862@14,seq2929@5,0.9999999999999999
seq12862@14,seq991@17,0.9999999999999999
seq12862@14,seq1934@40,0.9999999999999999
seq12862@14,seq8@44677,0.9999999999999999
seq12862@14,seq2461@27,0.9999999999999999
seq1280@12,seq16740@11,0.9999999999999999
seq1280@12,seq17946@8,0.9878787878787878
seq1280@12,seq9187@6,0.9878787878787878
seq1280@12,seq2929@5,0.9878787878787878
seq1280@12,seq991@17,0.9878787878787878
seq1280@12,seq1934@40,0.9878787878787878
seq1280@12,seq8@44677,0.9878787878787878
seq1280@12,seq2461@27,0.9878787878787878
seq16740@11,seq17946@8,0.9878787878787878
seq16740@11,seq9187@6,0.9878787878787878
seq16740@11,seq2929@5,0.9878787878787878
seq16740@11,seq991@17,0.9878787878787878
seq16740@11,seq1934@40,0.9878787878787878
seq16740@11,seq8@44677,0.9878787878787878
seq16740@11,seq2461@27,0.9878787878787878
seq17946@8,seq9187@6,0.9999999999999999
seq17946@8,seq2929@5,0.9999999999999999
seq17946@8,seq991@17,0.9999999999999999
seq17946@8,seq1934@40,0.9999999999999999
seq17946@8,seq8@44677,0.9999999999999999
seq17946@8,seq2461@27,0.9999999999999999
seq9187@6,seq2929@5,0.9999999999999999
seq9187@6,seq991@17,0.9999999999999999
seq9187@6,seq1934@40,0.9999999999999999
seq9187@6,seq8@44677,0.9999999999999999
seq9187@6,seq2461@27,0.9999999999999999
seq2929@5,seq991@17,0.9999999999999999
seq2929@5,seq1934@40,0.9999999999999999
seq2929@5,seq8@44677,0.9999999999999999
seq2929@5,seq2461@27,0.9999999999999999
seq991@17,seq1934@40,0.9999999999999999
seq991@17,seq8@44677,0.9999999999999999
seq991@17,seq2461@27,0.9999999999999999
seq1934@40,seq8@44677,0.9999999999999999
seq1934@40,seq2461@27,0.9999999999999999
seq8@44677,seq2461@27,0.9999999999999999
