,seq30374@12,seq139@16,seq132@24,seq31987@5,naive,seq271@50,seq1571@53,seq10531@5,seq5783@17,seq260@22,seq6137@17,seq1325@43,seq4871@15,seq89@23,seq587@93,seq972@14,seq1619@30,seq946@73,seq6571@14,seq3421@23,seq12016@14,seq2489@59,seq4272@13,seq805@20,seq14@21,seq2732@12,seq148@47,seq6721@12,seq2885@12,seq1023@114,seq1237@11,seq2764@29,seq3738@10,seq5183@12,seq454@81,seq4073@9,seq11981@16,seq7437@9,seq24176@13,seq17609@9,seq1830@11,seq114@81,seq1390@7,seq45@70,seq16470@7,seq468@28,seq21628@7,seq497@61,seq10545@6,seq491@17,seq1322@24,seq15913@6,seq9042@6,seq1597@28,seq7556@5,seq778@12,seq8760@5,seq5435@6,seq36@54,seq8769@5,seq2415@16,seq27465@5,seq5916@32,seq759@16,seq1445@46,seq3092@52,seq116@70,seq202@70,seq713@57,seq1636@53,seq332@52,seq2118@50,seq265@48,seq48@37,seq5122@37,seq1145@35,seq4985@24,seq11035@22,seq971@19,seq3317@19,seq5835@14,seq747@13,seq13715@11,seq13285@6,seq40154@6,seq6141@5,seq7206@13,seq24@40423,seq12763@6,seq4111@6
seq30374@12,1.0,0.9999999999999999,0.9999999999999999,0.9999999999999999,0.9999999999999999,0.9999999999999999,0.9999999999999999,0.9999999999999999,0.9999999999999999,0.9999999999999999,0.9878787878787878,0.9999999999999999,0.9999999999999999,0.9636363636363635,0.9999999999999999,0.9999999999999999,0.9999999999999999,0.9999999999999999,0.9999999999999999,0.9999999999999999,0.9999999999999999,0.9636363636363635,0.9999999999999999,0.9999999999999999,0.9999999999999999,0.9999999999999999,0.9999999999999999,0.9999999999999999,0.9999999999999999,0.9999999999999999,0.9999999999999999,0.9999999999999999,0.9999999999999999,0.9999999999999999,0.9999999999999999,0.9878787878787878,0.9999999999999999,0.9636363636363635,0.9999999999999999,0.9999999999999999,0.9999999999999999,0.9999999999999999,0.9999999999999999,0.9999999999999999,0.9999999999999999,0.9999999999999999,0.9999999999999999,0.9999999999999999,0.9999999999999999,0.9999999999999999,0.9999999999999999,0.9999999999999999,0.9999999999999999,0.9999999999999999,0.9999999999999999,0.9999999999999999,0.9878787878787878,0.9999999999999999,0.9999999999999999,0.9999999999999999,0.9999999999999999,0.9999999999999999,0.9999999999999999,0.9999999999999999,0.9999999999999999,0.9999999999999999,0.9999999999999999,0.9999999999999999,0.9999999999999999,0.9999999999999999,0.9878787878787878,0.9999999999999999,0.9999999999999999,0.9878787878787878,0.9999999999999999,0.9999999999999999,0.9999999999999999,0.9878787878787878,0.9999999999999999,0.9999999999999999,0.9878787878787878,0.9878787878787878,0.9999999999999999,0.9999999999999999,0.9999999999999999,0.9999999999999999,0.9878787878787878,0.9999999999999999,0.9999999999999999,0.9999999999999999
seq139@16,0.9999999999999999,1.0,0.9999999999999999,0.9999999999999999,0.9999999999999999,0.9999999999999999,0.9999999999999999,0.9999999999999999,0.9999999999999999,0.9999999999999999,0.9878787878787878,0.9999999999999999,0.9999999999999999,0.9636363636363635,0.9999999999999999,0.9999999999999999,0.9999999999999999,0.9999999999999999,0.9999999999999999,0.9999999999999999,0.9999999999999999,0.9636363636363635,0.9999999999999999,0.9999999999999999,0.9999999999999999,0.9999999999999999,0.9999999999999999,0.9999999999999999,0.9999999999999999,0.9999999999999999,0.9999999999999999,0.9999999999999999,0.9999999999999999,0.9999999999999999,0.9999999999999999,0.9878787878787878,0.9999999999999999,0.9636363636363635,0.9999999999999999,0.9999999999999999,0.9999999999999999,0.9999999999999999,0.9999999999999999,0.9999999999999999,0.9999999999999999,0.9999999999999999,0.9999999999999999,0.9999999999999999,0.9999999999999999,0.9999999999999999,0.9999999999999999,0.9999999999999999,0.9999999999999999,0.9999999999999999,0.9999999999999999,0.9999999999999999,0.9878787878787878,0.9999999999999999,0.9999999999999999,0.9999999999999999,0.9999999999999999,0.9999999999999999,0.9999999999999999,0.9999999999999999,0.9999999999999999,0.9999999999999999,0.9999999999999999,0.9999999999999999,0.9999999999999999,0.9999999999999999,0.9878787878787878,0.9999999999999999,0.9999999999999999,0.9878787878787878,0.9999999999999999,0.9999999999999999,0.9999999999999999,0.9878787878787878,0.9999999999999999,0.9999999999999999,0.9878787878787878,0.9878787878787878,0.9999999999999999,0.9999999999999999,0.9999999999999999,0.9999999999999999,0.9878787878787878,0.9999999999999999,0.9999999999999999,0.9999999999999999
seq132@24,0.9999999999999999,0.9999999999999999,1.0,0.9999999999999999,0.9999999999999999,0.9999999999999999,0.9999999999999999,0.9999999999999999,0.9999999999999999,0.9999999999999999,0.9878787878787878,0.9999999999999999,0.9999999999999999,0.9636363636363635,0.9999999999999999,0.9999999999999999,0.9999999999999999,0.9999999999999999,0.9999999999999999,0.9999999999999999,0.9999999999999999,0.9636363636363635,0.9999999999999999,0.9999999999999999,0.9999999999999999,0.9999999999999999,0.9999999999999999,0.9999999999999999,0.9999999999999999,0.9999999999999999,0.9999999999999999,0.9999999999999999,0.9999999999999999,0.9999999999999999,0.9999999999999999,0.9878787878787878,0.9999999999999999,0.9636363636363635,0.9999999999999999,0.9999999999999999,0.9999999999999999,0.9999999999999999,0.9999999999999999,0.9999999999999999,0.9999999999999999,0.9999999999999999,0.9999999999999999,0.9999999999999999,0.9999999999999999,0.9999999999999999,0.9999999999999999,0.9999999999999999,0.9999999999999999,0.9999999999999999,0.9999999999999999,0.9999999999999999,0.9878787878787878,0.9999999999999999,0.9999999999999999,0.9999999999999999,0.9999999999999999,0.9999999999999999,0.9999999999999999,0.9999999999999999,0.9999999999999999,0.9999999999999999,0.9999999999999999,0.9999999999999999,0.9999999999999999,0.9999999999999999,0.9878787878787878,0.9999999999999999,0.9999999999999999,0.9878787878787878,0.9999999999999999,0.9999999999999999,0.9999999999999999,0.9878787878787878,0.9999999999999999,0.9999999999999999,0.9878787878787878,0.9878787878787878,0.9999999999999999,0.9999999999999999,0.9999999999999999,0.9999999999999999,0.9878787878787878,0.9999999999999999,0.9999999999999999,0.9999999999999999
seq31987@5,0.9999999999999999,0.9999999999999999,0.9999999999999999,1.0,0.9999999999999999,0.9999999999999999,0.9999999999999999,0.9999999999999999,0.9999999999999999,0.9999999999999999,0.9878787878787878,0.9999999999999999,0.9999999999999999,0.9636363636363635,0.9999999999999999,0.9999999999999999,0.9999999999999999,0.9999999999999999,0.9999999999999999,0.9999999999999999,0.9999999999999999,0.9636363636363635,0.9999999999999999,0.9999999999999999,0.9999999999999999,0.9999999999999999,0.9999999999999999,0.9999999999999999,0.9999999999999999,0.9999999999999999,0.9999999999999999,0.9999999999999999,0.9999999999999999,0.9999999999999999,0.9999999999999999,0.9878787878787878,0.9999999999999999,0.9636363636363635,0.9999999999999999,0.9999999999999999,0.9999999999999999,0.9999999999999999,0.9999999999999999,0.9999999999999999,0.9999999999999999,0.9999999999999999,0.9999999999999999,0.9999999999999999,0.9999999999999999,0.9999999999999999,0.9999999999999999,0.9999999999999999,0.9999999999999999,0.9999999999999999,0.9999999999999999,0.9999999999999999,0.9878787878787878,0.9999999999999999,0.9999999999999999,0.9999999999999999,0.9999999999999999,0.9999999999999999,0.9999999999999999,0.9999999999999999,0.9999999999999999,0.9999999999999999,0.9999999999999999,0.9999999999999999,0.9999999999999999,0.9999999999999999,0.9878787878787878,0.9999999999999999,0.9999999999999999,0.9878787878787878,0.9999999999999999,0.9999999999999999,0.9999999999999999,0.9878787878787878,0.9999999999999999,0.9999999999999999,0.9878787878787878,0.9878787878787878,0.9999999999999999,0.9999999999999999,0.9999999999999999,0.9999999999999999,0.9878787878787878,0.9999999999999999,0.9999999999999999,0.9999999999999999
naive,0.9999999999999999,0.9999999999999999,0.9999999999999999,0.9999999999999999,1.0,0.9999999999999999,0.9999999999999999,0.9999999999999999,0.9999999999999999,0.9999999999999999,0.9878787878787878,0.9999999999999999,0.9999999999999999,0.9636363636363635,0.9999999999999999,0.9999999999999999,0.9999999999999999,0.9999999999999999,0.9999999999999999,0.9999999999999999,0.9999999999999999,0.9636363636363635,0.9999999999999999,0.9999999999999999,0.9999999999999999,0.9999999999999999,0.9999999999999999,0.9999999999999999,0.9999999999999999,0.9999999999999999,0.9999999999999999,0.9999999999999999,0.9999999999999999,0.9999999999999999,0.9999999999999999,0.9878787878787878,0.9999999999999999,0.9636363636363635,0.9999999999999999,0.9999999999999999,0.9999999999999999,0.9999999999999999,0.9999999999999999,0.9999999999999999,0.9999999999999999,0.9999999999999999,0.9999999999999999,0.9999999999999999,0.9999999999999999,0.9999999999999999,0.9999999999999999,0.9999999999999999,0.9999999999999999,0.9999999999999999,0.9999999999999999,0.9999999999999999,0.9878787878787878,0.9999999999999999,0.9999999999999999,0.9999999999999999,0.9999999999999999,0.9999999999999999,0.9999999999999999,0.9999999999999999,0.9999999999999999,0.9999999999999999,0.9999999999999999,0.9999999999999999,0.9999999999999999,0.9999999999999999,0.9878787878787878,0.9999999999999999,0.9999999999999999,0.9878787878787878,0.9999999999999999,0.9999999999999999,0.9999999999999999,0.9878787878787878,0.9999999999999999,0.9999999999999999,0.9878787878787878,0.9878787878787878,0.9999999999999999,0.9999999999999999,0.9999999999999999,0.9999999999999999,0.9878787878787878,0.9999999999999999,0.9999999999999999,0.9999999999999999
seq271@50,0.9999999999999999,0.9999999999999999,0.9999999999999999,0.9999999999999999,0.9999999999999999,1.0,0.9999999999999999,0.9999999999999999,0.9999999999999999,0.9999999999999999,0.9878787878787878,0.9999999999999999,0.9999999999999999,0.9636363636363635,0.9999999999999999,0.9999999999999999,0.9999999999999999,0.9999999999999999,0.9999999999999999,0.9999999999999999,0.9999999999999999,0.9636363636363635,0.9999999999999999,0.9999999999999999,0.9999999999999999,0.9999999999999999,0.9999999999999999,0.9999999999999999,0.9999999999999999,0.9999999999999999,0.9999999999999999,0.9999999999999999,0.9999999999999999,0.9999999999999999,0.9999999999999999,0.9878787878787878,0.9999999999999999,0.9636363636363635,0.9999999999999999,0.9999999999999999,0.9999999999999999,0.9999999999999999,0.9999999999999999,0.9999999999999999,0.9999999999999999,0.9999999999999999,0.9999999999999999,0.9999999999999999,0.9999999999999999,0.9999999999999999,0.9999999999999999,0.9999999999999999,0.9999999999999999,0.9999999999999999,0.9999999999999999,0.9999999999999999,0.9878787878787878,0.9999999999999999,0.9999999999999999,0.9999999999999999,0.9999999999999999,0.9999999999999999,0.9999999999999999,0.9999999999999999,0.9999999999999999,0.9999999999999999,0.9999999999999999,0.9999999999999999,0.9999999999999999,0.9999999999999999,0.9878787878787878,0.9999999999999999,0.9999999999999999,0.9878787878787878,0.9999999999999999,0.9999999999999999,0.9999999999999999,0.9878787878787878,0.9999999999999999,0.9999999999999999,0.9878787878787878,0.9878787878787878,0.9999999999999999,0.9999999999999999,0.9999999999999999,0.9999999999999999,0.9878787878787878,0.9999999999999999,0.9999999999999999,0.9999999999999999
seq1571@53,0.9999999999999999,0.9999999999999999,0.9999999999999999,0.9999999999999999,0.9999999999999999,0.9999999999999999,1.0,0.9999999999999999,0.9999999999999999,0.9999999999999999,0.9878787878787878,0.9999999999999999,0.9999999999999999,0.9636363636363635,0.9999999999999999,0.9999999999999999,0.9999999999999999,0.9999999999999999,0.9999999999999999,0.9999999999999999,0.9999999999999999,0.9636363636363635,0.9999999999999999,0.9999999999999999,0.9999999999999999,0.9999999999999999,0.9999999999999999,0.9999999999999999,0.9999999999999999,0.9999999999999999,0.9999999999999999,0.9999999999999999,0.9999999999999999,0.9999999999999999,0.9999999999999999,0.9878787878787878,0.9999999999999999,0.9636363636363635,0.9999999999999999,0.9999999999999999,0.9999999999999999,0.9999999999999999,0.9999999999999999,0.9999999999999999,0.9999999999999999,0.9999999999999999,0.9999999999999999,0.9999999999999999,0.9999999999999999,0.9999999999999999,0.9999999999999999,0.9999999999999999,0.9999999999999999,0.9999999999999999,0.9999999999999999,0.9999999999999999,0.9878787878787878,0.9999999999999999,0.9999999999999999,0.9999999999999999,0.9999999999999999,0.9999999999999999,0.9999999999999999,0.9999999999999999,0.9999999999999999,0.9999999999999999,0.9999999999999999,0.9999999999999999,0.9999999999999999,0.9999999999999999,0.9878787878787878,0.9999999999999999,0.9999999999999999,0.9878787878787878,0.9999999999999999,0.9999999999999999,0.9999999999999999,0.9878787878787878,0.9999999999999999,0.9999999999999999,0.9878787878787878,0.9878787878787878,0.9999999999999999,0.9999999999999999,0.9999999999999999,0.9999999999999999,0.9878787878787878,0.9999999999999999,0.9999999999999999,0.9999999999999999
seq10531@5,0.9999999999999999,0.9999999999999999,0.9999999999999999,0.9999999999999999,0.9999999999999999,0.9999999999999999,0.9999999999999999,1.0,0.9999999999999999,0.9999999999999999,0.9878787878787878,0.9999999999999999,0.9999999999999999,0.9636363636363635,0.9999999999999999,0.9999999999999999,0.9999999999999999,0.9999999999999999,0.9999999999999999,0.9999999999999999,0.9999999999999999,0.9636363636363635,0.9999999999999999,0.9999999999999999,0.9999999999999999,0.9999999999999999,0.9999999999999999,0.9999999999999999,0.9999999999999999,0.9999999999999999,0.9999999999999999,0.9999999999999999,0.9999999999999999,0.9999999999999999,0.9999999999999999,0.9878787878787878,0.9999999999999999,0.9636363636363635,0.9999999999999999,0.9999999999999999,0.9999999999999999,0.9999999999999999,0.9999999999999999,0.9999999999999999,0.9999999999999999,0.9999999999999999,0.9999999999999999,0.9999999999999999,0.9999999999999999,0.9999999999999999,0.9999999999999999,0.9999999999999999,0.9999999999999999,0.9999999999999999,0.9999999999999999,0.9999999999999999,0.9878787878787878,0.9999999999999999,0.9999999999999999,0.9999999999999999,0.9999999999999999,0.9999999999999999,0.9999999999999999,0.9999999999999999,0.9999999999999999,0.9999999999999999,0.9999999999999999,0.9999999999999999,0.9999999999999999,0.9999999999999999,0.9878787878787878,0.9999999999999999,0.9999999999999999,0.9878787878787878,0.9999999999999999,0.9999999999999999,0.9999999999999999,0.9878787878787878,0.9999999999999999,0.9999999999999999,0.9878787878787878,0.9878787878787878,0.9999999999999999,0.9999999999999999,0.9999999999999999,0.9999999999999999,0.9878787878787878,0.9999999999999999,0.9999999999999999,0.9999999999999999
seq5783@17,0.9999999999999999,0.9999999999999999,0.9999999999999999,0.9999999999999999,0.9999999999999999,0.9999999999999999,0.9999999999999999,0.9999999999999999,1.0,0.9999999999999999,0.9878787878787878,0.9999999999999999,0.9999999999999999,0.9636363636363635,0.9999999999999999,0.9999999999999999,0.9999999999999999,0.9999999999999999,0.9999999999999999,0.9999999999999999,0.9999999999999999,0.9636363636363635,0.9999999999999999,0.9999999999999999,0.9999999999999999,0.9999999999999999,0.9999999999999999,0.9999999999999999,0.9999999999999999,0.9999999999999999,0.9999999999999999,0.9999999999999999,0.9999999999999999,0.9999999999999999,0.9999999999999999,0.9878787878787878,0.9999999999999999,0.9636363636363635,0.9999999999999999,0.9999999999999999,0.9999999999999999,0.9999999999999999,0.9999999999999999,0.9999999999999999,0.9999999999999999,0.9999999999999999,0.9999999999999999,0.9999999999999999,0.9999999999999999,0.9999999999999999,0.9999999999999999,0.9999999999999999,0.9999999999999999,0.9999999999999999,0.9999999999999999,0.9999999999999999,0.9878787878787878,0.9999999999999999,0.9999999999999999,0.9999999999999999,0.9999999999999999,0.9999999999999999,0.9999999999999999,0.9999999999999999,0.9999999999999999,0.9999999999999999,0.9999999999999999,0.9999999999999999,0.9999999999999999,0.9999999999999999,0.9878787878787878,0.9999999999999999,0.9999999999999999,0.9878787878787878,0.9999999999999999,0.9999999999999999,0.9999999999999999,0.9878787878787878,0.9999999999999999,0.9999999999999999,0.9878787878787878,0.9878787878787878,0.9999999999999999,0.9999999999999999,0.9999999999999999,0.9999999999999999,0.9878787878787878,0.9999999999999999,0.9999999999999999,0.9999999999999999
seq260@22,0.9999999999999999,0.9999999999999999,0.9999999999999999,0.9999999999999999,0.9999999999999999,0.9999999999999999,0.9999999999999999,0.9999999999999999,0.9999999999999999,1.0,0.9878787878787878,0.9999999999999999,0.9999999999999999,0.9636363636363635,0.9999999999999999,0.9999999999999999,0.9999999999999999,0.9999999999999999,0.9999999999999999,0.9999999999999999,0.9999999999999999,0.9636363636363635,0.9999999999999999,0.9999999999999999,0.9999999999999999,0.9999999999999999,0.9999999999999999,0.9999999999999999,0.9999999999999999,0.9999999999999999,0.9999999999999999,0.9999999999999999,0.9999999999999999,0.9999999999999999,0.9999999999999999,0.9878787878787878,0.9999999999999999,0.9636363636363635,0.9999999999999999,0.9999999999999999,0.9999999999999999,0.9999999999999999,0.9999999999999999,0.9999999999999999,0.9999999999999999,0.9999999999999999,0.9999999999999999,0.9999999999999999,0.9999999999999999,0.9999999999999999,0.9999999999999999,0.9999999999999999,0.9999999999999999,0.9999999999999999,0.9999999999999999,0.9999999999999999,0.9878787878787878,0.9999999999999999,0.9999999999999999,0.9999999999999999,0.9999999999999999,0.9999999999999999,0.9999999999999999,0.9999999999999999,0.9999999999999999,0.9999999999999999,0.9999999999999999,0.9999999999999999,0.9999999999999999,0.9999999999999999,0.9878787878787878,0.9999999999999999,0.9999999999999999,0.9878787878787878,0.9999999999999999,0.9999999999999999,0.9999999999999999,0.9878787878787878,0.9999999999999999,0.9999999999999999,0.9878787878787878,0.9878787878787878,0.9999999999999999,0.9999999999999999,0.9999999999999999,0.9999999999999999,0.9878787878787878,0.9999999999999999,0.9999999999999999,0.9999999999999999
seq6137@17,0.9878787878787878,0.9878787878787878,0.9878787878787878,0.9878787878787878,0.9878787878787878,0.9878787878787878,0.9878787878787878,0.9878787878787878,0.9878787878787878,0.9878787878787878,1.0,0.9878787878787878,0.9878787878787878,0.9515151515151514,0.9878787878787878,0.9878787878787878,0.9878787878787878,0.9878787878787878,0.9878787878787878,0.9878787878787878,0.9878787878787878,0.9515151515151514,0.9878787878787878,0.9878787878787878,0.9878787878787878,0.9878787878787878,0.9878787878787878,0.9878787878787878,0.9878787878787878,0.9878787878787878,0.9878787878787878,0.9878787878787878,0.9878787878787878,0.9878787878787878,0.9878787878787878,0.9999999999999999,0.9878787878787878,0.9515151515151514,0.9878787878787878,0.9878787878787878,0.9878787878787878,0.9878787878787878,0.9878787878787878,0.9878787878787878,0.9878787878787878,0.9878787878787878,0.9878787878787878,0.9878787878787878,0.9878787878787878,0.9878787878787878,0.9878787878787878,0.9878787878787878,0.9878787878787878,0.9878787878787878,0.9878787878787878,0.9878787878787878,0.9757575757575757,0.9878787878787878,0.9878787878787878,0.9878787878787878,0.9878787878787878,0.9878787878787878,0.9878787878787878,0.9878787878787878,0.9878787878787878,0.9878787878787878,0.9878787878787878,0.9878787878787878,0.9878787878787878,0.9878787878787878,0.9999999999999999,0.9878787878787878,0.9878787878787878,0.9757575757575757,0.9878787878787878,0.9878787878787878,0.9878787878787878,0.9757575757575757,0.9878787878787878,0.9878787878787878,0.9999999999999999,0.9757575757575757,0.9878787878787878,0.9878787878787878,0.9878787878787878,0.9878787878787878,0.9757575757575757,0.9878787878787878,0.9878787878787878,0.9878787878787878
seq1325@43,0.9999999999999999,0.9999999999999999,0.9999999999999999,0.9999999999999999,0.9999999999999999,0.9999999999999999,0.9999999999999999,0.9999999999999999,0.9999999999999999,0.9999999999999999,0.9878787878787878,1.0,0.9999999999999999,0.9636363636363635,0.9999999999999999,0.9999999999999999,0.9999999999999999,0.9999999999999999,0.9999999999999999,0.9999999999999999,0.9999999999999999,0.9636363636363635,0.9999999999999999,0.9999999999999999,0.9999999999999999,0.9999999999999999,0.9999999999999999,0.9999999999999999,0.9999999999999999,0.9999999999999999,0.9999999999999999,0.9999999999999999,0.9999999999999999,0.9999999999999999,0.9999999999999999,0.9878787878787878,0.9999999999999999,0.9636363636363635,0.9999999999999999,0.9999999999999999,0.9999999999999999,0.9999999999999999,0.9999999999999999,0.9999999999999999,0.9999999999999999,0.9999999999999999,0.9999999999999999,0.9999999999999999,0.9999999999999999,0.9999999999999999,0.9999999999999999,0.9999999999999999,0.9999999999999999,0.9999999999999999,0.9999999999999999,0.9999999999999999,0.9878787878787878,0.9999999999999999,0.9999999999999999,0.9999999999999999,0.9999999999999999,0.9999999999999999,0.9999999999999999,0.9999999999999999,0.9999999999999999,0.9999999999999999,0.9999999999999999,0.9999999999999999,0.9999999999999999,0.9999999999999999,0.9878787878787878,0.9999999999999999,0.9999999999999999,0.9878787878787878,0.9999999999999999,0.9999999999999999,0.9999999999999999,0.9878787878787878,0.9999999999999999,0.9999999999999999,0.9878787878787878,0.9878787878787878,0.9999999999999999,0.9999999999999999,0.9999999999999999,0.9999999999999999,0.9878787878787878,0.9999999999999999,0.9999999999999999,0.9999999999999999
seq4871@15,0.9999999999999999,0.9999999999999999,0.9999999999999999,0.9999999999999999,0.9999999999999999,0.9999999999999999,0.9999999999999999,0.9999999999999999,0.9999999999999999,0.9999999999999999,0.9878787878787878,0.9999999999999999,1.0,0.9636363636363635,0.9999999999999999,0.9999999999999999,0.9999999999999999,0.9999999999999999,0.9999999999999999,0.9999999999999999,0.9999999999999999,0.9636363636363635,0.9999999999999999,0.9999999999999999,0.9999999999999999,0.9999999999999999,0.9999999999999999,0.9999999999999999,0.9999999999999999,0.9999999999999999,0.9999999999999999,0.9999999999999999,0.9999999999999999,0.9999999999999999,0.9999999999999999,0.9878787878787878,0.9999999999999999,0.9636363636363635,0.9999999999999999,0.9999999999999999,0.9999999999999999,0.9999999999999999,0.9999999999999999,0.9999999999999999,0.9999999999999999,0.9999999999999999,0.9999999999999999,0.9999999999999999,0.9999999999999999,0.9999999999999999,0.9999999999999999,0.9999999999999999,0.9999999999999999,0.9999999999999999,0.9999999999999999,0.9999999999999999,0.9878787878787878,0.9999999999999999,0.9999999999999999,0.9999999999999999,0.9999999999999999,0.9999999999999999,0.9999999999999999,0.9999999999999999,0.9999999999999999,0.9999999999999999,0.9999999999999999,0.9999999999999999,0.9999999999999999,0.9999999999999999,0.9878787878787878,0.9999999999999999,0.9999999999999999,0.9878787878787878,0.9999999999999999,0.9999999999999999,0.9999999999999999,0.9878787878787878,0.9999999999999999,0.9999999999999999,0.9878787878787878,0.9878787878787878,0.9999999999999999,0.9999999999999999,0.9999999999999999,0.9999999999999999,0.9878787878787878,0.9999999999999999,0.9999999999999999,0.9999999999999999
seq89@23,0.9636363636363635,0.9636363636363635,0.9636363636363635,0.9636363636363635,0.9636363636363635,0.9636363636363635,0.9636363636363635,0.9636363636363635,0.9636363636363635,0.9636363636363635,0.9515151515151514,0.9636363636363635,0.9636363636363635,1.0,0.9636363636363635,0.9636363636363635,0.9636363636363635,0.9636363636363635,0.9636363636363635,0.9636363636363635,0.9636363636363635,0.9272727272727272,0.9636363636363635,0.9636363636363635,0.9636363636363635,0.9636363636363635,0.9636363636363635,0.9636363636363635,0.9636363636363635,0.9636363636363635,0.9636363636363635,0.9636363636363635,0.9636363636363635,0.9636363636363635,0.9636363636363635,0.9515151515151514,0.9636363636363635,0.9999999999999999,0.9636363636363635,0.9636363636363635,0.9636363636363635,0.9636363636363635,0.9636363636363635,0.9636363636363635,0.9636363636363635,0.9636363636363635,0.9636363636363635,0.9636363636363635,0.9636363636363635,0.9636363636363635,0.9636363636363635,0.9636363636363635,0.9636363636363635,0.9636363636363635,0.9636363636363635,0.9636363636363635,0.9272727272727272,0.9636363636363635,0.9636363636363635,0.9636363636363635,0.9636363636363635,0.9636363636363635,0.9636363636363635,0.9636363636363635,0.9636363636363635,0.9636363636363635,0.9636363636363635,0.9636363636363635,0.9636363636363635,0.9636363636363635,0.9515151515151514,0.9636363636363635,0.9636363636363635,0.9272727272727272,0.9636363636363635,0.9636363636363635,0.9636363636363635,0.9272727272727272,0.9636363636363635,0.9636363636363635,0.9515151515151514,0.9272727272727272,0.9636363636363635,0.9636363636363635,0.9636363636363635,0.9636363636363635,0.9272727272727272,0.9636363636363635,0.9636363636363635,0.9636363636363635
seq587@93,0.9999999999999999,0.9999999999999999,0.9999999999999999,0.9999999999999999,0.9999999999999999,0.9999999999999999,0.9999999999999999,0.9999999999999999,0.9999999999999999,0.9999999999999999,0.9878787878787878,0.9999999999999999,0.9999999999999999,0.9636363636363635,1.0,0.9999999999999999,0.9999999999999999,0.9999999999999999,0.9999999999999999,0.9999999999999999,0.9999999999999999,0.9636363636363635,0.9999999999999999,0.9999999999999999,0.9999999999999999,0.9999999999999999,0.9999999999999999,0.9999999999999999,0.9999999999999999,0.9999999999999999,0.9999999999999999,0.9999999999999999,0.9999999999999999,0.9999999999999999,0.9999999999999999,0.9878787878787878,0.9999999999999999,0.9636363636363635,0.9999999999999999,0.9999999999999999,0.9999999999999999,0.9999999999999999,0.9999999999999999,0.9999999999999999,0.9999999999999999,0.9999999999999999,0.9999999999999999,0.9999999999999999,0.9999999999999999,0.9999999999999999,0.9999999999999999,0.9999999999999999,0.9999999999999999,0.9999999999999999,0.9999999999999999,0.9999999999999999,0.9878787878787878,0.9999999999999999,0.9999999999999999,0.9999999999999999,0.9999999999999999,0.9999999999999999,0.9999999999999999,0.9999999999999999,0.9999999999999999,0.9999999999999999,0.9999999999999999,0.9999999999999999,0.9999999999999999,0.9999999999999999,0.9878787878787878,0.9999999999999999,0.9999999999999999,0.9878787878787878,0.9999999999999999,0.9999999999999999,0.9999999999999999,0.9878787878787878,0.9999999999999999,0.9999999999999999,0.9878787878787878,0.9878787878787878,0.9999999999999999,0.9999999999999999,0.9999999999999999,0.9999999999999999,0.9878787878787878,0.9999999999999999,0.9999999999999999,0.9999999999999999
seq972@14,0.9999999999999999,0.9999999999999999,0.9999999999999999,0.9999999999999999,0.9999999999999999,0.9999999999999999,0.9999999999999999,0.9999999999999999,0.9999999999999999,0.9999999999999999,0.9878787878787878,0.9999999999999999,0.9999999999999999,0.9636363636363635,0.9999999999999999,1.0,0.9999999999999999,0.9999999999999999,0.9999999999999999,0.9999999999999999,0.9999999999999999,0.9636363636363635,0.9999999999999999,0.9999999999999999,0.9999999999999999,0.9999999999999999,0.9999999999999999,0.9999999999999999,0.9999999999999999,0.9999999999999999,0.9999999999999999,0.9999999999999999,0.9999999999999999,0.9999999999999999,0.9999999999999999,0.9878787878787878,0.9999999999999999,0.9636363636363635,0.9999999999999999,0.9999999999999999,0.9999999999999999,0.9999999999999999,0.9999999999999999,0.9999999999999999,0.9999999999999999,0.9999999999999999,0.9999999999999999,0.9999999999999999,0.9999999999999999,0.9999999999999999,0.9999999999999999,0.9999999999999999,0.9999999999999999,0.9999999999999999,0.9999999999999999,0.9999999999999999,0.9878787878787878,0.9999999999999999,0.9999999999999999,0.9999999999999999,0.9999999999999999,0.9999999999999999,0.9999999999999999,0.9999999999999999,0.9999999999999999,0.9999999999999999,0.9999999999999999,0.9999999999999999,0.9999999999999999,0.9999999999999999,0.9878787878787878,0.9999999999999999,0.9999999999999999,0.9878787878787878,0.9999999999999999,0.9999999999999999,0.9999999999999999,0.9878787878787878,0.9999999999999999,0.9999999999999999,0.9878787878787878,0.9878787878787878,0.9999999999999999,0.9999999999999999,0.9999999999999999,0.9999999999999999,0.9878787878787878,0.9999999999999999,0.9999999999999999,0.9999999999999999
seq1619@30,0.9999999999999999,0.9999999999999999,0.9999999999999999,0.9999999999999999,0.9999999999999999,0.9999999999999999,0.9999999999999999,0.9999999999999999,0.9999999999999999,0.9999999999999999,0.9878787878787878,0.9999999999999999,0.9999999999999999,0.9636363636363635,0.9999999999999999,0.9999999999999999,1.0,0.9999999999999999,0.9999999999999999,0.9999999999999999,0.9999999999999999,0.9636363636363635,0.9999999999999999,0.9999999999999999,0.9999999999999999,0.9999999999999999,0.9999999999999999,0.9999999999999999,0.9999999999999999,0.9999999999999999,0.9999999999999999,0.9999999999999999,0.9999999999999999,0.9999999999999999,0.9999999999999999,0.9878787878787878,0.9999999999999999,0.9636363636363635,0.9999999999999999,0.9999999999999999,0.9999999999999999,0.9999999999999999,0.9999999999999999,0.9999999999999999,0.9999999999999999,0.9999999999999999,0.9999999999999999,0.9999999999999999,0.9999999999999999,0.9999999999999999,0.9999999999999999,0.9999999999999999,0.9999999999999999,0.9999999999999999,0.9999999999999999,0.9999999999999999,0.9878787878787878,0.9999999999999999,0.9999999999999999,0.9999999999999999,0.9999999999999999,0.9999999999999999,0.9999999999999999,0.9999999999999999,0.9999999999999999,0.9999999999999999,0.9999999999999999,0.9999999999999999,0.9999999999999999,0.9999999999999999,0.9878787878787878,0.9999999999999999,0.9999999999999999,0.9878787878787878,0.9999999999999999,0.9999999999999999,0.9999999999999999,0.9878787878787878,0.9999999999999999,0.9999999999999999,0.9878787878787878,0.9878787878787878,0.9999999999999999,0.9999999999999999,0.9999999999999999,0.9999999999999999,0.9878787878787878,0.9999999999999999,0.9999999999999999,0.9999999999999999
seq946@73,0.9999999999999999,0.9999999999999999,0.9999999999999999,0.9999999999999999,0.9999999999999999,0.9999999999999999,0.9999999999999999,0.9999999999999999,0.9999999999999999,0.9999999999999999,0.9878787878787878,0.9999999999999999,0.9999999999999999,0.9636363636363635,0.9999999999999999,0.9999999999999999,0.9999999999999999,1.0,0.9999999999999999,0.9999999999999999,0.9999999999999999,0.9636363636363635,0.9999999999999999,0.9999999999999999,0.9999999999999999,0.9999999999999999,0.9999999999999999,0.9999999999999999,0.9999999999999999,0.9999999999999999,0.9999999999999999,0.9999999999999999,0.9999999999999999,0.9999999999999999,0.9999999999999999,0.9878787878787878,0.9999999999999999,0.9636363636363635,0.9999999999999999,0.9999999999999999,0.9999999999999999,0.9999999999999999,0.9999999999999999,0.9999999999999999,0.9999999999999999,0.9999999999999999,0.9999999999999999,0.9999999999999999,0.9999999999999999,0.9999999999999999,0.9999999999999999,0.9999999999999999,0.9999999999999999,0.9999999999999999,0.9999999999999999,0.9999999999999999,0.9878787878787878,0.9999999999999999,0.9999999999999999,0.9999999999999999,0.9999999999999999,0.9999999999999999,0.9999999999999999,0.9999999999999999,0.9999999999999999,0.9999999999999999,0.9999999999999999,0.9999999999999999,0.9999999999999999,0.9999999999999999,0.9878787878787878,0.9999999999999999,0.9999999999999999,0.9878787878787878,0.9999999999999999,0.9999999999999999,0.9999999999999999,0.9878787878787878,0.9999999999999999,0.9999999999999999,0.9878787878787878,0.9878787878787878,0.9999999999999999,0.9999999999999999,0.9999999999999999,0.9999999999999999,0.9878787878787878,0.9999999999999999,0.9999999999999999,0.9999999999999999
seq6571@14,0.9999999999999999,0.9999999999999999,0.9999999999999999,0.9999999999999999,0.9999999999999999,0.9999999999999999,0.9999999999999999,0.9999999999999999,0.9999999999999999,0.9999999999999999,0.9878787878787878,0.9999999999999999,0.9999999999999999,0.9636363636363635,0.9999999999999999,0.9999999999999999,0.9999999999999999,0.9999999999999999,1.0,0.9999999999999999,0.9999999999999999,0.9636363636363635,0.9999999999999999,0.9999999999999999,0.9999999999999999,0.9999999999999999,0.9999999999999999,0.9999999999999999,0.9999999999999999,0.9999999999999999,0.9999999999999999,0.9999999999999999,0.9999999999999999,0.9999999999999999,0.9999999999999999,0.9878787878787878,0.9999999999999999,0.9636363636363635,0.9999999999999999,0.9999999999999999,0.9999999999999999,0.9999999999999999,0.9999999999999999,0.9999999999999999,0.9999999999999999,0.9999999999999999,0.9999999999999999,0.9999999999999999,0.9999999999999999,0.9999999999999999,0.9999999999999999,0.9999999999999999,0.9999999999999999,0.9999999999999999,0.9999999999999999,0.9999999999999999,0.9878787878787878,0.9999999999999999,0.9999999999999999,0.9999999999999999,0.9999999999999999,0.9999999999999999,0.9999999999999999,0.9999999999999999,0.9999999999999999,0.9999999999999999,0.9999999999999999,0.9999999999999999,0.9999999999999999,0.9999999999999999,0.9878787878787878,0.9999999999999999,0.9999999999999999,0.9878787878787878,0.9999999999999999,0.9999999999999999,0.9999999999999999,0.9878787878787878,0.9999999999999999,0.9999999999999999,0.9878787878787878,0.9878787878787878,0.9999999999999999,0.9999999999999999,0.9999999999999999,0.9999999999999999,0.9878787878787878,0.9999999999999999,0.9999999999999999,0.9999999999999999
seq3421@23,0.9999999999999999,0.9999999999999999,0.9999999999999999,0.9999999999999999,0.9999999999999999,0.9999999999999999,0.9999999999999999,0.9999999999999999,0.9999999999999999,0.9999999999999999,0.9878787878787878,0.9999999999999999,0.9999999999999999,0.9636363636363635,0.9999999999999999,0.9999999999999999,0.9999999999999999,0.9999999999999999,0.9999999999999999,1.0,0.9999999999999999,0.9636363636363635,0.9999999999999999,0.9999999999999999,0.9999999999999999,0.9999999999999999,0.9999999999999999,0.9999999999999999,0.9999999999999999,0.9999999999999999,0.9999999999999999,0.9999999999999999,0.9999999999999999,0.9999999999999999,0.9999999999999999,0.9878787878787878,0.9999999999999999,0.9636363636363635,0.9999999999999999,0.9999999999999999,0.9999999999999999,0.9999999999999999,0.9999999999999999,0.9999999999999999,0.9999999999999999,0.9999999999999999,0.9999999999999999,0.9999999999999999,0.9999999999999999,0.9999999999999999,0.9999999999999999,0.9999999999999999,0.9999999999999999,0.9999999999999999,0.9999999999999999,0.9999999999999999,0.9878787878787878,0.9999999999999999,0.9999999999999999,0.9999999999999999,0.9999999999999999,0.9999999999999999,0.9999999999999999,0.9999999999999999,0.9999999999999999,0.9999999999999999,0.9999999999999999,0.9999999999999999,0.9999999999999999,0.9999999999999999,0.9878787878787878,0.9999999999999999,0.9999999999999999,0.9878787878787878,0.9999999999999999,0.9999999999999999,0.9999999999999999,0.9878787878787878,0.9999999999999999,0.9999999999999999,0.9878787878787878,0.9878787878787878,0.9999999999999999,0.9999999999999999,0.9999999999999999,0.9999999999999999,0.9878787878787878,0.9999999999999999,0.9999999999999999,0.9999999999999999
seq12016@14,0.9999999999999999,0.9999999999999999,0.9999999999999999,0.9999999999999999,0.9999999999999999,0.9999999999999999,0.9999999999999999,0.9999999999999999,0.9999999999999999,0.9999999999999999,0.9878787878787878,0.9999999999999999,0.9999999999999999,0.9636363636363635,0.9999999999999999,0.9999999999999999,0.9999999999999999,0.9999999999999999,0.9999999999999999,0.9999999999999999,1.0,0.9636363636363635,0.9999999999999999,0.9999999999999999,0.9999999999999999,0.9999999999999999,0.9999999999999999,0.9999999999999999,0.9999999999999999,0.9999999999999999,0.9999999999999999,0.9999999999999999,0.9999999999999999,0.9999999999999999,0.9999999999999999,0.9878787878787878,0.9999999999999999,0.9636363636363635,0.9999999999999999,0.9999999999999999,0.9999999999999999,0.9999999999999999,0.9999999999999999,0.9999999999999999,0.9999999999999999,0.9999999999999999,0.9999999999999999,0.9999999999999999,0.9999999999999999,0.9999999999999999,0.9999999999999999,0.9999999999999999,0.9999999999999999,0.9999999999999999,0.9999999999999999,0.9999999999999999,0.9878787878787878,0.9999999999999999,0.9999999999999999,0.9999999999999999,0.9999999999999999,0.9999999999999999,0.9999999999999999,0.9999999999999999,0.9999999999999999,0.9999999999999999,0.9999999999999999,0.9999999999999999,0.9999999999999999,0.9999999999999999,0.9878787878787878,0.9999999999999999,0.9999999999999999,0.9878787878787878,0.9999999999999999,0.9999999999999999,0.9999999999999999,0.9878787878787878,0.9999999999999999,0.9999999999999999,0.9878787878787878,0.9878787878787878,0.9999999999999999,0.9999999999999999,0.9999999999999999,0.9999999999999999,0.9878787878787878,0.9999999999999999,0.9999999999999999,0.9999999999999999
seq2489@59,0.9636363636363635,0.9636363636363635,0.9636363636363635,0.9636363636363635,0.9636363636363635,0.9636363636363635,0.9636363636363635,0.9636363636363635,0.9636363636363635,0.9636363636363635,0.9515151515151514,0.9636363636363635,0.9636363636363635,0.9272727272727272,0.9636363636363635,0.9636363636363635,0.9636363636363635,0.9636363636363635,0.9636363636363635,0.9636363636363635,0.9636363636363635,1.0,0.9636363636363635,0.9636363636363635,0.9636363636363635,0.9636363636363635,0.9636363636363635,0.9636363636363635,0.9636363636363635,0.9636363636363635,0.9636363636363635,0.9636363636363635,0.9636363636363635,0.9636363636363635,0.9636363636363635,0.9515151515151514,0.9636363636363635,0.9272727272727272,0.9636363636363635,0.9636363636363635,0.9636363636363635,0.9636363636363635,0.9636363636363635,0.9636363636363635,0.9636363636363635,0.9636363636363635,0.9636363636363635,0.9636363636363635,0.9636363636363635,0.9636363636363635,0.9636363636363635,0.9636363636363635,0.9636363636363635,0.9636363636363635,0.9636363636363635,0.9636363636363635,0.9515151515151514,0.9636363636363635,0.9636363636363635,0.9636363636363635,0.9636363636363635,0.9636363636363635,0.9636363636363635,0.9636363636363635,0.9636363636363635,0.9636363636363635,0.9636363636363635,0.9636363636363635,0.9636363636363635,0.9636363636363635,0.9515151515151514,0.9636363636363635,0.9636363636363635,0.9515151515151514,0.9636363636363635,0.9636363636363635,0.9636363636363635,0.9515151515151514,0.9636363636363635,0.9636363636363635,0.9515151515151514,0.9515151515151514,0.9636363636363635,0.9636363636363635,0.9636363636363635,0.9636363636363635,0.9515151515151514,0.9636363636363635,0.9636363636363635,0.9636363636363635
seq4272@13,0.9999999999999999,0.9999999999999999,0.9999999999999999,0.9999999999999999,0.9999999999999999,0.9999999999999999,0.9999999999999999,0.9999999999999999,0.9999999999999999,0.9999999999999999,0.9878787878787878,0.9999999999999999,0.9999999999999999,0.9636363636363635,0.9999999999999999,0.9999999999999999,0.9999999999999999,0.9999999999999999,0.9999999999999999,0.9999999999999999,0.9999999999999999,0.9636363636363635,1.0,0.9999999999999999,0.9999999999999999,0.9999999999999999,0.9999999999999999,0.9999999999999999,0.9999999999999999,0.9999999999999999,0.9999999999999999,0.9999999999999999,0.9999999999999999,0.9999999999999999,0.9999999999999999,0.9878787878787878,0.9999999999999999,0.9636363636363635,0.9999999999999999,0.9999999999999999,0.9999999999999999,0.9999999999999999,0.9999999999999999,0.9999999999999999,0.9999999999999999,0.9999999999999999,0.9999999999999999,0.9999999999999999,0.9999999999999999,0.9999999999999999,0.9999999999999999,0.9999999999999999,0.9999999999999999,0.9999999999999999,0.9999999999999999,0.9999999999999999,0.9878787878787878,0.9999999999999999,0.9999999999999999,0.9999999999999999,0.9999999999999999,0.9999999999999999,0.9999999999999999,0.9999999999999999,0.9999999999999999,0.9999999999999999,0.9999999999999999,0.9999999999999999,0.9999999999999999,0.9999999999999999,0.9878787878787878,0.9999999999999999,0.9999999999999999,0.9878787878787878,0.9999999999999999,0.9999999999999999,0.9999999999999999,0.9878787878787878,0.9999999999999999,0.9999999999999999,0.9878787878787878,0.9878787878787878,0.9999999999999999,0.9999999999999999,0.9999999999999999,0.9999999999999999,0.9878787878787878,0.9999999999999999,0.9999999999999999,0.9999999999999999
seq805@20,0.9999999999999999,0.9999999999999999,0.9999999999999999,0.9999999999999999,0.9999999999999999,0.9999999999999999,0.9999999999999999,0.9999999999999999,0.9999999999999999,0.9999999999999999,0.9878787878787878,0.9999999999999999,0.9999999999999999,0.9636363636363635,0.9999999999999999,0.9999999999999999,0.9999999999999999,0.9999999999999999,0.9999999999999999,0.9999999999999999,0.9999999999999999,0.9636363636363635,0.9999999999999999,1.0,0.9999999999999999,0.9999999999999999,0.9999999999999999,0.9999999999999999,0.9999999999999999,0.9999999999999999,0.9999999999999999,0.9999999999999999,0.9999999999999999,0.9999999999999999,0.9999999999999999,0.9878787878787878,0.9999999999999999,0.9636363636363635,0.9999999999999999,0.9999999999999999,0.9999999999999999,0.9999999999999999,0.9999999999999999,0.9999999999999999,0.9999999999999999,0.9999999999999999,0.9999999999999999,0.9999999999999999,0.9999999999999999,0.9999999999999999,0.9999999999999999,0.9999999999999999,0.9999999999999999,0.9999999999999999,0.9999999999999999,0.9999999999999999,0.9878787878787878,0.9999999999999999,0.9999999999999999,0.9999999999999999,0.9999999999999999,0.9999999999999999,0.9999999999999999,0.9999999999999999,0.9999999999999999,0.9999999999999999,0.9999999999999999,0.9999999999999999,0.9999999999999999,0.9999999999999999,0.9878787878787878,0.9999999999999999,0.9999999999999999,0.9878787878787878,0.9999999999999999,0.9999999999999999,0.9999999999999999,0.9878787878787878,0.9999999999999999,0.9999999999999999,0.9878787878787878,0.9878787878787878,0.9999999999999999,0.9999999999999999,0.9999999999999999,0.9999999999999999,0.9878787878787878,0.9999999999999999,0.9999999999999999,0.9999999999999999
seq14@21,0.9999999999999999,0.9999999999999999,0.9999999999999999,0.9999999999999999,0.9999999999999999,0.9999999999999999,0.9999999999999999,0.9999999999999999,0.9999999999999999,0.9999999999999999,0.9878787878787878,0.9999999999999999,0.9999999999999999,0.9636363636363635,0.9999999999999999,0.9999999999999999,0.9999999999999999,0.9999999999999999,0.9999999999999999,0.9999999999999999,0.9999999999999999,0.9636363636363635,0.9999999999999999,0.9999999999999999,1.0,0.9999999999999999,0.9999999999999999,0.9999999999999999,0.9999999999999999,0.9999999999999999,0.9999999999999999,0.9999999999999999,0.9999999999999999,0.9999999999999999,0.9999999999999999,0.9878787878787878,0.9999999999999999,0.9636363636363635,0.9999999999999999,0.9999999999999999,0.9999999999999999,0.9999999999999999,0.9999999999999999,0.9999999999999999,0.9999999999999999,0.9999999999999999,0.9999999999999999,0.9999999999999999,0.9999999999999999,0.9999999999999999,0.9999999999999999,0.9999999999999999,0.9999999999999999,0.9999999999999999,0.9999999999999999,0.9999999999999999,0.9878787878787878,0.9999999999999999,0.9999999999999999,0.9999999999999999,0.9999999999999999,0.9999999999999999,0.9999999999999999,0.9999999999999999,0.9999999999999999,0.9999999999999999,0.9999999999999999,0.9999999999999999,0.9999999999999999,0.9999999999999999,0.9878787878787878,0.9999999999999999,0.9999999999999999,0.9878787878787878,0.9999999999999999,0.9999999999999999,0.9999999999999999,0.9878787878787878,0.9999999999999999,0.9999999999999999,0.9878787878787878,0.9878787878787878,0.9999999999999999,0.9999999999999999,0.9999999999999999,0.9999999999999999,0.9878787878787878,0.9999999999999999,0.9999999999999999,0.9999999999999999
seq2732@12,0.9999999999999999,0.9999999999999999,0.9999999999999999,0.9999999999999999,0.9999999999999999,0.9999999999999999,0.9999999999999999,0.9999999999999999,0.9999999999999999,0.9999999999999999,0.9878787878787878,0.9999999999999999,0.9999999999999999,0.9636363636363635,0.9999999999999999,0.9999999999999999,0.9999999999999999,0.9999999999999999,0.9999999999999999,0.9999999999999999,0.9999999999999999,0.9636363636363635,0.9999999999999999,0.9999999999999999,0.9999999999999999,1.0,0.9999999999999999,0.9999999999999999,0.9999999999999999,0.9999999999999999,0.9999999999999999,0.9999999999999999,0.9999999999999999,0.9999999999999999,0.9999999999999999,0.9878787878787878,0.9999999999999999,0.9636363636363635,0.9999999999999999,0.9999999999999999,0.9999999999999999,0.9999999999999999,0.9999999999999999,0.9999999999999999,0.9999999999999999,0.9999999999999999,0.9999999999999999,0.9999999999999999,0.9999999999999999,0.9999999999999999,0.9999999999999999,0.9999999999999999,0.9999999999999999,0.9999999999999999,0.9999999999999999,0.9999999999999999,0.9878787878787878,0.9999999999999999,0.9999999999999999,0.9999999999999999,0.9999999999999999,0.9999999999999999,0.9999999999999999,0.9999999999999999,0.9999999999999999,0.9999999999999999,0.9999999999999999,0.9999999999999999,0.9999999999999999,0.9999999999999999,0.9878787878787878,0.9999999999999999,0.9999999999999999,0.9878787878787878,0.9999999999999999,0.9999999999999999,0.9999999999999999,0.9878787878787878,0.9999999999999999,0.9999999999999999,0.9878787878787878,0.9878787878787878,0.9999999999999999,0.9999999999999999,0.9999999999999999,0.9999999999999999,0.9878787878787878,0.9999999999999999,0.9999999999999999,0.9999999999999999
seq148@47,0.9999999999999999,0.9999999999999999,0.9999999999999999,0.9999999999999999,0.9999999999999999,0.9999999999999999,0.9999999999999999,0.9999999999999999,0.9999999999999999,0.9999999999999999,0.9878787878787878,0.9999999999999999,0.9999999999999999,0.9636363636363635,0.9999999999999999,0.9999999999999999,0.9999999999999999,0.9999999999999999,0.9999999999999999,0.9999999999999999,0.9999999999999999,0.9636363636363635,0.9999999999999999,0.9999999999999999,0.9999999999999999,0.9999999999999999,1.0,0.9999999999999999,0.9999999999999999,0.9999999999999999,0.9999999999999999,0.9999999999999999,0.9999999999999999,0.9999999999999999,0.9999999999999999,0.9878787878787878,0.9999999999999999,0.9636363636363635,0.9999999999999999,0.9999999999999999,0.9999999999999999,0.9999999999999999,0.9999999999999999,0.9999999999999999,0.9999999999999999,0.9999999999999999,0.9999999999999999,0.9999999999999999,0.9999999999999999,0.9999999999999999,0.9999999999999999,0.9999999999999999,0.9999999999999999,0.9999999999999999,0.9999999999999999,0.9999999999999999,0.9878787878787878,0.9999999999999999,0.9999999999999999,0.9999999999999999,0.9999999999999999,0.9999999999999999,0.9999999999999999,0.9999999999999999,0.9999999999999999,0.9999999999999999,0.9999999999999999,0.9999999999999999,0.9999999999999999,0.9999999999999999,0.9878787878787878,0.9999999999999999,0.9999999999999999,0.9878787878787878,0.9999999999999999,0.9999999999999999,0.9999999999999999,0.9878787878787878,0.9999999999999999,0.9999999999999999,0.9878787878787878,0.9878787878787878,0.9999999999999999,0.9999999999999999,0.9999999999999999,0.9999999999999999,0.9878787878787878,0.9999999999999999,0.9999999999999999,0.9999999999999999
seq6721@12,0.9999999999999999,0.9999999999999999,0.9999999999999999,0.9999999999999999,0.9999999999999999,0.9999999999999999,0.9999999999999999,0.9999999999999999,0.9999999999999999,0.9999999999999999,0.9878787878787878,0.9999999999999999,0.9999999999999999,0.9636363636363635,0.9999999999999999,0.9999999999999999,0.9999999999999999,0.9999999999999999,0.9999999999999999,0.9999999999999999,0.9999999999999999,0.9636363636363635,0.9999999999999999,0.9999999999999999,0.9999999999999999,0.9999999999999999,0.9999999999999999,1.0,0.9999999999999999,0.9999999999999999,0.9999999999999999,0.9999999999999999,0.9999999999999999,0.9999999999999999,0.9999999999999999,0.9878787878787878,0.9999999999999999,0.9636363636363635,0.9999999999999999,0.9999999999999999,0.9999999999999999,0.9999999999999999,0.9999999999999999,0.9999999999999999,0.9999999999999999,0.9999999999999999,0.9999999999999999,0.9999999999999999,0.9999999999999999,0.9999999999999999,0.9999999999999999,0.9999999999999999,0.9999999999999999,0.9999999999999999,0.9999999999999999,0.9999999999999999,0.9878787878787878,0.9999999999999999,0.9999999999999999,0.9999999999999999,0.9999999999999999,0.9999999999999999,0.9999999999999999,0.9999999999999999,0.9999999999999999,0.9999999999999999,0.9999999999999999,0.9999999999999999,0.9999999999999999,0.9999999999999999,0.9878787878787878,0.9999999999999999,0.9999999999999999,0.9878787878787878,0.9999999999999999,0.9999999999999999,0.9999999999999999,0.9878787878787878,0.9999999999999999,0.9999999999999999,0.9878787878787878,0.9878787878787878,0.9999999999999999,0.9999999999999999,0.9999999999999999,0.9999999999999999,0.9878787878787878,0.9999999999999999,0.9999999999999999,0.9999999999999999
seq2885@12,0.9999999999999999,0.9999999999999999,0.9999999999999999,0.9999999999999999,0.9999999999999999,0.9999999999999999,0.9999999999999999,0.9999999999999999,0.9999999999999999,0.9999999999999999,0.9878787878787878,0.9999999999999999,0.9999999999999999,0.9636363636363635,0.9999999999999999,0.9999999999999999,0.9999999999999999,0.9999999999999999,0.9999999999999999,0.9999999999999999,0.9999999999999999,0.9636363636363635,0.9999999999999999,0.9999999999999999,0.9999999999999999,0.9999999999999999,0.9999999999999999,0.9999999999999999,1.0,0.9999999999999999,0.9999999999999999,0.9999999999999999,0.9999999999999999,0.9999999999999999,0.9999999999999999,0.9878787878787878,0.9999999999999999,0.9636363636363635,0.9999999999999999,0.9999999999999999,0.9999999999999999,0.9999999999999999,0.9999999999999999,0.9999999999999999,0.9999999999999999,0.9999999999999999,0.9999999999999999,0.9999999999999999,0.9999999999999999,0.9999999999999999,0.9999999999999999,0.9999999999999999,0.9999999999999999,0.9999999999999999,0.9999999999999999,0.9999999999999999,0.9878787878787878,0.9999999999999999,0.9999999999999999,0.9999999999999999,0.9999999999999999,0.9999999999999999,0.9999999999999999,0.9999999999999999,0.9999999999999999,0.9999999999999999,0.9999999999999999,0.9999999999999999,0.9999999999999999,0.9999999999999999,0.9878787878787878,0.9999999999999999,0.9999999999999999,0.9878787878787878,0.9999999999999999,0.9999999999999999,0.9999999999999999,0.9878787878787878,0.9999999999999999,0.9999999999999999,0.9878787878787878,0.9878787878787878,0.9999999999999999,0.9999999999999999,0.9999999999999999,0.9999999999999999,0.9878787878787878,0.9999999999999999,0.9999999999999999,0.9999999999999999
seq1023@114,0.9999999999999999,0.9999999999999999,0.9999999999999999,0.9999999999999999,0.9999999999999999,0.9999999999999999,0.9999999999999999,0.9999999999999999,0.9999999999999999,0.9999999999999999,0.9878787878787878,0.9999999999999999,0.9999999999999999,0.9636363636363635,0.9999999999999999,0.9999999999999999,0.9999999999999999,0.9999999999999999,0.9999999999999999,0.9999999999999999,0.9999999999999999,0.9636363636363635,0.9999999999999999,0.9999999999999999,0.9999999999999999,0.9999999999999999,0.9999999999999999,0.9999999999999999,0.9999999999999999,1.0,0.9999999999999999,0.9999999999999999,0.9999999999999999,0.9999999999999999,0.9999999999999999,0.9878787878787878,0.9999999999999999,0.9636363636363635,0.9999999999999999,0.9999999999999999,0.9999999999999999,0.9999999999999999,0.9999999999999999,0.9999999999999999,0.9999999999999999,0.9999999999999999,0.9999999999999999,0.9999999999999999,0.9999999999999999,0.9999999999999999,0.9999999999999999,0.9999999999999999,0.9999999999999999,0.9999999999999999,0.9999999999999999,0.9999999999999999,0.9878787878787878,0.9999999999999999,0.9999999999999999,0.9999999999999999,0.9999999999999999,0.9999999999999999,0.9999999999999999,0.9999999999999999,0.9999999999999999,0.9999999999999999,0.9999999999999999,0.9999999999999999,0.9999999999999999,0.9999999999999999,0.9878787878787878,0.9999999999999999,0.9999999999999999,0.9878787878787878,0.9999999999999999,0.9999999999999999,0.9999999999999999,0.9878787878787878,0.9999999999999999,0.9999999999999999,0.9878787878787878,0.9878787878787878,0.9999999999999999,0.9999999999999999,0.9999999999999999,0.9999999999999999,0.9878787878787878,0.9999999999999999,0.9999999999999999,0.9999999999999999
seq1237@11,0.9999999999999999,0.9999999999999999,0.9999999999999999,0.9999999999999999,0.9999999999999999,0.9999999999999999,0.9999999999999999,0.9999999999999999,0.9999999999999999,0.9999999999999999,0.9878787878787878,0.9999999999999999,0.9999999999999999,0.9636363636363635,0.9999999999999999,0.9999999999999999,0.9999999999999999,0.9999999999999999,0.9999999999999999,0.9999999999999999,0.9999999999999999,0.9636363636363635,0.9999999999999999,0.9999999999999999,0.9999999999999999,0.9999999999999999,0.9999999999999999,0.9999999999999999,0.9999999999999999,0.9999999999999999,1.0,0.9999999999999999,0.9999999999999999,0.9999999999999999,0.9999999999999999,0.9878787878787878,0.9999999999999999,0.9636363636363635,0.9999999999999999,0.9999999999999999,0.9999999999999999,0.9999999999999999,0.9999999999999999,0.9999999999999999,0.9999999999999999,0.9999999999999999,0.9999999999999999,0.9999999999999999,0.9999999999999999,0.9999999999999999,0.9999999999999999,0.9999999999999999,0.9999999999999999,0.9999999999999999,0.9999999999999999,0.9999999999999999,0.9878787878787878,0.9999999999999999,0.9999999999999999,0.9999999999999999,0.9999999999999999,0.9999999999999999,0.9999999999999999,0.9999999999999999,0.9999999999999999,0.9999999999999999,0.9999999999999999,0.9999999999999999,0.9999999999999999,0.9999999999999999,0.9878787878787878,0.9999999999999999,0.9999999999999999,0.9878787878787878,0.9999999999999999,0.9999999999999999,0.9999999999999999,0.9878787878787878,0.9999999999999999,0.9999999999999999,0.9878787878787878,0.9878787878787878,0.9999999999999999,0.9999999999999999,0.9999999999999999,0.9999999999999999,0.9878787878787878,0.9999999999999999,0.9999999999999999,0.9999999999999999
seq2764@29,0.9999999999999999,0.9999999999999999,0.9999999999999999,0.9999999999999999,0.9999999999999999,0.9999999999999999,0.9999999999999999,0.9999999999999999,0.9999999999999999,0.9999999999999999,0.9878787878787878,0.9999999999999999,0.9999999999999999,0.9636363636363635,0.9999999999999999,0.9999999999999999,0.9999999999999999,0.9999999999999999,0.9999999999999999,0.9999999999999999,0.9999999999999999,0.9636363636363635,0.9999999999999999,0.9999999999999999,0.9999999999999999,0.9999999999999999,0.9999999999999999,0.9999999999999999,0.9999999999999999,0.9999999999999999,0.9999999999999999,1.0,0.9999999999999999,0.9999999999999999,0.9999999999999999,0.9878787878787878,0.9999999999999999,0.9636363636363635,0.9999999999999999,0.9999999999999999,0.9999999999999999,0.9999999999999999,0.9999999999999999,0.9999999999999999,0.9999999999999999,0.9999999999999999,0.9999999999999999,0.9999999999999999,0.9999999999999999,0.9999999999999999,0.9999999999999999,0.9999999999999999,0.9999999999999999,0.9999999999999999,0.9999999999999999,0.9999999999999999,0.9878787878787878,0.9999999999999999,0.9999999999999999,0.9999999999999999,0.9999999999999999,0.9999999999999999,0.9999999999999999,0.9999999999999999,0.9999999999999999,0.9999999999999999,0.9999999999999999,0.9999999999999999,0.9999999999999999,0.9999999999999999,0.9878787878787878,0.9999999999999999,0.9999999999999999,0.9878787878787878,0.9999999999999999,0.9999999999999999,0.9999999999999999,0.9878787878787878,0.9999999999999999,0.9999999999999999,0.9878787878787878,0.9878787878787878,0.9999999999999999,0.9999999999999999,0.9999999999999999,0.9999999999999999,0.9878787878787878,0.9999999999999999,0.9999999999999999,0.9999999999999999
seq3738@10,0.9999999999999999,0.9999999999999999,0.9999999999999999,0.9999999999999999,0.9999999999999999,0.9999999999999999,0.9999999999999999,0.9999999999999999,0.9999999999999999,0.9999999999999999,0.9878787878787878,0.9999999999999999,0.9999999999999999,0.9636363636363635,0.9999999999999999,0.9999999999999999,0.9999999999999999,0.9999999999999999,0.9999999999999999,0.9999999999999999,0.9999999999999999,0.9636363636363635,0.9999999999999999,0.9999999999999999,0.9999999999999999,0.9999999999999999,0.9999999999999999,0.9999999999999999,0.9999999999999999,0.9999999999999999,0.9999999999999999,0.9999999999999999,1.0,0.9999999999999999,0.9999999999999999,0.9878787878787878,0.9999999999999999,0.9636363636363635,0.9999999999999999,0.9999999999999999,0.9999999999999999,0.9999999999999999,0.9999999999999999,0.9999999999999999,0.9999999999999999,0.9999999999999999,0.9999999999999999,0.9999999999999999,0.9999999999999999,0.9999999999999999,0.9999999999999999,0.9999999999999999,0.9999999999999999,0.9999999999999999,0.9999999999999999,0.9999999999999999,0.9878787878787878,0.9999999999999999,0.9999999999999999,0.9999999999999999,0.9999999999999999,0.9999999999999999,0.9999999999999999,0.9999999999999999,0.9999999999999999,0.9999999999999999,0.9999999999999999,0.9999999999999999,0.9999999999999999,0.9999999999999999,0.9878787878787878,0.9999999999999999,0.9999999999999999,0.9878787878787878,0.9999999999999999,0.9999999999999999,0.9999999999999999,0.9878787878787878,0.9999999999999999,0.9999999999999999,0.9878787878787878,0.9878787878787878,0.9999999999999999,0.9999999999999999,0.9999999999999999,0.9999999999999999,0.9878787878787878,0.9999999999999999,0.9999999999999999,0.9999999999999999
seq5183@12,0.9999999999999999,0.9999999999999999,0.9999999999999999,0.9999999999999999,0.9999999999999999,0.9999999999999999,0.9999999999999999,0.9999999999999999,0.9999999999999999,0.9999999999999999,0.9878787878787878,0.9999999999999999,0.9999999999999999,0.9636363636363635,0.9999999999999999,0.9999999999999999,0.9999999999999999,0.9999999999999999,0.9999999999999999,0.9999999999999999,0.9999999999999999,0.9636363636363635,0.9999999999999999,0.9999999999999999,0.9999999999999999,0.9999999999999999,0.9999999999999999,0.9999999999999999,0.9999999999999999,0.9999999999999999,0.9999999999999999,0.9999999999999999,0.9999999999999999,1.0,0.9999999999999999,0.9878787878787878,0.9999999999999999,0.9636363636363635,0.9999999999999999,0.9999999999999999,0.9999999999999999,0.9999999999999999,0.9999999999999999,0.9999999999999999,0.9999999999999999,0.9999999999999999,0.9999999999999999,0.9999999999999999,0.9999999999999999,0.9999999999999999,0.9999999999999999,0.9999999999999999,0.9999999999999999,0.9999999999999999,0.9999999999999999,0.9999999999999999,0.9878787878787878,0.9999999999999999,0.9999999999999999,0.9999999999999999,0.9999999999999999,0.9999999999999999,0.9999999999999999,0.9999999999999999,0.9999999999999999,0.9999999999999999,0.9999999999999999,0.9999999999999999,0.9999999999999999,0.9999999999999999,0.9878787878787878,0.9999999999999999,0.9999999999999999,0.9878787878787878,0.9999999999999999,0.9999999999999999,0.9999999999999999,0.9878787878787878,0.9999999999999999,0.9999999999999999,0.9878787878787878,0.9878787878787878,0.9999999999999999,0.9999999999999999,0.9999999999999999,0.9999999999999999,0.9878787878787878,0.9999999999999999,0.9999999999999999,0.9999999999999999
seq454@81,0.9999999999999999,0.9999999999999999,0.9999999999999999,0.9999999999999999,0.9999999999999999,0.9999999999999999,0.9999999999999999,0.9999999999999999,0.9999999999999999,0.9999999999999999,0.9878787878787878,0.9999999999999999,0.9999999999999999,0.9636363636363635,0.9999999999999999,0.9999999999999999,0.9999999999999999,0.9999999999999999,0.9999999999999999,0.9999999999999999,0.9999999999999999,0.9636363636363635,0.9999999999999999,0.9999999999999999,0.9999999999999999,0.9999999999999999,0.9999999999999999,0.9999999999999999,0.9999999999999999,0.9999999999999999,0.9999999999999999,0.9999999999999999,0.9999999999999999,0.9999999999999999,1.0,0.9878787878787878,0.9999999999999999,0.9636363636363635,0.9999999999999999,0.9999999999999999,0.9999999999999999,0.9999999999999999,0.9999999999999999,0.9999999999999999,0.9999999999999999,0.9999999999999999,0.9999999999999999,0.9999999999999999,0.9999999999999999,0.9999999999999999,0.9999999999999999,0.9999999999999999,0.9999999999999999,0.9999999999999999,0.9999999999999999,0.9999999999999999,0.9878787878787878,0.9999999999999999,0.9999999999999999,0.9999999999999999,0.9999999999999999,0.9999999999999999,0.9999999999999999,0.9999999999999999,0.9999999999999999,0.9999999999999999,0.9999999999999999,0.9999999999999999,0.9999999999999999,0.9999999999999999,0.9878787878787878,0.9999999999999999,0.9999999999999999,0.9878787878787878,0.9999999999999999,0.9999999999999999,0.9999999999999999,0.9878787878787878,0.9999999999999999,0.9999999999999999,0.9878787878787878,0.9878787878787878,0.9999999999999999,0.9999999999999999,0.9999999999999999,0.9999999999999999,0.9878787878787878,0.9999999999999999,0.9999999999999999,0.9999999999999999
seq4073@9,0.9878787878787878,0.9878787878787878,0.9878787878787878,0.9878787878787878,0.9878787878787878,0.9878787878787878,0.9878787878787878,0.9878787878787878,0.9878787878787878,0.9878787878787878,0.9999999999999999,0.9878787878787878,0.9878787878787878,0.9515151515151514,0.9878787878787878,0.9878787878787878,0.9878787878787878,0.9878787878787878,0.9878787878787878,0.9878787878787878,0.9878787878787878,0.9515151515151514,0.9878787878787878,0.9878787878787878,0.9878787878787878,0.9878787878787878,0.9878787878787878,0.9878787878787878,0.9878787878787878,0.9878787878787878,0.9878787878787878,0.9878787878787878,0.9878787878787878,0.9878787878787878,0.9878787878787878,1.0,0.9878787878787878,0.9515151515151514,0.9878787878787878,0.9878787878787878,0.9878787878787878,0.9878787878787878,0.9878787878787878,0.9878787878787878,0.9878787878787878,0.9878787878787878,0.9878787878787878,0.9878787878787878,0.9878787878787878,0.9878787878787878,0.9878787878787878,0.9878787878787878,0.9878787878787878,0.9878787878787878,0.9878787878787878,0.9878787878787878,0.9757575757575757,0.9878787878787878,0.9878787878787878,0.9878787878787878,0.9878787878787878,0.9878787878787878,0.9878787878787878,0.9878787878787878,0.9878787878787878,0.9878787878787878,0.9878787878787878,0.9878787878787878,0.9878787878787878,0.9878787878787878,0.9999999999999999,0.9878787878787878,0.9878787878787878,0.9757575757575757,0.9878787878787878,0.9878787878787878,0.9878787878787878,0.9757575757575757,0.9878787878787878,0.9878787878787878,0.9999999999999999,0.9757575757575757,0.9878787878787878,0.9878787878787878,0.9878787878787878,0.9878787878787878,0.9757575757575757,0.9878787878787878,0.9878787878787878,0.9878787878787878
seq11981@16,0.9999999999999999,0.9999999999999999,0.9999999999999999,0.9999999999999999,0.9999999999999999,0.9999999999999999,0.9999999999999999,0.9999999999999999,0.9999999999999999,0.9999999999999999,0.9878787878787878,0.9999999999999999,0.9999999999999999,0.9636363636363635,0.9999999999999999,0.9999999999999999,0.9999999999999999,0.9999999999999999,0.9999999999999999,0.9999999999999999,0.9999999999999999,0.9636363636363635,0.9999999999999999,0.9999999999999999,0.9999999999999999,0.9999999999999999,0.9999999999999999,0.9999999999999999,0.9999999999999999,0.9999999999999999,0.9999999999999999,0.9999999999999999,0.9999999999999999,0.9999999999999999,0.9999999999999999,0.9878787878787878,1.0,0.9636363636363635,0.9999999999999999,0.9999999999999999,0.9999999999999999,0.9999999999999999,0.9999999999999999,0.9999999999999999,0.9999999999999999,0.9999999999999999,0.9999999999999999,0.9999999999999999,0.9999999999999999,0.9999999999999999,0.9999999999999999,0.9999999999999999,0.9999999999999999,0.9999999999999999,0.9999999999999999,0.9999999999999999,0.9878787878787878,0.9999999999999999,0.9999999999999999,0.9999999999999999,0.9999999999999999,0.9999999999999999,0.9999999999999999,0.9999999999999999,0.9999999999999999,0.9999999999999999,0.9999999999999999,0.9999999999999999,0.9999999999999999,0.9999999999999999,0.9878787878787878,0.9999999999999999,0.9999999999999999,0.9878787878787878,0.9999999999999999,0.9999999999999999,0.9999999999999999,0.9878787878787878,0.9999999999999999,0.9999999999999999,0.9878787878787878,0.9878787878787878,0.9999999999999999,0.9999999999999999,0.9999999999999999,0.9999999999999999,0.9878787878787878,0.9999999999999999,0.9999999999999999,0.9999999999999999
seq7437@9,0.9636363636363635,0.9636363636363635,0.9636363636363635,0.9636363636363635,0.9636363636363635,0.9636363636363635,0.9636363636363635,0.9636363636363635,0.9636363636363635,0.9636363636363635,0.9515151515151514,0.9636363636363635,0.9636363636363635,0.9999999999999999,0.9636363636363635,0.9636363636363635,0.9636363636363635,0.9636363636363635,0.9636363636363635,0.9636363636363635,0.9636363636363635,0.9272727272727272,0.9636363636363635,0.9636363636363635,0.9636363636363635,0.9636363636363635,0.9636363636363635,0.9636363636363635,0.9636363636363635,0.9636363636363635,0.9636363636363635,0.9636363636363635,0.9636363636363635,0.9636363636363635,0.9636363636363635,0.9515151515151514,0.9636363636363635,1.0,0.9636363636363635,0.9636363636363635,0.9636363636363635,0.9636363636363635,0.9636363636363635,0.9636363636363635,0.9636363636363635,0.9636363636363635,0.9636363636363635,0.9636363636363635,0.9636363636363635,0.9636363636363635,0.9636363636363635,0.9636363636363635,0.9636363636363635,0.9636363636363635,0.9636363636363635,0.9636363636363635,0.9272727272727272,0.9636363636363635,0.9636363636363635,0.9636363636363635,0.9636363636363635,0.9636363636363635,0.9636363636363635,0.9636363636363635,0.9636363636363635,0.9636363636363635,0.9636363636363635,0.9636363636363635,0.9636363636363635,0.9636363636363635,0.9515151515151514,0.9636363636363635,0.9636363636363635,0.9272727272727272,0.9636363636363635,0.9636363636363635,0.9636363636363635,0.9272727272727272,0.9636363636363635,0.9636363636363635,0.9515151515151514,0.9272727272727272,0.9636363636363635,0.9636363636363635,0.9636363636363635,0.9636363636363635,0.9272727272727272,0.9636363636363635,0.9636363636363635,0.9636363636363635
seq24176@13,0.9999999999999999,0.9999999999999999,0.9999999999999999,0.9999999999999999,0.9999999999999999,0.9999999999999999,0.9999999999999999,0.9999999999999999,0.9999999999999999,0.9999999999999999,0.9878787878787878,0.9999999999999999,0.9999999999999999,0.9636363636363635,0.9999999999999999,0.9999999999999999,0.9999999999999999,0.9999999999999999,0.9999999999999999,0.9999999999999999,0.9999999999999999,0.9636363636363635,0.9999999999999999,0.9999999999999999,0.9999999999999999,0.9999999999999999,0.9999999999999999,0.9999999999999999,0.9999999999999999,0.9999999999999999,0.9999999999999999,0.9999999999999999,0.9999999999999999,0.9999999999999999,0.9999999999999999,0.9878787878787878,0.9999999999999999,0.9636363636363635,1.0,0.9999999999999999,0.9999999999999999,0.9999999999999999,0.9999999999999999,0.9999999999999999,0.9999999999999999,0.9999999999999999,0.9999999999999999,0.9999999999999999,0.9999999999999999,0.9999999999999999,0.9999999999999999,0.9999999999999999,0.9999999999999999,0.9999999999999999,0.9999999999999999,0.9999999999999999,0.9878787878787878,0.9999999999999999,0.9999999999999999,0.9999999999999999,0.9999999999999999,0.9999999999999999,0.9999999999999999,0.9999999999999999,0.9999999999999999,0.9999999999999999,0.9999999999999999,0.9999999999999999,0.9999999999999999,0.9999999999999999,0.9878787878787878,0.9999999999999999,0.9999999999999999,0.9878787878787878,0.9999999999999999,0.9999999999999999,0.9999999999999999,0.9878787878787878,0.9999999999999999,0.9999999999999999,0.9878787878787878,0.9878787878787878,0.9999999999999999,0.9999999999999999,0.9999999999999999,0.9999999999999999,0.9878787878787878,0.9999999999999999,0.9999999999999999,0.9999999999999999
seq17609@9,0.9999999999999999,0.9999999999999999,0.9999999999999999,0.9999999999999999,0.9999999999999999,0.9999999999999999,0.9999999999999999,0.9999999999999999,0.9999999999999999,0.9999999999999999,0.9878787878787878,0.9999999999999999,0.9999999999999999,0.9636363636363635,0.9999999999999999,0.9999999999999999,0.9999999999999999,0.9999999999999999,0.9999999999999999,0.9999999999999999,0.9999999999999999,0.9636363636363635,0.9999999999999999,0.9999999999999999,0.9999999999999999,0.9999999999999999,0.9999999999999999,0.9999999999999999,0.9999999999999999,0.9999999999999999,0.9999999999999999,0.9999999999999999,0.9999999999999999,0.9999999999999999,0.9999999999999999,0.9878787878787878,0.9999999999999999,0.9636363636363635,0.9999999999999999,1.0,0.9999999999999999,0.9999999999999999,0.9999999999999999,0.9999999999999999,0.9999999999999999,0.9999999999999999,0.9999999999999999,0.9999999999999999,0.9999999999999999,0.9999999999999999,0.9999999999999999,0.9999999999999999,0.9999999999999999,0.9999999999999999,0.9999999999999999,0.9999999999999999,0.9878787878787878,0.9999999999999999,0.9999999999999999,0.9999999999999999,0.9999999999999999,0.9999999999999999,0.9999999999999999,0.9999999999999999,0.9999999999999999,0.9999999999999999,0.9999999999999999,0.9999999999999999,0.9999999999999999,0.9999999999999999,0.9878787878787878,0.9999999999999999,0.9999999999999999,0.9878787878787878,0.9999999999999999,0.9999999999999999,0.9999999999999999,0.9878787878787878,0.9999999999999999,0.9999999999999999,0.9878787878787878,0.9878787878787878,0.9999999999999999,0.9999999999999999,0.9999999999999999,0.9999999999999999,0.9878787878787878,0.9999999999999999,0.9999999999999999,0.9999999999999999
seq1830@11,0.9999999999999999,0.9999999999999999,0.9999999999999999,0.9999999999999999,0.9999999999999999,0.9999999999999999,0.9999999999999999,0.9999999999999999,0.9999999999999999,0.9999999999999999,0.9878787878787878,0.9999999999999999,0.9999999999999999,0.9636363636363635,0.9999999999999999,0.9999999999999999,0.9999999999999999,0.9999999999999999,0.9999999999999999,0.9999999999999999,0.9999999999999999,0.9636363636363635,0.9999999999999999,0.9999999999999999,0.9999999999999999,0.9999999999999999,0.9999999999999999,0.9999999999999999,0.9999999999999999,0.9999999999999999,0.9999999999999999,0.9999999999999999,0.9999999999999999,0.9999999999999999,0.9999999999999999,0.9878787878787878,0.9999999999999999,0.9636363636363635,0.9999999999999999,0.9999999999999999,1.0,0.9999999999999999,0.9999999999999999,0.9999999999999999,0.9999999999999999,0.9999999999999999,0.9999999999999999,0.9999999999999999,0.9999999999999999,0.9999999999999999,0.9999999999999999,0.9999999999999999,0.9999999999999999,0.9999999999999999,0.9999999999999999,0.9999999999999999,0.9878787878787878,0.9999999999999999,0.9999999999999999,0.9999999999999999,0.9999999999999999,0.9999999999999999,0.9999999999999999,0.9999999999999999,0.9999999999999999,0.9999999999999999,0.9999999999999999,0.9999999999999999,0.9999999999999999,0.9999999999999999,0.9878787878787878,0.9999999999999999,0.9999999999999999,0.9878787878787878,0.9999999999999999,0.9999999999999999,0.9999999999999999,0.9878787878787878,0.9999999999999999,0.9999999999999999,0.9878787878787878,0.9878787878787878,0.9999999999999999,0.9999999999999999,0.9999999999999999,0.9999999999999999,0.9878787878787878,0.9999999999999999,0.9999999999999999,0.9999999999999999
seq114@81,0.9999999999999999,0.9999999999999999,0.9999999999999999,0.9999999999999999,0.9999999999999999,0.9999999999999999,0.9999999999999999,0.9999999999999999,0.9999999999999999,0.9999999999999999,0.9878787878787878,0.9999999999999999,0.9999999999999999,0.9636363636363635,0.9999999999999999,0.9999999999999999,0.9999999999999999,0.9999999999999999,0.9999999999999999,0.9999999999999999,0.9999999999999999,0.9636363636363635,0.9999999999999999,0.9999999999999999,0.9999999999999999,0.9999999999999999,0.9999999999999999,0.9999999999999999,0.9999999999999999,0.9999999999999999,0.9999999999999999,0.9999999999999999,0.9999999999999999,0.9999999999999999,0.9999999999999999,0.9878787878787878,0.9999999999999999,0.9636363636363635,0.9999999999999999,0.9999999999999999,0.9999999999999999,1.0,0.9999999999999999,0.9999999999999999,0.9999999999999999,0.9999999999999999,0.9999999999999999,0.9999999999999999,0.9999999999999999,0.9999999999999999,0.9999999999999999,0.9999999999999999,0.9999999999999999,0.9999999999999999,0.9999999999999999,0.9999999999999999,0.9878787878787878,0.9999999999999999,0.9999999999999999,0.9999999999999999,0.9999999999999999,0.9999999999999999,0.9999999999999999,0.9999999999999999,0.9999999999999999,0.9999999999999999,0.9999999999999999,0.9999999999999999,0.9999999999999999,0.9999999999999999,0.9878787878787878,0.9999999999999999,0.9999999999999999,0.9878787878787878,0.9999999999999999,0.9999999999999999,0.9999999999999999,0.9878787878787878,0.9999999999999999,0.9999999999999999,0.9878787878787878,0.9878787878787878,0.9999999999999999,0.9999999999999999,0.9999999999999999,0.9999999999999999,0.9878787878787878,0.9999999999999999,0.9999999999999999,0.9999999999999999
seq1390@7,0.9999999999999999,0.9999999999999999,0.9999999999999999,0.9999999999999999,0.9999999999999999,0.9999999999999999,0.9999999999999999,0.9999999999999999,0.9999999999999999,0.9999999999999999,0.9878787878787878,0.9999999999999999,0.9999999999999999,0.9636363636363635,0.9999999999999999,0.9999999999999999,0.9999999999999999,0.9999999999999999,0.9999999999999999,0.9999999999999999,0.9999999999999999,0.9636363636363635,0.9999999999999999,0.9999999999999999,0.9999999999999999,0.9999999999999999,0.9999999999999999,0.9999999999999999,0.9999999999999999,0.9999999999999999,0.9999999999999999,0.9999999999999999,0.9999999999999999,0.9999999999999999,0.9999999999999999,0.9878787878787878,0.9999999999999999,0.9636363636363635,0.9999999999999999,0.9999999999999999,0.9999999999999999,0.9999999999999999,1.0,0.9999999999999999,0.9999999999999999,0.9999999999999999,0.9999999999999999,0.9999999999999999,0.9999999999999999,0.9999999999999999,0.9999999999999999,0.9999999999999999,0.9999999999999999,0.9999999999999999,0.9999999999999999,0.9999999999999999,0.9878787878787878,0.9999999999999999,0.9999999999999999,0.9999999999999999,0.9999999999999999,0.9999999999999999,0.9999999999999999,0.9999999999999999,0.9999999999999999,0.9999999999999999,0.9999999999999999,0.9999999999999999,0.9999999999999999,0.9999999999999999,0.9878787878787878,0.9999999999999999,0.9999999999999999,0.9878787878787878,0.9999999999999999,0.9999999999999999,0.9999999999999999,0.9878787878787878,0.9999999999999999,0.9999999999999999,0.9878787878787878,0.9878787878787878,0.9999999999999999,0.9999999999999999,0.9999999999999999,0.9999999999999999,0.9878787878787878,0.9999999999999999,0.9999999999999999,0.9999999999999999
seq45@70,0.9999999999999999,0.9999999999999999,0.9999999999999999,0.9999999999999999,0.9999999999999999,0.9999999999999999,0.9999999999999999,0.9999999999999999,0.9999999999999999,0.9999999999999999,0.9878787878787878,0.9999999999999999,0.9999999999999999,0.9636363636363635,0.9999999999999999,0.9999999999999999,0.9999999999999999,0.9999999999999999,0.9999999999999999,0.9999999999999999,0.9999999999999999,0.9636363636363635,0.9999999999999999,0.9999999999999999,0.9999999999999999,0.9999999999999999,0.9999999999999999,0.9999999999999999,0.9999999999999999,0.9999999999999999,0.9999999999999999,0.9999999999999999,0.9999999999999999,0.9999999999999999,0.9999999999999999,0.9878787878787878,0.9999999999999999,0.9636363636363635,0.9999999999999999,0.9999999999999999,0.9999999999999999,0.9999999999999999,0.9999999999999999,1.0,0.9999999999999999,0.9999999999999999,0.9999999999999999,0.9999999999999999,0.9999999999999999,0.9999999999999999,0.9999999999999999,0.9999999999999999,0.9999999999999999,0.9999999999999999,0.9999999999999999,0.9999999999999999,0.9878787878787878,0.9999999999999999,0.9999999999999999,0.9999999999999999,0.9999999999999999,0.9999999999999999,0.9999999999999999,0.9999999999999999,0.9999999999999999,0.9999999999999999,0.9999999999999999,0.9999999999999999,0.9999999999999999,0.9999999999999999,0.9878787878787878,0.9999999999999999,0.9999999999999999,0.9878787878787878,0.9999999999999999,0.9999999999999999,0.9999999999999999,0.9878787878787878,0.9999999999999999,0.9999999999999999,0.9878787878787878,0.9878787878787878,0.9999999999999999,0.9999999999999999,0.9999999999999999,0.9999999999999999,0.9878787878787878,0.9999999999999999,0.9999999999999999,0.9999999999999999
seq16470@7,0.9999999999999999,0.9999999999999999,0.9999999999999999,0.9999999999999999,0.9999999999999999,0.9999999999999999,0.9999999999999999,0.9999999999999999,0.9999999999999999,0.9999999999999999,0.9878787878787878,0.9999999999999999,0.9999999999999999,0.9636363636363635,0.9999999999999999,0.9999999999999999,0.9999999999999999,0.9999999999999999,0.9999999999999999,0.9999999999999999,0.9999999999999999,0.9636363636363635,0.9999999999999999,0.9999999999999999,0.9999999999999999,0.9999999999999999,0.9999999999999999,0.9999999999999999,0.9999999999999999,0.9999999999999999,0.9999999999999999,0.9999999999999999,0.9999999999999999,0.9999999999999999,0.9999999999999999,0.9878787878787878,0.9999999999999999,0.9636363636363635,0.9999999999999999,0.9999999999999999,0.9999999999999999,0.9999999999999999,0.9999999999999999,0.9999999999999999,1.0,0.9999999999999999,0.9999999999999999,0.9999999999999999,0.9999999999999999,0.9999999999999999,0.9999999999999999,0.9999999999999999,0.9999999999999999,0.9999999999999999,0.9999999999999999,0.9999999999999999,0.9878787878787878,0.9999999999999999,0.9999999999999999,0.9999999999999999,0.9999999999999999,0.9999999999999999,0.9999999999999999,0.9999999999999999,0.9999999999999999,0.9999999999999999,0.9999999999999999,0.9999999999999999,0.9999999999999999,0.9999999999999999,0.9878787878787878,0.9999999999999999,0.9999999999999999,0.9878787878787878,0.9999999999999999,0.9999999999999999,0.9999999999999999,0.9878787878787878,0.9999999999999999,0.9999999999999999,0.9878787878787878,0.9878787878787878,0.9999999999999999,0.9999999999999999,0.9999999999999999,0.9999999999999999,0.9878787878787878,0.9999999999999999,0.9999999999999999,0.9999999999999999
seq468@28,0.9999999999999999,0.9999999999999999,0.9999999999999999,0.9999999999999999,0.9999999999999999,0.9999999999999999,0.9999999999999999,0.9999999999999999,0.9999999999999999,0.9999999999999999,0.9878787878787878,0.9999999999999999,0.9999999999999999,0.9636363636363635,0.9999999999999999,0.9999999999999999,0.9999999999999999,0.9999999999999999,0.9999999999999999,0.9999999999999999,0.9999999999999999,0.9636363636363635,0.9999999999999999,0.9999999999999999,0.9999999999999999,0.9999999999999999,0.9999999999999999,0.9999999999999999,0.9999999999999999,0.9999999999999999,0.9999999999999999,0.9999999999999999,0.9999999999999999,0.9999999999999999,0.9999999999999999,0.9878787878787878,0.9999999999999999,0.9636363636363635,0.9999999999999999,0.9999999999999999,0.9999999999999999,0.9999999999999999,0.9999999999999999,0.9999999999999999,0.9999999999999999,1.0,0.9999999999999999,0.9999999999999999,0.9999999999999999,0.9999999999999999,0.9999999999999999,0.9999999999999999,0.9999999999999999,0.9999999999999999,0.9999999999999999,0.9999999999999999,0.9878787878787878,0.9999999999999999,0.9999999999999999,0.9999999999999999,0.9999999999999999,0.9999999999999999,0.9999999999999999,0.9999999999999999,0.9999999999999999,0.9999999999999999,0.9999999999999999,0.9999999999999999,0.9999999999999999,0.9999999999999999,0.9878787878787878,0.9999999999999999,0.9999999999999999,0.9878787878787878,0.9999999999999999,0.9999999999999999,0.9999999999999999,0.9878787878787878,0.9999999999999999,0.9999999999999999,0.9878787878787878,0.9878787878787878,0.9999999999999999,0.9999999999999999,0.9999999999999999,0.9999999999999999,0.9878787878787878,0.9999999999999999,0.9999999999999999,0.9999999999999999
seq21628@7,0.9999999999999999,0.9999999999999999,0.9999999999999999,0.9999999999999999,0.9999999999999999,0.9999999999999999,0.9999999999999999,0.9999999999999999,0.9999999999999999,0.9999999999999999,0.9878787878787878,0.9999999999999999,0.9999999999999999,0.9636363636363635,0.9999999999999999,0.9999999999999999,0.9999999999999999,0.9999999999999999,0.9999999999999999,0.9999999999999999,0.9999999999999999,0.9636363636363635,0.9999999999999999,0.9999999999999999,0.9999999999999999,0.9999999999999999,0.9999999999999999,0.9999999999999999,0.9999999999999999,0.9999999999999999,0.9999999999999999,0.9999999999999999,0.9999999999999999,0.9999999999999999,0.9999999999999999,0.9878787878787878,0.9999999999999999,0.9636363636363635,0.9999999999999999,0.9999999999999999,0.9999999999999999,0.9999999999999999,0.9999999999999999,0.9999999999999999,0.9999999999999999,0.9999999999999999,1.0,0.9999999999999999,0.9999999999999999,0.9999999999999999,0.9999999999999999,0.9999999999999999,0.9999999999999999,0.9999999999999999,0.9999999999999999,0.9999999999999999,0.9878787878787878,0.9999999999999999,0.9999999999999999,0.9999999999999999,0.9999999999999999,0.9999999999999999,0.9999999999999999,0.9999999999999999,0.9999999999999999,0.9999999999999999,0.9999999999999999,0.9999999999999999,0.9999999999999999,0.9999999999999999,0.9878787878787878,0.9999999999999999,0.9999999999999999,0.9878787878787878,0.9999999999999999,0.9999999999999999,0.9999999999999999,0.9878787878787878,0.9999999999999999,0.9999999999999999,0.9878787878787878,0.9878787878787878,0.9999999999999999,0.9999999999999999,0.9999999999999999,0.9999999999999999,0.9878787878787878,0.9999999999999999,0.9999999999999999,0.9999999999999999
seq497@61,0.9999999999999999,0.9999999999999999,0.9999999999999999,0.9999999999999999,0.9999999999999999,0.9999999999999999,0.9999999999999999,0.9999999999999999,0.9999999999999999,0.9999999999999999,0.9878787878787878,0.9999999999999999,0.9999999999999999,0.9636363636363635,0.9999999999999999,0.9999999999999999,0.9999999999999999,0.9999999999999999,0.9999999999999999,0.9999999999999999,0.9999999999999999,0.9636363636363635,0.9999999999999999,0.9999999999999999,0.9999999999999999,0.9999999999999999,0.9999999999999999,0.9999999999999999,0.9999999999999999,0.9999999999999999,0.9999999999999999,0.9999999999999999,0.9999999999999999,0.9999999999999999,0.9999999999999999,0.9878787878787878,0.9999999999999999,0.9636363636363635,0.9999999999999999,0.9999999999999999,0.9999999999999999,0.9999999999999999,0.9999999999999999,0.9999999999999999,0.9999999999999999,0.9999999999999999,0.9999999999999999,1.0,0.9999999999999999,0.9999999999999999,0.9999999999999999,0.9999999999999999,0.9999999999999999,0.9999999999999999,0.9999999999999999,0.9999999999999999,0.9878787878787878,0.9999999999999999,0.9999999999999999,0.9999999999999999,0.9999999999999999,0.9999999999999999,0.9999999999999999,0.9999999999999999,0.9999999999999999,0.9999999999999999,0.9999999999999999,0.9999999999999999,0.9999999999999999,0.9999999999999999,0.9878787878787878,0.9999999999999999,0.9999999999999999,0.9878787878787878,0.9999999999999999,0.9999999999999999,0.9999999999999999,0.9878787878787878,0.9999999999999999,0.9999999999999999,0.9878787878787878,0.9878787878787878,0.9999999999999999,0.9999999999999999,0.9999999999999999,0.9999999999999999,0.9878787878787878,0.9999999999999999,0.9999999999999999,0.9999999999999999
seq10545@6,0.9999999999999999,0.9999999999999999,0.9999999999999999,0.9999999999999999,0.9999999999999999,0.9999999999999999,0.9999999999999999,0.9999999999999999,0.9999999999999999,0.9999999999999999,0.9878787878787878,0.9999999999999999,0.9999999999999999,0.9636363636363635,0.9999999999999999,0.9999999999999999,0.9999999999999999,0.9999999999999999,0.9999999999999999,0.9999999999999999,0.9999999999999999,0.9636363636363635,0.9999999999999999,0.9999999999999999,0.9999999999999999,0.9999999999999999,0.9999999999999999,0.9999999999999999,0.9999999999999999,0.9999999999999999,0.9999999999999999,0.9999999999999999,0.9999999999999999,0.9999999999999999,0.9999999999999999,0.9878787878787878,0.9999999999999999,0.9636363636363635,0.9999999999999999,0.9999999999999999,0.9999999999999999,0.9999999999999999,0.9999999999999999,0.9999999999999999,0.9999999999999999,0.9999999999999999,0.9999999999999999,0.9999999999999999,1.0,0.9999999999999999,0.9999999999999999,0.9999999999999999,0.9999999999999999,0.9999999999999999,0.9999999999999999,0.9999999999999999,0.9878787878787878,0.9999999999999999,0.9999999999999999,0.9999999999999999,0.9999999999999999,0.9999999999999999,0.9999999999999999,0.9999999999999999,0.9999999999999999,0.9999999999999999,0.9999999999999999,0.9999999999999999,0.9999999999999999,0.9999999999999999,0.9878787878787878,0.9999999999999999,0.9999999999999999,0.9878787878787878,0.9999999999999999,0.9999999999999999,0.9999999999999999,0.9878787878787878,0.9999999999999999,0.9999999999999999,0.9878787878787878,0.9878787878787878,0.9999999999999999,0.9999999999999999,0.9999999999999999,0.9999999999999999,0.9878787878787878,0.9999999999999999,0.9999999999999999,0.9999999999999999
seq491@17,0.9999999999999999,0.9999999999999999,0.9999999999999999,0.9999999999999999,0.9999999999999999,0.9999999999999999,0.9999999999999999,0.9999999999999999,0.9999999999999999,0.9999999999999999,0.9878787878787878,0.9999999999999999,0.9999999999999999,0.9636363636363635,0.9999999999999999,0.9999999999999999,0.9999999999999999,0.9999999999999999,0.9999999999999999,0.9999999999999999,0.9999999999999999,0.9636363636363635,0.9999999999999999,0.9999999999999999,0.9999999999999999,0.9999999999999999,0.9999999999999999,0.9999999999999999,0.9999999999999999,0.9999999999999999,0.9999999999999999,0.9999999999999999,0.9999999999999999,0.9999999999999999,0.9999999999999999,0.9878787878787878,0.9999999999999999,0.9636363636363635,0.9999999999999999,0.9999999999999999,0.9999999999999999,0.9999999999999999,0.9999999999999999,0.9999999999999999,0.9999999999999999,0.9999999999999999,0.9999999999999999,0.9999999999999999,0.9999999999999999,1.0,0.9999999999999999,0.9999999999999999,0.9999999999999999,0.9999999999999999,0.9999999999999999,0.9999999999999999,0.9878787878787878,0.9999999999999999,0.9999999999999999,0.9999999999999999,0.9999999999999999,0.9999999999999999,0.9999999999999999,0.9999999999999999,0.9999999999999999,0.9999999999999999,0.9999999999999999,0.9999999999999999,0.9999999999999999,0.9999999999999999,0.9878787878787878,0.9999999999999999,0.9999999999999999,0.9878787878787878,0.9999999999999999,0.9999999999999999,0.9999999999999999,0.9878787878787878,0.9999999999999999,0.9999999999999999,0.9878787878787878,0.9878787878787878,0.9999999999999999,0.9999999999999999,0.9999999999999999,0.9999999999999999,0.9878787878787878,0.9999999999999999,0.9999999999999999,0.9999999999999999
seq1322@24,0.9999999999999999,0.9999999999999999,0.9999999999999999,0.9999999999999999,0.9999999999999999,0.9999999999999999,0.9999999999999999,0.9999999999999999,0.9999999999999999,0.9999999999999999,0.9878787878787878,0.9999999999999999,0.9999999999999999,0.9636363636363635,0.9999999999999999,0.9999999999999999,0.9999999999999999,0.9999999999999999,0.9999999999999999,0.9999999999999999,0.9999999999999999,0.9636363636363635,0.9999999999999999,0.9999999999999999,0.9999999999999999,0.9999999999999999,0.9999999999999999,0.9999999999999999,0.9999999999999999,0.9999999999999999,0.9999999999999999,0.9999999999999999,0.9999999999999999,0.9999999999999999,0.9999999999999999,0.9878787878787878,0.9999999999999999,0.9636363636363635,0.9999999999999999,0.9999999999999999,0.9999999999999999,0.9999999999999999,0.9999999999999999,0.9999999999999999,0.9999999999999999,0.9999999999999999,0.9999999999999999,0.9999999999999999,0.9999999999999999,0.9999999999999999,1.0,0.9999999999999999,0.9999999999999999,0.9999999999999999,0.9999999999999999,0.9999999999999999,0.9878787878787878,0.9999999999999999,0.9999999999999999,0.9999999999999999,0.9999999999999999,0.9999999999999999,0.9999999999999999,0.9999999999999999,0.9999999999999999,0.9999999999999999,0.9999999999999999,0.9999999999999999,0.9999999999999999,0.9999999999999999,0.9878787878787878,0.9999999999999999,0.9999999999999999,0.9878787878787878,0.9999999999999999,0.9999999999999999,0.9999999999999999,0.9878787878787878,0.9999999999999999,0.9999999999999999,0.9878787878787878,0.9878787878787878,0.9999999999999999,0.9999999999999999,0.9999999999999999,0.9999999999999999,0.9878787878787878,0.9999999999999999,0.9999999999999999,0.9999999999999999
seq15913@6,0.9999999999999999,0.9999999999999999,0.9999999999999999,0.9999999999999999,0.9999999999999999,0.9999999999999999,0.9999999999999999,0.9999999999999999,0.9999999999999999,0.9999999999999999,0.9878787878787878,0.9999999999999999,0.9999999999999999,0.9636363636363635,0.9999999999999999,0.9999999999999999,0.9999999999999999,0.9999999999999999,0.9999999999999999,0.9999999999999999,0.9999999999999999,0.9636363636363635,0.9999999999999999,0.9999999999999999,0.9999999999999999,0.9999999999999999,0.9999999999999999,0.9999999999999999,0.9999999999999999,0.9999999999999999,0.9999999999999999,0.9999999999999999,0.9999999999999999,0.9999999999999999,0.9999999999999999,0.9878787878787878,0.9999999999999999,0.9636363636363635,0.9999999999999999,0.9999999999999999,0.9999999999999999,0.9999999999999999,0.9999999999999999,0.9999999999999999,0.9999999999999999,0.9999999999999999,0.9999999999999999,0.9999999999999999,0.9999999999999999,0.9999999999999999,0.9999999999999999,1.0,0.9999999999999999,0.9999999999999999,0.9999999999999999,0.9999999999999999,0.9878787878787878,0.9999999999999999,0.9999999999999999,0.9999999999999999,0.9999999999999999,0.9999999999999999,0.9999999999999999,0.9999999999999999,0.9999999999999999,0.9999999999999999,0.9999999999999999,0.9999999999999999,0.9999999999999999,0.9999999999999999,0.9878787878787878,0.9999999999999999,0.9999999999999999,0.9878787878787878,0.9999999999999999,0.9999999999999999,0.9999999999999999,0.9878787878787878,0.9999999999999999,0.9999999999999999,0.9878787878787878,0.9878787878787878,0.9999999999999999,0.9999999999999999,0.9999999999999999,0.9999999999999999,0.9878787878787878,0.9999999999999999,0.9999999999999999,0.9999999999999999
seq9042@6,0.9999999999999999,0.9999999999999999,0.9999999999999999,0.9999999999999999,0.9999999999999999,0.9999999999999999,0.9999999999999999,0.9999999999999999,0.9999999999999999,0.9999999999999999,0.9878787878787878,0.9999999999999999,0.9999999999999999,0.9636363636363635,0.9999999999999999,0.9999999999999999,0.9999999999999999,0.9999999999999999,0.9999999999999999,0.9999999999999999,0.9999999999999999,0.9636363636363635,0.9999999999999999,0.9999999999999999,0.9999999999999999,0.9999999999999999,0.9999999999999999,0.9999999999999999,0.9999999999999999,0.9999999999999999,0.9999999999999999,0.9999999999999999,0.9999999999999999,0.9999999999999999,0.9999999999999999,0.9878787878787878,0.9999999999999999,0.9636363636363635,0.9999999999999999,0.9999999999999999,0.9999999999999999,0.9999999999999999,0.9999999999999999,0.9999999999999999,0.9999999999999999,0.9999999999999999,0.9999999999999999,0.9999999999999999,0.9999999999999999,0.9999999999999999,0.9999999999999999,0.9999999999999999,1.0,0.9999999999999999,0.9999999999999999,0.9999999999999999,0.9878787878787878,0.9999999999999999,0.9999999999999999,0.9999999999999999,0.9999999999999999,0.9999999999999999,0.9999999999999999,0.9999999999999999,0.9999999999999999,0.9999999999999999,0.9999999999999999,0.9999999999999999,0.9999999999999999,0.9999999999999999,0.9878787878787878,0.9999999999999999,0.9999999999999999,0.9878787878787878,0.9999999999999999,0.9999999999999999,0.9999999999999999,0.9878787878787878,0.9999999999999999,0.9999999999999999,0.9878787878787878,0.9878787878787878,0.9999999999999999,0.9999999999999999,0.9999999999999999,0.9999999999999999,0.9878787878787878,0.9999999999999999,0.9999999999999999,0.9999999999999999
seq1597@28,0.9999999999999999,0.9999999999999999,0.9999999999999999,0.9999999999999999,0.9999999999999999,0.9999999999999999,0.9999999999999999,0.9999999999999999,0.9999999999999999,0.9999999999999999,0.9878787878787878,0.9999999999999999,0.9999999999999999,0.9636363636363635,0.9999999999999999,0.9999999999999999,0.9999999999999999,0.9999999999999999,0.9999999999999999,0.9999999999999999,0.9999999999999999,0.9636363636363635,0.9999999999999999,0.9999999999999999,0.9999999999999999,0.9999999999999999,0.9999999999999999,0.9999999999999999,0.9999999999999999,0.9999999999999999,0.9999999999999999,0.9999999999999999,0.9999999999999999,0.9999999999999999,0.9999999999999999,0.9878787878787878,0.9999999999999999,0.9636363636363635,0.9999999999999999,0.9999999999999999,0.9999999999999999,0.9999999999999999,0.9999999999999999,0.9999999999999999,0.9999999999999999,0.9999999999999999,0.9999999999999999,0.9999999999999999,0.9999999999999999,0.9999999999999999,0.9999999999999999,0.9999999999999999,0.9999999999999999,1.0,0.9999999999999999,0.9999999999999999,0.9878787878787878,0.9999999999999999,0.9999999999999999,0.9999999999999999,0.9999999999999999,0.9999999999999999,0.9999999999999999,0.9999999999999999,0.9999999999999999,0.9999999999999999,0.9999999999999999,0.9999999999999999,0.9999999999999999,0.9999999999999999,0.9878787878787878,0.9999999999999999,0.9999999999999999,0.9878787878787878,0.9999999999999999,0.9999999999999999,0.9999999999999999,0.9878787878787878,0.9999999999999999,0.9999999999999999,0.9878787878787878,0.9878787878787878,0.9999999999999999,0.9999999999999999,0.9999999999999999,0.9999999999999999,0.9878787878787878,0.9999999999999999,0.9999999999999999,0.9999999999999999
seq7556@5,0.9999999999999999,0.9999999999999999,0.9999999999999999,0.9999999999999999,0.9999999999999999,0.9999999999999999,0.9999999999999999,0.9999999999999999,0.9999999999999999,0.9999999999999999,0.9878787878787878,0.9999999999999999,0.9999999999999999,0.9636363636363635,0.9999999999999999,0.9999999999999999,0.9999999999999999,0.9999999999999999,0.9999999999999999,0.9999999999999999,0.9999999999999999,0.9636363636363635,0.9999999999999999,0.9999999999999999,0.9999999999999999,0.9999999999999999,0.9999999999999999,0.9999999999999999,0.9999999999999999,0.9999999999999999,0.9999999999999999,0.9999999999999999,0.9999999999999999,0.9999999999999999,0.9999999999999999,0.9878787878787878,0.9999999999999999,0.9636363636363635,0.9999999999999999,0.9999999999999999,0.9999999999999999,0.9999999999999999,0.9999999999999999,0.9999999999999999,0.9999999999999999,0.9999999999999999,0.9999999999999999,0.9999999999999999,0.9999999999999999,0.9999999999999999,0.9999999999999999,0.9999999999999999,0.9999999999999999,0.9999999999999999,1.0,0.9999999999999999,0.9878787878787878,0.9999999999999999,0.9999999999999999,0.9999999999999999,0.9999999999999999,0.9999999999999999,0.9999999999999999,0.9999999999999999,0.9999999999999999,0.9999999999999999,0.9999999999999999,0.9999999999999999,0.9999999999999999,0.9999999999999999,0.9878787878787878,0.9999999999999999,0.9999999999999999,0.9878787878787878,0.9999999999999999,0.9999999999999999,0.9999999999999999,0.9878787878787878,0.9999999999999999,0.9999999999999999,0.9878787878787878,0.9878787878787878,0.9999999999999999,0.9999999999999999,0.9999999999999999,0.9999999999999999,0.9878787878787878,0.9999999999999999,0.9999999999999999,0.9999999999999999
seq778@12,0.9999999999999999,0.9999999999999999,0.9999999999999999,0.9999999999999999,0.9999999999999999,0.9999999999999999,0.9999999999999999,0.9999999999999999,0.9999999999999999,0.9999999999999999,0.9878787878787878,0.9999999999999999,0.9999999999999999,0.9636363636363635,0.9999999999999999,0.9999999999999999,0.9999999999999999,0.9999999999999999,0.9999999999999999,0.9999999999999999,0.9999999999999999,0.9636363636363635,0.9999999999999999,0.9999999999999999,0.9999999999999999,0.9999999999999999,0.9999999999999999,0.9999999999999999,0.9999999999999999,0.9999999999999999,0.9999999999999999,0.9999999999999999,0.9999999999999999,0.9999999999999999,0.9999999999999999,0.9878787878787878,0.9999999999999999,0.9636363636363635,0.9999999999999999,0.9999999999999999,0.9999999999999999,0.9999999999999999,0.9999999999999999,0.9999999999999999,0.9999999999999999,0.9999999999999999,0.9999999999999999,0.9999999999999999,0.9999999999999999,0.9999999999999999,0.9999999999999999,0.9999999999999999,0.9999999999999999,0.9999999999999999,0.9999999999999999,1.0,0.9878787878787878,0.9999999999999999,0.9999999999999999,0.9999999999999999,0.9999999999999999,0.9999999999999999,0.9999999999999999,0.9999999999999999,0.9999999999999999,0.9999999999999999,0.9999999999999999,0.9999999999999999,0.9999999999999999,0.9999999999999999,0.9878787878787878,0.9999999999999999,0.9999999999999999,0.9878787878787878,0.9999999999999999,0.9999999999999999,0.9999999999999999,0.9878787878787878,0.9999999999999999,0.9999999999999999,0.9878787878787878,0.9878787878787878,0.9999999999999999,0.9999999999999999,0.9999999999999999,0.9999999999999999,0.9878787878787878,0.9999999999999999,0.9999999999999999,0.9999999999999999
seq8760@5,0.9878787878787878,0.9878787878787878,0.9878787878787878,0.9878787878787878,0.9878787878787878,0.9878787878787878,0.9878787878787878,0.9878787878787878,0.9878787878787878,0.9878787878787878,0.9757575757575757,0.9878787878787878,0.9878787878787878,0.9272727272727272,0.9878787878787878,0.9878787878787878,0.9878787878787878,0.9878787878787878,0.9878787878787878,0.9878787878787878,0.9878787878787878,0.9515151515151514,0.9878787878787878,0.9878787878787878,0.9878787878787878,0.9878787878787878,0.9878787878787878,0.9878787878787878,0.9878787878787878,0.9878787878787878,0.9878787878787878,0.9878787878787878,0.9878787878787878,0.9878787878787878,0.9878787878787878,0.9757575757575757,0.9878787878787878,0.9272727272727272,0.9878787878787878,0.9878787878787878,0.9878787878787878,0.9878787878787878,0.9878787878787878,0.9878787878787878,0.9878787878787878,0.9878787878787878,0.9878787878787878,0.9878787878787878,0.9878787878787878,0.9878787878787878,0.9878787878787878,0.9878787878787878,0.9878787878787878,0.9878787878787878,0.9878787878787878,0.9878787878787878,1.0,0.9878787878787878,0.9878787878787878,0.9878787878787878,0.9878787878787878,0.9878787878787878,0.9878787878787878,0.9878787878787878,0.9878787878787878,0.9878787878787878,0.9878787878787878,0.9878787878787878,0.9878787878787878,0.9878787878787878,0.9757575757575757,0.9878787878787878,0.9878787878787878,0.9999999999999999,0.9878787878787878,0.9878787878787878,0.9878787878787878,0.9999999999999999,0.9878787878787878,0.9878787878787878,0.9757575757575757,0.9999999999999999,0.9878787878787878,0.9878787878787878,0.9878787878787878,0.9878787878787878,0.9999999999999999,0.9878787878787878,0.9878787878787878,0.9878787878787878
seq5435@6,0.9999999999999999,0.9999999999999999,0.9999999999999999,0.9999999999999999,0.9999999999999999,0.9999999999999999,0.9999999999999999,0.9999999999999999,0.9999999999999999,0.9999999999999999,0.9878787878787878,0.9999999999999999,0.9999999999999999,0.9636363636363635,0.9999999999999999,0.9999999999999999,0.9999999999999999,0.9999999999999999,0.9999999999999999,0.9999999999999999,0.9999999999999999,0.9636363636363635,0.9999999999999999,0.9999999999999999,0.9999999999999999,0.9999999999999999,0.9999999999999999,0.9999999999999999,0.9999999999999999,0.9999999999999999,0.9999999999999999,0.9999999999999999,0.9999999999999999,0.9999999999999999,0.9999999999999999,0.9878787878787878,0.9999999999999999,0.9636363636363635,0.9999999999999999,0.9999999999999999,0.9999999999999999,0.9999999999999999,0.9999999999999999,0.9999999999999999,0.9999999999999999,0.9999999999999999,0.9999999999999999,0.9999999999999999,0.9999999999999999,0.9999999999999999,0.9999999999999999,0.9999999999999999,0.9999999999999999,0.9999999999999999,0.9999999999999999,0.9999999999999999,0.9878787878787878,1.0,0.9999999999999999,0.9999999999999999,0.9999999999999999,0.9999999999999999,0.9999999999999999,0.9999999999999999,0.9999999999999999,0.9999999999999999,0.9999999999999999,0.9999999999999999,0.9999999999999999,0.9999999999999999,0.9878787878787878,0.9999999999999999,0.9999999999999999,0.9878787878787878,0.9999999999999999,0.9999999999999999,0.9999999999999999,0.9878787878787878,0.9999999999999999,0.9999999999999999,0.9878787878787878,0.9878787878787878,0.9999999999999999,0.9999999999999999,0.9999999999999999,0.9999999999999999,0.9878787878787878,0.9999999999999999,0.9999999999999999,0.9999999999999999
seq36@54,0.9999999999999999,0.9999999999999999,0.9999999999999999,0.9999999999999999,0.9999999999999999,0.9999999999999999,0.9999999999999999,0.9999999999999999,0.9999999999999999,0.9999999999999999,0.9878787878787878,0.9999999999999999,0.9999999999999999,0.9636363636363635,0.9999999999999999,0.9999999999999999,0.9999999999999999,0.9999999999999999,0.9999999999999999,0.9999999999999999,0.9999999999999999,0.9636363636363635,0.9999999999999999,0.9999999999999999,0.9999999999999999,0.9999999999999999,0.9999999999999999,0.9999999999999999,0.9999999999999999,0.9999999999999999,0.9999999999999999,0.9999999999999999,0.9999999999999999,0.9999999999999999,0.9999999999999999,0.9878787878787878,0.9999999999999999,0.9636363636363635,0.9999999999999999,0.9999999999999999,0.9999999999999999,0.9999999999999999,0.9999999999999999,0.9999999999999999,0.9999999999999999,0.9999999999999999,0.9999999999999999,0.9999999999999999,0.9999999999999999,0.9999999999999999,0.9999999999999999,0.9999999999999999,0.9999999999999999,0.9999999999999999,0.9999999999999999,0.9999999999999999,0.9878787878787878,0.9999999999999999,1.0,0.9999999999999999,0.9999999999999999,0.9999999999999999,0.9999999999999999,0.9999999999999999,0.9999999999999999,0.9999999999999999,0.9999999999999999,0.9999999999999999,0.9999999999999999,0.9999999999999999,0.9878787878787878,0.9999999999999999,0.9999999999999999,0.9878787878787878,0.9999999999999999,0.9999999999999999,0.9999999999999999,0.9878787878787878,0.9999999999999999,0.9999999999999999,0.9878787878787878,0.9878787878787878,0.9999999999999999,0.9999999999999999,0.9999999999999999,0.9999999999999999,0.9878787878787878,0.9999999999999999,0.9999999999999999,0.9999999999999999
seq8769@5,0.9999999999999999,0.9999999999999999,0.9999999999999999,0.9999999999999999,0.9999999999999999,0.9999999999999999,0.9999999999999999,0.9999999999999999,0.9999999999999999,0.9999999999999999,0.9878787878787878,0.9999999999999999,0.9999999999999999,0.9636363636363635,0.9999999999999999,0.9999999999999999,0.9999999999999999,0.9999999999999999,0.9999999999999999,0.9999999999999999,0.9999999999999999,0.9636363636363635,0.9999999999999999,0.9999999999999999,0.9999999999999999,0.9999999999999999,0.9999999999999999,0.9999999999999999,0.9999999999999999,0.9999999999999999,0.9999999999999999,0.9999999999999999,0.9999999999999999,0.9999999999999999,0.9999999999999999,0.9878787878787878,0.9999999999999999,0.9636363636363635,0.9999999999999999,0.9999999999999999,0.9999999999999999,0.9999999999999999,0.9999999999999999,0.9999999999999999,0.9999999999999999,0.9999999999999999,0.9999999999999999,0.9999999999999999,0.9999999999999999,0.9999999999999999,0.9999999999999999,0.9999999999999999,0.9999999999999999,0.9999999999999999,0.9999999999999999,0.9999999999999999,0.9878787878787878,0.9999999999999999,0.9999999999999999,1.0,0.9999999999999999,0.9999999999999999,0.9999999999999999,0.9999999999999999,0.9999999999999999,0.9999999999999999,0.9999999999999999,0.9999999999999999,0.9999999999999999,0.9999999999999999,0.9878787878787878,0.9999999999999999,0.9999999999999999,0.9878787878787878,0.9999999999999999,0.9999999999999999,0.9999999999999999,0.9878787878787878,0.9999999999999999,0.9999999999999999,0.9878787878787878,0.9878787878787878,0.9999999999999999,0.9999999999999999,0.9999999999999999,0.9999999999999999,0.9878787878787878,0.9999999999999999,0.9999999999999999,0.9999999999999999
seq2415@16,0.9999999999999999,0.9999999999999999,0.9999999999999999,0.9999999999999999,0.9999999999999999,0.9999999999999999,0.9999999999999999,0.9999999999999999,0.9999999999999999,0.9999999999999999,0.9878787878787878,0.9999999999999999,0.9999999999999999,0.9636363636363635,0.9999999999999999,0.9999999999999999,0.9999999999999999,0.9999999999999999,0.9999999999999999,0.9999999999999999,0.9999999999999999,0.9636363636363635,0.9999999999999999,0.9999999999999999,0.9999999999999999,0.9999999999999999,0.9999999999999999,0.9999999999999999,0.9999999999999999,0.9999999999999999,0.9999999999999999,0.9999999999999999,0.9999999999999999,0.9999999999999999,0.9999999999999999,0.9878787878787878,0.9999999999999999,0.9636363636363635,0.9999999999999999,0.9999999999999999,0.9999999999999999,0.9999999999999999,0.9999999999999999,0.9999999999999999,0.9999999999999999,0.9999999999999999,0.9999999999999999,0.9999999999999999,0.9999999999999999,0.9999999999999999,0.9999999999999999,0.9999999999999999,0.9999999999999999,0.9999999999999999,0.9999999999999999,0.9999999999999999,0.9878787878787878,0.9999999999999999,0.9999999999999999,0.9999999999999999,1.0,0.9999999999999999,0.9999999999999999,0.9999999999999999,0.9999999999999999,0.9999999999999999,0.9999999999999999,0.9999999999999999,0.9999999999999999,0.9999999999999999,0.9878787878787878,0.9999999999999999,0.9999999999999999,0.9878787878787878,0.9999999999999999,0.9999999999999999,0.9999999999999999,0.9878787878787878,0.9999999999999999,0.9999999999999999,0.9878787878787878,0.9878787878787878,0.9999999999999999,0.9999999999999999,0.9999999999999999,0.9999999999999999,0.9878787878787878,0.9999999999999999,0.9999999999999999,0.9999999999999999
seq27465@5,0.9999999999999999,0.9999999999999999,0.9999999999999999,0.9999999999999999,0.9999999999999999,0.9999999999999999,0.9999999999999999,0.9999999999999999,0.9999999999999999,0.9999999999999999,0.9878787878787878,0.9999999999999999,0.9999999999999999,0.9636363636363635,0.9999999999999999,0.9999999999999999,0.9999999999999999,0.9999999999999999,0.9999999999999999,0.9999999999999999,0.9999999999999999,0.9636363636363635,0.9999999999999999,0.9999999999999999,0.9999999999999999,0.9999999999999999,0.9999999999999999,0.9999999999999999,0.9999999999999999,0.9999999999999999,0.9999999999999999,0.9999999999999999,0.9999999999999999,0.9999999999999999,0.9999999999999999,0.9878787878787878,0.9999999999999999,0.9636363636363635,0.9999999999999999,0.9999999999999999,0.9999999999999999,0.9999999999999999,0.9999999999999999,0.9999999999999999,0.9999999999999999,0.9999999999999999,0.9999999999999999,0.9999999999999999,0.9999999999999999,0.9999999999999999,0.9999999999999999,0.9999999999999999,0.9999999999999999,0.9999999999999999,0.9999999999999999,0.9999999999999999,0.9878787878787878,0.9999999999999999,0.9999999999999999,0.9999999999999999,0.9999999999999999,1.0,0.9999999999999999,0.9999999999999999,0.9999999999999999,0.9999999999999999,0.9999999999999999,0.9999999999999999,0.9999999999999999,0.9999999999999999,0.9878787878787878,0.9999999999999999,0.9999999999999999,0.9878787878787878,0.9999999999999999,0.9999999999999999,0.9999999999999999,0.9878787878787878,0.9999999999999999,0.9999999999999999,0.9878787878787878,0.9878787878787878,0.9999999999999999,0.9999999999999999,0.9999999999999999,0.9999999999999999,0.9878787878787878,0.9999999999999999,0.9999999999999999,0.9999999999999999
seq5916@32,0.9999999999999999,0.9999999999999999,0.9999999999999999,0.9999999999999999,0.9999999999999999,0.9999999999999999,0.9999999999999999,0.9999999999999999,0.9999999999999999,0.9999999999999999,0.9878787878787878,0.9999999999999999,0.9999999999999999,0.9636363636363635,0.9999999999999999,0.9999999999999999,0.9999999999999999,0.9999999999999999,0.9999999999999999,0.9999999999999999,0.9999999999999999,0.9636363636363635,0.9999999999999999,0.9999999999999999,0.9999999999999999,0.9999999999999999,0.9999999999999999,0.9999999999999999,0.9999999999999999,0.9999999999999999,0.9999999999999999,0.9999999999999999,0.9999999999999999,0.9999999999999999,0.9999999999999999,0.9878787878787878,0.9999999999999999,0.9636363636363635,0.9999999999999999,0.9999999999999999,0.9999999999999999,0.9999999999999999,0.9999999999999999,0.9999999999999999,0.9999999999999999,0.9999999999999999,0.9999999999999999,0.9999999999999999,0.9999999999999999,0.9999999999999999,0.9999999999999999,0.9999999999999999,0.9999999999999999,0.9999999999999999,0.9999999999999999,0.9999999999999999,0.9878787878787878,0.9999999999999999,0.9999999999999999,0.9999999999999999,0.9999999999999999,0.9999999999999999,1.0,0.9999999999999999,0.9999999999999999,0.9999999999999999,0.9999999999999999,0.9999999999999999,0.9999999999999999,0.9999999999999999,0.9878787878787878,0.9999999999999999,0.9999999999999999,0.9878787878787878,0.9999999999999999,0.9999999999999999,0.9999999999999999,0.9878787878787878,0.9999999999999999,0.9999999999999999,0.9878787878787878,0.9878787878787878,0.9999999999999999,0.9999999999999999,0.9999999999999999,0.9999999999999999,0.9878787878787878,0.9999999999999999,0.9999999999999999,0.9999999999999999
seq759@16,0.9999999999999999,0.9999999999999999,0.9999999999999999,0.9999999999999999,0.9999999999999999,0.9999999999999999,0.9999999999999999,0.9999999999999999,0.9999999999999999,0.9999999999999999,0.9878787878787878,0.9999999999999999,0.9999999999999999,0.9636363636363635,0.9999999999999999,0.9999999999999999,0.9999999999999999,0.9999999999999999,0.9999999999999999,0.9999999999999999,0.9999999999999999,0.9636363636363635,0.9999999999999999,0.9999999999999999,0.9999999999999999,0.9999999999999999,0.9999999999999999,0.9999999999999999,0.9999999999999999,0.9999999999999999,0.9999999999999999,0.9999999999999999,0.9999999999999999,0.9999999999999999,0.9999999999999999,0.9878787878787878,0.9999999999999999,0.9636363636363635,0.9999999999999999,0.9999999999999999,0.9999999999999999,0.9999999999999999,0.9999999999999999,0.9999999999999999,0.9999999999999999,0.9999999999999999,0.9999999999999999,0.9999999999999999,0.9999999999999999,0.9999999999999999,0.9999999999999999,0.9999999999999999,0.9999999999999999,0.9999999999999999,0.9999999999999999,0.9999999999999999,0.9878787878787878,0.9999999999999999,0.9999999999999999,0.9999999999999999,0.9999999999999999,0.9999999999999999,0.9999999999999999,1.0,0.9999999999999999,0.9999999999999999,0.9999999999999999,0.9999999999999999,0.9999999999999999,0.9999999999999999,0.9878787878787878,0.9999999999999999,0.9999999999999999,0.9878787878787878,0.9999999999999999,0.9999999999999999,0.9999999999999999,0.9878787878787878,0.9999999999999999,0.9999999999999999,0.9878787878787878,0.9878787878787878,0.9999999999999999,0.9999999999999999,0.9999999999999999,0.9999999999999999,0.9878787878787878,0.9999999999999999,0.9999999999999999,0.9999999999999999
seq1445@46,0.9999999999999999,0.9999999999999999,0.9999999999999999,0.9999999999999999,0.9999999999999999,0.9999999999999999,0.9999999999999999,0.9999999999999999,0.9999999999999999,0.9999999999999999,0.9878787878787878,0.9999999999999999,0.9999999999999999,0.9636363636363635,0.9999999999999999,0.9999999999999999,0.9999999999999999,0.9999999999999999,0.9999999999999999,0.9999999999999999,0.9999999999999999,0.9636363636363635,0.9999999999999999,0.9999999999999999,0.9999999999999999,0.9999999999999999,0.9999999999999999,0.9999999999999999,0.9999999999999999,0.9999999999999999,0.9999999999999999,0.9999999999999999,0.9999999999999999,0.9999999999999999,0.9999999999999999,0.9878787878787878,0.9999999999999999,0.9636363636363635,0.9999999999999999,0.9999999999999999,0.9999999999999999,0.9999999999999999,0.9999999999999999,0.9999999999999999,0.9999999999999999,0.9999999999999999,0.9999999999999999,0.9999999999999999,0.9999999999999999,0.9999999999999999,0.9999999999999999,0.9999999999999999,0.9999999999999999,0.9999999999999999,0.9999999999999999,0.9999999999999999,0.9878787878787878,0.9999999999999999,0.9999999999999999,0.9999999999999999,0.9999999999999999,0.9999999999999999,0.9999999999999999,0.9999999999999999,1.0,0.9999999999999999,0.9999999999999999,0.9999999999999999,0.9999999999999999,0.9999999999999999,0.9878787878787878,0.9999999999999999,0.9999999999999999,0.9878787878787878,0.9999999999999999,0.9999999999999999,0.9999999999999999,0.9878787878787878,0.9999999999999999,0.9999999999999999,0.9878787878787878,0.9878787878787878,0.9999999999999999,0.9999999999999999,0.9999999999999999,0.9999999999999999,0.9878787878787878,0.9999999999999999,0.9999999999999999,0.9999999999999999
seq3092@52,0.9999999999999999,0.9999999999999999,0.9999999999999999,0.9999999999999999,0.9999999999999999,0.9999999999999999,0.9999999999999999,0.9999999999999999,0.9999999999999999,0.9999999999999999,0.9878787878787878,0.9999999999999999,0.9999999999999999,0.9636363636363635,0.9999999999999999,0.9999999999999999,0.9999999999999999,0.9999999999999999,0.9999999999999999,0.9999999999999999,0.9999999999999999,0.9636363636363635,0.9999999999999999,0.9999999999999999,0.9999999999999999,0.9999999999999999,0.9999999999999999,0.9999999999999999,0.9999999999999999,0.9999999999999999,0.9999999999999999,0.9999999999999999,0.9999999999999999,0.9999999999999999,0.9999999999999999,0.9878787878787878,0.9999999999999999,0.9636363636363635,0.9999999999999999,0.9999999999999999,0.9999999999999999,0.9999999999999999,0.9999999999999999,0.9999999999999999,0.9999999999999999,0.9999999999999999,0.9999999999999999,0.9999999999999999,0.9999999999999999,0.9999999999999999,0.9999999999999999,0.9999999999999999,0.9999999999999999,0.9999999999999999,0.9999999999999999,0.9999999999999999,0.9878787878787878,0.9999999999999999,0.9999999999999999,0.9999999999999999,0.9999999999999999,0.9999999999999999,0.9999999999999999,0.9999999999999999,0.9999999999999999,1.0,0.9999999999999999,0.9999999999999999,0.9999999999999999,0.9999999999999999,0.9878787878787878,0.9999999999999999,0.9999999999999999,0.9878787878787878,0.9999999999999999,0.9999999999999999,0.9999999999999999,0.9878787878787878,0.9999999999999999,0.9999999999999999,0.9878787878787878,0.9878787878787878,0.9999999999999999,0.9999999999999999,0.9999999999999999,0.9999999999999999,0.9878787878787878,0.9999999999999999,0.9999999999999999,0.9999999999999999
seq116@70,0.9999999999999999,0.9999999999999999,0.9999999999999999,0.9999999999999999,0.9999999999999999,0.9999999999999999,0.9999999999999999,0.9999999999999999,0.9999999999999999,0.9999999999999999,0.9878787878787878,0.9999999999999999,0.9999999999999999,0.9636363636363635,0.9999999999999999,0.9999999999999999,0.9999999999999999,0.9999999999999999,0.9999999999999999,0.9999999999999999,0.9999999999999999,0.9636363636363635,0.9999999999999999,0.9999999999999999,0.9999999999999999,0.9999999999999999,0.9999999999999999,0.9999999999999999,0.9999999999999999,0.9999999999999999,0.9999999999999999,0.9999999999999999,0.9999999999999999,0.9999999999999999,0.9999999999999999,0.9878787878787878,0.9999999999999999,0.9636363636363635,0.9999999999999999,0.9999999999999999,0.9999999999999999,0.9999999999999999,0.9999999999999999,0.9999999999999999,0.9999999999999999,0.9999999999999999,0.9999999999999999,0.9999999999999999,0.9999999999999999,0.9999999999999999,0.9999999999999999,0.9999999999999999,0.9999999999999999,0.9999999999999999,0.9999999999999999,0.9999999999999999,0.9878787878787878,0.9999999999999999,0.9999999999999999,0.9999999999999999,0.9999999999999999,0.9999999999999999,0.9999999999999999,0.9999999999999999,0.9999999999999999,0.9999999999999999,1.0,0.9999999999999999,0.9999999999999999,0.9999999999999999,0.9878787878787878,0.9999999999999999,0.9999999999999999,0.9878787878787878,0.9999999999999999,0.9999999999999999,0.9999999999999999,0.9878787878787878,0.9999999999999999,0.9999999999999999,0.9878787878787878,0.9878787878787878,0.9999999999999999,0.9999999999999999,0.9999999999999999,0.9999999999999999,0.9878787878787878,0.9999999999999999,0.9999999999999999,0.9999999999999999
seq202@70,0.9999999999999999,0.9999999999999999,0.9999999999999999,0.9999999999999999,0.9999999999999999,0.9999999999999999,0.9999999999999999,0.9999999999999999,0.9999999999999999,0.9999999999999999,0.9878787878787878,0.9999999999999999,0.9999999999999999,0.9636363636363635,0.9999999999999999,0.9999999999999999,0.9999999999999999,0.9999999999999999,0.9999999999999999,0.9999999999999999,0.9999999999999999,0.9636363636363635,0.9999999999999999,0.9999999999999999,0.9999999999999999,0.9999999999999999,0.9999999999999999,0.9999999999999999,0.9999999999999999,0.9999999999999999,0.9999999999999999,0.9999999999999999,0.9999999999999999,0.9999999999999999,0.9999999999999999,0.9878787878787878,0.9999999999999999,0.9636363636363635,0.9999999999999999,0.9999999999999999,0.9999999999999999,0.9999999999999999,0.9999999999999999,0.9999999999999999,0.9999999999999999,0.9999999999999999,0.9999999999999999,0.9999999999999999,0.9999999999999999,0.9999999999999999,0.9999999999999999,0.9999999999999999,0.9999999999999999,0.9999999999999999,0.9999999999999999,0.9999999999999999,0.9878787878787878,0.9999999999999999,0.9999999999999999,0.9999999999999999,0.9999999999999999,0.9999999999999999,0.9999999999999999,0.9999999999999999,0.9999999999999999,0.9999999999999999,0.9999999999999999,1.0,0.9999999999999999,0.9999999999999999,0.9878787878787878,0.9999999999999999,0.9999999999999999,0.9878787878787878,0.9999999999999999,0.9999999999999999,0.9999999999999999,0.9878787878787878,0.9999999999999999,0.9999999999999999,0.9878787878787878,0.9878787878787878,0.9999999999999999,0.9999999999999999,0.9999999999999999,0.9999999999999999,0.9878787878787878,0.9999999999999999,0.9999999999999999,0.9999999999999999
seq713@57,0.9999999999999999,0.9999999999999999,0.9999999999999999,0.9999999999999999,0.9999999999999999,0.9999999999999999,0.9999999999999999,0.9999999999999999,0.9999999999999999,0.9999999999999999,0.9878787878787878,0.9999999999999999,0.9999999999999999,0.9636363636363635,0.9999999999999999,0.9999999999999999,0.9999999999999999,0.9999999999999999,0.9999999999999999,0.9999999999999999,0.9999999999999999,0.9636363636363635,0.9999999999999999,0.9999999999999999,0.9999999999999999,0.9999999999999999,0.9999999999999999,0.9999999999999999,0.9999999999999999,0.9999999999999999,0.9999999999999999,0.9999999999999999,0.9999999999999999,0.9999999999999999,0.9999999999999999,0.9878787878787878,0.9999999999999999,0.9636363636363635,0.9999999999999999,0.9999999999999999,0.9999999999999999,0.9999999999999999,0.9999999999999999,0.9999999999999999,0.9999999999999999,0.9999999999999999,0.9999999999999999,0.9999999999999999,0.9999999999999999,0.9999999999999999,0.9999999999999999,0.9999999999999999,0.9999999999999999,0.9999999999999999,0.9999999999999999,0.9999999999999999,0.9878787878787878,0.9999999999999999,0.9999999999999999,0.9999999999999999,0.9999999999999999,0.9999999999999999,0.9999999999999999,0.9999999999999999,0.9999999999999999,0.9999999999999999,0.9999999999999999,0.9999999999999999,1.0,0.9999999999999999,0.9878787878787878,0.9999999999999999,0.9999999999999999,0.9878787878787878,0.9999999999999999,0.9999999999999999,0.9999999999999999,0.9878787878787878,0.9999999999999999,0.9999999999999999,0.9878787878787878,0.9878787878787878,0.9999999999999999,0.9999999999999999,0.9999999999999999,0.9999999999999999,0.9878787878787878,0.9999999999999999,0.9999999999999999,0.9999999999999999
seq1636@53,0.9999999999999999,0.9999999999999999,0.9999999999999999,0.9999999999999999,0.9999999999999999,0.9999999999999999,0.9999999999999999,0.9999999999999999,0.9999999999999999,0.9999999999999999,0.9878787878787878,0.9999999999999999,0.9999999999999999,0.9636363636363635,0.9999999999999999,0.9999999999999999,0.9999999999999999,0.9999999999999999,0.9999999999999999,0.9999999999999999,0.9999999999999999,0.9636363636363635,0.9999999999999999,0.9999999999999999,0.9999999999999999,0.9999999999999999,0.9999999999999999,0.9999999999999999,0.9999999999999999,0.9999999999999999,0.9999999999999999,0.9999999999999999,0.9999999999999999,0.9999999999999999,0.9999999999999999,0.9878787878787878,0.9999999999999999,0.9636363636363635,0.9999999999999999,0.9999999999999999,0.9999999999999999,0.9999999999999999,0.9999999999999999,0.9999999999999999,0.9999999999999999,0.9999999999999999,0.9999999999999999,0.9999999999999999,0.9999999999999999,0.9999999999999999,0.9999999999999999,0.9999999999999999,0.9999999999999999,0.9999999999999999,0.9999999999999999,0.9999999999999999,0.9878787878787878,0.9999999999999999,0.9999999999999999,0.9999999999999999,0.9999999999999999,0.9999999999999999,0.9999999999999999,0.9999999999999999,0.9999999999999999,0.9999999999999999,0.9999999999999999,0.9999999999999999,0.9999999999999999,1.0,0.9878787878787878,0.9999999999999999,0.9999999999999999,0.9878787878787878,0.9999999999999999,0.9999999999999999,0.9999999999999999,0.9878787878787878,0.9999999999999999,0.9999999999999999,0.9878787878787878,0.9878787878787878,0.9999999999999999,0.9999999999999999,0.9999999999999999,0.9999999999999999,0.9878787878787878,0.9999999999999999,0.9999999999999999,0.9999999999999999
seq332@52,0.9878787878787878,0.9878787878787878,0.9878787878787878,0.9878787878787878,0.9878787878787878,0.9878787878787878,0.9878787878787878,0.9878787878787878,0.9878787878787878,0.9878787878787878,0.9999999999999999,0.9878787878787878,0.9878787878787878,0.9515151515151514,0.9878787878787878,0.9878787878787878,0.9878787878787878,0.9878787878787878,0.9878787878787878,0.9878787878787878,0.9878787878787878,0.9515151515151514,0.9878787878787878,0.9878787878787878,0.9878787878787878,0.9878787878787878,0.9878787878787878,0.9878787878787878,0.9878787878787878,0.9878787878787878,0.9878787878787878,0.9878787878787878,0.9878787878787878,0.9878787878787878,0.9878787878787878,0.9999999999999999,0.9878787878787878,0.9515151515151514,0.9878787878787878,0.9878787878787878,0.9878787878787878,0.9878787878787878,0.9878787878787878,0.9878787878787878,0.9878787878787878,0.9878787878787878,0.9878787878787878,0.9878787878787878,0.9878787878787878,0.9878787878787878,0.9878787878787878,0.9878787878787878,0.9878787878787878,0.9878787878787878,0.9878787878787878,0.9878787878787878,0.9757575757575757,0.9878787878787878,0.9878787878787878,0.9878787878787878,0.9878787878787878,0.9878787878787878,0.9878787878787878,0.9878787878787878,0.9878787878787878,0.9878787878787878,0.9878787878787878,0.9878787878787878,0.9878787878787878,0.9878787878787878,1.0,0.9878787878787878,0.9878787878787878,0.9757575757575757,0.9878787878787878,0.9878787878787878,0.9878787878787878,0.9757575757575757,0.9878787878787878,0.9878787878787878,0.9999999999999999,0.9757575757575757,0.9878787878787878,0.9878787878787878,0.9878787878787878,0.9878787878787878,0.9757575757575757,0.9878787878787878,0.9878787878787878,0.9878787878787878
seq2118@50,0.9999999999999999,0.9999999999999999,0.9999999999999999,0.9999999999999999,0.9999999999999999,0.9999999999999999,0.9999999999999999,0.9999999999999999,0.9999999999999999,0.9999999999999999,0.9878787878787878,0.9999999999999999,0.9999999999999999,0.9636363636363635,0.9999999999999999,0.9999999999999999,0.9999999999999999,0.9999999999999999,0.9999999999999999,0.9999999999999999,0.9999999999999999,0.9636363636363635,0.9999999999999999,0.9999999999999999,0.9999999999999999,0.9999999999999999,0.9999999999999999,0.9999999999999999,0.9999999999999999,0.9999999999999999,0.9999999999999999,0.9999999999999999,0.9999999999999999,0.9999999999999999,0.9999999999999999,0.9878787878787878,0.9999999999999999,0.9636363636363635,0.9999999999999999,0.9999999999999999,0.9999999999999999,0.9999999999999999,0.9999999999999999,0.9999999999999999,0.9999999999999999,0.9999999999999999,0.9999999999999999,0.9999999999999999,0.9999999999999999,0.9999999999999999,0.9999999999999999,0.9999999999999999,0.9999999999999999,0.9999999999999999,0.9999999999999999,0.9999999999999999,0.9878787878787878,0.9999999999999999,0.9999999999999999,0.9999999999999999,0.9999999999999999,0.9999999999999999,0.9999999999999999,0.9999999999999999,0.9999999999999999,0.9999999999999999,0.9999999999999999,0.9999999999999999,0.9999999999999999,0.9999999999999999,0.9878787878787878,1.0,0.9999999999999999,0.9878787878787878,0.9999999999999999,0.9999999999999999,0.9999999999999999,0.9878787878787878,0.9999999999999999,0.9999999999999999,0.9878787878787878,0.9878787878787878,0.9999999999999999,0.9999999999999999,0.9999999999999999,0.9999999999999999,0.9878787878787878,0.9999999999999999,0.9999999999999999,0.9999999999999999
seq265@48,0.9999999999999999,0.9999999999999999,0.9999999999999999,0.9999999999999999,0.9999999999999999,0.9999999999999999,0.9999999999999999,0.9999999999999999,0.9999999999999999,0.9999999999999999,0.9878787878787878,0.9999999999999999,0.9999999999999999,0.9636363636363635,0.9999999999999999,0.9999999999999999,0.9999999999999999,0.9999999999999999,0.9999999999999999,0.9999999999999999,0.9999999999999999,0.9636363636363635,0.9999999999999999,0.9999999999999999,0.9999999999999999,0.9999999999999999,0.9999999999999999,0.9999999999999999,0.9999999999999999,0.9999999999999999,0.9999999999999999,0.9999999999999999,0.9999999999999999,0.9999999999999999,0.9999999999999999,0.9878787878787878,0.9999999999999999,0.9636363636363635,0.9999999999999999,0.9999999999999999,0.9999999999999999,0.9999999999999999,0.9999999999999999,0.9999999999999999,0.9999999999999999,0.9999999999999999,0.9999999999999999,0.9999999999999999,0.9999999999999999,0.9999999999999999,0.9999999999999999,0.9999999999999999,0.9999999999999999,0.9999999999999999,0.9999999999999999,0.9999999999999999,0.9878787878787878,0.9999999999999999,0.9999999999999999,0.9999999999999999,0.9999999999999999,0.9999999999999999,0.9999999999999999,0.9999999999999999,0.9999999999999999,0.9999999999999999,0.9999999999999999,0.9999999999999999,0.9999999999999999,0.9999999999999999,0.9878787878787878,0.9999999999999999,1.0,0.9878787878787878,0.9999999999999999,0.9999999999999999,0.9999999999999999,0.9878787878787878,0.9999999999999999,0.9999999999999999,0.9878787878787878,0.9878787878787878,0.9999999999999999,0.9999999999999999,0.9999999999999999,0.9999999999999999,0.9878787878787878,0.9999999999999999,0.9999999999999999,0.9999999999999999
seq48@37,0.9878787878787878,0.9878787878787878,0.9878787878787878,0.9878787878787878,0.9878787878787878,0.9878787878787878,0.9878787878787878,0.9878787878787878,0.9878787878787878,0.9878787878787878,0.9757575757575757,0.9878787878787878,0.9878787878787878,0.9272727272727272,0.9878787878787878,0.9878787878787878,0.9878787878787878,0.9878787878787878,0.9878787878787878,0.9878787878787878,0.9878787878787878,0.9515151515151514,0.9878787878787878,0.9878787878787878,0.9878787878787878,0.9878787878787878,0.9878787878787878,0.9878787878787878,0.9878787878787878,0.9878787878787878,0.9878787878787878,0.9878787878787878,0.9878787878787878,0.9878787878787878,0.9878787878787878,0.9757575757575757,0.9878787878787878,0.9272727272727272,0.9878787878787878,0.9878787878787878,0.9878787878787878,0.9878787878787878,0.9878787878787878,0.9878787878787878,0.9878787878787878,0.9878787878787878,0.9878787878787878,0.9878787878787878,0.9878787878787878,0.9878787878787878,0.9878787878787878,0.9878787878787878,0.9878787878787878,0.9878787878787878,0.9878787878787878,0.9878787878787878,0.9999999999999999,0.9878787878787878,0.9878787878787878,0.9878787878787878,0.9878787878787878,0.9878787878787878,0.9878787878787878,0.9878787878787878,0.9878787878787878,0.9878787878787878,0.9878787878787878,0.9878787878787878,0.9878787878787878,0.9878787878787878,0.9757575757575757,0.9878787878787878,0.9878787878787878,1.0,0.9878787878787878,0.9878787878787878,0.9878787878787878,0.9999999999999999,0.9878787878787878,0.9878787878787878,0.9757575757575757,0.9999999999999999,0.9878787878787878,0.9878787878787878,0.9878787878787878,0.9878787878787878,0.9999999999999999,0.9878787878787878,0.9878787878787878,0.9878787878787878
seq5122@37,0.9999999999999999,0.9999999999999999,0.9999999999999999,0.9999999999999999,0.9999999999999999,0.9999999999999999,0.9999999999999999,0.9999999999999999,0.9999999999999999,0.9999999999999999,0.9878787878787878,0.9999999999999999,0.9999999999999999,0.9636363636363635,0.9999999999999999,0.9999999999999999,0.9999999999999999,0.9999999999999999,0.9999999999999999,0.9999999999999999,0.9999999999999999,0.9636363636363635,0.9999999999999999,0.9999999999999999,0.9999999999999999,0.9999999999999999,0.9999999999999999,0.9999999999999999,0.9999999999999999,0.9999999999999999,0.9999999999999999,0.9999999999999999,0.9999999999999999,0.9999999999999999,0.9999999999999999,0.9878787878787878,0.9999999999999999,0.9636363636363635,0.9999999999999999,0.9999999999999999,0.9999999999999999,0.9999999999999999,0.9999999999999999,0.9999999999999999,0.9999999999999999,0.9999999999999999,0.9999999999999999,0.9999999999999999,0.9999999999999999,0.9999999999999999,0.9999999999999999,0.9999999999999999,0.9999999999999999,0.9999999999999999,0.9999999999999999,0.9999999999999999,0.9878787878787878,0.9999999999999999,0.9999999999999999,0.9999999999999999,0.9999999999999999,0.9999999999999999,0.9999999999999999,0.9999999999999999,0.9999999999999999,0.9999999999999999,0.9999999999999999,0.9999999999999999,0.9999999999999999,0.9999999999999999,0.9878787878787878,0.9999999999999999,0.9999999999999999,0.9878787878787878,1.0,0.9999999999999999,0.9999999999999999,0.9878787878787878,0.9999999999999999,0.9999999999999999,0.9878787878787878,0.9878787878787878,0.9999999999999999,0.9999999999999999,0.9999999999999999,0.9999999999999999,0.9878787878787878,0.9999999999999999,0.9999999999999999,0.9999999999999999
seq1145@35,0.9999999999999999,0.9999999999999999,0.9999999999999999,0.9999999999999999,0.9999999999999999,0.9999999999999999,0.9999999999999999,0.9999999999999999,0.9999999999999999,0.9999999999999999,0.9878787878787878,0.9999999999999999,0.9999999999999999,0.9636363636363635,0.9999999999999999,0.9999999999999999,0.9999999999999999,0.9999999999999999,0.9999999999999999,0.9999999999999999,0.9999999999999999,0.9636363636363635,0.9999999999999999,0.9999999999999999,0.9999999999999999,0.9999999999999999,0.9999999999999999,0.9999999999999999,0.9999999999999999,0.9999999999999999,0.9999999999999999,0.9999999999999999,0.9999999999999999,0.9999999999999999,0.9999999999999999,0.9878787878787878,0.9999999999999999,0.9636363636363635,0.9999999999999999,0.9999999999999999,0.9999999999999999,0.9999999999999999,0.9999999999999999,0.9999999999999999,0.9999999999999999,0.9999999999999999,0.9999999999999999,0.9999999999999999,0.9999999999999999,0.9999999999999999,0.9999999999999999,0.9999999999999999,0.9999999999999999,0.9999999999999999,0.9999999999999999,0.9999999999999999,0.9878787878787878,0.9999999999999999,0.9999999999999999,0.9999999999999999,0.9999999999999999,0.9999999999999999,0.9999999999999999,0.9999999999999999,0.9999999999999999,0.9999999999999999,0.9999999999999999,0.9999999999999999,0.9999999999999999,0.9999999999999999,0.9878787878787878,0.9999999999999999,0.9999999999999999,0.9878787878787878,0.9999999999999999,1.0,0.9999999999999999,0.9878787878787878,0.9999999999999999,0.9999999999999999,0.9878787878787878,0.9878787878787878,0.9999999999999999,0.9999999999999999,0.9999999999999999,0.9999999999999999,0.9878787878787878,0.9999999999999999,0.9999999999999999,0.9999999999999999
seq4985@24,0.9999999999999999,0.9999999999999999,0.9999999999999999,0.9999999999999999,0.9999999999999999,0.9999999999999999,0.9999999999999999,0.9999999999999999,0.9999999999999999,0.9999999999999999,0.9878787878787878,0.9999999999999999,0.9999999999999999,0.9636363636363635,0.9999999999999999,0.9999999999999999,0.9999999999999999,0.9999999999999999,0.9999999999999999,0.9999999999999999,0.9999999999999999,0.9636363636363635,0.9999999999999999,0.9999999999999999,0.9999999999999999,0.9999999999999999,0.9999999999999999,0.9999999999999999,0.9999999999999999,0.9999999999999999,0.9999999999999999,0.9999999999999999,0.9999999999999999,0.9999999999999999,0.9999999999999999,0.9878787878787878,0.9999999999999999,0.9636363636363635,0.9999999999999999,0.9999999999999999,0.9999999999999999,0.9999999999999999,0.9999999999999999,0.9999999999999999,0.9999999999999999,0.9999999999999999,0.9999999999999999,0.9999999999999999,0.9999999999999999,0.9999999999999999,0.9999999999999999,0.9999999999999999,0.9999999999999999,0.9999999999999999,0.9999999999999999,0.9999999999999999,0.9878787878787878,0.9999999999999999,0.9999999999999999,0.9999999999999999,0.9999999999999999,0.9999999999999999,0.9999999999999999,0.9999999999999999,0.9999999999999999,0.9999999999999999,0.9999999999999999,0.9999999999999999,0.9999999999999999,0.9999999999999999,0.9878787878787878,0.9999999999999999,0.9999999999999999,0.9878787878787878,0.9999999999999999,0.9999999999999999,1.0,0.9878787878787878,0.9999999999999999,0.9999999999999999,0.9878787878787878,0.9878787878787878,0.9999999999999999,0.9999999999999999,0.9999999999999999,0.9999999999999999,0.9878787878787878,0.9999999999999999,0.9999999999999999,0.9999999999999999
seq11035@22,0.9878787878787878,0.9878787878787878,0.9878787878787878,0.9878787878787878,0.9878787878787878,0.9878787878787878,0.9878787878787878,0.9878787878787878,0.9878787878787878,0.9878787878787878,0.9757575757575757,0.9878787878787878,0.9878787878787878,0.9272727272727272,0.9878787878787878,0.9878787878787878,0.9878787878787878,0.9878787878787878,0.9878787878787878,0.9878787878787878,0.9878787878787878,0.9515151515151514,0.9878787878787878,0.9878787878787878,0.9878787878787878,0.9878787878787878,0.9878787878787878,0.9878787878787878,0.9878787878787878,0.9878787878787878,0.9878787878787878,0.9878787878787878,0.9878787878787878,0.9878787878787878,0.9878787878787878,0.9757575757575757,0.9878787878787878,0.9272727272727272,0.9878787878787878,0.9878787878787878,0.9878787878787878,0.9878787878787878,0.9878787878787878,0.9878787878787878,0.9878787878787878,0.9878787878787878,0.9878787878787878,0.9878787878787878,0.9878787878787878,0.9878787878787878,0.9878787878787878,0.9878787878787878,0.9878787878787878,0.9878787878787878,0.9878787878787878,0.9878787878787878,0.9999999999999999,0.9878787878787878,0.9878787878787878,0.9878787878787878,0.9878787878787878,0.9878787878787878,0.9878787878787878,0.9878787878787878,0.9878787878787878,0.9878787878787878,0.9878787878787878,0.9878787878787878,0.9878787878787878,0.9878787878787878,0.9757575757575757,0.9878787878787878,0.9878787878787878,0.9999999999999999,0.9878787878787878,0.9878787878787878,0.9878787878787878,1.0,0.9878787878787878,0.9878787878787878,0.9757575757575757,0.9999999999999999,0.9878787878787878,0.9878787878787878,0.9878787878787878,0.9878787878787878,0.9999999999999999,0.9878787878787878,0.9878787878787878,0.9878787878787878
seq971@19,0.9999999999999999,0.9999999999999999,0.9999999999999999,0.9999999999999999,0.9999999999999999,0.9999999999999999,0.9999999999999999,0.9999999999999999,0.9999999999999999,0.9999999999999999,0.9878787878787878,0.9999999999999999,0.9999999999999999,0.9636363636363635,0.9999999999999999,0.9999999999999999,0.9999999999999999,0.9999999999999999,0.9999999999999999,0.9999999999999999,0.9999999999999999,0.9636363636363635,0.9999999999999999,0.9999999999999999,0.9999999999999999,0.9999999999999999,0.9999999999999999,0.9999999999999999,0.9999999999999999,0.9999999999999999,0.9999999999999999,0.9999999999999999,0.9999999999999999,0.9999999999999999,0.9999999999999999,0.9878787878787878,0.9999999999999999,0.9636363636363635,0.9999999999999999,0.9999999999999999,0.9999999999999999,0.9999999999999999,0.9999999999999999,0.9999999999999999,0.9999999999999999,0.9999999999999999,0.9999999999999999,0.9999999999999999,0.9999999999999999,0.9999999999999999,0.9999999999999999,0.9999999999999999,0.9999999999999999,0.9999999999999999,0.9999999999999999,0.9999999999999999,0.9878787878787878,0.9999999999999999,0.9999999999999999,0.9999999999999999,0.9999999999999999,0.9999999999999999,0.9999999999999999,0.9999999999999999,0.9999999999999999,0.9999999999999999,0.9999999999999999,0.9999999999999999,0.9999999999999999,0.9999999999999999,0.9878787878787878,0.9999999999999999,0.9999999999999999,0.9878787878787878,0.9999999999999999,0.9999999999999999,0.9999999999999999,0.9878787878787878,1.0,0.9999999999999999,0.9878787878787878,0.9878787878787878,0.9999999999999999,0.9999999999999999,0.9999999999999999,0.9999999999999999,0.9878787878787878,0.9999999999999999,0.9999999999999999,0.9999999999999999
seq3317@19,0.9999999999999999,0.9999999999999999,0.9999999999999999,0.9999999999999999,0.9999999999999999,0.9999999999999999,0.9999999999999999,0.9999999999999999,0.9999999999999999,0.9999999999999999,0.9878787878787878,0.9999999999999999,0.9999999999999999,0.9636363636363635,0.9999999999999999,0.9999999999999999,0.9999999999999999,0.9999999999999999,0.9999999999999999,0.9999999999999999,0.9999999999999999,0.9636363636363635,0.9999999999999999,0.9999999999999999,0.9999999999999999,0.9999999999999999,0.9999999999999999,0.9999999999999999,0.9999999999999999,0.9999999999999999,0.9999999999999999,0.9999999999999999,0.9999999999999999,0.9999999999999999,0.9999999999999999,0.9878787878787878,0.9999999999999999,0.9636363636363635,0.9999999999999999,0.9999999999999999,0.9999999999999999,0.9999999999999999,0.9999999999999999,0.9999999999999999,0.9999999999999999,0.9999999999999999,0.9999999999999999,0.9999999999999999,0.9999999999999999,0.9999999999999999,0.9999999999999999,0.9999999999999999,0.9999999999999999,0.9999999999999999,0.9999999999999999,0.9999999999999999,0.9878787878787878,0.9999999999999999,0.9999999999999999,0.9999999999999999,0.9999999999999999,0.9999999999999999,0.9999999999999999,0.9999999999999999,0.9999999999999999,0.9999999999999999,0.9999999999999999,0.9999999999999999,0.9999999999999999,0.9999999999999999,0.9878787878787878,0.9999999999999999,0.9999999999999999,0.9878787878787878,0.9999999999999999,0.9999999999999999,0.9999999999999999,0.9878787878787878,0.9999999999999999,1.0,0.9878787878787878,0.9878787878787878,0.9999999999999999,0.9999999999999999,0.9999999999999999,0.9999999999999999,0.9878787878787878,0.9999999999999999,0.9999999999999999,0.9999999999999999
seq5835@14,0.9878787878787878,0.9878787878787878,0.9878787878787878,0.9878787878787878,0.9878787878787878,0.9878787878787878,0.9878787878787878,0.9878787878787878,0.9878787878787878,0.9878787878787878,0.9999999999999999,0.9878787878787878,0.9878787878787878,0.9515151515151514,0.9878787878787878,0.9878787878787878,0.9878787878787878,0.9878787878787878,0.9878787878787878,0.9878787878787878,0.9878787878787878,0.9515151515151514,0.9878787878787878,0.9878787878787878,0.9878787878787878,0.9878787878787878,0.9878787878787878,0.9878787878787878,0.9878787878787878,0.9878787878787878,0.9878787878787878,0.9878787878787878,0.9878787878787878,0.9878787878787878,0.9878787878787878,0.9999999999999999,0.9878787878787878,0.9515151515151514,0.9878787878787878,0.9878787878787878,0.9878787878787878,0.9878787878787878,0.9878787878787878,0.9878787878787878,0.9878787878787878,0.9878787878787878,0.9878787878787878,0.9878787878787878,0.9878787878787878,0.9878787878787878,0.9878787878787878,0.9878787878787878,0.9878787878787878,0.9878787878787878,0.9878787878787878,0.9878787878787878,0.9757575757575757,0.9878787878787878,0.9878787878787878,0.9878787878787878,0.9878787878787878,0.9878787878787878,0.9878787878787878,0.9878787878787878,0.9878787878787878,0.9878787878787878,0.9878787878787878,0.9878787878787878,0.9878787878787878,0.9878787878787878,0.9999999999999999,0.9878787878787878,0.9878787878787878,0.9757575757575757,0.9878787878787878,0.9878787878787878,0.9878787878787878,0.9757575757575757,0.9878787878787878,0.9878787878787878,1.0,0.9757575757575757,0.9878787878787878,0.9878787878787878,0.9878787878787878,0.9878787878787878,0.9757575757575757,0.9878787878787878,0.9878787878787878,0.9878787878787878
seq747@13,0.9878787878787878,0.9878787878787878,0.9878787878787878,0.9878787878787878,0.9878787878787878,0.9878787878787878,0.9878787878787878,0.9878787878787878,0.9878787878787878,0.9878787878787878,0.9757575757575757,0.9878787878787878,0.9878787878787878,0.9272727272727272,0.9878787878787878,0.9878787878787878,0.9878787878787878,0.9878787878787878,0.9878787878787878,0.9878787878787878,0.9878787878787878,0.9515151515151514,0.9878787878787878,0.9878787878787878,0.9878787878787878,0.9878787878787878,0.9878787878787878,0.9878787878787878,0.9878787878787878,0.9878787878787878,0.9878787878787878,0.9878787878787878,0.9878787878787878,0.9878787878787878,0.9878787878787878,0.9757575757575757,0.9878787878787878,0.9272727272727272,0.9878787878787878,0.9878787878787878,0.9878787878787878,0.9878787878787878,0.9878787878787878,0.9878787878787878,0.9878787878787878,0.9878787878787878,0.9878787878787878,0.9878787878787878,0.9878787878787878,0.9878787878787878,0.9878787878787878,0.9878787878787878,0.9878787878787878,0.9878787878787878,0.9878787878787878,0.9878787878787878,0.9999999999999999,0.9878787878787878,0.9878787878787878,0.9878787878787878,0.9878787878787878,0.9878787878787878,0.9878787878787878,0.9878787878787878,0.9878787878787878,0.9878787878787878,0.9878787878787878,0.9878787878787878,0.9878787878787878,0.9878787878787878,0.9757575757575757,0.9878787878787878,0.9878787878787878,0.9999999999999999,0.9878787878787878,0.9878787878787878,0.9878787878787878,0.9999999999999999,0.9878787878787878,0.9878787878787878,0.9757575757575757,1.0,0.9878787878787878,0.9878787878787878,0.9878787878787878,0.9878787878787878,0.9999999999999999,0.9878787878787878,0.9878787878787878,0.9878787878787878
seq13715@11,0.9999999999999999,0.9999999999999999,0.9999999999999999,0.9999999999999999,0.9999999999999999,0.9999999999999999,0.9999999999999999,0.9999999999999999,0.9999999999999999,0.9999999999999999,0.9878787878787878,0.9999999999999999,0.9999999999999999,0.9636363636363635,0.9999999999999999,0.9999999999999999,0.9999999999999999,0.9999999999999999,0.9999999999999999,0.9999999999999999,0.9999999999999999,0.9636363636363635,0.9999999999999999,0.9999999999999999,0.9999999999999999,0.9999999999999999,0.9999999999999999,0.9999999999999999,0.9999999999999999,0.9999999999999999,0.9999999999999999,0.9999999999999999,0.9999999999999999,0.9999999999999999,0.9999999999999999,0.9878787878787878,0.9999999999999999,0.9636363636363635,0.9999999999999999,0.9999999999999999,0.9999999999999999,0.9999999999999999,0.9999999999999999,0.9999999999999999,0.9999999999999999,0.9999999999999999,0.9999999999999999,0.9999999999999999,0.9999999999999999,0.9999999999999999,0.9999999999999999,0.9999999999999999,0.9999999999999999,0.9999999999999999,0.9999999999999999,0.9999999999999999,0.9878787878787878,0.9999999999999999,0.9999999999999999,0.9999999999999999,0.9999999999999999,0.9999999999999999,0.9999999999999999,0.9999999999999999,0.9999999999999999,0.9999999999999999,0.9999999999999999,0.9999999999999999,0.9999999999999999,0.9999999999999999,0.9878787878787878,0.9999999999999999,0.9999999999999999,0.9878787878787878,0.9999999999999999,0.9999999999999999,0.9999999999999999,0.9878787878787878,0.9999999999999999,0.9999999999999999,0.9878787878787878,0.9878787878787878,1.0,0.9999999999999999,0.9999999999999999,0.9999999999999999,0.9878787878787878,0.9999999999999999,0.9999999999999999,0.9999999999999999
seq13285@6,0.9999999999999999,0.9999999999999999,0.9999999999999999,0.9999999999999999,0.9999999999999999,0.9999999999999999,0.9999999999999999,0.9999999999999999,0.9999999999999999,0.9999999999999999,0.9878787878787878,0.9999999999999999,0.9999999999999999,0.9636363636363635,0.9999999999999999,0.9999999999999999,0.9999999999999999,0.9999999999999999,0.9999999999999999,0.9999999999999999,0.9999999999999999,0.9636363636363635,0.9999999999999999,0.9999999999999999,0.9999999999999999,0.9999999999999999,0.9999999999999999,0.9999999999999999,0.9999999999999999,0.9999999999999999,0.9999999999999999,0.9999999999999999,0.9999999999999999,0.9999999999999999,0.9999999999999999,0.9878787878787878,0.9999999999999999,0.9636363636363635,0.9999999999999999,0.9999999999999999,0.9999999999999999,0.9999999999999999,0.9999999999999999,0.9999999999999999,0.9999999999999999,0.9999999999999999,0.9999999999999999,0.9999999999999999,0.9999999999999999,0.9999999999999999,0.9999999999999999,0.9999999999999999,0.9999999999999999,0.9999999999999999,0.9999999999999999,0.9999999999999999,0.9878787878787878,0.9999999999999999,0.9999999999999999,0.9999999999999999,0.9999999999999999,0.9999999999999999,0.9999999999999999,0.9999999999999999,0.9999999999999999,0.9999999999999999,0.9999999999999999,0.9999999999999999,0.9999999999999999,0.9999999999999999,0.9878787878787878,0.9999999999999999,0.9999999999999999,0.9878787878787878,0.9999999999999999,0.9999999999999999,0.9999999999999999,0.9878787878787878,0.9999999999999999,0.9999999999999999,0.9878787878787878,0.9878787878787878,0.9999999999999999,1.0,0.9999999999999999,0.9999999999999999,0.9878787878787878,0.9999999999999999,0.9999999999999999,0.9999999999999999
seq40154@6,0.9999999999999999,0.9999999999999999,0.9999999999999999,0.9999999999999999,0.9999999999999999,0.9999999999999999,0.9999999999999999,0.9999999999999999,0.9999999999999999,0.9999999999999999,0.9878787878787878,0.9999999999999999,0.9999999999999999,0.9636363636363635,0.9999999999999999,0.9999999999999999,0.9999999999999999,0.9999999999999999,0.9999999999999999,0.9999999999999999,0.9999999999999999,0.9636363636363635,0.9999999999999999,0.9999999999999999,0.9999999999999999,0.9999999999999999,0.9999999999999999,0.9999999999999999,0.9999999999999999,0.9999999999999999,0.9999999999999999,0.9999999999999999,0.9999999999999999,0.9999999999999999,0.9999999999999999,0.9878787878787878,0.9999999999999999,0.9636363636363635,0.9999999999999999,0.9999999999999999,0.9999999999999999,0.9999999999999999,0.9999999999999999,0.9999999999999999,0.9999999999999999,0.9999999999999999,0.9999999999999999,0.9999999999999999,0.9999999999999999,0.9999999999999999,0.9999999999999999,0.9999999999999999,0.9999999999999999,0.9999999999999999,0.9999999999999999,0.9999999999999999,0.9878787878787878,0.9999999999999999,0.9999999999999999,0.9999999999999999,0.9999999999999999,0.9999999999999999,0.9999999999999999,0.9999999999999999,0.9999999999999999,0.9999999999999999,0.9999999999999999,0.9999999999999999,0.9999999999999999,0.9999999999999999,0.9878787878787878,0.9999999999999999,0.9999999999999999,0.9878787878787878,0.9999999999999999,0.9999999999999999,0.9999999999999999,0.9878787878787878,0.9999999999999999,0.9999999999999999,0.9878787878787878,0.9878787878787878,0.9999999999999999,0.9999999999999999,1.0,0.9999999999999999,0.9878787878787878,0.9999999999999999,0.9999999999999999,0.9999999999999999
seq6141@5,0.9999999999999999,0.9999999999999999,0.9999999999999999,0.9999999999999999,0.9999999999999999,0.9999999999999999,0.9999999999999999,0.9999999999999999,0.9999999999999999,0.9999999999999999,0.9878787878787878,0.9999999999999999,0.9999999999999999,0.9636363636363635,0.9999999999999999,0.9999999999999999,0.9999999999999999,0.9999999999999999,0.9999999999999999,0.9999999999999999,0.9999999999999999,0.9636363636363635,0.9999999999999999,0.9999999999999999,0.9999999999999999,0.9999999999999999,0.9999999999999999,0.9999999999999999,0.9999999999999999,0.9999999999999999,0.9999999999999999,0.9999999999999999,0.9999999999999999,0.9999999999999999,0.9999999999999999,0.9878787878787878,0.9999999999999999,0.9636363636363635,0.9999999999999999,0.9999999999999999,0.9999999999999999,0.9999999999999999,0.9999999999999999,0.9999999999999999,0.9999999999999999,0.9999999999999999,0.9999999999999999,0.9999999999999999,0.9999999999999999,0.9999999999999999,0.9999999999999999,0.9999999999999999,0.9999999999999999,0.9999999999999999,0.9999999999999999,0.9999999999999999,0.9878787878787878,0.9999999999999999,0.9999999999999999,0.9999999999999999,0.9999999999999999,0.9999999999999999,0.9999999999999999,0.9999999999999999,0.9999999999999999,0.9999999999999999,0.9999999999999999,0.9999999999999999,0.9999999999999999,0.9999999999999999,0.9878787878787878,0.9999999999999999,0.9999999999999999,0.9878787878787878,0.9999999999999999,0.9999999999999999,0.9999999999999999,0.9878787878787878,0.9999999999999999,0.9999999999999999,0.9878787878787878,0.9878787878787878,0.9999999999999999,0.9999999999999999,0.9999999999999999,1.0,0.9878787878787878,0.9999999999999999,0.9999999999999999,0.9999999999999999
seq7206@13,0.9878787878787878,0.9878787878787878,0.9878787878787878,0.9878787878787878,0.9878787878787878,0.9878787878787878,0.9878787878787878,0.9878787878787878,0.9878787878787878,0.9878787878787878,0.9757575757575757,0.9878787878787878,0.9878787878787878,0.9272727272727272,0.9878787878787878,0.9878787878787878,0.9878787878787878,0.9878787878787878,0.9878787878787878,0.9878787878787878,0.9878787878787878,0.9515151515151514,0.9878787878787878,0.9878787878787878,0.9878787878787878,0.9878787878787878,0.9878787878787878,0.9878787878787878,0.9878787878787878,0.9878787878787878,0.9878787878787878,0.9878787878787878,0.9878787878787878,0.9878787878787878,0.9878787878787878,0.9757575757575757,0.9878787878787878,0.9272727272727272,0.9878787878787878,0.9878787878787878,0.9878787878787878,0.9878787878787878,0.9878787878787878,0.9878787878787878,0.9878787878787878,0.9878787878787878,0.9878787878787878,0.9878787878787878,0.9878787878787878,0.9878787878787878,0.9878787878787878,0.9878787878787878,0.9878787878787878,0.9878787878787878,0.9878787878787878,0.9878787878787878,0.9999999999999999,0.9878787878787878,0.9878787878787878,0.9878787878787878,0.9878787878787878,0.9878787878787878,0.9878787878787878,0.9878787878787878,0.9878787878787878,0.9878787878787878,0.9878787878787878,0.9878787878787878,0.9878787878787878,0.9878787878787878,0.9757575757575757,0.9878787878787878,0.9878787878787878,0.9999999999999999,0.9878787878787878,0.9878787878787878,0.9878787878787878,0.9999999999999999,0.9878787878787878,0.9878787878787878,0.9757575757575757,0.9999999999999999,0.9878787878787878,0.9878787878787878,0.9878787878787878,0.9878787878787878,1.0,0.9878787878787878,0.9878787878787878,0.9878787878787878
seq24@40423,0.9999999999999999,0.9999999999999999,0.9999999999999999,0.9999999999999999,0.9999999999999999,0.9999999999999999,0.9999999999999999,0.9999999999999999,0.9999999999999999,0.9999999999999999,0.9878787878787878,0.9999999999999999,0.9999999999999999,0.9636363636363635,0.9999999999999999,0.9999999999999999,0.9999999999999999,0.9999999999999999,0.9999999999999999,0.9999999999999999,0.9999999999999999,0.9636363636363635,0.9999999999999999,0.9999999999999999,0.9999999999999999,0.9999999999999999,0.9999999999999999,0.9999999999999999,0.9999999999999999,0.9999999999999999,0.9999999999999999,0.9999999999999999,0.9999999999999999,0.9999999999999999,0.9999999999999999,0.9878787878787878,0.9999999999999999,0.9636363636363635,0.9999999999999999,0.9999999999999999,0.9999999999999999,0.9999999999999999,0.9999999999999999,0.9999999999999999,0.9999999999999999,0.9999999999999999,0.9999999999999999,0.9999999999999999,0.9999999999999999,0.9999999999999999,0.9999999999999999,0.9999999999999999,0.9999999999999999,0.9999999999999999,0.9999999999999999,0.9999999999999999,0.9878787878787878,0.9999999999999999,0.9999999999999999,0.9999999999999999,0.9999999999999999,0.9999999999999999,0.9999999999999999,0.9999999999999999,0.9999999999999999,0.9999999999999999,0.9999999999999999,0.9999999999999999,0.9999999999999999,0.9999999999999999,0.9878787878787878,0.9999999999999999,0.9999999999999999,0.9878787878787878,0.9999999999999999,0.9999999999999999,0.9999999999999999,0.9878787878787878,0.9999999999999999,0.9999999999999999,0.9878787878787878,0.9878787878787878,0.9999999999999999,0.9999999999999999,0.9999999999999999,0.9999999999999999,0.9878787878787878,1.0,0.9999999999999999,0.9999999999999999
seq12763@6,0.9999999999999999,0.9999999999999999,0.9999999999999999,0.9999999999999999,0.9999999999999999,0.9999999999999999,0.9999999999999999,0.9999999999999999,0.9999999999999999,0.9999999999999999,0.9878787878787878,0.9999999999999999,0.9999999999999999,0.9636363636363635,0.9999999999999999,0.9999999999999999,0.9999999999999999,0.9999999999999999,0.9999999999999999,0.9999999999999999,0.9999999999999999,0.9636363636363635,0.9999999999999999,0.9999999999999999,0.9999999999999999,0.9999999999999999,0.9999999999999999,0.9999999999999999,0.9999999999999999,0.9999999999999999,0.9999999999999999,0.9999999999999999,0.9999999999999999,0.9999999999999999,0.9999999999999999,0.9878787878787878,0.9999999999999999,0.9636363636363635,0.9999999999999999,0.9999999999999999,0.9999999999999999,0.9999999999999999,0.9999999999999999,0.9999999999999999,0.9999999999999999,0.9999999999999999,0.9999999999999999,0.9999999999999999,0.9999999999999999,0.9999999999999999,0.9999999999999999,0.9999999999999999,0.9999999999999999,0.9999999999999999,0.9999999999999999,0.9999999999999999,0.9878787878787878,0.9999999999999999,0.9999999999999999,0.9999999999999999,0.9999999999999999,0.9999999999999999,0.9999999999999999,0.9999999999999999,0.9999999999999999,0.9999999999999999,0.9999999999999999,0.9999999999999999,0.9999999999999999,0.9999999999999999,0.9878787878787878,0.9999999999999999,0.9999999999999999,0.9878787878787878,0.9999999999999999,0.9999999999999999,0.9999999999999999,0.9878787878787878,0.9999999999999999,0.9999999999999999,0.9878787878787878,0.9878787878787878,0.9999999999999999,0.9999999999999999,0.9999999999999999,0.9999999999999999,0.9878787878787878,0.9999999999999999,1.0,0.9999999999999999
seq4111@6,0.9999999999999999,0.9999999999999999,0.9999999999999999,0.9999999999999999,0.9999999999999999,0.9999999999999999,0.9999999999999999,0.9999999999999999,0.9999999999999999,0.9999999999999999,0.9878787878787878,0.9999999999999999,0.9999999999999999,0.9636363636363635,0.9999999999999999,0.9999999999999999,0.9999999999999999,0.9999999999999999,0.9999999999999999,0.9999999999999999,0.9999999999999999,0.9636363636363635,0.9999999999999999,0.9999999999999999,0.9999999999999999,0.9999999999999999,0.9999999999999999,0.9999999999999999,0.9999999999999999,0.9999999999999999,0.9999999999999999,0.9999999999999999,0.9999999999999999,0.9999999999999999,0.9999999999999999,0.9878787878787878,0.9999999999999999,0.9636363636363635,0.9999999999999999,0.9999999999999999,0.9999999999999999,0.9999999999999999,0.9999999999999999,0.9999999999999999,0.9999999999999999,0.9999999999999999,0.9999999999999999,0.9999999999999999,0.9999999999999999,0.9999999999999999,0.9999999999999999,0.9999999999999999,0.9999999999999999,0.9999999999999999,0.9999999999999999,0.9999999999999999,0.9878787878787878,0.9999999999999999,0.9999999999999999,0.9999999999999999,0.9999999999999999,0.9999999999999999,0.9999999999999999,0.9999999999999999,0.9999999999999999,0.9999999999999999,0.9999999999999999,0.9999999999999999,0.9999999999999999,0.9999999999999999,0.9878787878787878,0.9999999999999999,0.9999999999999999,0.9878787878787878,0.9999999999999999,0.9999999999999999,0.9999999999999999,0.9878787878787878,0.9999999999999999,0.9999999999999999,0.9878787878787878,0.9878787878787878,0.9999999999999999,0.9999999999999999,0.9999999999999999,0.9999999999999999,0.9878787878787878,0.9999999999999999,0.9999999999999999,1.0
