Protein1,Protein2,SpearmanSimilarity
seq30374@12,seq139@16,0.9999999999999999
seq30374@12,seq132@24,0.9999999999999999
seq30374@12,seq31987@5,0.9999999999999999
seq30374@12,naive,0.9999999999999999
seq30374@12,seq271@50,0.9999999999999999
seq30374@12,seq1571@53,0.9999999999999999
seq30374@12,seq10531@5,0.9999999999999999
seq30374@12,seq5783@17,0.9999999999999999
seq30374@12,seq260@22,0.9999999999999999
seq30374@12,seq6137@17,0.9878787878787878
seq30374@12,seq1325@43,0.9999999999999999
seq30374@12,seq4871@15,0.9999999999999999
seq30374@12,seq89@23,0.9636363636363635
seq30374@12,seq587@93,0.9999999999999999
seq30374@12,seq972@14,0.9999999999999999
seq30374@12,seq1619@30,0.9999999999999999
seq30374@12,seq946@73,0.9999999999999999
seq30374@12,seq6571@14,0.9999999999999999
seq30374@12,seq3421@23,0.9999999999999999
seq30374@12,seq12016@14,0.9999999999999999
seq30374@12,seq2489@59,0.9636363636363635
seq30374@12,seq4272@13,0.9999999999999999
seq30374@12,seq805@20,0.9999999999999999
seq30374@12,seq14@21,0.9999999999999999
seq30374@12,seq2732@12,0.9999999999999999
seq30374@12,seq148@47,0.9999999999999999
seq30374@12,seq6721@12,0.9999999999999999
seq30374@12,seq2885@12,0.9999999999999999
seq30374@12,seq1023@114,0.9999999999999999
seq30374@12,seq1237@11,0.9999999999999999
seq30374@12,seq2764@29,0.9999999999999999
seq30374@12,seq3738@10,0.9999999999999999
seq30374@12,seq5183@12,0.9999999999999999
seq30374@12,seq454@81,0.9999999999999999
seq30374@12,seq4073@9,0.9878787878787878
seq30374@12,seq11981@16,0.9999999999999999
seq30374@12,seq7437@9,0.9636363636363635
seq30374@12,seq24176@13,0.9999999999999999
seq30374@12,seq17609@9,0.9999999999999999
seq30374@12,seq1830@11,0.9999999999999999
seq30374@12,seq114@81,0.9999999999999999
seq30374@12,seq1390@7,0.9999999999999999
seq30374@12,seq45@70,0.9999999999999999
seq30374@12,seq16470@7,0.9999999999999999
seq30374@12,seq468@28,0.9999999999999999
seq30374@12,seq21628@7,0.9999999999999999
seq30374@12,seq497@61,0.9999999999999999
seq30374@12,seq10545@6,0.9999999999999999
seq30374@12,seq491@17,0.9999999999999999
seq30374@12,seq1322@24,0.9999999999999999
seq30374@12,seq15913@6,0.9999999999999999
seq30374@12,seq9042@6,0.9999999999999999
seq30374@12,seq1597@28,0.9999999999999999
seq30374@12,seq7556@5,0.9999999999999999
seq30374@12,seq778@12,0.9999999999999999
seq30374@12,seq8760@5,0.9878787878787878
seq30374@12,seq5435@6,0.9999999999999999
seq30374@12,seq36@54,0.9999999999999999
seq30374@12,seq8769@5,0.9999999999999999
seq30374@12,seq2415@16,0.9999999999999999
seq30374@12,seq27465@5,0.9999999999999999
seq30374@12,seq5916@32,0.9999999999999999
seq30374@12,seq759@16,0.9999999999999999
seq30374@12,seq1445@46,0.9999999999999999
seq30374@12,seq3092@52,0.9999999999999999
seq30374@12,seq116@70,0.9999999999999999
seq30374@12,seq202@70,0.9999999999999999
seq30374@12,seq713@57,0.9999999999999999
seq30374@12,seq1636@53,0.9999999999999999
seq30374@12,seq332@52,0.9878787878787878
seq30374@12,seq2118@50,0.9999999999999999
seq30374@12,seq265@48,0.9999999999999999
seq30374@12,seq48@37,0.9878787878787878
seq30374@12,seq5122@37,0.9999999999999999
seq30374@12,seq1145@35,0.9999999999999999
seq30374@12,seq4985@24,0.9999999999999999
seq30374@12,seq11035@22,0.9878787878787878
seq30374@12,seq971@19,0.9999999999999999
seq30374@12,seq3317@19,0.9999999999999999
seq30374@12,seq5835@14,0.9878787878787878
seq30374@12,seq747@13,0.9878787878787878
seq30374@12,seq13715@11,0.9999999999999999
seq30374@12,seq13285@6,0.9999999999999999
seq30374@12,seq40154@6,0.9999999999999999
seq30374@12,seq6141@5,0.9999999999999999
seq30374@12,seq7206@13,0.9878787878787878
seq30374@12,seq24@40423,0.9999999999999999
seq30374@12,seq12763@6,0.9999999999999999
seq30374@12,seq4111@6,0.9999999999999999
seq139@16,seq132@24,0.9999999999999999
seq139@16,seq31987@5,0.9999999999999999
seq139@16,naive,0.9999999999999999
seq139@16,seq271@50,0.9999999999999999
seq139@16,seq1571@53,0.9999999999999999
seq139@16,seq10531@5,0.9999999999999999
seq139@16,seq5783@17,0.9999999999999999
seq139@16,seq260@22,0.9999999999999999
seq139@16,seq6137@17,0.9878787878787878
seq139@16,seq1325@43,0.9999999999999999
seq139@16,seq4871@15,0.9999999999999999
seq139@16,seq89@23,0.9636363636363635
seq139@16,seq587@93,0.9999999999999999
seq139@16,seq972@14,0.9999999999999999
seq139@16,seq1619@30,0.9999999999999999
seq139@16,seq946@73,0.9999999999999999
seq139@16,seq6571@14,0.9999999999999999
seq139@16,seq3421@23,0.9999999999999999
seq139@16,seq12016@14,0.9999999999999999
seq139@16,seq2489@59,0.9636363636363635
seq139@16,seq4272@13,0.9999999999999999
seq139@16,seq805@20,0.9999999999999999
seq139@16,seq14@21,0.9999999999999999
seq139@16,seq2732@12,0.9999999999999999
seq139@16,seq148@47,0.9999999999999999
seq139@16,seq6721@12,0.9999999999999999
seq139@16,seq2885@12,0.9999999999999999
seq139@16,seq1023@114,0.9999999999999999
seq139@16,seq1237@11,0.9999999999999999
seq139@16,seq2764@29,0.9999999999999999
seq139@16,seq3738@10,0.9999999999999999
seq139@16,seq5183@12,0.9999999999999999
seq139@16,seq454@81,0.9999999999999999
seq139@16,seq4073@9,0.9878787878787878
seq139@16,seq11981@16,0.9999999999999999
seq139@16,seq7437@9,0.9636363636363635
seq139@16,seq24176@13,0.9999999999999999
seq139@16,seq17609@9,0.9999999999999999
seq139@16,seq1830@11,0.9999999999999999
seq139@16,seq114@81,0.9999999999999999
seq139@16,seq1390@7,0.9999999999999999
seq139@16,seq45@70,0.9999999999999999
seq139@16,seq16470@7,0.9999999999999999
seq139@16,seq468@28,0.9999999999999999
seq139@16,seq21628@7,0.9999999999999999
seq139@16,seq497@61,0.9999999999999999
seq139@16,seq10545@6,0.9999999999999999
seq139@16,seq491@17,0.9999999999999999
seq139@16,seq1322@24,0.9999999999999999
seq139@16,seq15913@6,0.9999999999999999
seq139@16,seq9042@6,0.9999999999999999
seq139@16,seq1597@28,0.9999999999999999
seq139@16,seq7556@5,0.9999999999999999
seq139@16,seq778@12,0.9999999999999999
seq139@16,seq8760@5,0.9878787878787878
seq139@16,seq5435@6,0.9999999999999999
seq139@16,seq36@54,0.9999999999999999
seq139@16,seq8769@5,0.9999999999999999
seq139@16,seq2415@16,0.9999999999999999
seq139@16,seq27465@5,0.9999999999999999
seq139@16,seq5916@32,0.9999999999999999
seq139@16,seq759@16,0.9999999999999999
seq139@16,seq1445@46,0.9999999999999999
seq139@16,seq3092@52,0.9999999999999999
seq139@16,seq116@70,0.9999999999999999
seq139@16,seq202@70,0.9999999999999999
seq139@16,seq713@57,0.9999999999999999
seq139@16,seq1636@53,0.9999999999999999
seq139@16,seq332@52,0.9878787878787878
seq139@16,seq2118@50,0.9999999999999999
seq139@16,seq265@48,0.9999999999999999
seq139@16,seq48@37,0.9878787878787878
seq139@16,seq5122@37,0.9999999999999999
seq139@16,seq1145@35,0.9999999999999999
seq139@16,seq4985@24,0.9999999999999999
seq139@16,seq11035@22,0.9878787878787878
seq139@16,seq971@19,0.9999999999999999
seq139@16,seq3317@19,0.9999999999999999
seq139@16,seq5835@14,0.9878787878787878
seq139@16,seq747@13,0.9878787878787878
seq139@16,seq13715@11,0.9999999999999999
seq139@16,seq13285@6,0.9999999999999999
seq139@16,seq40154@6,0.9999999999999999
seq139@16,seq6141@5,0.9999999999999999
seq139@16,seq7206@13,0.9878787878787878
seq139@16,seq24@40423,0.9999999999999999
seq139@16,seq12763@6,0.9999999999999999
seq139@16,seq4111@6,0.9999999999999999
seq132@24,seq31987@5,0.9999999999999999
seq132@24,naive,0.9999999999999999
seq132@24,seq271@50,0.9999999999999999
seq132@24,seq1571@53,0.9999999999999999
seq132@24,seq10531@5,0.9999999999999999
seq132@24,seq5783@17,0.9999999999999999
seq132@24,seq260@22,0.9999999999999999
seq132@24,seq6137@17,0.9878787878787878
seq132@24,seq1325@43,0.9999999999999999
seq132@24,seq4871@15,0.9999999999999999
seq132@24,seq89@23,0.9636363636363635
seq132@24,seq587@93,0.9999999999999999
seq132@24,seq972@14,0.9999999999999999
seq132@24,seq1619@30,0.9999999999999999
seq132@24,seq946@73,0.9999999999999999
seq132@24,seq6571@14,0.9999999999999999
seq132@24,seq3421@23,0.9999999999999999
seq132@24,seq12016@14,0.9999999999999999
seq132@24,seq2489@59,0.9636363636363635
seq132@24,seq4272@13,0.9999999999999999
seq132@24,seq805@20,0.9999999999999999
seq132@24,seq14@21,0.9999999999999999
seq132@24,seq2732@12,0.9999999999999999
seq132@24,seq148@47,0.9999999999999999
seq132@24,seq6721@12,0.9999999999999999
seq132@24,seq2885@12,0.9999999999999999
seq132@24,seq1023@114,0.9999999999999999
seq132@24,seq1237@11,0.9999999999999999
seq132@24,seq2764@29,0.9999999999999999
seq132@24,seq3738@10,0.9999999999999999
seq132@24,seq5183@12,0.9999999999999999
seq132@24,seq454@81,0.9999999999999999
seq132@24,seq4073@9,0.9878787878787878
seq132@24,seq11981@16,0.9999999999999999
seq132@24,seq7437@9,0.9636363636363635
seq132@24,seq24176@13,0.9999999999999999
seq132@24,seq17609@9,0.9999999999999999
seq132@24,seq1830@11,0.9999999999999999
seq132@24,seq114@81,0.9999999999999999
seq132@24,seq1390@7,0.9999999999999999
seq132@24,seq45@70,0.9999999999999999
seq132@24,seq16470@7,0.9999999999999999
seq132@24,seq468@28,0.9999999999999999
seq132@24,seq21628@7,0.9999999999999999
seq132@24,seq497@61,0.9999999999999999
seq132@24,seq10545@6,0.9999999999999999
seq132@24,seq491@17,0.9999999999999999
seq132@24,seq1322@24,0.9999999999999999
seq132@24,seq15913@6,0.9999999999999999
seq132@24,seq9042@6,0.9999999999999999
seq132@24,seq1597@28,0.9999999999999999
seq132@24,seq7556@5,0.9999999999999999
seq132@24,seq778@12,0.9999999999999999
seq132@24,seq8760@5,0.9878787878787878
seq132@24,seq5435@6,0.9999999999999999
seq132@24,seq36@54,0.9999999999999999
seq132@24,seq8769@5,0.9999999999999999
seq132@24,seq2415@16,0.9999999999999999
seq132@24,seq27465@5,0.9999999999999999
seq132@24,seq5916@32,0.9999999999999999
seq132@24,seq759@16,0.9999999999999999
seq132@24,seq1445@46,0.9999999999999999
seq132@24,seq3092@52,0.9999999999999999
seq132@24,seq116@70,0.9999999999999999
seq132@24,seq202@70,0.9999999999999999
seq132@24,seq713@57,0.9999999999999999
seq132@24,seq1636@53,0.9999999999999999
seq132@24,seq332@52,0.9878787878787878
seq132@24,seq2118@50,0.9999999999999999
seq132@24,seq265@48,0.9999999999999999
seq132@24,seq48@37,0.9878787878787878
seq132@24,seq5122@37,0.9999999999999999
seq132@24,seq1145@35,0.9999999999999999
seq132@24,seq4985@24,0.9999999999999999
seq132@24,seq11035@22,0.9878787878787878
seq132@24,seq971@19,0.9999999999999999
seq132@24,seq3317@19,0.9999999999999999
seq132@24,seq5835@14,0.9878787878787878
seq132@24,seq747@13,0.9878787878787878
seq132@24,seq13715@11,0.9999999999999999
seq132@24,seq13285@6,0.9999999999999999
seq132@24,seq40154@6,0.9999999999999999
seq132@24,seq6141@5,0.9999999999999999
seq132@24,seq7206@13,0.9878787878787878
seq132@24,seq24@40423,0.9999999999999999
seq132@24,seq12763@6,0.9999999999999999
seq132@24,seq4111@6,0.9999999999999999
seq31987@5,naive,0.9999999999999999
seq31987@5,seq271@50,0.9999999999999999
seq31987@5,seq1571@53,0.9999999999999999
seq31987@5,seq10531@5,0.9999999999999999
seq31987@5,seq5783@17,0.9999999999999999
seq31987@5,seq260@22,0.9999999999999999
seq31987@5,seq6137@17,0.9878787878787878
seq31987@5,seq1325@43,0.9999999999999999
seq31987@5,seq4871@15,0.9999999999999999
seq31987@5,seq89@23,0.9636363636363635
seq31987@5,seq587@93,0.9999999999999999
seq31987@5,seq972@14,0.9999999999999999
seq31987@5,seq1619@30,0.9999999999999999
seq31987@5,seq946@73,0.9999999999999999
seq31987@5,seq6571@14,0.9999999999999999
seq31987@5,seq3421@23,0.9999999999999999
seq31987@5,seq12016@14,0.9999999999999999
seq31987@5,seq2489@59,0.9636363636363635
seq31987@5,seq4272@13,0.9999999999999999
seq31987@5,seq805@20,0.9999999999999999
seq31987@5,seq14@21,0.9999999999999999
seq31987@5,seq2732@12,0.9999999999999999
seq31987@5,seq148@47,0.9999999999999999
seq31987@5,seq6721@12,0.9999999999999999
seq31987@5,seq2885@12,0.9999999999999999
seq31987@5,seq1023@114,0.9999999999999999
seq31987@5,seq1237@11,0.9999999999999999
seq31987@5,seq2764@29,0.9999999999999999
seq31987@5,seq3738@10,0.9999999999999999
seq31987@5,seq5183@12,0.9999999999999999
seq31987@5,seq454@81,0.9999999999999999
seq31987@5,seq4073@9,0.9878787878787878
seq31987@5,seq11981@16,0.9999999999999999
seq31987@5,seq7437@9,0.9636363636363635
seq31987@5,seq24176@13,0.9999999999999999
seq31987@5,seq17609@9,0.9999999999999999
seq31987@5,seq1830@11,0.9999999999999999
seq31987@5,seq114@81,0.9999999999999999
seq31987@5,seq1390@7,0.9999999999999999
seq31987@5,seq45@70,0.9999999999999999
seq31987@5,seq16470@7,0.9999999999999999
seq31987@5,seq468@28,0.9999999999999999
seq31987@5,seq21628@7,0.9999999999999999
seq31987@5,seq497@61,0.9999999999999999
seq31987@5,seq10545@6,0.9999999999999999
seq31987@5,seq491@17,0.9999999999999999
seq31987@5,seq1322@24,0.9999999999999999
seq31987@5,seq15913@6,0.9999999999999999
seq31987@5,seq9042@6,0.9999999999999999
seq31987@5,seq1597@28,0.9999999999999999
seq31987@5,seq7556@5,0.9999999999999999
seq31987@5,seq778@12,0.9999999999999999
seq31987@5,seq8760@5,0.9878787878787878
seq31987@5,seq5435@6,0.9999999999999999
seq31987@5,seq36@54,0.9999999999999999
seq31987@5,seq8769@5,0.9999999999999999
seq31987@5,seq2415@16,0.9999999999999999
seq31987@5,seq27465@5,0.9999999999999999
seq31987@5,seq5916@32,0.9999999999999999
seq31987@5,seq759@16,0.9999999999999999
seq31987@5,seq1445@46,0.9999999999999999
seq31987@5,seq3092@52,0.9999999999999999
seq31987@5,seq116@70,0.9999999999999999
seq31987@5,seq202@70,0.9999999999999999
seq31987@5,seq713@57,0.9999999999999999
seq31987@5,seq1636@53,0.9999999999999999
seq31987@5,seq332@52,0.9878787878787878
seq31987@5,seq2118@50,0.9999999999999999
seq31987@5,seq265@48,0.9999999999999999
seq31987@5,seq48@37,0.9878787878787878
seq31987@5,seq5122@37,0.9999999999999999
seq31987@5,seq1145@35,0.9999999999999999
seq31987@5,seq4985@24,0.9999999999999999
seq31987@5,seq11035@22,0.9878787878787878
seq31987@5,seq971@19,0.9999999999999999
seq31987@5,seq3317@19,0.9999999999999999
seq31987@5,seq5835@14,0.9878787878787878
seq31987@5,seq747@13,0.9878787878787878
seq31987@5,seq13715@11,0.9999999999999999
seq31987@5,seq13285@6,0.9999999999999999
seq31987@5,seq40154@6,0.9999999999999999
seq31987@5,seq6141@5,0.9999999999999999
seq31987@5,seq7206@13,0.9878787878787878
seq31987@5,seq24@40423,0.9999999999999999
seq31987@5,seq12763@6,0.9999999999999999
seq31987@5,seq4111@6,0.9999999999999999
naive,seq271@50,0.9999999999999999
naive,seq1571@53,0.9999999999999999
naive,seq10531@5,0.9999999999999999
naive,seq5783@17,0.9999999999999999
naive,seq260@22,0.9999999999999999
naive,seq6137@17,0.9878787878787878
naive,seq1325@43,0.9999999999999999
naive,seq4871@15,0.9999999999999999
naive,seq89@23,0.9636363636363635
naive,seq587@93,0.9999999999999999
naive,seq972@14,0.9999999999999999
naive,seq1619@30,0.9999999999999999
naive,seq946@73,0.9999999999999999
naive,seq6571@14,0.9999999999999999
naive,seq3421@23,0.9999999999999999
naive,seq12016@14,0.9999999999999999
naive,seq2489@59,0.9636363636363635
naive,seq4272@13,0.9999999999999999
naive,seq805@20,0.9999999999999999
naive,seq14@21,0.9999999999999999
naive,seq2732@12,0.9999999999999999
naive,seq148@47,0.9999999999999999
naive,seq6721@12,0.9999999999999999
naive,seq2885@12,0.9999999999999999
naive,seq1023@114,0.9999999999999999
naive,seq1237@11,0.9999999999999999
naive,seq2764@29,0.9999999999999999
naive,seq3738@10,0.9999999999999999
naive,seq5183@12,0.9999999999999999
naive,seq454@81,0.9999999999999999
naive,seq4073@9,0.9878787878787878
naive,seq11981@16,0.9999999999999999
naive,seq7437@9,0.9636363636363635
naive,seq24176@13,0.9999999999999999
naive,seq17609@9,0.9999999999999999
naive,seq1830@11,0.9999999999999999
naive,seq114@81,0.9999999999999999
naive,seq1390@7,0.9999999999999999
naive,seq45@70,0.9999999999999999
naive,seq16470@7,0.9999999999999999
naive,seq468@28,0.9999999999999999
naive,seq21628@7,0.9999999999999999
naive,seq497@61,0.9999999999999999
naive,seq10545@6,0.9999999999999999
naive,seq491@17,0.9999999999999999
naive,seq1322@24,0.9999999999999999
naive,seq15913@6,0.9999999999999999
naive,seq9042@6,0.9999999999999999
naive,seq1597@28,0.9999999999999999
naive,seq7556@5,0.9999999999999999
naive,seq778@12,0.9999999999999999
naive,seq8760@5,0.9878787878787878
naive,seq5435@6,0.9999999999999999
naive,seq36@54,0.9999999999999999
naive,seq8769@5,0.9999999999999999
naive,seq2415@16,0.9999999999999999
naive,seq27465@5,0.9999999999999999
naive,seq5916@32,0.9999999999999999
naive,seq759@16,0.9999999999999999
naive,seq1445@46,0.9999999999999999
naive,seq3092@52,0.9999999999999999
naive,seq116@70,0.9999999999999999
naive,seq202@70,0.9999999999999999
naive,seq713@57,0.9999999999999999
naive,seq1636@53,0.9999999999999999
naive,seq332@52,0.9878787878787878
naive,seq2118@50,0.9999999999999999
naive,seq265@48,0.9999999999999999
naive,seq48@37,0.9878787878787878
naive,seq5122@37,0.9999999999999999
naive,seq1145@35,0.9999999999999999
naive,seq4985@24,0.9999999999999999
naive,seq11035@22,0.9878787878787878
naive,seq971@19,0.9999999999999999
naive,seq3317@19,0.9999999999999999
naive,seq5835@14,0.9878787878787878
naive,seq747@13,0.9878787878787878
naive,seq13715@11,0.9999999999999999
naive,seq13285@6,0.9999999999999999
naive,seq40154@6,0.9999999999999999
naive,seq6141@5,0.9999999999999999
naive,seq7206@13,0.9878787878787878
naive,seq24@40423,0.9999999999999999
naive,seq12763@6,0.9999999999999999
naive,seq4111@6,0.9999999999999999
seq271@50,seq1571@53,0.9999999999999999
seq271@50,seq10531@5,0.9999999999999999
seq271@50,seq5783@17,0.9999999999999999
seq271@50,seq260@22,0.9999999999999999
seq271@50,seq6137@17,0.9878787878787878
seq271@50,seq1325@43,0.9999999999999999
seq271@50,seq4871@15,0.9999999999999999
seq271@50,seq89@23,0.9636363636363635
seq271@50,seq587@93,0.9999999999999999
seq271@50,seq972@14,0.9999999999999999
seq271@50,seq1619@30,0.9999999999999999
seq271@50,seq946@73,0.9999999999999999
seq271@50,seq6571@14,0.9999999999999999
seq271@50,seq3421@23,0.9999999999999999
seq271@50,seq12016@14,0.9999999999999999
seq271@50,seq2489@59,0.9636363636363635
seq271@50,seq4272@13,0.9999999999999999
seq271@50,seq805@20,0.9999999999999999
seq271@50,seq14@21,0.9999999999999999
seq271@50,seq2732@12,0.9999999999999999
seq271@50,seq148@47,0.9999999999999999
seq271@50,seq6721@12,0.9999999999999999
seq271@50,seq2885@12,0.9999999999999999
seq271@50,seq1023@114,0.9999999999999999
seq271@50,seq1237@11,0.9999999999999999
seq271@50,seq2764@29,0.9999999999999999
seq271@50,seq3738@10,0.9999999999999999
seq271@50,seq5183@12,0.9999999999999999
seq271@50,seq454@81,0.9999999999999999
seq271@50,seq4073@9,0.9878787878787878
seq271@50,seq11981@16,0.9999999999999999
seq271@50,seq7437@9,0.9636363636363635
seq271@50,seq24176@13,0.9999999999999999
seq271@50,seq17609@9,0.9999999999999999
seq271@50,seq1830@11,0.9999999999999999
seq271@50,seq114@81,0.9999999999999999
seq271@50,seq1390@7,0.9999999999999999
seq271@50,seq45@70,0.9999999999999999
seq271@50,seq16470@7,0.9999999999999999
seq271@50,seq468@28,0.9999999999999999
seq271@50,seq21628@7,0.9999999999999999
seq271@50,seq497@61,0.9999999999999999
seq271@50,seq10545@6,0.9999999999999999
seq271@50,seq491@17,0.9999999999999999
seq271@50,seq1322@24,0.9999999999999999
seq271@50,seq15913@6,0.9999999999999999
seq271@50,seq9042@6,0.9999999999999999
seq271@50,seq1597@28,0.9999999999999999
seq271@50,seq7556@5,0.9999999999999999
seq271@50,seq778@12,0.9999999999999999
seq271@50,seq8760@5,0.9878787878787878
seq271@50,seq5435@6,0.9999999999999999
seq271@50,seq36@54,0.9999999999999999
seq271@50,seq8769@5,0.9999999999999999
seq271@50,seq2415@16,0.9999999999999999
seq271@50,seq27465@5,0.9999999999999999
seq271@50,seq5916@32,0.9999999999999999
seq271@50,seq759@16,0.9999999999999999
seq271@50,seq1445@46,0.9999999999999999
seq271@50,seq3092@52,0.9999999999999999
seq271@50,seq116@70,0.9999999999999999
seq271@50,seq202@70,0.9999999999999999
seq271@50,seq713@57,0.9999999999999999
seq271@50,seq1636@53,0.9999999999999999
seq271@50,seq332@52,0.9878787878787878
seq271@50,seq2118@50,0.9999999999999999
seq271@50,seq265@48,0.9999999999999999
seq271@50,seq48@37,0.9878787878787878
seq271@50,seq5122@37,0.9999999999999999
seq271@50,seq1145@35,0.9999999999999999
seq271@50,seq4985@24,0.9999999999999999
seq271@50,seq11035@22,0.9878787878787878
seq271@50,seq971@19,0.9999999999999999
seq271@50,seq3317@19,0.9999999999999999
seq271@50,seq5835@14,0.9878787878787878
seq271@50,seq747@13,0.9878787878787878
seq271@50,seq13715@11,0.9999999999999999
seq271@50,seq13285@6,0.9999999999999999
seq271@50,seq40154@6,0.9999999999999999
seq271@50,seq6141@5,0.9999999999999999
seq271@50,seq7206@13,0.9878787878787878
seq271@50,seq24@40423,0.9999999999999999
seq271@50,seq12763@6,0.9999999999999999
seq271@50,seq4111@6,0.9999999999999999
seq1571@53,seq10531@5,0.9999999999999999
seq1571@53,seq5783@17,0.9999999999999999
seq1571@53,seq260@22,0.9999999999999999
seq1571@53,seq6137@17,0.9878787878787878
seq1571@53,seq1325@43,0.9999999999999999
seq1571@53,seq4871@15,0.9999999999999999
seq1571@53,seq89@23,0.9636363636363635
seq1571@53,seq587@93,0.9999999999999999
seq1571@53,seq972@14,0.9999999999999999
seq1571@53,seq1619@30,0.9999999999999999
seq1571@53,seq946@73,0.9999999999999999
seq1571@53,seq6571@14,0.9999999999999999
seq1571@53,seq3421@23,0.9999999999999999
seq1571@53,seq12016@14,0.9999999999999999
seq1571@53,seq2489@59,0.9636363636363635
seq1571@53,seq4272@13,0.9999999999999999
seq1571@53,seq805@20,0.9999999999999999
seq1571@53,seq14@21,0.9999999999999999
seq1571@53,seq2732@12,0.9999999999999999
seq1571@53,seq148@47,0.9999999999999999
seq1571@53,seq6721@12,0.9999999999999999
seq1571@53,seq2885@12,0.9999999999999999
seq1571@53,seq1023@114,0.9999999999999999
seq1571@53,seq1237@11,0.9999999999999999
seq1571@53,seq2764@29,0.9999999999999999
seq1571@53,seq3738@10,0.9999999999999999
seq1571@53,seq5183@12,0.9999999999999999
seq1571@53,seq454@81,0.9999999999999999
seq1571@53,seq4073@9,0.9878787878787878
seq1571@53,seq11981@16,0.9999999999999999
seq1571@53,seq7437@9,0.9636363636363635
seq1571@53,seq24176@13,0.9999999999999999
seq1571@53,seq17609@9,0.9999999999999999
seq1571@53,seq1830@11,0.9999999999999999
seq1571@53,seq114@81,0.9999999999999999
seq1571@53,seq1390@7,0.9999999999999999
seq1571@53,seq45@70,0.9999999999999999
seq1571@53,seq16470@7,0.9999999999999999
seq1571@53,seq468@28,0.9999999999999999
seq1571@53,seq21628@7,0.9999999999999999
seq1571@53,seq497@61,0.9999999999999999
seq1571@53,seq10545@6,0.9999999999999999
seq1571@53,seq491@17,0.9999999999999999
seq1571@53,seq1322@24,0.9999999999999999
seq1571@53,seq15913@6,0.9999999999999999
seq1571@53,seq9042@6,0.9999999999999999
seq1571@53,seq1597@28,0.9999999999999999
seq1571@53,seq7556@5,0.9999999999999999
seq1571@53,seq778@12,0.9999999999999999
seq1571@53,seq8760@5,0.9878787878787878
seq1571@53,seq5435@6,0.9999999999999999
seq1571@53,seq36@54,0.9999999999999999
seq1571@53,seq8769@5,0.9999999999999999
seq1571@53,seq2415@16,0.9999999999999999
seq1571@53,seq27465@5,0.9999999999999999
seq1571@53,seq5916@32,0.9999999999999999
seq1571@53,seq759@16,0.9999999999999999
seq1571@53,seq1445@46,0.9999999999999999
seq1571@53,seq3092@52,0.9999999999999999
seq1571@53,seq116@70,0.9999999999999999
seq1571@53,seq202@70,0.9999999999999999
seq1571@53,seq713@57,0.9999999999999999
seq1571@53,seq1636@53,0.9999999999999999
seq1571@53,seq332@52,0.9878787878787878
seq1571@53,seq2118@50,0.9999999999999999
seq1571@53,seq265@48,0.9999999999999999
seq1571@53,seq48@37,0.9878787878787878
seq1571@53,seq5122@37,0.9999999999999999
seq1571@53,seq1145@35,0.9999999999999999
seq1571@53,seq4985@24,0.9999999999999999
seq1571@53,seq11035@22,0.9878787878787878
seq1571@53,seq971@19,0.9999999999999999
seq1571@53,seq3317@19,0.9999999999999999
seq1571@53,seq5835@14,0.9878787878787878
seq1571@53,seq747@13,0.9878787878787878
seq1571@53,seq13715@11,0.9999999999999999
seq1571@53,seq13285@6,0.9999999999999999
seq1571@53,seq40154@6,0.9999999999999999
seq1571@53,seq6141@5,0.9999999999999999
seq1571@53,seq7206@13,0.9878787878787878
seq1571@53,seq24@40423,0.9999999999999999
seq1571@53,seq12763@6,0.9999999999999999
seq1571@53,seq4111@6,0.9999999999999999
seq10531@5,seq5783@17,0.9999999999999999
seq10531@5,seq260@22,0.9999999999999999
seq10531@5,seq6137@17,0.9878787878787878
seq10531@5,seq1325@43,0.9999999999999999
seq10531@5,seq4871@15,0.9999999999999999
seq10531@5,seq89@23,0.9636363636363635
seq10531@5,seq587@93,0.9999999999999999
seq10531@5,seq972@14,0.9999999999999999
seq10531@5,seq1619@30,0.9999999999999999
seq10531@5,seq946@73,0.9999999999999999
seq10531@5,seq6571@14,0.9999999999999999
seq10531@5,seq3421@23,0.9999999999999999
seq10531@5,seq12016@14,0.9999999999999999
seq10531@5,seq2489@59,0.9636363636363635
seq10531@5,seq4272@13,0.9999999999999999
seq10531@5,seq805@20,0.9999999999999999
seq10531@5,seq14@21,0.9999999999999999
seq10531@5,seq2732@12,0.9999999999999999
seq10531@5,seq148@47,0.9999999999999999
seq10531@5,seq6721@12,0.9999999999999999
seq10531@5,seq2885@12,0.9999999999999999
seq10531@5,seq1023@114,0.9999999999999999
seq10531@5,seq1237@11,0.9999999999999999
seq10531@5,seq2764@29,0.9999999999999999
seq10531@5,seq3738@10,0.9999999999999999
seq10531@5,seq5183@12,0.9999999999999999
seq10531@5,seq454@81,0.9999999999999999
seq10531@5,seq4073@9,0.9878787878787878
seq10531@5,seq11981@16,0.9999999999999999
seq10531@5,seq7437@9,0.9636363636363635
seq10531@5,seq24176@13,0.9999999999999999
seq10531@5,seq17609@9,0.9999999999999999
seq10531@5,seq1830@11,0.9999999999999999
seq10531@5,seq114@81,0.9999999999999999
seq10531@5,seq1390@7,0.9999999999999999
seq10531@5,seq45@70,0.9999999999999999
seq10531@5,seq16470@7,0.9999999999999999
seq10531@5,seq468@28,0.9999999999999999
seq10531@5,seq21628@7,0.9999999999999999
seq10531@5,seq497@61,0.9999999999999999
seq10531@5,seq10545@6,0.9999999999999999
seq10531@5,seq491@17,0.9999999999999999
seq10531@5,seq1322@24,0.9999999999999999
seq10531@5,seq15913@6,0.9999999999999999
seq10531@5,seq9042@6,0.9999999999999999
seq10531@5,seq1597@28,0.9999999999999999
seq10531@5,seq7556@5,0.9999999999999999
seq10531@5,seq778@12,0.9999999999999999
seq10531@5,seq8760@5,0.9878787878787878
seq10531@5,seq5435@6,0.9999999999999999
seq10531@5,seq36@54,0.9999999999999999
seq10531@5,seq8769@5,0.9999999999999999
seq10531@5,seq2415@16,0.9999999999999999
seq10531@5,seq27465@5,0.9999999999999999
seq10531@5,seq5916@32,0.9999999999999999
seq10531@5,seq759@16,0.9999999999999999
seq10531@5,seq1445@46,0.9999999999999999
seq10531@5,seq3092@52,0.9999999999999999
seq10531@5,seq116@70,0.9999999999999999
seq10531@5,seq202@70,0.9999999999999999
seq10531@5,seq713@57,0.9999999999999999
seq10531@5,seq1636@53,0.9999999999999999
seq10531@5,seq332@52,0.9878787878787878
seq10531@5,seq2118@50,0.9999999999999999
seq10531@5,seq265@48,0.9999999999999999
seq10531@5,seq48@37,0.9878787878787878
seq10531@5,seq5122@37,0.9999999999999999
seq10531@5,seq1145@35,0.9999999999999999
seq10531@5,seq4985@24,0.9999999999999999
seq10531@5,seq11035@22,0.9878787878787878
seq10531@5,seq971@19,0.9999999999999999
seq10531@5,seq3317@19,0.9999999999999999
seq10531@5,seq5835@14,0.9878787878787878
seq10531@5,seq747@13,0.9878787878787878
seq10531@5,seq13715@11,0.9999999999999999
seq10531@5,seq13285@6,0.9999999999999999
seq10531@5,seq40154@6,0.9999999999999999
seq10531@5,seq6141@5,0.9999999999999999
seq10531@5,seq7206@13,0.9878787878787878
seq10531@5,seq24@40423,0.9999999999999999
seq10531@5,seq12763@6,0.9999999999999999
seq10531@5,seq4111@6,0.9999999999999999
seq5783@17,seq260@22,0.9999999999999999
seq5783@17,seq6137@17,0.9878787878787878
seq5783@17,seq1325@43,0.9999999999999999
seq5783@17,seq4871@15,0.9999999999999999
seq5783@17,seq89@23,0.9636363636363635
seq5783@17,seq587@93,0.9999999999999999
seq5783@17,seq972@14,0.9999999999999999
seq5783@17,seq1619@30,0.9999999999999999
seq5783@17,seq946@73,0.9999999999999999
seq5783@17,seq6571@14,0.9999999999999999
seq5783@17,seq3421@23,0.9999999999999999
seq5783@17,seq12016@14,0.9999999999999999
seq5783@17,seq2489@59,0.9636363636363635
seq5783@17,seq4272@13,0.9999999999999999
seq5783@17,seq805@20,0.9999999999999999
seq5783@17,seq14@21,0.9999999999999999
seq5783@17,seq2732@12,0.9999999999999999
seq5783@17,seq148@47,0.9999999999999999
seq5783@17,seq6721@12,0.9999999999999999
seq5783@17,seq2885@12,0.9999999999999999
seq5783@17,seq1023@114,0.9999999999999999
seq5783@17,seq1237@11,0.9999999999999999
seq5783@17,seq2764@29,0.9999999999999999
seq5783@17,seq3738@10,0.9999999999999999
seq5783@17,seq5183@12,0.9999999999999999
seq5783@17,seq454@81,0.9999999999999999
seq5783@17,seq4073@9,0.9878787878787878
seq5783@17,seq11981@16,0.9999999999999999
seq5783@17,seq7437@9,0.9636363636363635
seq5783@17,seq24176@13,0.9999999999999999
seq5783@17,seq17609@9,0.9999999999999999
seq5783@17,seq1830@11,0.9999999999999999
seq5783@17,seq114@81,0.9999999999999999
seq5783@17,seq1390@7,0.9999999999999999
seq5783@17,seq45@70,0.9999999999999999
seq5783@17,seq16470@7,0.9999999999999999
seq5783@17,seq468@28,0.9999999999999999
seq5783@17,seq21628@7,0.9999999999999999
seq5783@17,seq497@61,0.9999999999999999
seq5783@17,seq10545@6,0.9999999999999999
seq5783@17,seq491@17,0.9999999999999999
seq5783@17,seq1322@24,0.9999999999999999
seq5783@17,seq15913@6,0.9999999999999999
seq5783@17,seq9042@6,0.9999999999999999
seq5783@17,seq1597@28,0.9999999999999999
seq5783@17,seq7556@5,0.9999999999999999
seq5783@17,seq778@12,0.9999999999999999
seq5783@17,seq8760@5,0.9878787878787878
seq5783@17,seq5435@6,0.9999999999999999
seq5783@17,seq36@54,0.9999999999999999
seq5783@17,seq8769@5,0.9999999999999999
seq5783@17,seq2415@16,0.9999999999999999
seq5783@17,seq27465@5,0.9999999999999999
seq5783@17,seq5916@32,0.9999999999999999
seq5783@17,seq759@16,0.9999999999999999
seq5783@17,seq1445@46,0.9999999999999999
seq5783@17,seq3092@52,0.9999999999999999
seq5783@17,seq116@70,0.9999999999999999
seq5783@17,seq202@70,0.9999999999999999
seq5783@17,seq713@57,0.9999999999999999
seq5783@17,seq1636@53,0.9999999999999999
seq5783@17,seq332@52,0.9878787878787878
seq5783@17,seq2118@50,0.9999999999999999
seq5783@17,seq265@48,0.9999999999999999
seq5783@17,seq48@37,0.9878787878787878
seq5783@17,seq5122@37,0.9999999999999999
seq5783@17,seq1145@35,0.9999999999999999
seq5783@17,seq4985@24,0.9999999999999999
seq5783@17,seq11035@22,0.9878787878787878
seq5783@17,seq971@19,0.9999999999999999
seq5783@17,seq3317@19,0.9999999999999999
seq5783@17,seq5835@14,0.9878787878787878
seq5783@17,seq747@13,0.9878787878787878
seq5783@17,seq13715@11,0.9999999999999999
seq5783@17,seq13285@6,0.9999999999999999
seq5783@17,seq40154@6,0.9999999999999999
seq5783@17,seq6141@5,0.9999999999999999
seq5783@17,seq7206@13,0.9878787878787878
seq5783@17,seq24@40423,0.9999999999999999
seq5783@17,seq12763@6,0.9999999999999999
seq5783@17,seq4111@6,0.9999999999999999
seq260@22,seq6137@17,0.9878787878787878
seq260@22,seq1325@43,0.9999999999999999
seq260@22,seq4871@15,0.9999999999999999
seq260@22,seq89@23,0.9636363636363635
seq260@22,seq587@93,0.9999999999999999
seq260@22,seq972@14,0.9999999999999999
seq260@22,seq1619@30,0.9999999999999999
seq260@22,seq946@73,0.9999999999999999
seq260@22,seq6571@14,0.9999999999999999
seq260@22,seq3421@23,0.9999999999999999
seq260@22,seq12016@14,0.9999999999999999
seq260@22,seq2489@59,0.9636363636363635
seq260@22,seq4272@13,0.9999999999999999
seq260@22,seq805@20,0.9999999999999999
seq260@22,seq14@21,0.9999999999999999
seq260@22,seq2732@12,0.9999999999999999
seq260@22,seq148@47,0.9999999999999999
seq260@22,seq6721@12,0.9999999999999999
seq260@22,seq2885@12,0.9999999999999999
seq260@22,seq1023@114,0.9999999999999999
seq260@22,seq1237@11,0.9999999999999999
seq260@22,seq2764@29,0.9999999999999999
seq260@22,seq3738@10,0.9999999999999999
seq260@22,seq5183@12,0.9999999999999999
seq260@22,seq454@81,0.9999999999999999
seq260@22,seq4073@9,0.9878787878787878
seq260@22,seq11981@16,0.9999999999999999
seq260@22,seq7437@9,0.9636363636363635
seq260@22,seq24176@13,0.9999999999999999
seq260@22,seq17609@9,0.9999999999999999
seq260@22,seq1830@11,0.9999999999999999
seq260@22,seq114@81,0.9999999999999999
seq260@22,seq1390@7,0.9999999999999999
seq260@22,seq45@70,0.9999999999999999
seq260@22,seq16470@7,0.9999999999999999
seq260@22,seq468@28,0.9999999999999999
seq260@22,seq21628@7,0.9999999999999999
seq260@22,seq497@61,0.9999999999999999
seq260@22,seq10545@6,0.9999999999999999
seq260@22,seq491@17,0.9999999999999999
seq260@22,seq1322@24,0.9999999999999999
seq260@22,seq15913@6,0.9999999999999999
seq260@22,seq9042@6,0.9999999999999999
seq260@22,seq1597@28,0.9999999999999999
seq260@22,seq7556@5,0.9999999999999999
seq260@22,seq778@12,0.9999999999999999
seq260@22,seq8760@5,0.9878787878787878
seq260@22,seq5435@6,0.9999999999999999
seq260@22,seq36@54,0.9999999999999999
seq260@22,seq8769@5,0.9999999999999999
seq260@22,seq2415@16,0.9999999999999999
seq260@22,seq27465@5,0.9999999999999999
seq260@22,seq5916@32,0.9999999999999999
seq260@22,seq759@16,0.9999999999999999
seq260@22,seq1445@46,0.9999999999999999
seq260@22,seq3092@52,0.9999999999999999
seq260@22,seq116@70,0.9999999999999999
seq260@22,seq202@70,0.9999999999999999
seq260@22,seq713@57,0.9999999999999999
seq260@22,seq1636@53,0.9999999999999999
seq260@22,seq332@52,0.9878787878787878
seq260@22,seq2118@50,0.9999999999999999
seq260@22,seq265@48,0.9999999999999999
seq260@22,seq48@37,0.9878787878787878
seq260@22,seq5122@37,0.9999999999999999
seq260@22,seq1145@35,0.9999999999999999
seq260@22,seq4985@24,0.9999999999999999
seq260@22,seq11035@22,0.9878787878787878
seq260@22,seq971@19,0.9999999999999999
seq260@22,seq3317@19,0.9999999999999999
seq260@22,seq5835@14,0.9878787878787878
seq260@22,seq747@13,0.9878787878787878
seq260@22,seq13715@11,0.9999999999999999
seq260@22,seq13285@6,0.9999999999999999
seq260@22,seq40154@6,0.9999999999999999
seq260@22,seq6141@5,0.9999999999999999
seq260@22,seq7206@13,0.9878787878787878
seq260@22,seq24@40423,0.9999999999999999
seq260@22,seq12763@6,0.9999999999999999
seq260@22,seq4111@6,0.9999999999999999
seq6137@17,seq1325@43,0.9878787878787878
seq6137@17,seq4871@15,0.9878787878787878
seq6137@17,seq89@23,0.9515151515151514
seq6137@17,seq587@93,0.9878787878787878
seq6137@17,seq972@14,0.9878787878787878
seq6137@17,seq1619@30,0.9878787878787878
seq6137@17,seq946@73,0.9878787878787878
seq6137@17,seq6571@14,0.9878787878787878
seq6137@17,seq3421@23,0.9878787878787878
seq6137@17,seq12016@14,0.9878787878787878
seq6137@17,seq2489@59,0.9515151515151514
seq6137@17,seq4272@13,0.9878787878787878
seq6137@17,seq805@20,0.9878787878787878
seq6137@17,seq14@21,0.9878787878787878
seq6137@17,seq2732@12,0.9878787878787878
seq6137@17,seq148@47,0.9878787878787878
seq6137@17,seq6721@12,0.9878787878787878
seq6137@17,seq2885@12,0.9878787878787878
seq6137@17,seq1023@114,0.9878787878787878
seq6137@17,seq1237@11,0.9878787878787878
seq6137@17,seq2764@29,0.9878787878787878
seq6137@17,seq3738@10,0.9878787878787878
seq6137@17,seq5183@12,0.9878787878787878
seq6137@17,seq454@81,0.9878787878787878
seq6137@17,seq4073@9,0.9999999999999999
seq6137@17,seq11981@16,0.9878787878787878
seq6137@17,seq7437@9,0.9515151515151514
seq6137@17,seq24176@13,0.9878787878787878
seq6137@17,seq17609@9,0.9878787878787878
seq6137@17,seq1830@11,0.9878787878787878
seq6137@17,seq114@81,0.9878787878787878
seq6137@17,seq1390@7,0.9878787878787878
seq6137@17,seq45@70,0.9878787878787878
seq6137@17,seq16470@7,0.9878787878787878
seq6137@17,seq468@28,0.9878787878787878
seq6137@17,seq21628@7,0.9878787878787878
seq6137@17,seq497@61,0.9878787878787878
seq6137@17,seq10545@6,0.9878787878787878
seq6137@17,seq491@17,0.9878787878787878
seq6137@17,seq1322@24,0.9878787878787878
seq6137@17,seq15913@6,0.9878787878787878
seq6137@17,seq9042@6,0.9878787878787878
seq6137@17,seq1597@28,0.9878787878787878
seq6137@17,seq7556@5,0.9878787878787878
seq6137@17,seq778@12,0.9878787878787878
seq6137@17,seq8760@5,0.9757575757575757
seq6137@17,seq5435@6,0.9878787878787878
seq6137@17,seq36@54,0.9878787878787878
seq6137@17,seq8769@5,0.9878787878787878
seq6137@17,seq2415@16,0.9878787878787878
seq6137@17,seq27465@5,0.9878787878787878
seq6137@17,seq5916@32,0.9878787878787878
seq6137@17,seq759@16,0.9878787878787878
seq6137@17,seq1445@46,0.9878787878787878
seq6137@17,seq3092@52,0.9878787878787878
seq6137@17,seq116@70,0.9878787878787878
seq6137@17,seq202@70,0.9878787878787878
seq6137@17,seq713@57,0.9878787878787878
seq6137@17,seq1636@53,0.9878787878787878
seq6137@17,seq332@52,0.9999999999999999
seq6137@17,seq2118@50,0.9878787878787878
seq6137@17,seq265@48,0.9878787878787878
seq6137@17,seq48@37,0.9757575757575757
seq6137@17,seq5122@37,0.9878787878787878
seq6137@17,seq1145@35,0.9878787878787878
seq6137@17,seq4985@24,0.9878787878787878
seq6137@17,seq11035@22,0.9757575757575757
seq6137@17,seq971@19,0.9878787878787878
seq6137@17,seq3317@19,0.9878787878787878
seq6137@17,seq5835@14,0.9999999999999999
seq6137@17,seq747@13,0.9757575757575757
seq6137@17,seq13715@11,0.9878787878787878
seq6137@17,seq13285@6,0.9878787878787878
seq6137@17,seq40154@6,0.9878787878787878
seq6137@17,seq6141@5,0.9878787878787878
seq6137@17,seq7206@13,0.9757575757575757
seq6137@17,seq24@40423,0.9878787878787878
seq6137@17,seq12763@6,0.9878787878787878
seq6137@17,seq4111@6,0.9878787878787878
seq1325@43,seq4871@15,0.9999999999999999
seq1325@43,seq89@23,0.9636363636363635
seq1325@43,seq587@93,0.9999999999999999
seq1325@43,seq972@14,0.9999999999999999
seq1325@43,seq1619@30,0.9999999999999999
seq1325@43,seq946@73,0.9999999999999999
seq1325@43,seq6571@14,0.9999999999999999
seq1325@43,seq3421@23,0.9999999999999999
seq1325@43,seq12016@14,0.9999999999999999
seq1325@43,seq2489@59,0.9636363636363635
seq1325@43,seq4272@13,0.9999999999999999
seq1325@43,seq805@20,0.9999999999999999
seq1325@43,seq14@21,0.9999999999999999
seq1325@43,seq2732@12,0.9999999999999999
seq1325@43,seq148@47,0.9999999999999999
seq1325@43,seq6721@12,0.9999999999999999
seq1325@43,seq2885@12,0.9999999999999999
seq1325@43,seq1023@114,0.9999999999999999
seq1325@43,seq1237@11,0.9999999999999999
seq1325@43,seq2764@29,0.9999999999999999
seq1325@43,seq3738@10,0.9999999999999999
seq1325@43,seq5183@12,0.9999999999999999
seq1325@43,seq454@81,0.9999999999999999
seq1325@43,seq4073@9,0.9878787878787878
seq1325@43,seq11981@16,0.9999999999999999
seq1325@43,seq7437@9,0.9636363636363635
seq1325@43,seq24176@13,0.9999999999999999
seq1325@43,seq17609@9,0.9999999999999999
seq1325@43,seq1830@11,0.9999999999999999
seq1325@43,seq114@81,0.9999999999999999
seq1325@43,seq1390@7,0.9999999999999999
seq1325@43,seq45@70,0.9999999999999999
seq1325@43,seq16470@7,0.9999999999999999
seq1325@43,seq468@28,0.9999999999999999
seq1325@43,seq21628@7,0.9999999999999999
seq1325@43,seq497@61,0.9999999999999999
seq1325@43,seq10545@6,0.9999999999999999
seq1325@43,seq491@17,0.9999999999999999
seq1325@43,seq1322@24,0.9999999999999999
seq1325@43,seq15913@6,0.9999999999999999
seq1325@43,seq9042@6,0.9999999999999999
seq1325@43,seq1597@28,0.9999999999999999
seq1325@43,seq7556@5,0.9999999999999999
seq1325@43,seq778@12,0.9999999999999999
seq1325@43,seq8760@5,0.9878787878787878
seq1325@43,seq5435@6,0.9999999999999999
seq1325@43,seq36@54,0.9999999999999999
seq1325@43,seq8769@5,0.9999999999999999
seq1325@43,seq2415@16,0.9999999999999999
seq1325@43,seq27465@5,0.9999999999999999
seq1325@43,seq5916@32,0.9999999999999999
seq1325@43,seq759@16,0.9999999999999999
seq1325@43,seq1445@46,0.9999999999999999
seq1325@43,seq3092@52,0.9999999999999999
seq1325@43,seq116@70,0.9999999999999999
seq1325@43,seq202@70,0.9999999999999999
seq1325@43,seq713@57,0.9999999999999999
seq1325@43,seq1636@53,0.9999999999999999
seq1325@43,seq332@52,0.9878787878787878
seq1325@43,seq2118@50,0.9999999999999999
seq1325@43,seq265@48,0.9999999999999999
seq1325@43,seq48@37,0.9878787878787878
seq1325@43,seq5122@37,0.9999999999999999
seq1325@43,seq1145@35,0.9999999999999999
seq1325@43,seq4985@24,0.9999999999999999
seq1325@43,seq11035@22,0.9878787878787878
seq1325@43,seq971@19,0.9999999999999999
seq1325@43,seq3317@19,0.9999999999999999
seq1325@43,seq5835@14,0.9878787878787878
seq1325@43,seq747@13,0.9878787878787878
seq1325@43,seq13715@11,0.9999999999999999
seq1325@43,seq13285@6,0.9999999999999999
seq1325@43,seq40154@6,0.9999999999999999
seq1325@43,seq6141@5,0.9999999999999999
seq1325@43,seq7206@13,0.9878787878787878
seq1325@43,seq24@40423,0.9999999999999999
seq1325@43,seq12763@6,0.9999999999999999
seq1325@43,seq4111@6,0.9999999999999999
seq4871@15,seq89@23,0.9636363636363635
seq4871@15,seq587@93,0.9999999999999999
seq4871@15,seq972@14,0.9999999999999999
seq4871@15,seq1619@30,0.9999999999999999
seq4871@15,seq946@73,0.9999999999999999
seq4871@15,seq6571@14,0.9999999999999999
seq4871@15,seq3421@23,0.9999999999999999
seq4871@15,seq12016@14,0.9999999999999999
seq4871@15,seq2489@59,0.9636363636363635
seq4871@15,seq4272@13,0.9999999999999999
seq4871@15,seq805@20,0.9999999999999999
seq4871@15,seq14@21,0.9999999999999999
seq4871@15,seq2732@12,0.9999999999999999
seq4871@15,seq148@47,0.9999999999999999
seq4871@15,seq6721@12,0.9999999999999999
seq4871@15,seq2885@12,0.9999999999999999
seq4871@15,seq1023@114,0.9999999999999999
seq4871@15,seq1237@11,0.9999999999999999
seq4871@15,seq2764@29,0.9999999999999999
seq4871@15,seq3738@10,0.9999999999999999
seq4871@15,seq5183@12,0.9999999999999999
seq4871@15,seq454@81,0.9999999999999999
seq4871@15,seq4073@9,0.9878787878787878
seq4871@15,seq11981@16,0.9999999999999999
seq4871@15,seq7437@9,0.9636363636363635
seq4871@15,seq24176@13,0.9999999999999999
seq4871@15,seq17609@9,0.9999999999999999
seq4871@15,seq1830@11,0.9999999999999999
seq4871@15,seq114@81,0.9999999999999999
seq4871@15,seq1390@7,0.9999999999999999
seq4871@15,seq45@70,0.9999999999999999
seq4871@15,seq16470@7,0.9999999999999999
seq4871@15,seq468@28,0.9999999999999999
seq4871@15,seq21628@7,0.9999999999999999
seq4871@15,seq497@61,0.9999999999999999
seq4871@15,seq10545@6,0.9999999999999999
seq4871@15,seq491@17,0.9999999999999999
seq4871@15,seq1322@24,0.9999999999999999
seq4871@15,seq15913@6,0.9999999999999999
seq4871@15,seq9042@6,0.9999999999999999
seq4871@15,seq1597@28,0.9999999999999999
seq4871@15,seq7556@5,0.9999999999999999
seq4871@15,seq778@12,0.9999999999999999
seq4871@15,seq8760@5,0.9878787878787878
seq4871@15,seq5435@6,0.9999999999999999
seq4871@15,seq36@54,0.9999999999999999
seq4871@15,seq8769@5,0.9999999999999999
seq4871@15,seq2415@16,0.9999999999999999
seq4871@15,seq27465@5,0.9999999999999999
seq4871@15,seq5916@32,0.9999999999999999
seq4871@15,seq759@16,0.9999999999999999
seq4871@15,seq1445@46,0.9999999999999999
seq4871@15,seq3092@52,0.9999999999999999
seq4871@15,seq116@70,0.9999999999999999
seq4871@15,seq202@70,0.9999999999999999
seq4871@15,seq713@57,0.9999999999999999
seq4871@15,seq1636@53,0.9999999999999999
seq4871@15,seq332@52,0.9878787878787878
seq4871@15,seq2118@50,0.9999999999999999
seq4871@15,seq265@48,0.9999999999999999
seq4871@15,seq48@37,0.9878787878787878
seq4871@15,seq5122@37,0.9999999999999999
seq4871@15,seq1145@35,0.9999999999999999
seq4871@15,seq4985@24,0.9999999999999999
seq4871@15,seq11035@22,0.9878787878787878
seq4871@15,seq971@19,0.9999999999999999
seq4871@15,seq3317@19,0.9999999999999999
seq4871@15,seq5835@14,0.9878787878787878
seq4871@15,seq747@13,0.9878787878787878
seq4871@15,seq13715@11,0.9999999999999999
seq4871@15,seq13285@6,0.9999999999999999
seq4871@15,seq40154@6,0.9999999999999999
seq4871@15,seq6141@5,0.9999999999999999
seq4871@15,seq7206@13,0.9878787878787878
seq4871@15,seq24@40423,0.9999999999999999
seq4871@15,seq12763@6,0.9999999999999999
seq4871@15,seq4111@6,0.9999999999999999
seq89@23,seq587@93,0.9636363636363635
seq89@23,seq972@14,0.9636363636363635
seq89@23,seq1619@30,0.9636363636363635
seq89@23,seq946@73,0.9636363636363635
seq89@23,seq6571@14,0.9636363636363635
seq89@23,seq3421@23,0.9636363636363635
seq89@23,seq12016@14,0.9636363636363635
seq89@23,seq2489@59,0.9272727272727272
seq89@23,seq4272@13,0.9636363636363635
seq89@23,seq805@20,0.9636363636363635
seq89@23,seq14@21,0.9636363636363635
seq89@23,seq2732@12,0.9636363636363635
seq89@23,seq148@47,0.9636363636363635
seq89@23,seq6721@12,0.9636363636363635
seq89@23,seq2885@12,0.9636363636363635
seq89@23,seq1023@114,0.9636363636363635
seq89@23,seq1237@11,0.9636363636363635
seq89@23,seq2764@29,0.9636363636363635
seq89@23,seq3738@10,0.9636363636363635
seq89@23,seq5183@12,0.9636363636363635
seq89@23,seq454@81,0.9636363636363635
seq89@23,seq4073@9,0.9515151515151514
seq89@23,seq11981@16,0.9636363636363635
seq89@23,seq7437@9,0.9999999999999999
seq89@23,seq24176@13,0.9636363636363635
seq89@23,seq17609@9,0.9636363636363635
seq89@23,seq1830@11,0.9636363636363635
seq89@23,seq114@81,0.9636363636363635
seq89@23,seq1390@7,0.9636363636363635
seq89@23,seq45@70,0.9636363636363635
seq89@23,seq16470@7,0.9636363636363635
seq89@23,seq468@28,0.9636363636363635
seq89@23,seq21628@7,0.9636363636363635
seq89@23,seq497@61,0.9636363636363635
seq89@23,seq10545@6,0.9636363636363635
seq89@23,seq491@17,0.9636363636363635
seq89@23,seq1322@24,0.9636363636363635
seq89@23,seq15913@6,0.9636363636363635
seq89@23,seq9042@6,0.9636363636363635
seq89@23,seq1597@28,0.9636363636363635
seq89@23,seq7556@5,0.9636363636363635
seq89@23,seq778@12,0.9636363636363635
seq89@23,seq8760@5,0.9272727272727272
seq89@23,seq5435@6,0.9636363636363635
seq89@23,seq36@54,0.9636363636363635
seq89@23,seq8769@5,0.9636363636363635
seq89@23,seq2415@16,0.9636363636363635
seq89@23,seq27465@5,0.9636363636363635
seq89@23,seq5916@32,0.9636363636363635
seq89@23,seq759@16,0.9636363636363635
seq89@23,seq1445@46,0.9636363636363635
seq89@23,seq3092@52,0.9636363636363635
seq89@23,seq116@70,0.9636363636363635
seq89@23,seq202@70,0.9636363636363635
seq89@23,seq713@57,0.9636363636363635
seq89@23,seq1636@53,0.9636363636363635
seq89@23,seq332@52,0.9515151515151514
seq89@23,seq2118@50,0.9636363636363635
seq89@23,seq265@48,0.9636363636363635
seq89@23,seq48@37,0.9272727272727272
seq89@23,seq5122@37,0.9636363636363635
seq89@23,seq1145@35,0.9636363636363635
seq89@23,seq4985@24,0.9636363636363635
seq89@23,seq11035@22,0.9272727272727272
seq89@23,seq971@19,0.9636363636363635
seq89@23,seq3317@19,0.9636363636363635
seq89@23,seq5835@14,0.9515151515151514
seq89@23,seq747@13,0.9272727272727272
seq89@23,seq13715@11,0.9636363636363635
seq89@23,seq13285@6,0.9636363636363635
seq89@23,seq40154@6,0.9636363636363635
seq89@23,seq6141@5,0.9636363636363635
seq89@23,seq7206@13,0.9272727272727272
seq89@23,seq24@40423,0.9636363636363635
seq89@23,seq12763@6,0.9636363636363635
seq89@23,seq4111@6,0.9636363636363635
seq587@93,seq972@14,0.9999999999999999
seq587@93,seq1619@30,0.9999999999999999
seq587@93,seq946@73,0.9999999999999999
seq587@93,seq6571@14,0.9999999999999999
seq587@93,seq3421@23,0.9999999999999999
seq587@93,seq12016@14,0.9999999999999999
seq587@93,seq2489@59,0.9636363636363635
seq587@93,seq4272@13,0.9999999999999999
seq587@93,seq805@20,0.9999999999999999
seq587@93,seq14@21,0.9999999999999999
seq587@93,seq2732@12,0.9999999999999999
seq587@93,seq148@47,0.9999999999999999
seq587@93,seq6721@12,0.9999999999999999
seq587@93,seq2885@12,0.9999999999999999
seq587@93,seq1023@114,0.9999999999999999
seq587@93,seq1237@11,0.9999999999999999
seq587@93,seq2764@29,0.9999999999999999
seq587@93,seq3738@10,0.9999999999999999
seq587@93,seq5183@12,0.9999999999999999
seq587@93,seq454@81,0.9999999999999999
seq587@93,seq4073@9,0.9878787878787878
seq587@93,seq11981@16,0.9999999999999999
seq587@93,seq7437@9,0.9636363636363635
seq587@93,seq24176@13,0.9999999999999999
seq587@93,seq17609@9,0.9999999999999999
seq587@93,seq1830@11,0.9999999999999999
seq587@93,seq114@81,0.9999999999999999
seq587@93,seq1390@7,0.9999999999999999
seq587@93,seq45@70,0.9999999999999999
seq587@93,seq16470@7,0.9999999999999999
seq587@93,seq468@28,0.9999999999999999
seq587@93,seq21628@7,0.9999999999999999
seq587@93,seq497@61,0.9999999999999999
seq587@93,seq10545@6,0.9999999999999999
seq587@93,seq491@17,0.9999999999999999
seq587@93,seq1322@24,0.9999999999999999
seq587@93,seq15913@6,0.9999999999999999
seq587@93,seq9042@6,0.9999999999999999
seq587@93,seq1597@28,0.9999999999999999
seq587@93,seq7556@5,0.9999999999999999
seq587@93,seq778@12,0.9999999999999999
seq587@93,seq8760@5,0.9878787878787878
seq587@93,seq5435@6,0.9999999999999999
seq587@93,seq36@54,0.9999999999999999
seq587@93,seq8769@5,0.9999999999999999
seq587@93,seq2415@16,0.9999999999999999
seq587@93,seq27465@5,0.9999999999999999
seq587@93,seq5916@32,0.9999999999999999
seq587@93,seq759@16,0.9999999999999999
seq587@93,seq1445@46,0.9999999999999999
seq587@93,seq3092@52,0.9999999999999999
seq587@93,seq116@70,0.9999999999999999
seq587@93,seq202@70,0.9999999999999999
seq587@93,seq713@57,0.9999999999999999
seq587@93,seq1636@53,0.9999999999999999
seq587@93,seq332@52,0.9878787878787878
seq587@93,seq2118@50,0.9999999999999999
seq587@93,seq265@48,0.9999999999999999
seq587@93,seq48@37,0.9878787878787878
seq587@93,seq5122@37,0.9999999999999999
seq587@93,seq1145@35,0.9999999999999999
seq587@93,seq4985@24,0.9999999999999999
seq587@93,seq11035@22,0.9878787878787878
seq587@93,seq971@19,0.9999999999999999
seq587@93,seq3317@19,0.9999999999999999
seq587@93,seq5835@14,0.9878787878787878
seq587@93,seq747@13,0.9878787878787878
seq587@93,seq13715@11,0.9999999999999999
seq587@93,seq13285@6,0.9999999999999999
seq587@93,seq40154@6,0.9999999999999999
seq587@93,seq6141@5,0.9999999999999999
seq587@93,seq7206@13,0.9878787878787878
seq587@93,seq24@40423,0.9999999999999999
seq587@93,seq12763@6,0.9999999999999999
seq587@93,seq4111@6,0.9999999999999999
seq972@14,seq1619@30,0.9999999999999999
seq972@14,seq946@73,0.9999999999999999
seq972@14,seq6571@14,0.9999999999999999
seq972@14,seq3421@23,0.9999999999999999
seq972@14,seq12016@14,0.9999999999999999
seq972@14,seq2489@59,0.9636363636363635
seq972@14,seq4272@13,0.9999999999999999
seq972@14,seq805@20,0.9999999999999999
seq972@14,seq14@21,0.9999999999999999
seq972@14,seq2732@12,0.9999999999999999
seq972@14,seq148@47,0.9999999999999999
seq972@14,seq6721@12,0.9999999999999999
seq972@14,seq2885@12,0.9999999999999999
seq972@14,seq1023@114,0.9999999999999999
seq972@14,seq1237@11,0.9999999999999999
seq972@14,seq2764@29,0.9999999999999999
seq972@14,seq3738@10,0.9999999999999999
seq972@14,seq5183@12,0.9999999999999999
seq972@14,seq454@81,0.9999999999999999
seq972@14,seq4073@9,0.9878787878787878
seq972@14,seq11981@16,0.9999999999999999
seq972@14,seq7437@9,0.9636363636363635
seq972@14,seq24176@13,0.9999999999999999
seq972@14,seq17609@9,0.9999999999999999
seq972@14,seq1830@11,0.9999999999999999
seq972@14,seq114@81,0.9999999999999999
seq972@14,seq1390@7,0.9999999999999999
seq972@14,seq45@70,0.9999999999999999
seq972@14,seq16470@7,0.9999999999999999
seq972@14,seq468@28,0.9999999999999999
seq972@14,seq21628@7,0.9999999999999999
seq972@14,seq497@61,0.9999999999999999
seq972@14,seq10545@6,0.9999999999999999
seq972@14,seq491@17,0.9999999999999999
seq972@14,seq1322@24,0.9999999999999999
seq972@14,seq15913@6,0.9999999999999999
seq972@14,seq9042@6,0.9999999999999999
seq972@14,seq1597@28,0.9999999999999999
seq972@14,seq7556@5,0.9999999999999999
seq972@14,seq778@12,0.9999999999999999
seq972@14,seq8760@5,0.9878787878787878
seq972@14,seq5435@6,0.9999999999999999
seq972@14,seq36@54,0.9999999999999999
seq972@14,seq8769@5,0.9999999999999999
seq972@14,seq2415@16,0.9999999999999999
seq972@14,seq27465@5,0.9999999999999999
seq972@14,seq5916@32,0.9999999999999999
seq972@14,seq759@16,0.9999999999999999
seq972@14,seq1445@46,0.9999999999999999
seq972@14,seq3092@52,0.9999999999999999
seq972@14,seq116@70,0.9999999999999999
seq972@14,seq202@70,0.9999999999999999
seq972@14,seq713@57,0.9999999999999999
seq972@14,seq1636@53,0.9999999999999999
seq972@14,seq332@52,0.9878787878787878
seq972@14,seq2118@50,0.9999999999999999
seq972@14,seq265@48,0.9999999999999999
seq972@14,seq48@37,0.9878787878787878
seq972@14,seq5122@37,0.9999999999999999
seq972@14,seq1145@35,0.9999999999999999
seq972@14,seq4985@24,0.9999999999999999
seq972@14,seq11035@22,0.9878787878787878
seq972@14,seq971@19,0.9999999999999999
seq972@14,seq3317@19,0.9999999999999999
seq972@14,seq5835@14,0.9878787878787878
seq972@14,seq747@13,0.9878787878787878
seq972@14,seq13715@11,0.9999999999999999
seq972@14,seq13285@6,0.9999999999999999
seq972@14,seq40154@6,0.9999999999999999
seq972@14,seq6141@5,0.9999999999999999
seq972@14,seq7206@13,0.9878787878787878
seq972@14,seq24@40423,0.9999999999999999
seq972@14,seq12763@6,0.9999999999999999
seq972@14,seq4111@6,0.9999999999999999
seq1619@30,seq946@73,0.9999999999999999
seq1619@30,seq6571@14,0.9999999999999999
seq1619@30,seq3421@23,0.9999999999999999
seq1619@30,seq12016@14,0.9999999999999999
seq1619@30,seq2489@59,0.9636363636363635
seq1619@30,seq4272@13,0.9999999999999999
seq1619@30,seq805@20,0.9999999999999999
seq1619@30,seq14@21,0.9999999999999999
seq1619@30,seq2732@12,0.9999999999999999
seq1619@30,seq148@47,0.9999999999999999
seq1619@30,seq6721@12,0.9999999999999999
seq1619@30,seq2885@12,0.9999999999999999
seq1619@30,seq1023@114,0.9999999999999999
seq1619@30,seq1237@11,0.9999999999999999
seq1619@30,seq2764@29,0.9999999999999999
seq1619@30,seq3738@10,0.9999999999999999
seq1619@30,seq5183@12,0.9999999999999999
seq1619@30,seq454@81,0.9999999999999999
seq1619@30,seq4073@9,0.9878787878787878
seq1619@30,seq11981@16,0.9999999999999999
seq1619@30,seq7437@9,0.9636363636363635
seq1619@30,seq24176@13,0.9999999999999999
seq1619@30,seq17609@9,0.9999999999999999
seq1619@30,seq1830@11,0.9999999999999999
seq1619@30,seq114@81,0.9999999999999999
seq1619@30,seq1390@7,0.9999999999999999
seq1619@30,seq45@70,0.9999999999999999
seq1619@30,seq16470@7,0.9999999999999999
seq1619@30,seq468@28,0.9999999999999999
seq1619@30,seq21628@7,0.9999999999999999
seq1619@30,seq497@61,0.9999999999999999
seq1619@30,seq10545@6,0.9999999999999999
seq1619@30,seq491@17,0.9999999999999999
seq1619@30,seq1322@24,0.9999999999999999
seq1619@30,seq15913@6,0.9999999999999999
seq1619@30,seq9042@6,0.9999999999999999
seq1619@30,seq1597@28,0.9999999999999999
seq1619@30,seq7556@5,0.9999999999999999
seq1619@30,seq778@12,0.9999999999999999
seq1619@30,seq8760@5,0.9878787878787878
seq1619@30,seq5435@6,0.9999999999999999
seq1619@30,seq36@54,0.9999999999999999
seq1619@30,seq8769@5,0.9999999999999999
seq1619@30,seq2415@16,0.9999999999999999
seq1619@30,seq27465@5,0.9999999999999999
seq1619@30,seq5916@32,0.9999999999999999
seq1619@30,seq759@16,0.9999999999999999
seq1619@30,seq1445@46,0.9999999999999999
seq1619@30,seq3092@52,0.9999999999999999
seq1619@30,seq116@70,0.9999999999999999
seq1619@30,seq202@70,0.9999999999999999
seq1619@30,seq713@57,0.9999999999999999
seq1619@30,seq1636@53,0.9999999999999999
seq1619@30,seq332@52,0.9878787878787878
seq1619@30,seq2118@50,0.9999999999999999
seq1619@30,seq265@48,0.9999999999999999
seq1619@30,seq48@37,0.9878787878787878
seq1619@30,seq5122@37,0.9999999999999999
seq1619@30,seq1145@35,0.9999999999999999
seq1619@30,seq4985@24,0.9999999999999999
seq1619@30,seq11035@22,0.9878787878787878
seq1619@30,seq971@19,0.9999999999999999
seq1619@30,seq3317@19,0.9999999999999999
seq1619@30,seq5835@14,0.9878787878787878
seq1619@30,seq747@13,0.9878787878787878
seq1619@30,seq13715@11,0.9999999999999999
seq1619@30,seq13285@6,0.9999999999999999
seq1619@30,seq40154@6,0.9999999999999999
seq1619@30,seq6141@5,0.9999999999999999
seq1619@30,seq7206@13,0.9878787878787878
seq1619@30,seq24@40423,0.9999999999999999
seq1619@30,seq12763@6,0.9999999999999999
seq1619@30,seq4111@6,0.9999999999999999
seq946@73,seq6571@14,0.9999999999999999
seq946@73,seq3421@23,0.9999999999999999
seq946@73,seq12016@14,0.9999999999999999
seq946@73,seq2489@59,0.9636363636363635
seq946@73,seq4272@13,0.9999999999999999
seq946@73,seq805@20,0.9999999999999999
seq946@73,seq14@21,0.9999999999999999
seq946@73,seq2732@12,0.9999999999999999
seq946@73,seq148@47,0.9999999999999999
seq946@73,seq6721@12,0.9999999999999999
seq946@73,seq2885@12,0.9999999999999999
seq946@73,seq1023@114,0.9999999999999999
seq946@73,seq1237@11,0.9999999999999999
seq946@73,seq2764@29,0.9999999999999999
seq946@73,seq3738@10,0.9999999999999999
seq946@73,seq5183@12,0.9999999999999999
seq946@73,seq454@81,0.9999999999999999
seq946@73,seq4073@9,0.9878787878787878
seq946@73,seq11981@16,0.9999999999999999
seq946@73,seq7437@9,0.9636363636363635
seq946@73,seq24176@13,0.9999999999999999
seq946@73,seq17609@9,0.9999999999999999
seq946@73,seq1830@11,0.9999999999999999
seq946@73,seq114@81,0.9999999999999999
seq946@73,seq1390@7,0.9999999999999999
seq946@73,seq45@70,0.9999999999999999
seq946@73,seq16470@7,0.9999999999999999
seq946@73,seq468@28,0.9999999999999999
seq946@73,seq21628@7,0.9999999999999999
seq946@73,seq497@61,0.9999999999999999
seq946@73,seq10545@6,0.9999999999999999
seq946@73,seq491@17,0.9999999999999999
seq946@73,seq1322@24,0.9999999999999999
seq946@73,seq15913@6,0.9999999999999999
seq946@73,seq9042@6,0.9999999999999999
seq946@73,seq1597@28,0.9999999999999999
seq946@73,seq7556@5,0.9999999999999999
seq946@73,seq778@12,0.9999999999999999
seq946@73,seq8760@5,0.9878787878787878
seq946@73,seq5435@6,0.9999999999999999
seq946@73,seq36@54,0.9999999999999999
seq946@73,seq8769@5,0.9999999999999999
seq946@73,seq2415@16,0.9999999999999999
seq946@73,seq27465@5,0.9999999999999999
seq946@73,seq5916@32,0.9999999999999999
seq946@73,seq759@16,0.9999999999999999
seq946@73,seq1445@46,0.9999999999999999
seq946@73,seq3092@52,0.9999999999999999
seq946@73,seq116@70,0.9999999999999999
seq946@73,seq202@70,0.9999999999999999
seq946@73,seq713@57,0.9999999999999999
seq946@73,seq1636@53,0.9999999999999999
seq946@73,seq332@52,0.9878787878787878
seq946@73,seq2118@50,0.9999999999999999
seq946@73,seq265@48,0.9999999999999999
seq946@73,seq48@37,0.9878787878787878
seq946@73,seq5122@37,0.9999999999999999
seq946@73,seq1145@35,0.9999999999999999
seq946@73,seq4985@24,0.9999999999999999
seq946@73,seq11035@22,0.9878787878787878
seq946@73,seq971@19,0.9999999999999999
seq946@73,seq3317@19,0.9999999999999999
seq946@73,seq5835@14,0.9878787878787878
seq946@73,seq747@13,0.9878787878787878
seq946@73,seq13715@11,0.9999999999999999
seq946@73,seq13285@6,0.9999999999999999
seq946@73,seq40154@6,0.9999999999999999
seq946@73,seq6141@5,0.9999999999999999
seq946@73,seq7206@13,0.9878787878787878
seq946@73,seq24@40423,0.9999999999999999
seq946@73,seq12763@6,0.9999999999999999
seq946@73,seq4111@6,0.9999999999999999
seq6571@14,seq3421@23,0.9999999999999999
seq6571@14,seq12016@14,0.9999999999999999
seq6571@14,seq2489@59,0.9636363636363635
seq6571@14,seq4272@13,0.9999999999999999
seq6571@14,seq805@20,0.9999999999999999
seq6571@14,seq14@21,0.9999999999999999
seq6571@14,seq2732@12,0.9999999999999999
seq6571@14,seq148@47,0.9999999999999999
seq6571@14,seq6721@12,0.9999999999999999
seq6571@14,seq2885@12,0.9999999999999999
seq6571@14,seq1023@114,0.9999999999999999
seq6571@14,seq1237@11,0.9999999999999999
seq6571@14,seq2764@29,0.9999999999999999
seq6571@14,seq3738@10,0.9999999999999999
seq6571@14,seq5183@12,0.9999999999999999
seq6571@14,seq454@81,0.9999999999999999
seq6571@14,seq4073@9,0.9878787878787878
seq6571@14,seq11981@16,0.9999999999999999
seq6571@14,seq7437@9,0.9636363636363635
seq6571@14,seq24176@13,0.9999999999999999
seq6571@14,seq17609@9,0.9999999999999999
seq6571@14,seq1830@11,0.9999999999999999
seq6571@14,seq114@81,0.9999999999999999
seq6571@14,seq1390@7,0.9999999999999999
seq6571@14,seq45@70,0.9999999999999999
seq6571@14,seq16470@7,0.9999999999999999
seq6571@14,seq468@28,0.9999999999999999
seq6571@14,seq21628@7,0.9999999999999999
seq6571@14,seq497@61,0.9999999999999999
seq6571@14,seq10545@6,0.9999999999999999
seq6571@14,seq491@17,0.9999999999999999
seq6571@14,seq1322@24,0.9999999999999999
seq6571@14,seq15913@6,0.9999999999999999
seq6571@14,seq9042@6,0.9999999999999999
seq6571@14,seq1597@28,0.9999999999999999
seq6571@14,seq7556@5,0.9999999999999999
seq6571@14,seq778@12,0.9999999999999999
seq6571@14,seq8760@5,0.9878787878787878
seq6571@14,seq5435@6,0.9999999999999999
seq6571@14,seq36@54,0.9999999999999999
seq6571@14,seq8769@5,0.9999999999999999
seq6571@14,seq2415@16,0.9999999999999999
seq6571@14,seq27465@5,0.9999999999999999
seq6571@14,seq5916@32,0.9999999999999999
seq6571@14,seq759@16,0.9999999999999999
seq6571@14,seq1445@46,0.9999999999999999
seq6571@14,seq3092@52,0.9999999999999999
seq6571@14,seq116@70,0.9999999999999999
seq6571@14,seq202@70,0.9999999999999999
seq6571@14,seq713@57,0.9999999999999999
seq6571@14,seq1636@53,0.9999999999999999
seq6571@14,seq332@52,0.9878787878787878
seq6571@14,seq2118@50,0.9999999999999999
seq6571@14,seq265@48,0.9999999999999999
seq6571@14,seq48@37,0.9878787878787878
seq6571@14,seq5122@37,0.9999999999999999
seq6571@14,seq1145@35,0.9999999999999999
seq6571@14,seq4985@24,0.9999999999999999
seq6571@14,seq11035@22,0.9878787878787878
seq6571@14,seq971@19,0.9999999999999999
seq6571@14,seq3317@19,0.9999999999999999
seq6571@14,seq5835@14,0.9878787878787878
seq6571@14,seq747@13,0.9878787878787878
seq6571@14,seq13715@11,0.9999999999999999
seq6571@14,seq13285@6,0.9999999999999999
seq6571@14,seq40154@6,0.9999999999999999
seq6571@14,seq6141@5,0.9999999999999999
seq6571@14,seq7206@13,0.9878787878787878
seq6571@14,seq24@40423,0.9999999999999999
seq6571@14,seq12763@6,0.9999999999999999
seq6571@14,seq4111@6,0.9999999999999999
seq3421@23,seq12016@14,0.9999999999999999
seq3421@23,seq2489@59,0.9636363636363635
seq3421@23,seq4272@13,0.9999999999999999
seq3421@23,seq805@20,0.9999999999999999
seq3421@23,seq14@21,0.9999999999999999
seq3421@23,seq2732@12,0.9999999999999999
seq3421@23,seq148@47,0.9999999999999999
seq3421@23,seq6721@12,0.9999999999999999
seq3421@23,seq2885@12,0.9999999999999999
seq3421@23,seq1023@114,0.9999999999999999
seq3421@23,seq1237@11,0.9999999999999999
seq3421@23,seq2764@29,0.9999999999999999
seq3421@23,seq3738@10,0.9999999999999999
seq3421@23,seq5183@12,0.9999999999999999
seq3421@23,seq454@81,0.9999999999999999
seq3421@23,seq4073@9,0.9878787878787878
seq3421@23,seq11981@16,0.9999999999999999
seq3421@23,seq7437@9,0.9636363636363635
seq3421@23,seq24176@13,0.9999999999999999
seq3421@23,seq17609@9,0.9999999999999999
seq3421@23,seq1830@11,0.9999999999999999
seq3421@23,seq114@81,0.9999999999999999
seq3421@23,seq1390@7,0.9999999999999999
seq3421@23,seq45@70,0.9999999999999999
seq3421@23,seq16470@7,0.9999999999999999
seq3421@23,seq468@28,0.9999999999999999
seq3421@23,seq21628@7,0.9999999999999999
seq3421@23,seq497@61,0.9999999999999999
seq3421@23,seq10545@6,0.9999999999999999
seq3421@23,seq491@17,0.9999999999999999
seq3421@23,seq1322@24,0.9999999999999999
seq3421@23,seq15913@6,0.9999999999999999
seq3421@23,seq9042@6,0.9999999999999999
seq3421@23,seq1597@28,0.9999999999999999
seq3421@23,seq7556@5,0.9999999999999999
seq3421@23,seq778@12,0.9999999999999999
seq3421@23,seq8760@5,0.9878787878787878
seq3421@23,seq5435@6,0.9999999999999999
seq3421@23,seq36@54,0.9999999999999999
seq3421@23,seq8769@5,0.9999999999999999
seq3421@23,seq2415@16,0.9999999999999999
seq3421@23,seq27465@5,0.9999999999999999
seq3421@23,seq5916@32,0.9999999999999999
seq3421@23,seq759@16,0.9999999999999999
seq3421@23,seq1445@46,0.9999999999999999
seq3421@23,seq3092@52,0.9999999999999999
seq3421@23,seq116@70,0.9999999999999999
seq3421@23,seq202@70,0.9999999999999999
seq3421@23,seq713@57,0.9999999999999999
seq3421@23,seq1636@53,0.9999999999999999
seq3421@23,seq332@52,0.9878787878787878
seq3421@23,seq2118@50,0.9999999999999999
seq3421@23,seq265@48,0.9999999999999999
seq3421@23,seq48@37,0.9878787878787878
seq3421@23,seq5122@37,0.9999999999999999
seq3421@23,seq1145@35,0.9999999999999999
seq3421@23,seq4985@24,0.9999999999999999
seq3421@23,seq11035@22,0.9878787878787878
seq3421@23,seq971@19,0.9999999999999999
seq3421@23,seq3317@19,0.9999999999999999
seq3421@23,seq5835@14,0.9878787878787878
seq3421@23,seq747@13,0.9878787878787878
seq3421@23,seq13715@11,0.9999999999999999
seq3421@23,seq13285@6,0.9999999999999999
seq3421@23,seq40154@6,0.9999999999999999
seq3421@23,seq6141@5,0.9999999999999999
seq3421@23,seq7206@13,0.9878787878787878
seq3421@23,seq24@40423,0.9999999999999999
seq3421@23,seq12763@6,0.9999999999999999
seq3421@23,seq4111@6,0.9999999999999999
seq12016@14,seq2489@59,0.9636363636363635
seq12016@14,seq4272@13,0.9999999999999999
seq12016@14,seq805@20,0.9999999999999999
seq12016@14,seq14@21,0.9999999999999999
seq12016@14,seq2732@12,0.9999999999999999
seq12016@14,seq148@47,0.9999999999999999
seq12016@14,seq6721@12,0.9999999999999999
seq12016@14,seq2885@12,0.9999999999999999
seq12016@14,seq1023@114,0.9999999999999999
seq12016@14,seq1237@11,0.9999999999999999
seq12016@14,seq2764@29,0.9999999999999999
seq12016@14,seq3738@10,0.9999999999999999
seq12016@14,seq5183@12,0.9999999999999999
seq12016@14,seq454@81,0.9999999999999999
seq12016@14,seq4073@9,0.9878787878787878
seq12016@14,seq11981@16,0.9999999999999999
seq12016@14,seq7437@9,0.9636363636363635
seq12016@14,seq24176@13,0.9999999999999999
seq12016@14,seq17609@9,0.9999999999999999
seq12016@14,seq1830@11,0.9999999999999999
seq12016@14,seq114@81,0.9999999999999999
seq12016@14,seq1390@7,0.9999999999999999
seq12016@14,seq45@70,0.9999999999999999
seq12016@14,seq16470@7,0.9999999999999999
seq12016@14,seq468@28,0.9999999999999999
seq12016@14,seq21628@7,0.9999999999999999
seq12016@14,seq497@61,0.9999999999999999
seq12016@14,seq10545@6,0.9999999999999999
seq12016@14,seq491@17,0.9999999999999999
seq12016@14,seq1322@24,0.9999999999999999
seq12016@14,seq15913@6,0.9999999999999999
seq12016@14,seq9042@6,0.9999999999999999
seq12016@14,seq1597@28,0.9999999999999999
seq12016@14,seq7556@5,0.9999999999999999
seq12016@14,seq778@12,0.9999999999999999
seq12016@14,seq8760@5,0.9878787878787878
seq12016@14,seq5435@6,0.9999999999999999
seq12016@14,seq36@54,0.9999999999999999
seq12016@14,seq8769@5,0.9999999999999999
seq12016@14,seq2415@16,0.9999999999999999
seq12016@14,seq27465@5,0.9999999999999999
seq12016@14,seq5916@32,0.9999999999999999
seq12016@14,seq759@16,0.9999999999999999
seq12016@14,seq1445@46,0.9999999999999999
seq12016@14,seq3092@52,0.9999999999999999
seq12016@14,seq116@70,0.9999999999999999
seq12016@14,seq202@70,0.9999999999999999
seq12016@14,seq713@57,0.9999999999999999
seq12016@14,seq1636@53,0.9999999999999999
seq12016@14,seq332@52,0.9878787878787878
seq12016@14,seq2118@50,0.9999999999999999
seq12016@14,seq265@48,0.9999999999999999
seq12016@14,seq48@37,0.9878787878787878
seq12016@14,seq5122@37,0.9999999999999999
seq12016@14,seq1145@35,0.9999999999999999
seq12016@14,seq4985@24,0.9999999999999999
seq12016@14,seq11035@22,0.9878787878787878
seq12016@14,seq971@19,0.9999999999999999
seq12016@14,seq3317@19,0.9999999999999999
seq12016@14,seq5835@14,0.9878787878787878
seq12016@14,seq747@13,0.9878787878787878
seq12016@14,seq13715@11,0.9999999999999999
seq12016@14,seq13285@6,0.9999999999999999
seq12016@14,seq40154@6,0.9999999999999999
seq12016@14,seq6141@5,0.9999999999999999
seq12016@14,seq7206@13,0.9878787878787878
seq12016@14,seq24@40423,0.9999999999999999
seq12016@14,seq12763@6,0.9999999999999999
seq12016@14,seq4111@6,0.9999999999999999
seq2489@59,seq4272@13,0.9636363636363635
seq2489@59,seq805@20,0.9636363636363635
seq2489@59,seq14@21,0.9636363636363635
seq2489@59,seq2732@12,0.9636363636363635
seq2489@59,seq148@47,0.9636363636363635
seq2489@59,seq6721@12,0.9636363636363635
seq2489@59,seq2885@12,0.9636363636363635
seq2489@59,seq1023@114,0.9636363636363635
seq2489@59,seq1237@11,0.9636363636363635
seq2489@59,seq2764@29,0.9636363636363635
seq2489@59,seq3738@10,0.9636363636363635
seq2489@59,seq5183@12,0.9636363636363635
seq2489@59,seq454@81,0.9636363636363635
seq2489@59,seq4073@9,0.9515151515151514
seq2489@59,seq11981@16,0.9636363636363635
seq2489@59,seq7437@9,0.9272727272727272
seq2489@59,seq24176@13,0.9636363636363635
seq2489@59,seq17609@9,0.9636363636363635
seq2489@59,seq1830@11,0.9636363636363635
seq2489@59,seq114@81,0.9636363636363635
seq2489@59,seq1390@7,0.9636363636363635
seq2489@59,seq45@70,0.9636363636363635
seq2489@59,seq16470@7,0.9636363636363635
seq2489@59,seq468@28,0.9636363636363635
seq2489@59,seq21628@7,0.9636363636363635
seq2489@59,seq497@61,0.9636363636363635
seq2489@59,seq10545@6,0.9636363636363635
seq2489@59,seq491@17,0.9636363636363635
seq2489@59,seq1322@24,0.9636363636363635
seq2489@59,seq15913@6,0.9636363636363635
seq2489@59,seq9042@6,0.9636363636363635
seq2489@59,seq1597@28,0.9636363636363635
seq2489@59,seq7556@5,0.9636363636363635
seq2489@59,seq778@12,0.9636363636363635
seq2489@59,seq8760@5,0.9515151515151514
seq2489@59,seq5435@6,0.9636363636363635
seq2489@59,seq36@54,0.9636363636363635
seq2489@59,seq8769@5,0.9636363636363635
seq2489@59,seq2415@16,0.9636363636363635
seq2489@59,seq27465@5,0.9636363636363635
seq2489@59,seq5916@32,0.9636363636363635
seq2489@59,seq759@16,0.9636363636363635
seq2489@59,seq1445@46,0.9636363636363635
seq2489@59,seq3092@52,0.9636363636363635
seq2489@59,seq116@70,0.9636363636363635
seq2489@59,seq202@70,0.9636363636363635
seq2489@59,seq713@57,0.9636363636363635
seq2489@59,seq1636@53,0.9636363636363635
seq2489@59,seq332@52,0.9515151515151514
seq2489@59,seq2118@50,0.9636363636363635
seq2489@59,seq265@48,0.9636363636363635
seq2489@59,seq48@37,0.9515151515151514
seq2489@59,seq5122@37,0.9636363636363635
seq2489@59,seq1145@35,0.9636363636363635
seq2489@59,seq4985@24,0.9636363636363635
seq2489@59,seq11035@22,0.9515151515151514
seq2489@59,seq971@19,0.9636363636363635
seq2489@59,seq3317@19,0.9636363636363635
seq2489@59,seq5835@14,0.9515151515151514
seq2489@59,seq747@13,0.9515151515151514
seq2489@59,seq13715@11,0.9636363636363635
seq2489@59,seq13285@6,0.9636363636363635
seq2489@59,seq40154@6,0.9636363636363635
seq2489@59,seq6141@5,0.9636363636363635
seq2489@59,seq7206@13,0.9515151515151514
seq2489@59,seq24@40423,0.9636363636363635
seq2489@59,seq12763@6,0.9636363636363635
seq2489@59,seq4111@6,0.9636363636363635
seq4272@13,seq805@20,0.9999999999999999
seq4272@13,seq14@21,0.9999999999999999
seq4272@13,seq2732@12,0.9999999999999999
seq4272@13,seq148@47,0.9999999999999999
seq4272@13,seq6721@12,0.9999999999999999
seq4272@13,seq2885@12,0.9999999999999999
seq4272@13,seq1023@114,0.9999999999999999
seq4272@13,seq1237@11,0.9999999999999999
seq4272@13,seq2764@29,0.9999999999999999
seq4272@13,seq3738@10,0.9999999999999999
seq4272@13,seq5183@12,0.9999999999999999
seq4272@13,seq454@81,0.9999999999999999
seq4272@13,seq4073@9,0.9878787878787878
seq4272@13,seq11981@16,0.9999999999999999
seq4272@13,seq7437@9,0.9636363636363635
seq4272@13,seq24176@13,0.9999999999999999
seq4272@13,seq17609@9,0.9999999999999999
seq4272@13,seq1830@11,0.9999999999999999
seq4272@13,seq114@81,0.9999999999999999
seq4272@13,seq1390@7,0.9999999999999999
seq4272@13,seq45@70,0.9999999999999999
seq4272@13,seq16470@7,0.9999999999999999
seq4272@13,seq468@28,0.9999999999999999
seq4272@13,seq21628@7,0.9999999999999999
seq4272@13,seq497@61,0.9999999999999999
seq4272@13,seq10545@6,0.9999999999999999
seq4272@13,seq491@17,0.9999999999999999
seq4272@13,seq1322@24,0.9999999999999999
seq4272@13,seq15913@6,0.9999999999999999
seq4272@13,seq9042@6,0.9999999999999999
seq4272@13,seq1597@28,0.9999999999999999
seq4272@13,seq7556@5,0.9999999999999999
seq4272@13,seq778@12,0.9999999999999999
seq4272@13,seq8760@5,0.9878787878787878
seq4272@13,seq5435@6,0.9999999999999999
seq4272@13,seq36@54,0.9999999999999999
seq4272@13,seq8769@5,0.9999999999999999
seq4272@13,seq2415@16,0.9999999999999999
seq4272@13,seq27465@5,0.9999999999999999
seq4272@13,seq5916@32,0.9999999999999999
seq4272@13,seq759@16,0.9999999999999999
seq4272@13,seq1445@46,0.9999999999999999
seq4272@13,seq3092@52,0.9999999999999999
seq4272@13,seq116@70,0.9999999999999999
seq4272@13,seq202@70,0.9999999999999999
seq4272@13,seq713@57,0.9999999999999999
seq4272@13,seq1636@53,0.9999999999999999
seq4272@13,seq332@52,0.9878787878787878
seq4272@13,seq2118@50,0.9999999999999999
seq4272@13,seq265@48,0.9999999999999999
seq4272@13,seq48@37,0.9878787878787878
seq4272@13,seq5122@37,0.9999999999999999
seq4272@13,seq1145@35,0.9999999999999999
seq4272@13,seq4985@24,0.9999999999999999
seq4272@13,seq11035@22,0.9878787878787878
seq4272@13,seq971@19,0.9999999999999999
seq4272@13,seq3317@19,0.9999999999999999
seq4272@13,seq5835@14,0.9878787878787878
seq4272@13,seq747@13,0.9878787878787878
seq4272@13,seq13715@11,0.9999999999999999
seq4272@13,seq13285@6,0.9999999999999999
seq4272@13,seq40154@6,0.9999999999999999
seq4272@13,seq6141@5,0.9999999999999999
seq4272@13,seq7206@13,0.9878787878787878
seq4272@13,seq24@40423,0.9999999999999999
seq4272@13,seq12763@6,0.9999999999999999
seq4272@13,seq4111@6,0.9999999999999999
seq805@20,seq14@21,0.9999999999999999
seq805@20,seq2732@12,0.9999999999999999
seq805@20,seq148@47,0.9999999999999999
seq805@20,seq6721@12,0.9999999999999999
seq805@20,seq2885@12,0.9999999999999999
seq805@20,seq1023@114,0.9999999999999999
seq805@20,seq1237@11,0.9999999999999999
seq805@20,seq2764@29,0.9999999999999999
seq805@20,seq3738@10,0.9999999999999999
seq805@20,seq5183@12,0.9999999999999999
seq805@20,seq454@81,0.9999999999999999
seq805@20,seq4073@9,0.9878787878787878
seq805@20,seq11981@16,0.9999999999999999
seq805@20,seq7437@9,0.9636363636363635
seq805@20,seq24176@13,0.9999999999999999
seq805@20,seq17609@9,0.9999999999999999
seq805@20,seq1830@11,0.9999999999999999
seq805@20,seq114@81,0.9999999999999999
seq805@20,seq1390@7,0.9999999999999999
seq805@20,seq45@70,0.9999999999999999
seq805@20,seq16470@7,0.9999999999999999
seq805@20,seq468@28,0.9999999999999999
seq805@20,seq21628@7,0.9999999999999999
seq805@20,seq497@61,0.9999999999999999
seq805@20,seq10545@6,0.9999999999999999
seq805@20,seq491@17,0.9999999999999999
seq805@20,seq1322@24,0.9999999999999999
seq805@20,seq15913@6,0.9999999999999999
seq805@20,seq9042@6,0.9999999999999999
seq805@20,seq1597@28,0.9999999999999999
seq805@20,seq7556@5,0.9999999999999999
seq805@20,seq778@12,0.9999999999999999
seq805@20,seq8760@5,0.9878787878787878
seq805@20,seq5435@6,0.9999999999999999
seq805@20,seq36@54,0.9999999999999999
seq805@20,seq8769@5,0.9999999999999999
seq805@20,seq2415@16,0.9999999999999999
seq805@20,seq27465@5,0.9999999999999999
seq805@20,seq5916@32,0.9999999999999999
seq805@20,seq759@16,0.9999999999999999
seq805@20,seq1445@46,0.9999999999999999
seq805@20,seq3092@52,0.9999999999999999
seq805@20,seq116@70,0.9999999999999999
seq805@20,seq202@70,0.9999999999999999
seq805@20,seq713@57,0.9999999999999999
seq805@20,seq1636@53,0.9999999999999999
seq805@20,seq332@52,0.9878787878787878
seq805@20,seq2118@50,0.9999999999999999
seq805@20,seq265@48,0.9999999999999999
seq805@20,seq48@37,0.9878787878787878
seq805@20,seq5122@37,0.9999999999999999
seq805@20,seq1145@35,0.9999999999999999
seq805@20,seq4985@24,0.9999999999999999
seq805@20,seq11035@22,0.9878787878787878
seq805@20,seq971@19,0.9999999999999999
seq805@20,seq3317@19,0.9999999999999999
seq805@20,seq5835@14,0.9878787878787878
seq805@20,seq747@13,0.9878787878787878
seq805@20,seq13715@11,0.9999999999999999
seq805@20,seq13285@6,0.9999999999999999
seq805@20,seq40154@6,0.9999999999999999
seq805@20,seq6141@5,0.9999999999999999
seq805@20,seq7206@13,0.9878787878787878
seq805@20,seq24@40423,0.9999999999999999
seq805@20,seq12763@6,0.9999999999999999
seq805@20,seq4111@6,0.9999999999999999
seq14@21,seq2732@12,0.9999999999999999
seq14@21,seq148@47,0.9999999999999999
seq14@21,seq6721@12,0.9999999999999999
seq14@21,seq2885@12,0.9999999999999999
seq14@21,seq1023@114,0.9999999999999999
seq14@21,seq1237@11,0.9999999999999999
seq14@21,seq2764@29,0.9999999999999999
seq14@21,seq3738@10,0.9999999999999999
seq14@21,seq5183@12,0.9999999999999999
seq14@21,seq454@81,0.9999999999999999
seq14@21,seq4073@9,0.9878787878787878
seq14@21,seq11981@16,0.9999999999999999
seq14@21,seq7437@9,0.9636363636363635
seq14@21,seq24176@13,0.9999999999999999
seq14@21,seq17609@9,0.9999999999999999
seq14@21,seq1830@11,0.9999999999999999
seq14@21,seq114@81,0.9999999999999999
seq14@21,seq1390@7,0.9999999999999999
seq14@21,seq45@70,0.9999999999999999
seq14@21,seq16470@7,0.9999999999999999
seq14@21,seq468@28,0.9999999999999999
seq14@21,seq21628@7,0.9999999999999999
seq14@21,seq497@61,0.9999999999999999
seq14@21,seq10545@6,0.9999999999999999
seq14@21,seq491@17,0.9999999999999999
seq14@21,seq1322@24,0.9999999999999999
seq14@21,seq15913@6,0.9999999999999999
seq14@21,seq9042@6,0.9999999999999999
seq14@21,seq1597@28,0.9999999999999999
seq14@21,seq7556@5,0.9999999999999999
seq14@21,seq778@12,0.9999999999999999
seq14@21,seq8760@5,0.9878787878787878
seq14@21,seq5435@6,0.9999999999999999
seq14@21,seq36@54,0.9999999999999999
seq14@21,seq8769@5,0.9999999999999999
seq14@21,seq2415@16,0.9999999999999999
seq14@21,seq27465@5,0.9999999999999999
seq14@21,seq5916@32,0.9999999999999999
seq14@21,seq759@16,0.9999999999999999
seq14@21,seq1445@46,0.9999999999999999
seq14@21,seq3092@52,0.9999999999999999
seq14@21,seq116@70,0.9999999999999999
seq14@21,seq202@70,0.9999999999999999
seq14@21,seq713@57,0.9999999999999999
seq14@21,seq1636@53,0.9999999999999999
seq14@21,seq332@52,0.9878787878787878
seq14@21,seq2118@50,0.9999999999999999
seq14@21,seq265@48,0.9999999999999999
seq14@21,seq48@37,0.9878787878787878
seq14@21,seq5122@37,0.9999999999999999
seq14@21,seq1145@35,0.9999999999999999
seq14@21,seq4985@24,0.9999999999999999
seq14@21,seq11035@22,0.9878787878787878
seq14@21,seq971@19,0.9999999999999999
seq14@21,seq3317@19,0.9999999999999999
seq14@21,seq5835@14,0.9878787878787878
seq14@21,seq747@13,0.9878787878787878
seq14@21,seq13715@11,0.9999999999999999
seq14@21,seq13285@6,0.9999999999999999
seq14@21,seq40154@6,0.9999999999999999
seq14@21,seq6141@5,0.9999999999999999
seq14@21,seq7206@13,0.9878787878787878
seq14@21,seq24@40423,0.9999999999999999
seq14@21,seq12763@6,0.9999999999999999
seq14@21,seq4111@6,0.9999999999999999
seq2732@12,seq148@47,0.9999999999999999
seq2732@12,seq6721@12,0.9999999999999999
seq2732@12,seq2885@12,0.9999999999999999
seq2732@12,seq1023@114,0.9999999999999999
seq2732@12,seq1237@11,0.9999999999999999
seq2732@12,seq2764@29,0.9999999999999999
seq2732@12,seq3738@10,0.9999999999999999
seq2732@12,seq5183@12,0.9999999999999999
seq2732@12,seq454@81,0.9999999999999999
seq2732@12,seq4073@9,0.9878787878787878
seq2732@12,seq11981@16,0.9999999999999999
seq2732@12,seq7437@9,0.9636363636363635
seq2732@12,seq24176@13,0.9999999999999999
seq2732@12,seq17609@9,0.9999999999999999
seq2732@12,seq1830@11,0.9999999999999999
seq2732@12,seq114@81,0.9999999999999999
seq2732@12,seq1390@7,0.9999999999999999
seq2732@12,seq45@70,0.9999999999999999
seq2732@12,seq16470@7,0.9999999999999999
seq2732@12,seq468@28,0.9999999999999999
seq2732@12,seq21628@7,0.9999999999999999
seq2732@12,seq497@61,0.9999999999999999
seq2732@12,seq10545@6,0.9999999999999999
seq2732@12,seq491@17,0.9999999999999999
seq2732@12,seq1322@24,0.9999999999999999
seq2732@12,seq15913@6,0.9999999999999999
seq2732@12,seq9042@6,0.9999999999999999
seq2732@12,seq1597@28,0.9999999999999999
seq2732@12,seq7556@5,0.9999999999999999
seq2732@12,seq778@12,0.9999999999999999
seq2732@12,seq8760@5,0.9878787878787878
seq2732@12,seq5435@6,0.9999999999999999
seq2732@12,seq36@54,0.9999999999999999
seq2732@12,seq8769@5,0.9999999999999999
seq2732@12,seq2415@16,0.9999999999999999
seq2732@12,seq27465@5,0.9999999999999999
seq2732@12,seq5916@32,0.9999999999999999
seq2732@12,seq759@16,0.9999999999999999
seq2732@12,seq1445@46,0.9999999999999999
seq2732@12,seq3092@52,0.9999999999999999
seq2732@12,seq116@70,0.9999999999999999
seq2732@12,seq202@70,0.9999999999999999
seq2732@12,seq713@57,0.9999999999999999
seq2732@12,seq1636@53,0.9999999999999999
seq2732@12,seq332@52,0.9878787878787878
seq2732@12,seq2118@50,0.9999999999999999
seq2732@12,seq265@48,0.9999999999999999
seq2732@12,seq48@37,0.9878787878787878
seq2732@12,seq5122@37,0.9999999999999999
seq2732@12,seq1145@35,0.9999999999999999
seq2732@12,seq4985@24,0.9999999999999999
seq2732@12,seq11035@22,0.9878787878787878
seq2732@12,seq971@19,0.9999999999999999
seq2732@12,seq3317@19,0.9999999999999999
seq2732@12,seq5835@14,0.9878787878787878
seq2732@12,seq747@13,0.9878787878787878
seq2732@12,seq13715@11,0.9999999999999999
seq2732@12,seq13285@6,0.9999999999999999
seq2732@12,seq40154@6,0.9999999999999999
seq2732@12,seq6141@5,0.9999999999999999
seq2732@12,seq7206@13,0.9878787878787878
seq2732@12,seq24@40423,0.9999999999999999
seq2732@12,seq12763@6,0.9999999999999999
seq2732@12,seq4111@6,0.9999999999999999
seq148@47,seq6721@12,0.9999999999999999
seq148@47,seq2885@12,0.9999999999999999
seq148@47,seq1023@114,0.9999999999999999
seq148@47,seq1237@11,0.9999999999999999
seq148@47,seq2764@29,0.9999999999999999
seq148@47,seq3738@10,0.9999999999999999
seq148@47,seq5183@12,0.9999999999999999
seq148@47,seq454@81,0.9999999999999999
seq148@47,seq4073@9,0.9878787878787878
seq148@47,seq11981@16,0.9999999999999999
seq148@47,seq7437@9,0.9636363636363635
seq148@47,seq24176@13,0.9999999999999999
seq148@47,seq17609@9,0.9999999999999999
seq148@47,seq1830@11,0.9999999999999999
seq148@47,seq114@81,0.9999999999999999
seq148@47,seq1390@7,0.9999999999999999
seq148@47,seq45@70,0.9999999999999999
seq148@47,seq16470@7,0.9999999999999999
seq148@47,seq468@28,0.9999999999999999
seq148@47,seq21628@7,0.9999999999999999
seq148@47,seq497@61,0.9999999999999999
seq148@47,seq10545@6,0.9999999999999999
seq148@47,seq491@17,0.9999999999999999
seq148@47,seq1322@24,0.9999999999999999
seq148@47,seq15913@6,0.9999999999999999
seq148@47,seq9042@6,0.9999999999999999
seq148@47,seq1597@28,0.9999999999999999
seq148@47,seq7556@5,0.9999999999999999
seq148@47,seq778@12,0.9999999999999999
seq148@47,seq8760@5,0.9878787878787878
seq148@47,seq5435@6,0.9999999999999999
seq148@47,seq36@54,0.9999999999999999
seq148@47,seq8769@5,0.9999999999999999
seq148@47,seq2415@16,0.9999999999999999
seq148@47,seq27465@5,0.9999999999999999
seq148@47,seq5916@32,0.9999999999999999
seq148@47,seq759@16,0.9999999999999999
seq148@47,seq1445@46,0.9999999999999999
seq148@47,seq3092@52,0.9999999999999999
seq148@47,seq116@70,0.9999999999999999
seq148@47,seq202@70,0.9999999999999999
seq148@47,seq713@57,0.9999999999999999
seq148@47,seq1636@53,0.9999999999999999
seq148@47,seq332@52,0.9878787878787878
seq148@47,seq2118@50,0.9999999999999999
seq148@47,seq265@48,0.9999999999999999
seq148@47,seq48@37,0.9878787878787878
seq148@47,seq5122@37,0.9999999999999999
seq148@47,seq1145@35,0.9999999999999999
seq148@47,seq4985@24,0.9999999999999999
seq148@47,seq11035@22,0.9878787878787878
seq148@47,seq971@19,0.9999999999999999
seq148@47,seq3317@19,0.9999999999999999
seq148@47,seq5835@14,0.9878787878787878
seq148@47,seq747@13,0.9878787878787878
seq148@47,seq13715@11,0.9999999999999999
seq148@47,seq13285@6,0.9999999999999999
seq148@47,seq40154@6,0.9999999999999999
seq148@47,seq6141@5,0.9999999999999999
seq148@47,seq7206@13,0.9878787878787878
seq148@47,seq24@40423,0.9999999999999999
seq148@47,seq12763@6,0.9999999999999999
seq148@47,seq4111@6,0.9999999999999999
seq6721@12,seq2885@12,0.9999999999999999
seq6721@12,seq1023@114,0.9999999999999999
seq6721@12,seq1237@11,0.9999999999999999
seq6721@12,seq2764@29,0.9999999999999999
seq6721@12,seq3738@10,0.9999999999999999
seq6721@12,seq5183@12,0.9999999999999999
seq6721@12,seq454@81,0.9999999999999999
seq6721@12,seq4073@9,0.9878787878787878
seq6721@12,seq11981@16,0.9999999999999999
seq6721@12,seq7437@9,0.9636363636363635
seq6721@12,seq24176@13,0.9999999999999999
seq6721@12,seq17609@9,0.9999999999999999
seq6721@12,seq1830@11,0.9999999999999999
seq6721@12,seq114@81,0.9999999999999999
seq6721@12,seq1390@7,0.9999999999999999
seq6721@12,seq45@70,0.9999999999999999
seq6721@12,seq16470@7,0.9999999999999999
seq6721@12,seq468@28,0.9999999999999999
seq6721@12,seq21628@7,0.9999999999999999
seq6721@12,seq497@61,0.9999999999999999
seq6721@12,seq10545@6,0.9999999999999999
seq6721@12,seq491@17,0.9999999999999999
seq6721@12,seq1322@24,0.9999999999999999
seq6721@12,seq15913@6,0.9999999999999999
seq6721@12,seq9042@6,0.9999999999999999
seq6721@12,seq1597@28,0.9999999999999999
seq6721@12,seq7556@5,0.9999999999999999
seq6721@12,seq778@12,0.9999999999999999
seq6721@12,seq8760@5,0.9878787878787878
seq6721@12,seq5435@6,0.9999999999999999
seq6721@12,seq36@54,0.9999999999999999
seq6721@12,seq8769@5,0.9999999999999999
seq6721@12,seq2415@16,0.9999999999999999
seq6721@12,seq27465@5,0.9999999999999999
seq6721@12,seq5916@32,0.9999999999999999
seq6721@12,seq759@16,0.9999999999999999
seq6721@12,seq1445@46,0.9999999999999999
seq6721@12,seq3092@52,0.9999999999999999
seq6721@12,seq116@70,0.9999999999999999
seq6721@12,seq202@70,0.9999999999999999
seq6721@12,seq713@57,0.9999999999999999
seq6721@12,seq1636@53,0.9999999999999999
seq6721@12,seq332@52,0.9878787878787878
seq6721@12,seq2118@50,0.9999999999999999
seq6721@12,seq265@48,0.9999999999999999
seq6721@12,seq48@37,0.9878787878787878
seq6721@12,seq5122@37,0.9999999999999999
seq6721@12,seq1145@35,0.9999999999999999
seq6721@12,seq4985@24,0.9999999999999999
seq6721@12,seq11035@22,0.9878787878787878
seq6721@12,seq971@19,0.9999999999999999
seq6721@12,seq3317@19,0.9999999999999999
seq6721@12,seq5835@14,0.9878787878787878
seq6721@12,seq747@13,0.9878787878787878
seq6721@12,seq13715@11,0.9999999999999999
seq6721@12,seq13285@6,0.9999999999999999
seq6721@12,seq40154@6,0.9999999999999999
seq6721@12,seq6141@5,0.9999999999999999
seq6721@12,seq7206@13,0.9878787878787878
seq6721@12,seq24@40423,0.9999999999999999
seq6721@12,seq12763@6,0.9999999999999999
seq6721@12,seq4111@6,0.9999999999999999
seq2885@12,seq1023@114,0.9999999999999999
seq2885@12,seq1237@11,0.9999999999999999
seq2885@12,seq2764@29,0.9999999999999999
seq2885@12,seq3738@10,0.9999999999999999
seq2885@12,seq5183@12,0.9999999999999999
seq2885@12,seq454@81,0.9999999999999999
seq2885@12,seq4073@9,0.9878787878787878
seq2885@12,seq11981@16,0.9999999999999999
seq2885@12,seq7437@9,0.9636363636363635
seq2885@12,seq24176@13,0.9999999999999999
seq2885@12,seq17609@9,0.9999999999999999
seq2885@12,seq1830@11,0.9999999999999999
seq2885@12,seq114@81,0.9999999999999999
seq2885@12,seq1390@7,0.9999999999999999
seq2885@12,seq45@70,0.9999999999999999
seq2885@12,seq16470@7,0.9999999999999999
seq2885@12,seq468@28,0.9999999999999999
seq2885@12,seq21628@7,0.9999999999999999
seq2885@12,seq497@61,0.9999999999999999
seq2885@12,seq10545@6,0.9999999999999999
seq2885@12,seq491@17,0.9999999999999999
seq2885@12,seq1322@24,0.9999999999999999
seq2885@12,seq15913@6,0.9999999999999999
seq2885@12,seq9042@6,0.9999999999999999
seq2885@12,seq1597@28,0.9999999999999999
seq2885@12,seq7556@5,0.9999999999999999
seq2885@12,seq778@12,0.9999999999999999
seq2885@12,seq8760@5,0.9878787878787878
seq2885@12,seq5435@6,0.9999999999999999
seq2885@12,seq36@54,0.9999999999999999
seq2885@12,seq8769@5,0.9999999999999999
seq2885@12,seq2415@16,0.9999999999999999
seq2885@12,seq27465@5,0.9999999999999999
seq2885@12,seq5916@32,0.9999999999999999
seq2885@12,seq759@16,0.9999999999999999
seq2885@12,seq1445@46,0.9999999999999999
seq2885@12,seq3092@52,0.9999999999999999
seq2885@12,seq116@70,0.9999999999999999
seq2885@12,seq202@70,0.9999999999999999
seq2885@12,seq713@57,0.9999999999999999
seq2885@12,seq1636@53,0.9999999999999999
seq2885@12,seq332@52,0.9878787878787878
seq2885@12,seq2118@50,0.9999999999999999
seq2885@12,seq265@48,0.9999999999999999
seq2885@12,seq48@37,0.9878787878787878
seq2885@12,seq5122@37,0.9999999999999999
seq2885@12,seq1145@35,0.9999999999999999
seq2885@12,seq4985@24,0.9999999999999999
seq2885@12,seq11035@22,0.9878787878787878
seq2885@12,seq971@19,0.9999999999999999
seq2885@12,seq3317@19,0.9999999999999999
seq2885@12,seq5835@14,0.9878787878787878
seq2885@12,seq747@13,0.9878787878787878
seq2885@12,seq13715@11,0.9999999999999999
seq2885@12,seq13285@6,0.9999999999999999
seq2885@12,seq40154@6,0.9999999999999999
seq2885@12,seq6141@5,0.9999999999999999
seq2885@12,seq7206@13,0.9878787878787878
seq2885@12,seq24@40423,0.9999999999999999
seq2885@12,seq12763@6,0.9999999999999999
seq2885@12,seq4111@6,0.9999999999999999
seq1023@114,seq1237@11,0.9999999999999999
seq1023@114,seq2764@29,0.9999999999999999
seq1023@114,seq3738@10,0.9999999999999999
seq1023@114,seq5183@12,0.9999999999999999
seq1023@114,seq454@81,0.9999999999999999
seq1023@114,seq4073@9,0.9878787878787878
seq1023@114,seq11981@16,0.9999999999999999
seq1023@114,seq7437@9,0.9636363636363635
seq1023@114,seq24176@13,0.9999999999999999
seq1023@114,seq17609@9,0.9999999999999999
seq1023@114,seq1830@11,0.9999999999999999
seq1023@114,seq114@81,0.9999999999999999
seq1023@114,seq1390@7,0.9999999999999999
seq1023@114,seq45@70,0.9999999999999999
seq1023@114,seq16470@7,0.9999999999999999
seq1023@114,seq468@28,0.9999999999999999
seq1023@114,seq21628@7,0.9999999999999999
seq1023@114,seq497@61,0.9999999999999999
seq1023@114,seq10545@6,0.9999999999999999
seq1023@114,seq491@17,0.9999999999999999
seq1023@114,seq1322@24,0.9999999999999999
seq1023@114,seq15913@6,0.9999999999999999
seq1023@114,seq9042@6,0.9999999999999999
seq1023@114,seq1597@28,0.9999999999999999
seq1023@114,seq7556@5,0.9999999999999999
seq1023@114,seq778@12,0.9999999999999999
seq1023@114,seq8760@5,0.9878787878787878
seq1023@114,seq5435@6,0.9999999999999999
seq1023@114,seq36@54,0.9999999999999999
seq1023@114,seq8769@5,0.9999999999999999
seq1023@114,seq2415@16,0.9999999999999999
seq1023@114,seq27465@5,0.9999999999999999
seq1023@114,seq5916@32,0.9999999999999999
seq1023@114,seq759@16,0.9999999999999999
seq1023@114,seq1445@46,0.9999999999999999
seq1023@114,seq3092@52,0.9999999999999999
seq1023@114,seq116@70,0.9999999999999999
seq1023@114,seq202@70,0.9999999999999999
seq1023@114,seq713@57,0.9999999999999999
seq1023@114,seq1636@53,0.9999999999999999
seq1023@114,seq332@52,0.9878787878787878
seq1023@114,seq2118@50,0.9999999999999999
seq1023@114,seq265@48,0.9999999999999999
seq1023@114,seq48@37,0.9878787878787878
seq1023@114,seq5122@37,0.9999999999999999
seq1023@114,seq1145@35,0.9999999999999999
seq1023@114,seq4985@24,0.9999999999999999
seq1023@114,seq11035@22,0.9878787878787878
seq1023@114,seq971@19,0.9999999999999999
seq1023@114,seq3317@19,0.9999999999999999
seq1023@114,seq5835@14,0.9878787878787878
seq1023@114,seq747@13,0.9878787878787878
seq1023@114,seq13715@11,0.9999999999999999
seq1023@114,seq13285@6,0.9999999999999999
seq1023@114,seq40154@6,0.9999999999999999
seq1023@114,seq6141@5,0.9999999999999999
seq1023@114,seq7206@13,0.9878787878787878
seq1023@114,seq24@40423,0.9999999999999999
seq1023@114,seq12763@6,0.9999999999999999
seq1023@114,seq4111@6,0.9999999999999999
seq1237@11,seq2764@29,0.9999999999999999
seq1237@11,seq3738@10,0.9999999999999999
seq1237@11,seq5183@12,0.9999999999999999
seq1237@11,seq454@81,0.9999999999999999
seq1237@11,seq4073@9,0.9878787878787878
seq1237@11,seq11981@16,0.9999999999999999
seq1237@11,seq7437@9,0.9636363636363635
seq1237@11,seq24176@13,0.9999999999999999
seq1237@11,seq17609@9,0.9999999999999999
seq1237@11,seq1830@11,0.9999999999999999
seq1237@11,seq114@81,0.9999999999999999
seq1237@11,seq1390@7,0.9999999999999999
seq1237@11,seq45@70,0.9999999999999999
seq1237@11,seq16470@7,0.9999999999999999
seq1237@11,seq468@28,0.9999999999999999
seq1237@11,seq21628@7,0.9999999999999999
seq1237@11,seq497@61,0.9999999999999999
seq1237@11,seq10545@6,0.9999999999999999
seq1237@11,seq491@17,0.9999999999999999
seq1237@11,seq1322@24,0.9999999999999999
seq1237@11,seq15913@6,0.9999999999999999
seq1237@11,seq9042@6,0.9999999999999999
seq1237@11,seq1597@28,0.9999999999999999
seq1237@11,seq7556@5,0.9999999999999999
seq1237@11,seq778@12,0.9999999999999999
seq1237@11,seq8760@5,0.9878787878787878
seq1237@11,seq5435@6,0.9999999999999999
seq1237@11,seq36@54,0.9999999999999999
seq1237@11,seq8769@5,0.9999999999999999
seq1237@11,seq2415@16,0.9999999999999999
seq1237@11,seq27465@5,0.9999999999999999
seq1237@11,seq5916@32,0.9999999999999999
seq1237@11,seq759@16,0.9999999999999999
seq1237@11,seq1445@46,0.9999999999999999
seq1237@11,seq3092@52,0.9999999999999999
seq1237@11,seq116@70,0.9999999999999999
seq1237@11,seq202@70,0.9999999999999999
seq1237@11,seq713@57,0.9999999999999999
seq1237@11,seq1636@53,0.9999999999999999
seq1237@11,seq332@52,0.9878787878787878
seq1237@11,seq2118@50,0.9999999999999999
seq1237@11,seq265@48,0.9999999999999999
seq1237@11,seq48@37,0.9878787878787878
seq1237@11,seq5122@37,0.9999999999999999
seq1237@11,seq1145@35,0.9999999999999999
seq1237@11,seq4985@24,0.9999999999999999
seq1237@11,seq11035@22,0.9878787878787878
seq1237@11,seq971@19,0.9999999999999999
seq1237@11,seq3317@19,0.9999999999999999
seq1237@11,seq5835@14,0.9878787878787878
seq1237@11,seq747@13,0.9878787878787878
seq1237@11,seq13715@11,0.9999999999999999
seq1237@11,seq13285@6,0.9999999999999999
seq1237@11,seq40154@6,0.9999999999999999
seq1237@11,seq6141@5,0.9999999999999999
seq1237@11,seq7206@13,0.9878787878787878
seq1237@11,seq24@40423,0.9999999999999999
seq1237@11,seq12763@6,0.9999999999999999
seq1237@11,seq4111@6,0.9999999999999999
seq2764@29,seq3738@10,0.9999999999999999
seq2764@29,seq5183@12,0.9999999999999999
seq2764@29,seq454@81,0.9999999999999999
seq2764@29,seq4073@9,0.9878787878787878
seq2764@29,seq11981@16,0.9999999999999999
seq2764@29,seq7437@9,0.9636363636363635
seq2764@29,seq24176@13,0.9999999999999999
seq2764@29,seq17609@9,0.9999999999999999
seq2764@29,seq1830@11,0.9999999999999999
seq2764@29,seq114@81,0.9999999999999999
seq2764@29,seq1390@7,0.9999999999999999
seq2764@29,seq45@70,0.9999999999999999
seq2764@29,seq16470@7,0.9999999999999999
seq2764@29,seq468@28,0.9999999999999999
seq2764@29,seq21628@7,0.9999999999999999
seq2764@29,seq497@61,0.9999999999999999
seq2764@29,seq10545@6,0.9999999999999999
seq2764@29,seq491@17,0.9999999999999999
seq2764@29,seq1322@24,0.9999999999999999
seq2764@29,seq15913@6,0.9999999999999999
seq2764@29,seq9042@6,0.9999999999999999
seq2764@29,seq1597@28,0.9999999999999999
seq2764@29,seq7556@5,0.9999999999999999
seq2764@29,seq778@12,0.9999999999999999
seq2764@29,seq8760@5,0.9878787878787878
seq2764@29,seq5435@6,0.9999999999999999
seq2764@29,seq36@54,0.9999999999999999
seq2764@29,seq8769@5,0.9999999999999999
seq2764@29,seq2415@16,0.9999999999999999
seq2764@29,seq27465@5,0.9999999999999999
seq2764@29,seq5916@32,0.9999999999999999
seq2764@29,seq759@16,0.9999999999999999
seq2764@29,seq1445@46,0.9999999999999999
seq2764@29,seq3092@52,0.9999999999999999
seq2764@29,seq116@70,0.9999999999999999
seq2764@29,seq202@70,0.9999999999999999
seq2764@29,seq713@57,0.9999999999999999
seq2764@29,seq1636@53,0.9999999999999999
seq2764@29,seq332@52,0.9878787878787878
seq2764@29,seq2118@50,0.9999999999999999
seq2764@29,seq265@48,0.9999999999999999
seq2764@29,seq48@37,0.9878787878787878
seq2764@29,seq5122@37,0.9999999999999999
seq2764@29,seq1145@35,0.9999999999999999
seq2764@29,seq4985@24,0.9999999999999999
seq2764@29,seq11035@22,0.9878787878787878
seq2764@29,seq971@19,0.9999999999999999
seq2764@29,seq3317@19,0.9999999999999999
seq2764@29,seq5835@14,0.9878787878787878
seq2764@29,seq747@13,0.9878787878787878
seq2764@29,seq13715@11,0.9999999999999999
seq2764@29,seq13285@6,0.9999999999999999
seq2764@29,seq40154@6,0.9999999999999999
seq2764@29,seq6141@5,0.9999999999999999
seq2764@29,seq7206@13,0.9878787878787878
seq2764@29,seq24@40423,0.9999999999999999
seq2764@29,seq12763@6,0.9999999999999999
seq2764@29,seq4111@6,0.9999999999999999
seq3738@10,seq5183@12,0.9999999999999999
seq3738@10,seq454@81,0.9999999999999999
seq3738@10,seq4073@9,0.9878787878787878
seq3738@10,seq11981@16,0.9999999999999999
seq3738@10,seq7437@9,0.9636363636363635
seq3738@10,seq24176@13,0.9999999999999999
seq3738@10,seq17609@9,0.9999999999999999
seq3738@10,seq1830@11,0.9999999999999999
seq3738@10,seq114@81,0.9999999999999999
seq3738@10,seq1390@7,0.9999999999999999
seq3738@10,seq45@70,0.9999999999999999
seq3738@10,seq16470@7,0.9999999999999999
seq3738@10,seq468@28,0.9999999999999999
seq3738@10,seq21628@7,0.9999999999999999
seq3738@10,seq497@61,0.9999999999999999
seq3738@10,seq10545@6,0.9999999999999999
seq3738@10,seq491@17,0.9999999999999999
seq3738@10,seq1322@24,0.9999999999999999
seq3738@10,seq15913@6,0.9999999999999999
seq3738@10,seq9042@6,0.9999999999999999
seq3738@10,seq1597@28,0.9999999999999999
seq3738@10,seq7556@5,0.9999999999999999
seq3738@10,seq778@12,0.9999999999999999
seq3738@10,seq8760@5,0.9878787878787878
seq3738@10,seq5435@6,0.9999999999999999
seq3738@10,seq36@54,0.9999999999999999
seq3738@10,seq8769@5,0.9999999999999999
seq3738@10,seq2415@16,0.9999999999999999
seq3738@10,seq27465@5,0.9999999999999999
seq3738@10,seq5916@32,0.9999999999999999
seq3738@10,seq759@16,0.9999999999999999
seq3738@10,seq1445@46,0.9999999999999999
seq3738@10,seq3092@52,0.9999999999999999
seq3738@10,seq116@70,0.9999999999999999
seq3738@10,seq202@70,0.9999999999999999
seq3738@10,seq713@57,0.9999999999999999
seq3738@10,seq1636@53,0.9999999999999999
seq3738@10,seq332@52,0.9878787878787878
seq3738@10,seq2118@50,0.9999999999999999
seq3738@10,seq265@48,0.9999999999999999
seq3738@10,seq48@37,0.9878787878787878
seq3738@10,seq5122@37,0.9999999999999999
seq3738@10,seq1145@35,0.9999999999999999
seq3738@10,seq4985@24,0.9999999999999999
seq3738@10,seq11035@22,0.9878787878787878
seq3738@10,seq971@19,0.9999999999999999
seq3738@10,seq3317@19,0.9999999999999999
seq3738@10,seq5835@14,0.9878787878787878
seq3738@10,seq747@13,0.9878787878787878
seq3738@10,seq13715@11,0.9999999999999999
seq3738@10,seq13285@6,0.9999999999999999
seq3738@10,seq40154@6,0.9999999999999999
seq3738@10,seq6141@5,0.9999999999999999
seq3738@10,seq7206@13,0.9878787878787878
seq3738@10,seq24@40423,0.9999999999999999
seq3738@10,seq12763@6,0.9999999999999999
seq3738@10,seq4111@6,0.9999999999999999
seq5183@12,seq454@81,0.9999999999999999
seq5183@12,seq4073@9,0.9878787878787878
seq5183@12,seq11981@16,0.9999999999999999
seq5183@12,seq7437@9,0.9636363636363635
seq5183@12,seq24176@13,0.9999999999999999
seq5183@12,seq17609@9,0.9999999999999999
seq5183@12,seq1830@11,0.9999999999999999
seq5183@12,seq114@81,0.9999999999999999
seq5183@12,seq1390@7,0.9999999999999999
seq5183@12,seq45@70,0.9999999999999999
seq5183@12,seq16470@7,0.9999999999999999
seq5183@12,seq468@28,0.9999999999999999
seq5183@12,seq21628@7,0.9999999999999999
seq5183@12,seq497@61,0.9999999999999999
seq5183@12,seq10545@6,0.9999999999999999
seq5183@12,seq491@17,0.9999999999999999
seq5183@12,seq1322@24,0.9999999999999999
seq5183@12,seq15913@6,0.9999999999999999
seq5183@12,seq9042@6,0.9999999999999999
seq5183@12,seq1597@28,0.9999999999999999
seq5183@12,seq7556@5,0.9999999999999999
seq5183@12,seq778@12,0.9999999999999999
seq5183@12,seq8760@5,0.9878787878787878
seq5183@12,seq5435@6,0.9999999999999999
seq5183@12,seq36@54,0.9999999999999999
seq5183@12,seq8769@5,0.9999999999999999
seq5183@12,seq2415@16,0.9999999999999999
seq5183@12,seq27465@5,0.9999999999999999
seq5183@12,seq5916@32,0.9999999999999999
seq5183@12,seq759@16,0.9999999999999999
seq5183@12,seq1445@46,0.9999999999999999
seq5183@12,seq3092@52,0.9999999999999999
seq5183@12,seq116@70,0.9999999999999999
seq5183@12,seq202@70,0.9999999999999999
seq5183@12,seq713@57,0.9999999999999999
seq5183@12,seq1636@53,0.9999999999999999
seq5183@12,seq332@52,0.9878787878787878
seq5183@12,seq2118@50,0.9999999999999999
seq5183@12,seq265@48,0.9999999999999999
seq5183@12,seq48@37,0.9878787878787878
seq5183@12,seq5122@37,0.9999999999999999
seq5183@12,seq1145@35,0.9999999999999999
seq5183@12,seq4985@24,0.9999999999999999
seq5183@12,seq11035@22,0.9878787878787878
seq5183@12,seq971@19,0.9999999999999999
seq5183@12,seq3317@19,0.9999999999999999
seq5183@12,seq5835@14,0.9878787878787878
seq5183@12,seq747@13,0.9878787878787878
seq5183@12,seq13715@11,0.9999999999999999
seq5183@12,seq13285@6,0.9999999999999999
seq5183@12,seq40154@6,0.9999999999999999
seq5183@12,seq6141@5,0.9999999999999999
seq5183@12,seq7206@13,0.9878787878787878
seq5183@12,seq24@40423,0.9999999999999999
seq5183@12,seq12763@6,0.9999999999999999
seq5183@12,seq4111@6,0.9999999999999999
seq454@81,seq4073@9,0.9878787878787878
seq454@81,seq11981@16,0.9999999999999999
seq454@81,seq7437@9,0.9636363636363635
seq454@81,seq24176@13,0.9999999999999999
seq454@81,seq17609@9,0.9999999999999999
seq454@81,seq1830@11,0.9999999999999999
seq454@81,seq114@81,0.9999999999999999
seq454@81,seq1390@7,0.9999999999999999
seq454@81,seq45@70,0.9999999999999999
seq454@81,seq16470@7,0.9999999999999999
seq454@81,seq468@28,0.9999999999999999
seq454@81,seq21628@7,0.9999999999999999
seq454@81,seq497@61,0.9999999999999999
seq454@81,seq10545@6,0.9999999999999999
seq454@81,seq491@17,0.9999999999999999
seq454@81,seq1322@24,0.9999999999999999
seq454@81,seq15913@6,0.9999999999999999
seq454@81,seq9042@6,0.9999999999999999
seq454@81,seq1597@28,0.9999999999999999
seq454@81,seq7556@5,0.9999999999999999
seq454@81,seq778@12,0.9999999999999999
seq454@81,seq8760@5,0.9878787878787878
seq454@81,seq5435@6,0.9999999999999999
seq454@81,seq36@54,0.9999999999999999
seq454@81,seq8769@5,0.9999999999999999
seq454@81,seq2415@16,0.9999999999999999
seq454@81,seq27465@5,0.9999999999999999
seq454@81,seq5916@32,0.9999999999999999
seq454@81,seq759@16,0.9999999999999999
seq454@81,seq1445@46,0.9999999999999999
seq454@81,seq3092@52,0.9999999999999999
seq454@81,seq116@70,0.9999999999999999
seq454@81,seq202@70,0.9999999999999999
seq454@81,seq713@57,0.9999999999999999
seq454@81,seq1636@53,0.9999999999999999
seq454@81,seq332@52,0.9878787878787878
seq454@81,seq2118@50,0.9999999999999999
seq454@81,seq265@48,0.9999999999999999
seq454@81,seq48@37,0.9878787878787878
seq454@81,seq5122@37,0.9999999999999999
seq454@81,seq1145@35,0.9999999999999999
seq454@81,seq4985@24,0.9999999999999999
seq454@81,seq11035@22,0.9878787878787878
seq454@81,seq971@19,0.9999999999999999
seq454@81,seq3317@19,0.9999999999999999
seq454@81,seq5835@14,0.9878787878787878
seq454@81,seq747@13,0.9878787878787878
seq454@81,seq13715@11,0.9999999999999999
seq454@81,seq13285@6,0.9999999999999999
seq454@81,seq40154@6,0.9999999999999999
seq454@81,seq6141@5,0.9999999999999999
seq454@81,seq7206@13,0.9878787878787878
seq454@81,seq24@40423,0.9999999999999999
seq454@81,seq12763@6,0.9999999999999999
seq454@81,seq4111@6,0.9999999999999999
seq4073@9,seq11981@16,0.9878787878787878
seq4073@9,seq7437@9,0.9515151515151514
seq4073@9,seq24176@13,0.9878787878787878
seq4073@9,seq17609@9,0.9878787878787878
seq4073@9,seq1830@11,0.9878787878787878
seq4073@9,seq114@81,0.9878787878787878
seq4073@9,seq1390@7,0.9878787878787878
seq4073@9,seq45@70,0.9878787878787878
seq4073@9,seq16470@7,0.9878787878787878
seq4073@9,seq468@28,0.9878787878787878
seq4073@9,seq21628@7,0.9878787878787878
seq4073@9,seq497@61,0.9878787878787878
seq4073@9,seq10545@6,0.9878787878787878
seq4073@9,seq491@17,0.9878787878787878
seq4073@9,seq1322@24,0.9878787878787878
seq4073@9,seq15913@6,0.9878787878787878
seq4073@9,seq9042@6,0.9878787878787878
seq4073@9,seq1597@28,0.9878787878787878
seq4073@9,seq7556@5,0.9878787878787878
seq4073@9,seq778@12,0.9878787878787878
seq4073@9,seq8760@5,0.9757575757575757
seq4073@9,seq5435@6,0.9878787878787878
seq4073@9,seq36@54,0.9878787878787878
seq4073@9,seq8769@5,0.9878787878787878
seq4073@9,seq2415@16,0.9878787878787878
seq4073@9,seq27465@5,0.9878787878787878
seq4073@9,seq5916@32,0.9878787878787878
seq4073@9,seq759@16,0.9878787878787878
seq4073@9,seq1445@46,0.9878787878787878
seq4073@9,seq3092@52,0.9878787878787878
seq4073@9,seq116@70,0.9878787878787878
seq4073@9,seq202@70,0.9878787878787878
seq4073@9,seq713@57,0.9878787878787878
seq4073@9,seq1636@53,0.9878787878787878
seq4073@9,seq332@52,0.9999999999999999
seq4073@9,seq2118@50,0.9878787878787878
seq4073@9,seq265@48,0.9878787878787878
seq4073@9,seq48@37,0.9757575757575757
seq4073@9,seq5122@37,0.9878787878787878
seq4073@9,seq1145@35,0.9878787878787878
seq4073@9,seq4985@24,0.9878787878787878
seq4073@9,seq11035@22,0.9757575757575757
seq4073@9,seq971@19,0.9878787878787878
seq4073@9,seq3317@19,0.9878787878787878
seq4073@9,seq5835@14,0.9999999999999999
seq4073@9,seq747@13,0.9757575757575757
seq4073@9,seq13715@11,0.9878787878787878
seq4073@9,seq13285@6,0.9878787878787878
seq4073@9,seq40154@6,0.9878787878787878
seq4073@9,seq6141@5,0.9878787878787878
seq4073@9,seq7206@13,0.9757575757575757
seq4073@9,seq24@40423,0.9878787878787878
seq4073@9,seq12763@6,0.9878787878787878
seq4073@9,seq4111@6,0.9878787878787878
seq11981@16,seq7437@9,0.9636363636363635
seq11981@16,seq24176@13,0.9999999999999999
seq11981@16,seq17609@9,0.9999999999999999
seq11981@16,seq1830@11,0.9999999999999999
seq11981@16,seq114@81,0.9999999999999999
seq11981@16,seq1390@7,0.9999999999999999
seq11981@16,seq45@70,0.9999999999999999
seq11981@16,seq16470@7,0.9999999999999999
seq11981@16,seq468@28,0.9999999999999999
seq11981@16,seq21628@7,0.9999999999999999
seq11981@16,seq497@61,0.9999999999999999
seq11981@16,seq10545@6,0.9999999999999999
seq11981@16,seq491@17,0.9999999999999999
seq11981@16,seq1322@24,0.9999999999999999
seq11981@16,seq15913@6,0.9999999999999999
seq11981@16,seq9042@6,0.9999999999999999
seq11981@16,seq1597@28,0.9999999999999999
seq11981@16,seq7556@5,0.9999999999999999
seq11981@16,seq778@12,0.9999999999999999
seq11981@16,seq8760@5,0.9878787878787878
seq11981@16,seq5435@6,0.9999999999999999
seq11981@16,seq36@54,0.9999999999999999
seq11981@16,seq8769@5,0.9999999999999999
seq11981@16,seq2415@16,0.9999999999999999
seq11981@16,seq27465@5,0.9999999999999999
seq11981@16,seq5916@32,0.9999999999999999
seq11981@16,seq759@16,0.9999999999999999
seq11981@16,seq1445@46,0.9999999999999999
seq11981@16,seq3092@52,0.9999999999999999
seq11981@16,seq116@70,0.9999999999999999
seq11981@16,seq202@70,0.9999999999999999
seq11981@16,seq713@57,0.9999999999999999
seq11981@16,seq1636@53,0.9999999999999999
seq11981@16,seq332@52,0.9878787878787878
seq11981@16,seq2118@50,0.9999999999999999
seq11981@16,seq265@48,0.9999999999999999
seq11981@16,seq48@37,0.9878787878787878
seq11981@16,seq5122@37,0.9999999999999999
seq11981@16,seq1145@35,0.9999999999999999
seq11981@16,seq4985@24,0.9999999999999999
seq11981@16,seq11035@22,0.9878787878787878
seq11981@16,seq971@19,0.9999999999999999
seq11981@16,seq3317@19,0.9999999999999999
seq11981@16,seq5835@14,0.9878787878787878
seq11981@16,seq747@13,0.9878787878787878
seq11981@16,seq13715@11,0.9999999999999999
seq11981@16,seq13285@6,0.9999999999999999
seq11981@16,seq40154@6,0.9999999999999999
seq11981@16,seq6141@5,0.9999999999999999
seq11981@16,seq7206@13,0.9878787878787878
seq11981@16,seq24@40423,0.9999999999999999
seq11981@16,seq12763@6,0.9999999999999999
seq11981@16,seq4111@6,0.9999999999999999
seq7437@9,seq24176@13,0.9636363636363635
seq7437@9,seq17609@9,0.9636363636363635
seq7437@9,seq1830@11,0.9636363636363635
seq7437@9,seq114@81,0.9636363636363635
seq7437@9,seq1390@7,0.9636363636363635
seq7437@9,seq45@70,0.9636363636363635
seq7437@9,seq16470@7,0.9636363636363635
seq7437@9,seq468@28,0.9636363636363635
seq7437@9,seq21628@7,0.9636363636363635
seq7437@9,seq497@61,0.9636363636363635
seq7437@9,seq10545@6,0.9636363636363635
seq7437@9,seq491@17,0.9636363636363635
seq7437@9,seq1322@24,0.9636363636363635
seq7437@9,seq15913@6,0.9636363636363635
seq7437@9,seq9042@6,0.9636363636363635
seq7437@9,seq1597@28,0.9636363636363635
seq7437@9,seq7556@5,0.9636363636363635
seq7437@9,seq778@12,0.9636363636363635
seq7437@9,seq8760@5,0.9272727272727272
seq7437@9,seq5435@6,0.9636363636363635
seq7437@9,seq36@54,0.9636363636363635
seq7437@9,seq8769@5,0.9636363636363635
seq7437@9,seq2415@16,0.9636363636363635
seq7437@9,seq27465@5,0.9636363636363635
seq7437@9,seq5916@32,0.9636363636363635
seq7437@9,seq759@16,0.9636363636363635
seq7437@9,seq1445@46,0.9636363636363635
seq7437@9,seq3092@52,0.9636363636363635
seq7437@9,seq116@70,0.9636363636363635
seq7437@9,seq202@70,0.9636363636363635
seq7437@9,seq713@57,0.9636363636363635
seq7437@9,seq1636@53,0.9636363636363635
seq7437@9,seq332@52,0.9515151515151514
seq7437@9,seq2118@50,0.9636363636363635
seq7437@9,seq265@48,0.9636363636363635
seq7437@9,seq48@37,0.9272727272727272
seq7437@9,seq5122@37,0.9636363636363635
seq7437@9,seq1145@35,0.9636363636363635
seq7437@9,seq4985@24,0.9636363636363635
seq7437@9,seq11035@22,0.9272727272727272
seq7437@9,seq971@19,0.9636363636363635
seq7437@9,seq3317@19,0.9636363636363635
seq7437@9,seq5835@14,0.9515151515151514
seq7437@9,seq747@13,0.9272727272727272
seq7437@9,seq13715@11,0.9636363636363635
seq7437@9,seq13285@6,0.9636363636363635
seq7437@9,seq40154@6,0.9636363636363635
seq7437@9,seq6141@5,0.9636363636363635
seq7437@9,seq7206@13,0.9272727272727272
seq7437@9,seq24@40423,0.9636363636363635
seq7437@9,seq12763@6,0.9636363636363635
seq7437@9,seq4111@6,0.9636363636363635
seq24176@13,seq17609@9,0.9999999999999999
seq24176@13,seq1830@11,0.9999999999999999
seq24176@13,seq114@81,0.9999999999999999
seq24176@13,seq1390@7,0.9999999999999999
seq24176@13,seq45@70,0.9999999999999999
seq24176@13,seq16470@7,0.9999999999999999
seq24176@13,seq468@28,0.9999999999999999
seq24176@13,seq21628@7,0.9999999999999999
seq24176@13,seq497@61,0.9999999999999999
seq24176@13,seq10545@6,0.9999999999999999
seq24176@13,seq491@17,0.9999999999999999
seq24176@13,seq1322@24,0.9999999999999999
seq24176@13,seq15913@6,0.9999999999999999
seq24176@13,seq9042@6,0.9999999999999999
seq24176@13,seq1597@28,0.9999999999999999
seq24176@13,seq7556@5,0.9999999999999999
seq24176@13,seq778@12,0.9999999999999999
seq24176@13,seq8760@5,0.9878787878787878
seq24176@13,seq5435@6,0.9999999999999999
seq24176@13,seq36@54,0.9999999999999999
seq24176@13,seq8769@5,0.9999999999999999
seq24176@13,seq2415@16,0.9999999999999999
seq24176@13,seq27465@5,0.9999999999999999
seq24176@13,seq5916@32,0.9999999999999999
seq24176@13,seq759@16,0.9999999999999999
seq24176@13,seq1445@46,0.9999999999999999
seq24176@13,seq3092@52,0.9999999999999999
seq24176@13,seq116@70,0.9999999999999999
seq24176@13,seq202@70,0.9999999999999999
seq24176@13,seq713@57,0.9999999999999999
seq24176@13,seq1636@53,0.9999999999999999
seq24176@13,seq332@52,0.9878787878787878
seq24176@13,seq2118@50,0.9999999999999999
seq24176@13,seq265@48,0.9999999999999999
seq24176@13,seq48@37,0.9878787878787878
seq24176@13,seq5122@37,0.9999999999999999
seq24176@13,seq1145@35,0.9999999999999999
seq24176@13,seq4985@24,0.9999999999999999
seq24176@13,seq11035@22,0.9878787878787878
seq24176@13,seq971@19,0.9999999999999999
seq24176@13,seq3317@19,0.9999999999999999
seq24176@13,seq5835@14,0.9878787878787878
seq24176@13,seq747@13,0.9878787878787878
seq24176@13,seq13715@11,0.9999999999999999
seq24176@13,seq13285@6,0.9999999999999999
seq24176@13,seq40154@6,0.9999999999999999
seq24176@13,seq6141@5,0.9999999999999999
seq24176@13,seq7206@13,0.9878787878787878
seq24176@13,seq24@40423,0.9999999999999999
seq24176@13,seq12763@6,0.9999999999999999
seq24176@13,seq4111@6,0.9999999999999999
seq17609@9,seq1830@11,0.9999999999999999
seq17609@9,seq114@81,0.9999999999999999
seq17609@9,seq1390@7,0.9999999999999999
seq17609@9,seq45@70,0.9999999999999999
seq17609@9,seq16470@7,0.9999999999999999
seq17609@9,seq468@28,0.9999999999999999
seq17609@9,seq21628@7,0.9999999999999999
seq17609@9,seq497@61,0.9999999999999999
seq17609@9,seq10545@6,0.9999999999999999
seq17609@9,seq491@17,0.9999999999999999
seq17609@9,seq1322@24,0.9999999999999999
seq17609@9,seq15913@6,0.9999999999999999
seq17609@9,seq9042@6,0.9999999999999999
seq17609@9,seq1597@28,0.9999999999999999
seq17609@9,seq7556@5,0.9999999999999999
seq17609@9,seq778@12,0.9999999999999999
seq17609@9,seq8760@5,0.9878787878787878
seq17609@9,seq5435@6,0.9999999999999999
seq17609@9,seq36@54,0.9999999999999999
seq17609@9,seq8769@5,0.9999999999999999
seq17609@9,seq2415@16,0.9999999999999999
seq17609@9,seq27465@5,0.9999999999999999
seq17609@9,seq5916@32,0.9999999999999999
seq17609@9,seq759@16,0.9999999999999999
seq17609@9,seq1445@46,0.9999999999999999
seq17609@9,seq3092@52,0.9999999999999999
seq17609@9,seq116@70,0.9999999999999999
seq17609@9,seq202@70,0.9999999999999999
seq17609@9,seq713@57,0.9999999999999999
seq17609@9,seq1636@53,0.9999999999999999
seq17609@9,seq332@52,0.9878787878787878
seq17609@9,seq2118@50,0.9999999999999999
seq17609@9,seq265@48,0.9999999999999999
seq17609@9,seq48@37,0.9878787878787878
seq17609@9,seq5122@37,0.9999999999999999
seq17609@9,seq1145@35,0.9999999999999999
seq17609@9,seq4985@24,0.9999999999999999
seq17609@9,seq11035@22,0.9878787878787878
seq17609@9,seq971@19,0.9999999999999999
seq17609@9,seq3317@19,0.9999999999999999
seq17609@9,seq5835@14,0.9878787878787878
seq17609@9,seq747@13,0.9878787878787878
seq17609@9,seq13715@11,0.9999999999999999
seq17609@9,seq13285@6,0.9999999999999999
seq17609@9,seq40154@6,0.9999999999999999
seq17609@9,seq6141@5,0.9999999999999999
seq17609@9,seq7206@13,0.9878787878787878
seq17609@9,seq24@40423,0.9999999999999999
seq17609@9,seq12763@6,0.9999999999999999
seq17609@9,seq4111@6,0.9999999999999999
seq1830@11,seq114@81,0.9999999999999999
seq1830@11,seq1390@7,0.9999999999999999
seq1830@11,seq45@70,0.9999999999999999
seq1830@11,seq16470@7,0.9999999999999999
seq1830@11,seq468@28,0.9999999999999999
seq1830@11,seq21628@7,0.9999999999999999
seq1830@11,seq497@61,0.9999999999999999
seq1830@11,seq10545@6,0.9999999999999999
seq1830@11,seq491@17,0.9999999999999999
seq1830@11,seq1322@24,0.9999999999999999
seq1830@11,seq15913@6,0.9999999999999999
seq1830@11,seq9042@6,0.9999999999999999
seq1830@11,seq1597@28,0.9999999999999999
seq1830@11,seq7556@5,0.9999999999999999
seq1830@11,seq778@12,0.9999999999999999
seq1830@11,seq8760@5,0.9878787878787878
seq1830@11,seq5435@6,0.9999999999999999
seq1830@11,seq36@54,0.9999999999999999
seq1830@11,seq8769@5,0.9999999999999999
seq1830@11,seq2415@16,0.9999999999999999
seq1830@11,seq27465@5,0.9999999999999999
seq1830@11,seq5916@32,0.9999999999999999
seq1830@11,seq759@16,0.9999999999999999
seq1830@11,seq1445@46,0.9999999999999999
seq1830@11,seq3092@52,0.9999999999999999
seq1830@11,seq116@70,0.9999999999999999
seq1830@11,seq202@70,0.9999999999999999
seq1830@11,seq713@57,0.9999999999999999
seq1830@11,seq1636@53,0.9999999999999999
seq1830@11,seq332@52,0.9878787878787878
seq1830@11,seq2118@50,0.9999999999999999
seq1830@11,seq265@48,0.9999999999999999
seq1830@11,seq48@37,0.9878787878787878
seq1830@11,seq5122@37,0.9999999999999999
seq1830@11,seq1145@35,0.9999999999999999
seq1830@11,seq4985@24,0.9999999999999999
seq1830@11,seq11035@22,0.9878787878787878
seq1830@11,seq971@19,0.9999999999999999
seq1830@11,seq3317@19,0.9999999999999999
seq1830@11,seq5835@14,0.9878787878787878
seq1830@11,seq747@13,0.9878787878787878
seq1830@11,seq13715@11,0.9999999999999999
seq1830@11,seq13285@6,0.9999999999999999
seq1830@11,seq40154@6,0.9999999999999999
seq1830@11,seq6141@5,0.9999999999999999
seq1830@11,seq7206@13,0.9878787878787878
seq1830@11,seq24@40423,0.9999999999999999
seq1830@11,seq12763@6,0.9999999999999999
seq1830@11,seq4111@6,0.9999999999999999
seq114@81,seq1390@7,0.9999999999999999
seq114@81,seq45@70,0.9999999999999999
seq114@81,seq16470@7,0.9999999999999999
seq114@81,seq468@28,0.9999999999999999
seq114@81,seq21628@7,0.9999999999999999
seq114@81,seq497@61,0.9999999999999999
seq114@81,seq10545@6,0.9999999999999999
seq114@81,seq491@17,0.9999999999999999
seq114@81,seq1322@24,0.9999999999999999
seq114@81,seq15913@6,0.9999999999999999
seq114@81,seq9042@6,0.9999999999999999
seq114@81,seq1597@28,0.9999999999999999
seq114@81,seq7556@5,0.9999999999999999
seq114@81,seq778@12,0.9999999999999999
seq114@81,seq8760@5,0.9878787878787878
seq114@81,seq5435@6,0.9999999999999999
seq114@81,seq36@54,0.9999999999999999
seq114@81,seq8769@5,0.9999999999999999
seq114@81,seq2415@16,0.9999999999999999
seq114@81,seq27465@5,0.9999999999999999
seq114@81,seq5916@32,0.9999999999999999
seq114@81,seq759@16,0.9999999999999999
seq114@81,seq1445@46,0.9999999999999999
seq114@81,seq3092@52,0.9999999999999999
seq114@81,seq116@70,0.9999999999999999
seq114@81,seq202@70,0.9999999999999999
seq114@81,seq713@57,0.9999999999999999
seq114@81,seq1636@53,0.9999999999999999
seq114@81,seq332@52,0.9878787878787878
seq114@81,seq2118@50,0.9999999999999999
seq114@81,seq265@48,0.9999999999999999
seq114@81,seq48@37,0.9878787878787878
seq114@81,seq5122@37,0.9999999999999999
seq114@81,seq1145@35,0.9999999999999999
seq114@81,seq4985@24,0.9999999999999999
seq114@81,seq11035@22,0.9878787878787878
seq114@81,seq971@19,0.9999999999999999
seq114@81,seq3317@19,0.9999999999999999
seq114@81,seq5835@14,0.9878787878787878
seq114@81,seq747@13,0.9878787878787878
seq114@81,seq13715@11,0.9999999999999999
seq114@81,seq13285@6,0.9999999999999999
seq114@81,seq40154@6,0.9999999999999999
seq114@81,seq6141@5,0.9999999999999999
seq114@81,seq7206@13,0.9878787878787878
seq114@81,seq24@40423,0.9999999999999999
seq114@81,seq12763@6,0.9999999999999999
seq114@81,seq4111@6,0.9999999999999999
seq1390@7,seq45@70,0.9999999999999999
seq1390@7,seq16470@7,0.9999999999999999
seq1390@7,seq468@28,0.9999999999999999
seq1390@7,seq21628@7,0.9999999999999999
seq1390@7,seq497@61,0.9999999999999999
seq1390@7,seq10545@6,0.9999999999999999
seq1390@7,seq491@17,0.9999999999999999
seq1390@7,seq1322@24,0.9999999999999999
seq1390@7,seq15913@6,0.9999999999999999
seq1390@7,seq9042@6,0.9999999999999999
seq1390@7,seq1597@28,0.9999999999999999
seq1390@7,seq7556@5,0.9999999999999999
seq1390@7,seq778@12,0.9999999999999999
seq1390@7,seq8760@5,0.9878787878787878
seq1390@7,seq5435@6,0.9999999999999999
seq1390@7,seq36@54,0.9999999999999999
seq1390@7,seq8769@5,0.9999999999999999
seq1390@7,seq2415@16,0.9999999999999999
seq1390@7,seq27465@5,0.9999999999999999
seq1390@7,seq5916@32,0.9999999999999999
seq1390@7,seq759@16,0.9999999999999999
seq1390@7,seq1445@46,0.9999999999999999
seq1390@7,seq3092@52,0.9999999999999999
seq1390@7,seq116@70,0.9999999999999999
seq1390@7,seq202@70,0.9999999999999999
seq1390@7,seq713@57,0.9999999999999999
seq1390@7,seq1636@53,0.9999999999999999
seq1390@7,seq332@52,0.9878787878787878
seq1390@7,seq2118@50,0.9999999999999999
seq1390@7,seq265@48,0.9999999999999999
seq1390@7,seq48@37,0.9878787878787878
seq1390@7,seq5122@37,0.9999999999999999
seq1390@7,seq1145@35,0.9999999999999999
seq1390@7,seq4985@24,0.9999999999999999
seq1390@7,seq11035@22,0.9878787878787878
seq1390@7,seq971@19,0.9999999999999999
seq1390@7,seq3317@19,0.9999999999999999
seq1390@7,seq5835@14,0.9878787878787878
seq1390@7,seq747@13,0.9878787878787878
seq1390@7,seq13715@11,0.9999999999999999
seq1390@7,seq13285@6,0.9999999999999999
seq1390@7,seq40154@6,0.9999999999999999
seq1390@7,seq6141@5,0.9999999999999999
seq1390@7,seq7206@13,0.9878787878787878
seq1390@7,seq24@40423,0.9999999999999999
seq1390@7,seq12763@6,0.9999999999999999
seq1390@7,seq4111@6,0.9999999999999999
seq45@70,seq16470@7,0.9999999999999999
seq45@70,seq468@28,0.9999999999999999
seq45@70,seq21628@7,0.9999999999999999
seq45@70,seq497@61,0.9999999999999999
seq45@70,seq10545@6,0.9999999999999999
seq45@70,seq491@17,0.9999999999999999
seq45@70,seq1322@24,0.9999999999999999
seq45@70,seq15913@6,0.9999999999999999
seq45@70,seq9042@6,0.9999999999999999
seq45@70,seq1597@28,0.9999999999999999
seq45@70,seq7556@5,0.9999999999999999
seq45@70,seq778@12,0.9999999999999999
seq45@70,seq8760@5,0.9878787878787878
seq45@70,seq5435@6,0.9999999999999999
seq45@70,seq36@54,0.9999999999999999
seq45@70,seq8769@5,0.9999999999999999
seq45@70,seq2415@16,0.9999999999999999
seq45@70,seq27465@5,0.9999999999999999
seq45@70,seq5916@32,0.9999999999999999
seq45@70,seq759@16,0.9999999999999999
seq45@70,seq1445@46,0.9999999999999999
seq45@70,seq3092@52,0.9999999999999999
seq45@70,seq116@70,0.9999999999999999
seq45@70,seq202@70,0.9999999999999999
seq45@70,seq713@57,0.9999999999999999
seq45@70,seq1636@53,0.9999999999999999
seq45@70,seq332@52,0.9878787878787878
seq45@70,seq2118@50,0.9999999999999999
seq45@70,seq265@48,0.9999999999999999
seq45@70,seq48@37,0.9878787878787878
seq45@70,seq5122@37,0.9999999999999999
seq45@70,seq1145@35,0.9999999999999999
seq45@70,seq4985@24,0.9999999999999999
seq45@70,seq11035@22,0.9878787878787878
seq45@70,seq971@19,0.9999999999999999
seq45@70,seq3317@19,0.9999999999999999
seq45@70,seq5835@14,0.9878787878787878
seq45@70,seq747@13,0.9878787878787878
seq45@70,seq13715@11,0.9999999999999999
seq45@70,seq13285@6,0.9999999999999999
seq45@70,seq40154@6,0.9999999999999999
seq45@70,seq6141@5,0.9999999999999999
seq45@70,seq7206@13,0.9878787878787878
seq45@70,seq24@40423,0.9999999999999999
seq45@70,seq12763@6,0.9999999999999999
seq45@70,seq4111@6,0.9999999999999999
seq16470@7,seq468@28,0.9999999999999999
seq16470@7,seq21628@7,0.9999999999999999
seq16470@7,seq497@61,0.9999999999999999
seq16470@7,seq10545@6,0.9999999999999999
seq16470@7,seq491@17,0.9999999999999999
seq16470@7,seq1322@24,0.9999999999999999
seq16470@7,seq15913@6,0.9999999999999999
seq16470@7,seq9042@6,0.9999999999999999
seq16470@7,seq1597@28,0.9999999999999999
seq16470@7,seq7556@5,0.9999999999999999
seq16470@7,seq778@12,0.9999999999999999
seq16470@7,seq8760@5,0.9878787878787878
seq16470@7,seq5435@6,0.9999999999999999
seq16470@7,seq36@54,0.9999999999999999
seq16470@7,seq8769@5,0.9999999999999999
seq16470@7,seq2415@16,0.9999999999999999
seq16470@7,seq27465@5,0.9999999999999999
seq16470@7,seq5916@32,0.9999999999999999
seq16470@7,seq759@16,0.9999999999999999
seq16470@7,seq1445@46,0.9999999999999999
seq16470@7,seq3092@52,0.9999999999999999
seq16470@7,seq116@70,0.9999999999999999
seq16470@7,seq202@70,0.9999999999999999
seq16470@7,seq713@57,0.9999999999999999
seq16470@7,seq1636@53,0.9999999999999999
seq16470@7,seq332@52,0.9878787878787878
seq16470@7,seq2118@50,0.9999999999999999
seq16470@7,seq265@48,0.9999999999999999
seq16470@7,seq48@37,0.9878787878787878
seq16470@7,seq5122@37,0.9999999999999999
seq16470@7,seq1145@35,0.9999999999999999
seq16470@7,seq4985@24,0.9999999999999999
seq16470@7,seq11035@22,0.9878787878787878
seq16470@7,seq971@19,0.9999999999999999
seq16470@7,seq3317@19,0.9999999999999999
seq16470@7,seq5835@14,0.9878787878787878
seq16470@7,seq747@13,0.9878787878787878
seq16470@7,seq13715@11,0.9999999999999999
seq16470@7,seq13285@6,0.9999999999999999
seq16470@7,seq40154@6,0.9999999999999999
seq16470@7,seq6141@5,0.9999999999999999
seq16470@7,seq7206@13,0.9878787878787878
seq16470@7,seq24@40423,0.9999999999999999
seq16470@7,seq12763@6,0.9999999999999999
seq16470@7,seq4111@6,0.9999999999999999
seq468@28,seq21628@7,0.9999999999999999
seq468@28,seq497@61,0.9999999999999999
seq468@28,seq10545@6,0.9999999999999999
seq468@28,seq491@17,0.9999999999999999
seq468@28,seq1322@24,0.9999999999999999
seq468@28,seq15913@6,0.9999999999999999
seq468@28,seq9042@6,0.9999999999999999
seq468@28,seq1597@28,0.9999999999999999
seq468@28,seq7556@5,0.9999999999999999
seq468@28,seq778@12,0.9999999999999999
seq468@28,seq8760@5,0.9878787878787878
seq468@28,seq5435@6,0.9999999999999999
seq468@28,seq36@54,0.9999999999999999
seq468@28,seq8769@5,0.9999999999999999
seq468@28,seq2415@16,0.9999999999999999
seq468@28,seq27465@5,0.9999999999999999
seq468@28,seq5916@32,0.9999999999999999
seq468@28,seq759@16,0.9999999999999999
seq468@28,seq1445@46,0.9999999999999999
seq468@28,seq3092@52,0.9999999999999999
seq468@28,seq116@70,0.9999999999999999
seq468@28,seq202@70,0.9999999999999999
seq468@28,seq713@57,0.9999999999999999
seq468@28,seq1636@53,0.9999999999999999
seq468@28,seq332@52,0.9878787878787878
seq468@28,seq2118@50,0.9999999999999999
seq468@28,seq265@48,0.9999999999999999
seq468@28,seq48@37,0.9878787878787878
seq468@28,seq5122@37,0.9999999999999999
seq468@28,seq1145@35,0.9999999999999999
seq468@28,seq4985@24,0.9999999999999999
seq468@28,seq11035@22,0.9878787878787878
seq468@28,seq971@19,0.9999999999999999
seq468@28,seq3317@19,0.9999999999999999
seq468@28,seq5835@14,0.9878787878787878
seq468@28,seq747@13,0.9878787878787878
seq468@28,seq13715@11,0.9999999999999999
seq468@28,seq13285@6,0.9999999999999999
seq468@28,seq40154@6,0.9999999999999999
seq468@28,seq6141@5,0.9999999999999999
seq468@28,seq7206@13,0.9878787878787878
seq468@28,seq24@40423,0.9999999999999999
seq468@28,seq12763@6,0.9999999999999999
seq468@28,seq4111@6,0.9999999999999999
seq21628@7,seq497@61,0.9999999999999999
seq21628@7,seq10545@6,0.9999999999999999
seq21628@7,seq491@17,0.9999999999999999
seq21628@7,seq1322@24,0.9999999999999999
seq21628@7,seq15913@6,0.9999999999999999
seq21628@7,seq9042@6,0.9999999999999999
seq21628@7,seq1597@28,0.9999999999999999
seq21628@7,seq7556@5,0.9999999999999999
seq21628@7,seq778@12,0.9999999999999999
seq21628@7,seq8760@5,0.9878787878787878
seq21628@7,seq5435@6,0.9999999999999999
seq21628@7,seq36@54,0.9999999999999999
seq21628@7,seq8769@5,0.9999999999999999
seq21628@7,seq2415@16,0.9999999999999999
seq21628@7,seq27465@5,0.9999999999999999
seq21628@7,seq5916@32,0.9999999999999999
seq21628@7,seq759@16,0.9999999999999999
seq21628@7,seq1445@46,0.9999999999999999
seq21628@7,seq3092@52,0.9999999999999999
seq21628@7,seq116@70,0.9999999999999999
seq21628@7,seq202@70,0.9999999999999999
seq21628@7,seq713@57,0.9999999999999999
seq21628@7,seq1636@53,0.9999999999999999
seq21628@7,seq332@52,0.9878787878787878
seq21628@7,seq2118@50,0.9999999999999999
seq21628@7,seq265@48,0.9999999999999999
seq21628@7,seq48@37,0.9878787878787878
seq21628@7,seq5122@37,0.9999999999999999
seq21628@7,seq1145@35,0.9999999999999999
seq21628@7,seq4985@24,0.9999999999999999
seq21628@7,seq11035@22,0.9878787878787878
seq21628@7,seq971@19,0.9999999999999999
seq21628@7,seq3317@19,0.9999999999999999
seq21628@7,seq5835@14,0.9878787878787878
seq21628@7,seq747@13,0.9878787878787878
seq21628@7,seq13715@11,0.9999999999999999
seq21628@7,seq13285@6,0.9999999999999999
seq21628@7,seq40154@6,0.9999999999999999
seq21628@7,seq6141@5,0.9999999999999999
seq21628@7,seq7206@13,0.9878787878787878
seq21628@7,seq24@40423,0.9999999999999999
seq21628@7,seq12763@6,0.9999999999999999
seq21628@7,seq4111@6,0.9999999999999999
seq497@61,seq10545@6,0.9999999999999999
seq497@61,seq491@17,0.9999999999999999
seq497@61,seq1322@24,0.9999999999999999
seq497@61,seq15913@6,0.9999999999999999
seq497@61,seq9042@6,0.9999999999999999
seq497@61,seq1597@28,0.9999999999999999
seq497@61,seq7556@5,0.9999999999999999
seq497@61,seq778@12,0.9999999999999999
seq497@61,seq8760@5,0.9878787878787878
seq497@61,seq5435@6,0.9999999999999999
seq497@61,seq36@54,0.9999999999999999
seq497@61,seq8769@5,0.9999999999999999
seq497@61,seq2415@16,0.9999999999999999
seq497@61,seq27465@5,0.9999999999999999
seq497@61,seq5916@32,0.9999999999999999
seq497@61,seq759@16,0.9999999999999999
seq497@61,seq1445@46,0.9999999999999999
seq497@61,seq3092@52,0.9999999999999999
seq497@61,seq116@70,0.9999999999999999
seq497@61,seq202@70,0.9999999999999999
seq497@61,seq713@57,0.9999999999999999
seq497@61,seq1636@53,0.9999999999999999
seq497@61,seq332@52,0.9878787878787878
seq497@61,seq2118@50,0.9999999999999999
seq497@61,seq265@48,0.9999999999999999
seq497@61,seq48@37,0.9878787878787878
seq497@61,seq5122@37,0.9999999999999999
seq497@61,seq1145@35,0.9999999999999999
seq497@61,seq4985@24,0.9999999999999999
seq497@61,seq11035@22,0.9878787878787878
seq497@61,seq971@19,0.9999999999999999
seq497@61,seq3317@19,0.9999999999999999
seq497@61,seq5835@14,0.9878787878787878
seq497@61,seq747@13,0.9878787878787878
seq497@61,seq13715@11,0.9999999999999999
seq497@61,seq13285@6,0.9999999999999999
seq497@61,seq40154@6,0.9999999999999999
seq497@61,seq6141@5,0.9999999999999999
seq497@61,seq7206@13,0.9878787878787878
seq497@61,seq24@40423,0.9999999999999999
seq497@61,seq12763@6,0.9999999999999999
seq497@61,seq4111@6,0.9999999999999999
seq10545@6,seq491@17,0.9999999999999999
seq10545@6,seq1322@24,0.9999999999999999
seq10545@6,seq15913@6,0.9999999999999999
seq10545@6,seq9042@6,0.9999999999999999
seq10545@6,seq1597@28,0.9999999999999999
seq10545@6,seq7556@5,0.9999999999999999
seq10545@6,seq778@12,0.9999999999999999
seq10545@6,seq8760@5,0.9878787878787878
seq10545@6,seq5435@6,0.9999999999999999
seq10545@6,seq36@54,0.9999999999999999
seq10545@6,seq8769@5,0.9999999999999999
seq10545@6,seq2415@16,0.9999999999999999
seq10545@6,seq27465@5,0.9999999999999999
seq10545@6,seq5916@32,0.9999999999999999
seq10545@6,seq759@16,0.9999999999999999
seq10545@6,seq1445@46,0.9999999999999999
seq10545@6,seq3092@52,0.9999999999999999
seq10545@6,seq116@70,0.9999999999999999
seq10545@6,seq202@70,0.9999999999999999
seq10545@6,seq713@57,0.9999999999999999
seq10545@6,seq1636@53,0.9999999999999999
seq10545@6,seq332@52,0.9878787878787878
seq10545@6,seq2118@50,0.9999999999999999
seq10545@6,seq265@48,0.9999999999999999
seq10545@6,seq48@37,0.9878787878787878
seq10545@6,seq5122@37,0.9999999999999999
seq10545@6,seq1145@35,0.9999999999999999
seq10545@6,seq4985@24,0.9999999999999999
seq10545@6,seq11035@22,0.9878787878787878
seq10545@6,seq971@19,0.9999999999999999
seq10545@6,seq3317@19,0.9999999999999999
seq10545@6,seq5835@14,0.9878787878787878
seq10545@6,seq747@13,0.9878787878787878
seq10545@6,seq13715@11,0.9999999999999999
seq10545@6,seq13285@6,0.9999999999999999
seq10545@6,seq40154@6,0.9999999999999999
seq10545@6,seq6141@5,0.9999999999999999
seq10545@6,seq7206@13,0.9878787878787878
seq10545@6,seq24@40423,0.9999999999999999
seq10545@6,seq12763@6,0.9999999999999999
seq10545@6,seq4111@6,0.9999999999999999
seq491@17,seq1322@24,0.9999999999999999
seq491@17,seq15913@6,0.9999999999999999
seq491@17,seq9042@6,0.9999999999999999
seq491@17,seq1597@28,0.9999999999999999
seq491@17,seq7556@5,0.9999999999999999
seq491@17,seq778@12,0.9999999999999999
seq491@17,seq8760@5,0.9878787878787878
seq491@17,seq5435@6,0.9999999999999999
seq491@17,seq36@54,0.9999999999999999
seq491@17,seq8769@5,0.9999999999999999
seq491@17,seq2415@16,0.9999999999999999
seq491@17,seq27465@5,0.9999999999999999
seq491@17,seq5916@32,0.9999999999999999
seq491@17,seq759@16,0.9999999999999999
seq491@17,seq1445@46,0.9999999999999999
seq491@17,seq3092@52,0.9999999999999999
seq491@17,seq116@70,0.9999999999999999
seq491@17,seq202@70,0.9999999999999999
seq491@17,seq713@57,0.9999999999999999
seq491@17,seq1636@53,0.9999999999999999
seq491@17,seq332@52,0.9878787878787878
seq491@17,seq2118@50,0.9999999999999999
seq491@17,seq265@48,0.9999999999999999
seq491@17,seq48@37,0.9878787878787878
seq491@17,seq5122@37,0.9999999999999999
seq491@17,seq1145@35,0.9999999999999999
seq491@17,seq4985@24,0.9999999999999999
seq491@17,seq11035@22,0.9878787878787878
seq491@17,seq971@19,0.9999999999999999
seq491@17,seq3317@19,0.9999999999999999
seq491@17,seq5835@14,0.9878787878787878
seq491@17,seq747@13,0.9878787878787878
seq491@17,seq13715@11,0.9999999999999999
seq491@17,seq13285@6,0.9999999999999999
seq491@17,seq40154@6,0.9999999999999999
seq491@17,seq6141@5,0.9999999999999999
seq491@17,seq7206@13,0.9878787878787878
seq491@17,seq24@40423,0.9999999999999999
seq491@17,seq12763@6,0.9999999999999999
seq491@17,seq4111@6,0.9999999999999999
seq1322@24,seq15913@6,0.9999999999999999
seq1322@24,seq9042@6,0.9999999999999999
seq1322@24,seq1597@28,0.9999999999999999
seq1322@24,seq7556@5,0.9999999999999999
seq1322@24,seq778@12,0.9999999999999999
seq1322@24,seq8760@5,0.9878787878787878
seq1322@24,seq5435@6,0.9999999999999999
seq1322@24,seq36@54,0.9999999999999999
seq1322@24,seq8769@5,0.9999999999999999
seq1322@24,seq2415@16,0.9999999999999999
seq1322@24,seq27465@5,0.9999999999999999
seq1322@24,seq5916@32,0.9999999999999999
seq1322@24,seq759@16,0.9999999999999999
seq1322@24,seq1445@46,0.9999999999999999
seq1322@24,seq3092@52,0.9999999999999999
seq1322@24,seq116@70,0.9999999999999999
seq1322@24,seq202@70,0.9999999999999999
seq1322@24,seq713@57,0.9999999999999999
seq1322@24,seq1636@53,0.9999999999999999
seq1322@24,seq332@52,0.9878787878787878
seq1322@24,seq2118@50,0.9999999999999999
seq1322@24,seq265@48,0.9999999999999999
seq1322@24,seq48@37,0.9878787878787878
seq1322@24,seq5122@37,0.9999999999999999
seq1322@24,seq1145@35,0.9999999999999999
seq1322@24,seq4985@24,0.9999999999999999
seq1322@24,seq11035@22,0.9878787878787878
seq1322@24,seq971@19,0.9999999999999999
seq1322@24,seq3317@19,0.9999999999999999
seq1322@24,seq5835@14,0.9878787878787878
seq1322@24,seq747@13,0.9878787878787878
seq1322@24,seq13715@11,0.9999999999999999
seq1322@24,seq13285@6,0.9999999999999999
seq1322@24,seq40154@6,0.9999999999999999
seq1322@24,seq6141@5,0.9999999999999999
seq1322@24,seq7206@13,0.9878787878787878
seq1322@24,seq24@40423,0.9999999999999999
seq1322@24,seq12763@6,0.9999999999999999
seq1322@24,seq4111@6,0.9999999999999999
seq15913@6,seq9042@6,0.9999999999999999
seq15913@6,seq1597@28,0.9999999999999999
seq15913@6,seq7556@5,0.9999999999999999
seq15913@6,seq778@12,0.9999999999999999
seq15913@6,seq8760@5,0.9878787878787878
seq15913@6,seq5435@6,0.9999999999999999
seq15913@6,seq36@54,0.9999999999999999
seq15913@6,seq8769@5,0.9999999999999999
seq15913@6,seq2415@16,0.9999999999999999
seq15913@6,seq27465@5,0.9999999999999999
seq15913@6,seq5916@32,0.9999999999999999
seq15913@6,seq759@16,0.9999999999999999
seq15913@6,seq1445@46,0.9999999999999999
seq15913@6,seq3092@52,0.9999999999999999
seq15913@6,seq116@70,0.9999999999999999
seq15913@6,seq202@70,0.9999999999999999
seq15913@6,seq713@57,0.9999999999999999
seq15913@6,seq1636@53,0.9999999999999999
seq15913@6,seq332@52,0.9878787878787878
seq15913@6,seq2118@50,0.9999999999999999
seq15913@6,seq265@48,0.9999999999999999
seq15913@6,seq48@37,0.9878787878787878
seq15913@6,seq5122@37,0.9999999999999999
seq15913@6,seq1145@35,0.9999999999999999
seq15913@6,seq4985@24,0.9999999999999999
seq15913@6,seq11035@22,0.9878787878787878
seq15913@6,seq971@19,0.9999999999999999
seq15913@6,seq3317@19,0.9999999999999999
seq15913@6,seq5835@14,0.9878787878787878
seq15913@6,seq747@13,0.9878787878787878
seq15913@6,seq13715@11,0.9999999999999999
seq15913@6,seq13285@6,0.9999999999999999
seq15913@6,seq40154@6,0.9999999999999999
seq15913@6,seq6141@5,0.9999999999999999
seq15913@6,seq7206@13,0.9878787878787878
seq15913@6,seq24@40423,0.9999999999999999
seq15913@6,seq12763@6,0.9999999999999999
seq15913@6,seq4111@6,0.9999999999999999
seq9042@6,seq1597@28,0.9999999999999999
seq9042@6,seq7556@5,0.9999999999999999
seq9042@6,seq778@12,0.9999999999999999
seq9042@6,seq8760@5,0.9878787878787878
seq9042@6,seq5435@6,0.9999999999999999
seq9042@6,seq36@54,0.9999999999999999
seq9042@6,seq8769@5,0.9999999999999999
seq9042@6,seq2415@16,0.9999999999999999
seq9042@6,seq27465@5,0.9999999999999999
seq9042@6,seq5916@32,0.9999999999999999
seq9042@6,seq759@16,0.9999999999999999
seq9042@6,seq1445@46,0.9999999999999999
seq9042@6,seq3092@52,0.9999999999999999
seq9042@6,seq116@70,0.9999999999999999
seq9042@6,seq202@70,0.9999999999999999
seq9042@6,seq713@57,0.9999999999999999
seq9042@6,seq1636@53,0.9999999999999999
seq9042@6,seq332@52,0.9878787878787878
seq9042@6,seq2118@50,0.9999999999999999
seq9042@6,seq265@48,0.9999999999999999
seq9042@6,seq48@37,0.9878787878787878
seq9042@6,seq5122@37,0.9999999999999999
seq9042@6,seq1145@35,0.9999999999999999
seq9042@6,seq4985@24,0.9999999999999999
seq9042@6,seq11035@22,0.9878787878787878
seq9042@6,seq971@19,0.9999999999999999
seq9042@6,seq3317@19,0.9999999999999999
seq9042@6,seq5835@14,0.9878787878787878
seq9042@6,seq747@13,0.9878787878787878
seq9042@6,seq13715@11,0.9999999999999999
seq9042@6,seq13285@6,0.9999999999999999
seq9042@6,seq40154@6,0.9999999999999999
seq9042@6,seq6141@5,0.9999999999999999
seq9042@6,seq7206@13,0.9878787878787878
seq9042@6,seq24@40423,0.9999999999999999
seq9042@6,seq12763@6,0.9999999999999999
seq9042@6,seq4111@6,0.9999999999999999
seq1597@28,seq7556@5,0.9999999999999999
seq1597@28,seq778@12,0.9999999999999999
seq1597@28,seq8760@5,0.9878787878787878
seq1597@28,seq5435@6,0.9999999999999999
seq1597@28,seq36@54,0.9999999999999999
seq1597@28,seq8769@5,0.9999999999999999
seq1597@28,seq2415@16,0.9999999999999999
seq1597@28,seq27465@5,0.9999999999999999
seq1597@28,seq5916@32,0.9999999999999999
seq1597@28,seq759@16,0.9999999999999999
seq1597@28,seq1445@46,0.9999999999999999
seq1597@28,seq3092@52,0.9999999999999999
seq1597@28,seq116@70,0.9999999999999999
seq1597@28,seq202@70,0.9999999999999999
seq1597@28,seq713@57,0.9999999999999999
seq1597@28,seq1636@53,0.9999999999999999
seq1597@28,seq332@52,0.9878787878787878
seq1597@28,seq2118@50,0.9999999999999999
seq1597@28,seq265@48,0.9999999999999999
seq1597@28,seq48@37,0.9878787878787878
seq1597@28,seq5122@37,0.9999999999999999
seq1597@28,seq1145@35,0.9999999999999999
seq1597@28,seq4985@24,0.9999999999999999
seq1597@28,seq11035@22,0.9878787878787878
seq1597@28,seq971@19,0.9999999999999999
seq1597@28,seq3317@19,0.9999999999999999
seq1597@28,seq5835@14,0.9878787878787878
seq1597@28,seq747@13,0.9878787878787878
seq1597@28,seq13715@11,0.9999999999999999
seq1597@28,seq13285@6,0.9999999999999999
seq1597@28,seq40154@6,0.9999999999999999
seq1597@28,seq6141@5,0.9999999999999999
seq1597@28,seq7206@13,0.9878787878787878
seq1597@28,seq24@40423,0.9999999999999999
seq1597@28,seq12763@6,0.9999999999999999
seq1597@28,seq4111@6,0.9999999999999999
seq7556@5,seq778@12,0.9999999999999999
seq7556@5,seq8760@5,0.9878787878787878
seq7556@5,seq5435@6,0.9999999999999999
seq7556@5,seq36@54,0.9999999999999999
seq7556@5,seq8769@5,0.9999999999999999
seq7556@5,seq2415@16,0.9999999999999999
seq7556@5,seq27465@5,0.9999999999999999
seq7556@5,seq5916@32,0.9999999999999999
seq7556@5,seq759@16,0.9999999999999999
seq7556@5,seq1445@46,0.9999999999999999
seq7556@5,seq3092@52,0.9999999999999999
seq7556@5,seq116@70,0.9999999999999999
seq7556@5,seq202@70,0.9999999999999999
seq7556@5,seq713@57,0.9999999999999999
seq7556@5,seq1636@53,0.9999999999999999
seq7556@5,seq332@52,0.9878787878787878
seq7556@5,seq2118@50,0.9999999999999999
seq7556@5,seq265@48,0.9999999999999999
seq7556@5,seq48@37,0.9878787878787878
seq7556@5,seq5122@37,0.9999999999999999
seq7556@5,seq1145@35,0.9999999999999999
seq7556@5,seq4985@24,0.9999999999999999
seq7556@5,seq11035@22,0.9878787878787878
seq7556@5,seq971@19,0.9999999999999999
seq7556@5,seq3317@19,0.9999999999999999
seq7556@5,seq5835@14,0.9878787878787878
seq7556@5,seq747@13,0.9878787878787878
seq7556@5,seq13715@11,0.9999999999999999
seq7556@5,seq13285@6,0.9999999999999999
seq7556@5,seq40154@6,0.9999999999999999
seq7556@5,seq6141@5,0.9999999999999999
seq7556@5,seq7206@13,0.9878787878787878
seq7556@5,seq24@40423,0.9999999999999999
seq7556@5,seq12763@6,0.9999999999999999
seq7556@5,seq4111@6,0.9999999999999999
seq778@12,seq8760@5,0.9878787878787878
seq778@12,seq5435@6,0.9999999999999999
seq778@12,seq36@54,0.9999999999999999
seq778@12,seq8769@5,0.9999999999999999
seq778@12,seq2415@16,0.9999999999999999
seq778@12,seq27465@5,0.9999999999999999
seq778@12,seq5916@32,0.9999999999999999
seq778@12,seq759@16,0.9999999999999999
seq778@12,seq1445@46,0.9999999999999999
seq778@12,seq3092@52,0.9999999999999999
seq778@12,seq116@70,0.9999999999999999
seq778@12,seq202@70,0.9999999999999999
seq778@12,seq713@57,0.9999999999999999
seq778@12,seq1636@53,0.9999999999999999
seq778@12,seq332@52,0.9878787878787878
seq778@12,seq2118@50,0.9999999999999999
seq778@12,seq265@48,0.9999999999999999
seq778@12,seq48@37,0.9878787878787878
seq778@12,seq5122@37,0.9999999999999999
seq778@12,seq1145@35,0.9999999999999999
seq778@12,seq4985@24,0.9999999999999999
seq778@12,seq11035@22,0.9878787878787878
seq778@12,seq971@19,0.9999999999999999
seq778@12,seq3317@19,0.9999999999999999
seq778@12,seq5835@14,0.9878787878787878
seq778@12,seq747@13,0.9878787878787878
seq778@12,seq13715@11,0.9999999999999999
seq778@12,seq13285@6,0.9999999999999999
seq778@12,seq40154@6,0.9999999999999999
seq778@12,seq6141@5,0.9999999999999999
seq778@12,seq7206@13,0.9878787878787878
seq778@12,seq24@40423,0.9999999999999999
seq778@12,seq12763@6,0.9999999999999999
seq778@12,seq4111@6,0.9999999999999999
seq8760@5,seq5435@6,0.9878787878787878
seq8760@5,seq36@54,0.9878787878787878
seq8760@5,seq8769@5,0.9878787878787878
seq8760@5,seq2415@16,0.9878787878787878
seq8760@5,seq27465@5,0.9878787878787878
seq8760@5,seq5916@32,0.9878787878787878
seq8760@5,seq759@16,0.9878787878787878
seq8760@5,seq1445@46,0.9878787878787878
seq8760@5,seq3092@52,0.9878787878787878
seq8760@5,seq116@70,0.9878787878787878
seq8760@5,seq202@70,0.9878787878787878
seq8760@5,seq713@57,0.9878787878787878
seq8760@5,seq1636@53,0.9878787878787878
seq8760@5,seq332@52,0.9757575757575757
seq8760@5,seq2118@50,0.9878787878787878
seq8760@5,seq265@48,0.9878787878787878
seq8760@5,seq48@37,0.9999999999999999
seq8760@5,seq5122@37,0.9878787878787878
seq8760@5,seq1145@35,0.9878787878787878
seq8760@5,seq4985@24,0.9878787878787878
seq8760@5,seq11035@22,0.9999999999999999
seq8760@5,seq971@19,0.9878787878787878
seq8760@5,seq3317@19,0.9878787878787878
seq8760@5,seq5835@14,0.9757575757575757
seq8760@5,seq747@13,0.9999999999999999
seq8760@5,seq13715@11,0.9878787878787878
seq8760@5,seq13285@6,0.9878787878787878
seq8760@5,seq40154@6,0.9878787878787878
seq8760@5,seq6141@5,0.9878787878787878
seq8760@5,seq7206@13,0.9999999999999999
seq8760@5,seq24@40423,0.9878787878787878
seq8760@5,seq12763@6,0.9878787878787878
seq8760@5,seq4111@6,0.9878787878787878
seq5435@6,seq36@54,0.9999999999999999
seq5435@6,seq8769@5,0.9999999999999999
seq5435@6,seq2415@16,0.9999999999999999
seq5435@6,seq27465@5,0.9999999999999999
seq5435@6,seq5916@32,0.9999999999999999
seq5435@6,seq759@16,0.9999999999999999
seq5435@6,seq1445@46,0.9999999999999999
seq5435@6,seq3092@52,0.9999999999999999
seq5435@6,seq116@70,0.9999999999999999
seq5435@6,seq202@70,0.9999999999999999
seq5435@6,seq713@57,0.9999999999999999
seq5435@6,seq1636@53,0.9999999999999999
seq5435@6,seq332@52,0.9878787878787878
seq5435@6,seq2118@50,0.9999999999999999
seq5435@6,seq265@48,0.9999999999999999
seq5435@6,seq48@37,0.9878787878787878
seq5435@6,seq5122@37,0.9999999999999999
seq5435@6,seq1145@35,0.9999999999999999
seq5435@6,seq4985@24,0.9999999999999999
seq5435@6,seq11035@22,0.9878787878787878
seq5435@6,seq971@19,0.9999999999999999
seq5435@6,seq3317@19,0.9999999999999999
seq5435@6,seq5835@14,0.9878787878787878
seq5435@6,seq747@13,0.9878787878787878
seq5435@6,seq13715@11,0.9999999999999999
seq5435@6,seq13285@6,0.9999999999999999
seq5435@6,seq40154@6,0.9999999999999999
seq5435@6,seq6141@5,0.9999999999999999
seq5435@6,seq7206@13,0.9878787878787878
seq5435@6,seq24@40423,0.9999999999999999
seq5435@6,seq12763@6,0.9999999999999999
seq5435@6,seq4111@6,0.9999999999999999
seq36@54,seq8769@5,0.9999999999999999
seq36@54,seq2415@16,0.9999999999999999
seq36@54,seq27465@5,0.9999999999999999
seq36@54,seq5916@32,0.9999999999999999
seq36@54,seq759@16,0.9999999999999999
seq36@54,seq1445@46,0.9999999999999999
seq36@54,seq3092@52,0.9999999999999999
seq36@54,seq116@70,0.9999999999999999
seq36@54,seq202@70,0.9999999999999999
seq36@54,seq713@57,0.9999999999999999
seq36@54,seq1636@53,0.9999999999999999
seq36@54,seq332@52,0.9878787878787878
seq36@54,seq2118@50,0.9999999999999999
seq36@54,seq265@48,0.9999999999999999
seq36@54,seq48@37,0.9878787878787878
seq36@54,seq5122@37,0.9999999999999999
seq36@54,seq1145@35,0.9999999999999999
seq36@54,seq4985@24,0.9999999999999999
seq36@54,seq11035@22,0.9878787878787878
seq36@54,seq971@19,0.9999999999999999
seq36@54,seq3317@19,0.9999999999999999
seq36@54,seq5835@14,0.9878787878787878
seq36@54,seq747@13,0.9878787878787878
seq36@54,seq13715@11,0.9999999999999999
seq36@54,seq13285@6,0.9999999999999999
seq36@54,seq40154@6,0.9999999999999999
seq36@54,seq6141@5,0.9999999999999999
seq36@54,seq7206@13,0.9878787878787878
seq36@54,seq24@40423,0.9999999999999999
seq36@54,seq12763@6,0.9999999999999999
seq36@54,seq4111@6,0.9999999999999999
seq8769@5,seq2415@16,0.9999999999999999
seq8769@5,seq27465@5,0.9999999999999999
seq8769@5,seq5916@32,0.9999999999999999
seq8769@5,seq759@16,0.9999999999999999
seq8769@5,seq1445@46,0.9999999999999999
seq8769@5,seq3092@52,0.9999999999999999
seq8769@5,seq116@70,0.9999999999999999
seq8769@5,seq202@70,0.9999999999999999
seq8769@5,seq713@57,0.9999999999999999
seq8769@5,seq1636@53,0.9999999999999999
seq8769@5,seq332@52,0.9878787878787878
seq8769@5,seq2118@50,0.9999999999999999
seq8769@5,seq265@48,0.9999999999999999
seq8769@5,seq48@37,0.9878787878787878
seq8769@5,seq5122@37,0.9999999999999999
seq8769@5,seq1145@35,0.9999999999999999
seq8769@5,seq4985@24,0.9999999999999999
seq8769@5,seq11035@22,0.9878787878787878
seq8769@5,seq971@19,0.9999999999999999
seq8769@5,seq3317@19,0.9999999999999999
seq8769@5,seq5835@14,0.9878787878787878
seq8769@5,seq747@13,0.9878787878787878
seq8769@5,seq13715@11,0.9999999999999999
seq8769@5,seq13285@6,0.9999999999999999
seq8769@5,seq40154@6,0.9999999999999999
seq8769@5,seq6141@5,0.9999999999999999
seq8769@5,seq7206@13,0.9878787878787878
seq8769@5,seq24@40423,0.9999999999999999
seq8769@5,seq12763@6,0.9999999999999999
seq8769@5,seq4111@6,0.9999999999999999
seq2415@16,seq27465@5,0.9999999999999999
seq2415@16,seq5916@32,0.9999999999999999
seq2415@16,seq759@16,0.9999999999999999
seq2415@16,seq1445@46,0.9999999999999999
seq2415@16,seq3092@52,0.9999999999999999
seq2415@16,seq116@70,0.9999999999999999
seq2415@16,seq202@70,0.9999999999999999
seq2415@16,seq713@57,0.9999999999999999
seq2415@16,seq1636@53,0.9999999999999999
seq2415@16,seq332@52,0.9878787878787878
seq2415@16,seq2118@50,0.9999999999999999
seq2415@16,seq265@48,0.9999999999999999
seq2415@16,seq48@37,0.9878787878787878
seq2415@16,seq5122@37,0.9999999999999999
seq2415@16,seq1145@35,0.9999999999999999
seq2415@16,seq4985@24,0.9999999999999999
seq2415@16,seq11035@22,0.9878787878787878
seq2415@16,seq971@19,0.9999999999999999
seq2415@16,seq3317@19,0.9999999999999999
seq2415@16,seq5835@14,0.9878787878787878
seq2415@16,seq747@13,0.9878787878787878
seq2415@16,seq13715@11,0.9999999999999999
seq2415@16,seq13285@6,0.9999999999999999
seq2415@16,seq40154@6,0.9999999999999999
seq2415@16,seq6141@5,0.9999999999999999
seq2415@16,seq7206@13,0.9878787878787878
seq2415@16,seq24@40423,0.9999999999999999
seq2415@16,seq12763@6,0.9999999999999999
seq2415@16,seq4111@6,0.9999999999999999
seq27465@5,seq5916@32,0.9999999999999999
seq27465@5,seq759@16,0.9999999999999999
seq27465@5,seq1445@46,0.9999999999999999
seq27465@5,seq3092@52,0.9999999999999999
seq27465@5,seq116@70,0.9999999999999999
seq27465@5,seq202@70,0.9999999999999999
seq27465@5,seq713@57,0.9999999999999999
seq27465@5,seq1636@53,0.9999999999999999
seq27465@5,seq332@52,0.9878787878787878
seq27465@5,seq2118@50,0.9999999999999999
seq27465@5,seq265@48,0.9999999999999999
seq27465@5,seq48@37,0.9878787878787878
seq27465@5,seq5122@37,0.9999999999999999
seq27465@5,seq1145@35,0.9999999999999999
seq27465@5,seq4985@24,0.9999999999999999
seq27465@5,seq11035@22,0.9878787878787878
seq27465@5,seq971@19,0.9999999999999999
seq27465@5,seq3317@19,0.9999999999999999
seq27465@5,seq5835@14,0.9878787878787878
seq27465@5,seq747@13,0.9878787878787878
seq27465@5,seq13715@11,0.9999999999999999
seq27465@5,seq13285@6,0.9999999999999999
seq27465@5,seq40154@6,0.9999999999999999
seq27465@5,seq6141@5,0.9999999999999999
seq27465@5,seq7206@13,0.9878787878787878
seq27465@5,seq24@40423,0.9999999999999999
seq27465@5,seq12763@6,0.9999999999999999
seq27465@5,seq4111@6,0.9999999999999999
seq5916@32,seq759@16,0.9999999999999999
seq5916@32,seq1445@46,0.9999999999999999
seq5916@32,seq3092@52,0.9999999999999999
seq5916@32,seq116@70,0.9999999999999999
seq5916@32,seq202@70,0.9999999999999999
seq5916@32,seq713@57,0.9999999999999999
seq5916@32,seq1636@53,0.9999999999999999
seq5916@32,seq332@52,0.9878787878787878
seq5916@32,seq2118@50,0.9999999999999999
seq5916@32,seq265@48,0.9999999999999999
seq5916@32,seq48@37,0.9878787878787878
seq5916@32,seq5122@37,0.9999999999999999
seq5916@32,seq1145@35,0.9999999999999999
seq5916@32,seq4985@24,0.9999999999999999
seq5916@32,seq11035@22,0.9878787878787878
seq5916@32,seq971@19,0.9999999999999999
seq5916@32,seq3317@19,0.9999999999999999
seq5916@32,seq5835@14,0.9878787878787878
seq5916@32,seq747@13,0.9878787878787878
seq5916@32,seq13715@11,0.9999999999999999
seq5916@32,seq13285@6,0.9999999999999999
seq5916@32,seq40154@6,0.9999999999999999
seq5916@32,seq6141@5,0.9999999999999999
seq5916@32,seq7206@13,0.9878787878787878
seq5916@32,seq24@40423,0.9999999999999999
seq5916@32,seq12763@6,0.9999999999999999
seq5916@32,seq4111@6,0.9999999999999999
seq759@16,seq1445@46,0.9999999999999999
seq759@16,seq3092@52,0.9999999999999999
seq759@16,seq116@70,0.9999999999999999
seq759@16,seq202@70,0.9999999999999999
seq759@16,seq713@57,0.9999999999999999
seq759@16,seq1636@53,0.9999999999999999
seq759@16,seq332@52,0.9878787878787878
seq759@16,seq2118@50,0.9999999999999999
seq759@16,seq265@48,0.9999999999999999
seq759@16,seq48@37,0.9878787878787878
seq759@16,seq5122@37,0.9999999999999999
seq759@16,seq1145@35,0.9999999999999999
seq759@16,seq4985@24,0.9999999999999999
seq759@16,seq11035@22,0.9878787878787878
seq759@16,seq971@19,0.9999999999999999
seq759@16,seq3317@19,0.9999999999999999
seq759@16,seq5835@14,0.9878787878787878
seq759@16,seq747@13,0.9878787878787878
seq759@16,seq13715@11,0.9999999999999999
seq759@16,seq13285@6,0.9999999999999999
seq759@16,seq40154@6,0.9999999999999999
seq759@16,seq6141@5,0.9999999999999999
seq759@16,seq7206@13,0.9878787878787878
seq759@16,seq24@40423,0.9999999999999999
seq759@16,seq12763@6,0.9999999999999999
seq759@16,seq4111@6,0.9999999999999999
seq1445@46,seq3092@52,0.9999999999999999
seq1445@46,seq116@70,0.9999999999999999
seq1445@46,seq202@70,0.9999999999999999
seq1445@46,seq713@57,0.9999999999999999
seq1445@46,seq1636@53,0.9999999999999999
seq1445@46,seq332@52,0.9878787878787878
seq1445@46,seq2118@50,0.9999999999999999
seq1445@46,seq265@48,0.9999999999999999
seq1445@46,seq48@37,0.9878787878787878
seq1445@46,seq5122@37,0.9999999999999999
seq1445@46,seq1145@35,0.9999999999999999
seq1445@46,seq4985@24,0.9999999999999999
seq1445@46,seq11035@22,0.9878787878787878
seq1445@46,seq971@19,0.9999999999999999
seq1445@46,seq3317@19,0.9999999999999999
seq1445@46,seq5835@14,0.9878787878787878
seq1445@46,seq747@13,0.9878787878787878
seq1445@46,seq13715@11,0.9999999999999999
seq1445@46,seq13285@6,0.9999999999999999
seq1445@46,seq40154@6,0.9999999999999999
seq1445@46,seq6141@5,0.9999999999999999
seq1445@46,seq7206@13,0.9878787878787878
seq1445@46,seq24@40423,0.9999999999999999
seq1445@46,seq12763@6,0.9999999999999999
seq1445@46,seq4111@6,0.9999999999999999
seq3092@52,seq116@70,0.9999999999999999
seq3092@52,seq202@70,0.9999999999999999
seq3092@52,seq713@57,0.9999999999999999
seq3092@52,seq1636@53,0.9999999999999999
seq3092@52,seq332@52,0.9878787878787878
seq3092@52,seq2118@50,0.9999999999999999
seq3092@52,seq265@48,0.9999999999999999
seq3092@52,seq48@37,0.9878787878787878
seq3092@52,seq5122@37,0.9999999999999999
seq3092@52,seq1145@35,0.9999999999999999
seq3092@52,seq4985@24,0.9999999999999999
seq3092@52,seq11035@22,0.9878787878787878
seq3092@52,seq971@19,0.9999999999999999
seq3092@52,seq3317@19,0.9999999999999999
seq3092@52,seq5835@14,0.9878787878787878
seq3092@52,seq747@13,0.9878787878787878
seq3092@52,seq13715@11,0.9999999999999999
seq3092@52,seq13285@6,0.9999999999999999
seq3092@52,seq40154@6,0.9999999999999999
seq3092@52,seq6141@5,0.9999999999999999
seq3092@52,seq7206@13,0.9878787878787878
seq3092@52,seq24@40423,0.9999999999999999
seq3092@52,seq12763@6,0.9999999999999999
seq3092@52,seq4111@6,0.9999999999999999
seq116@70,seq202@70,0.9999999999999999
seq116@70,seq713@57,0.9999999999999999
seq116@70,seq1636@53,0.9999999999999999
seq116@70,seq332@52,0.9878787878787878
seq116@70,seq2118@50,0.9999999999999999
seq116@70,seq265@48,0.9999999999999999
seq116@70,seq48@37,0.9878787878787878
seq116@70,seq5122@37,0.9999999999999999
seq116@70,seq1145@35,0.9999999999999999
seq116@70,seq4985@24,0.9999999999999999
seq116@70,seq11035@22,0.9878787878787878
seq116@70,seq971@19,0.9999999999999999
seq116@70,seq3317@19,0.9999999999999999
seq116@70,seq5835@14,0.9878787878787878
seq116@70,seq747@13,0.9878787878787878
seq116@70,seq13715@11,0.9999999999999999
seq116@70,seq13285@6,0.9999999999999999
seq116@70,seq40154@6,0.9999999999999999
seq116@70,seq6141@5,0.9999999999999999
seq116@70,seq7206@13,0.9878787878787878
seq116@70,seq24@40423,0.9999999999999999
seq116@70,seq12763@6,0.9999999999999999
seq116@70,seq4111@6,0.9999999999999999
seq202@70,seq713@57,0.9999999999999999
seq202@70,seq1636@53,0.9999999999999999
seq202@70,seq332@52,0.9878787878787878
seq202@70,seq2118@50,0.9999999999999999
seq202@70,seq265@48,0.9999999999999999
seq202@70,seq48@37,0.9878787878787878
seq202@70,seq5122@37,0.9999999999999999
seq202@70,seq1145@35,0.9999999999999999
seq202@70,seq4985@24,0.9999999999999999
seq202@70,seq11035@22,0.9878787878787878
seq202@70,seq971@19,0.9999999999999999
seq202@70,seq3317@19,0.9999999999999999
seq202@70,seq5835@14,0.9878787878787878
seq202@70,seq747@13,0.9878787878787878
seq202@70,seq13715@11,0.9999999999999999
seq202@70,seq13285@6,0.9999999999999999
seq202@70,seq40154@6,0.9999999999999999
seq202@70,seq6141@5,0.9999999999999999
seq202@70,seq7206@13,0.9878787878787878
seq202@70,seq24@40423,0.9999999999999999
seq202@70,seq12763@6,0.9999999999999999
seq202@70,seq4111@6,0.9999999999999999
seq713@57,seq1636@53,0.9999999999999999
seq713@57,seq332@52,0.9878787878787878
seq713@57,seq2118@50,0.9999999999999999
seq713@57,seq265@48,0.9999999999999999
seq713@57,seq48@37,0.9878787878787878
seq713@57,seq5122@37,0.9999999999999999
seq713@57,seq1145@35,0.9999999999999999
seq713@57,seq4985@24,0.9999999999999999
seq713@57,seq11035@22,0.9878787878787878
seq713@57,seq971@19,0.9999999999999999
seq713@57,seq3317@19,0.9999999999999999
seq713@57,seq5835@14,0.9878787878787878
seq713@57,seq747@13,0.9878787878787878
seq713@57,seq13715@11,0.9999999999999999
seq713@57,seq13285@6,0.9999999999999999
seq713@57,seq40154@6,0.9999999999999999
seq713@57,seq6141@5,0.9999999999999999
seq713@57,seq7206@13,0.9878787878787878
seq713@57,seq24@40423,0.9999999999999999
seq713@57,seq12763@6,0.9999999999999999
seq713@57,seq4111@6,0.9999999999999999
seq1636@53,seq332@52,0.9878787878787878
seq1636@53,seq2118@50,0.9999999999999999
seq1636@53,seq265@48,0.9999999999999999
seq1636@53,seq48@37,0.9878787878787878
seq1636@53,seq5122@37,0.9999999999999999
seq1636@53,seq1145@35,0.9999999999999999
seq1636@53,seq4985@24,0.9999999999999999
seq1636@53,seq11035@22,0.9878787878787878
seq1636@53,seq971@19,0.9999999999999999
seq1636@53,seq3317@19,0.9999999999999999
seq1636@53,seq5835@14,0.9878787878787878
seq1636@53,seq747@13,0.9878787878787878
seq1636@53,seq13715@11,0.9999999999999999
seq1636@53,seq13285@6,0.9999999999999999
seq1636@53,seq40154@6,0.9999999999999999
seq1636@53,seq6141@5,0.9999999999999999
seq1636@53,seq7206@13,0.9878787878787878
seq1636@53,seq24@40423,0.9999999999999999
seq1636@53,seq12763@6,0.9999999999999999
seq1636@53,seq4111@6,0.9999999999999999
seq332@52,seq2118@50,0.9878787878787878
seq332@52,seq265@48,0.9878787878787878
seq332@52,seq48@37,0.9757575757575757
seq332@52,seq5122@37,0.9878787878787878
seq332@52,seq1145@35,0.9878787878787878
seq332@52,seq4985@24,0.9878787878787878
seq332@52,seq11035@22,0.9757575757575757
seq332@52,seq971@19,0.9878787878787878
seq332@52,seq3317@19,0.9878787878787878
seq332@52,seq5835@14,0.9999999999999999
seq332@52,seq747@13,0.9757575757575757
seq332@52,seq13715@11,0.9878787878787878
seq332@52,seq13285@6,0.9878787878787878
seq332@52,seq40154@6,0.9878787878787878
seq332@52,seq6141@5,0.9878787878787878
seq332@52,seq7206@13,0.9757575757575757
seq332@52,seq24@40423,0.9878787878787878
seq332@52,seq12763@6,0.9878787878787878
seq332@52,seq4111@6,0.9878787878787878
seq2118@50,seq265@48,0.9999999999999999
seq2118@50,seq48@37,0.9878787878787878
seq2118@50,seq5122@37,0.9999999999999999
seq2118@50,seq1145@35,0.9999999999999999
seq2118@50,seq4985@24,0.9999999999999999
seq2118@50,seq11035@22,0.9878787878787878
seq2118@50,seq971@19,0.9999999999999999
seq2118@50,seq3317@19,0.9999999999999999
seq2118@50,seq5835@14,0.9878787878787878
seq2118@50,seq747@13,0.9878787878787878
seq2118@50,seq13715@11,0.9999999999999999
seq2118@50,seq13285@6,0.9999999999999999
seq2118@50,seq40154@6,0.9999999999999999
seq2118@50,seq6141@5,0.9999999999999999
seq2118@50,seq7206@13,0.9878787878787878
seq2118@50,seq24@40423,0.9999999999999999
seq2118@50,seq12763@6,0.9999999999999999
seq2118@50,seq4111@6,0.9999999999999999
seq265@48,seq48@37,0.9878787878787878
seq265@48,seq5122@37,0.9999999999999999
seq265@48,seq1145@35,0.9999999999999999
seq265@48,seq4985@24,0.9999999999999999
seq265@48,seq11035@22,0.9878787878787878
seq265@48,seq971@19,0.9999999999999999
seq265@48,seq3317@19,0.9999999999999999
seq265@48,seq5835@14,0.9878787878787878
seq265@48,seq747@13,0.9878787878787878
seq265@48,seq13715@11,0.9999999999999999
seq265@48,seq13285@6,0.9999999999999999
seq265@48,seq40154@6,0.9999999999999999
seq265@48,seq6141@5,0.9999999999999999
seq265@48,seq7206@13,0.9878787878787878
seq265@48,seq24@40423,0.9999999999999999
seq265@48,seq12763@6,0.9999999999999999
seq265@48,seq4111@6,0.9999999999999999
seq48@37,seq5122@37,0.9878787878787878
seq48@37,seq1145@35,0.9878787878787878
seq48@37,seq4985@24,0.9878787878787878
seq48@37,seq11035@22,0.9999999999999999
seq48@37,seq971@19,0.9878787878787878
seq48@37,seq3317@19,0.9878787878787878
seq48@37,seq5835@14,0.9757575757575757
seq48@37,seq747@13,0.9999999999999999
seq48@37,seq13715@11,0.9878787878787878
seq48@37,seq13285@6,0.9878787878787878
seq48@37,seq40154@6,0.9878787878787878
seq48@37,seq6141@5,0.9878787878787878
seq48@37,seq7206@13,0.9999999999999999
seq48@37,seq24@40423,0.9878787878787878
seq48@37,seq12763@6,0.9878787878787878
seq48@37,seq4111@6,0.9878787878787878
seq5122@37,seq1145@35,0.9999999999999999
seq5122@37,seq4985@24,0.9999999999999999
seq5122@37,seq11035@22,0.9878787878787878
seq5122@37,seq971@19,0.9999999999999999
seq5122@37,seq3317@19,0.9999999999999999
seq5122@37,seq5835@14,0.9878787878787878
seq5122@37,seq747@13,0.9878787878787878
seq5122@37,seq13715@11,0.9999999999999999
seq5122@37,seq13285@6,0.9999999999999999
seq5122@37,seq40154@6,0.9999999999999999
seq5122@37,seq6141@5,0.9999999999999999
seq5122@37,seq7206@13,0.9878787878787878
seq5122@37,seq24@40423,0.9999999999999999
seq5122@37,seq12763@6,0.9999999999999999
seq5122@37,seq4111@6,0.9999999999999999
seq1145@35,seq4985@24,0.9999999999999999
seq1145@35,seq11035@22,0.9878787878787878
seq1145@35,seq971@19,0.9999999999999999
seq1145@35,seq3317@19,0.9999999999999999
seq1145@35,seq5835@14,0.9878787878787878
seq1145@35,seq747@13,0.9878787878787878
seq1145@35,seq13715@11,0.9999999999999999
seq1145@35,seq13285@6,0.9999999999999999
seq1145@35,seq40154@6,0.9999999999999999
seq1145@35,seq6141@5,0.9999999999999999
seq1145@35,seq7206@13,0.9878787878787878
seq1145@35,seq24@40423,0.9999999999999999
seq1145@35,seq12763@6,0.9999999999999999
seq1145@35,seq4111@6,0.9999999999999999
seq4985@24,seq11035@22,0.9878787878787878
seq4985@24,seq971@19,0.9999999999999999
seq4985@24,seq3317@19,0.9999999999999999
seq4985@24,seq5835@14,0.9878787878787878
seq4985@24,seq747@13,0.9878787878787878
seq4985@24,seq13715@11,0.9999999999999999
seq4985@24,seq13285@6,0.9999999999999999
seq4985@24,seq40154@6,0.9999999999999999
seq4985@24,seq6141@5,0.9999999999999999
seq4985@24,seq7206@13,0.9878787878787878
seq4985@24,seq24@40423,0.9999999999999999
seq4985@24,seq12763@6,0.9999999999999999
seq4985@24,seq4111@6,0.9999999999999999
seq11035@22,seq971@19,0.9878787878787878
seq11035@22,seq3317@19,0.9878787878787878
seq11035@22,seq5835@14,0.9757575757575757
seq11035@22,seq747@13,0.9999999999999999
seq11035@22,seq13715@11,0.9878787878787878
seq11035@22,seq13285@6,0.9878787878787878
seq11035@22,seq40154@6,0.9878787878787878
seq11035@22,seq6141@5,0.9878787878787878
seq11035@22,seq7206@13,0.9999999999999999
seq11035@22,seq24@40423,0.9878787878787878
seq11035@22,seq12763@6,0.9878787878787878
seq11035@22,seq4111@6,0.9878787878787878
seq971@19,seq3317@19,0.9999999999999999
seq971@19,seq5835@14,0.9878787878787878
seq971@19,seq747@13,0.9878787878787878
seq971@19,seq13715@11,0.9999999999999999
seq971@19,seq13285@6,0.9999999999999999
seq971@19,seq40154@6,0.9999999999999999
seq971@19,seq6141@5,0.9999999999999999
seq971@19,seq7206@13,0.9878787878787878
seq971@19,seq24@40423,0.9999999999999999
seq971@19,seq12763@6,0.9999999999999999
seq971@19,seq4111@6,0.9999999999999999
seq3317@19,seq5835@14,0.9878787878787878
seq3317@19,seq747@13,0.9878787878787878
seq3317@19,seq13715@11,0.9999999999999999
seq3317@19,seq13285@6,0.9999999999999999
seq3317@19,seq40154@6,0.9999999999999999
seq3317@19,seq6141@5,0.9999999999999999
seq3317@19,seq7206@13,0.9878787878787878
seq3317@19,seq24@40423,0.9999999999999999
seq3317@19,seq12763@6,0.9999999999999999
seq3317@19,seq4111@6,0.9999999999999999
seq5835@14,seq747@13,0.9757575757575757
seq5835@14,seq13715@11,0.9878787878787878
seq5835@14,seq13285@6,0.9878787878787878
seq5835@14,seq40154@6,0.9878787878787878
seq5835@14,seq6141@5,0.9878787878787878
seq5835@14,seq7206@13,0.9757575757575757
seq5835@14,seq24@40423,0.9878787878787878
seq5835@14,seq12763@6,0.9878787878787878
seq5835@14,seq4111@6,0.9878787878787878
seq747@13,seq13715@11,0.9878787878787878
seq747@13,seq13285@6,0.9878787878787878
seq747@13,seq40154@6,0.9878787878787878
seq747@13,seq6141@5,0.9878787878787878
seq747@13,seq7206@13,0.9999999999999999
seq747@13,seq24@40423,0.9878787878787878
seq747@13,seq12763@6,0.9878787878787878
seq747@13,seq4111@6,0.9878787878787878
seq13715@11,seq13285@6,0.9999999999999999
seq13715@11,seq40154@6,0.9999999999999999
seq13715@11,seq6141@5,0.9999999999999999
seq13715@11,seq7206@13,0.9878787878787878
seq13715@11,seq24@40423,0.9999999999999999
seq13715@11,seq12763@6,0.9999999999999999
seq13715@11,seq4111@6,0.9999999999999999
seq13285@6,seq40154@6,0.9999999999999999
seq13285@6,seq6141@5,0.9999999999999999
seq13285@6,seq7206@13,0.9878787878787878
seq13285@6,seq24@40423,0.9999999999999999
seq13285@6,seq12763@6,0.9999999999999999
seq13285@6,seq4111@6,0.9999999999999999
seq40154@6,seq6141@5,0.9999999999999999
seq40154@6,seq7206@13,0.9878787878787878
seq40154@6,seq24@40423,0.9999999999999999
seq40154@6,seq12763@6,0.9999999999999999
seq40154@6,seq4111@6,0.9999999999999999
seq6141@5,seq7206@13,0.9878787878787878
seq6141@5,seq24@40423,0.9999999999999999
seq6141@5,seq12763@6,0.9999999999999999
seq6141@5,seq4111@6,0.9999999999999999
seq7206@13,seq24@40423,0.9878787878787878
seq7206@13,seq12763@6,0.9878787878787878
seq7206@13,seq4111@6,0.9878787878787878
seq24@40423,seq12763@6,0.9999999999999999
seq24@40423,seq4111@6,0.9999999999999999
seq12763@6,seq4111@6,0.9999999999999999
