Protein1,Protein2,SpearmanSimilarity
naive,seq615@13,1.0
naive,seq3429@4,1.0
naive,seq1027@15,1.0
naive,seq392@9,1.0
naive,seq3589@2,1.0
naive,seq2410@12,1.0
naive,seq23@6,1.0
naive,seq3293@3,1.0
naive,seq801@4,1.0
naive,seq5667@3,1.0
naive,seq16864@4,1.0
naive,seq880@6,1.0
naive,seq5276@3,1.0
naive,seq1721@13,1.0
naive,seq13013@4,1.0
naive,seq5546@6,1.0
naive,seq11268@4,1.0
naive,seq7414@2,1.0
naive,seq2667@2,1.0
naive,seq1056@7,1.0
naive,seq51@4,1.0
naive,seq8924@2,1.0
naive,seq10835@2,1.0
naive,seq1287@9,1.0
naive,seq855@6,1.0
naive,seq2206@5,1.0
naive,seq1060@4,1.0
naive,seq7556@3,1.0
naive,seq321@2,1.0
naive,seq5594@2,1.0
naive,seq7214@2,1.0
naive,seq16009@2,1.0
naive,seq5@3029,1.0
naive,seq3866@2,1.0
naive,seq4680@4,1.0
naive,seq13919@4,1.0
naive,seq4449@12,1.0
naive,seq4130@15,1.0
naive,seq1967@5,1.0
naive,seq2765@7,1.0
naive,seq2275@5,1.0
naive,seq362@16,1.0
naive,seq518@4,1.0
naive,seq59@11,1.0
naive,seq2442@4,1.0
naive,seq2700@12,1.0
naive,seq1723@3,1.0
naive,seq5635@4,1.0
naive,seq3103@3,1.0
naive,seq245@6,1.0
naive,seq1374@3,1.0
naive,seq563@3,1.0
naive,seq1831@17,1.0
naive,seq4672@3,1.0
naive,seq1541@3,1.0
naive,seq1902@2,1.0
naive,seq1365@5,1.0
naive,seq1097@6,0.9642857142857145
naive,seq1904@2,1.0
naive,seq105@6,1.0
naive,seq3317@2,1.0
naive,seq737@3,1.0
naive,seq3783@2,1.0
naive,seq607@7,1.0
naive,seq5323@2,1.0
naive,seq2125@5,1.0
naive,seq7265@2,1.0
naive,seq461@8,1.0
naive,seq9919@2,1.0
naive,seq575@12,1.0
naive,seq10910@2,1.0
naive,seq5907@2,1.0
naive,seq1443@13,1.0
naive,seq11449@2,1.0
naive,seq729@20,1.0
naive,seq11838@2,1.0
naive,seq2533@7,1.0
naive,seq12065@2,1.0
naive,seq454@12,1.0
naive,seq12252@2,1.0
naive,seq2394@10,1.0
naive,seq15220@2,1.0
naive,seq7417@2,1.0
naive,seq16007@2,1.0
naive,seq5264@2,1.0
naive,seq906@24,1.0
naive,seq1275@16,1.0
naive,seq3382@15,1.0
naive,seq233@10,1.0
naive,seq3638@10,1.0
naive,seq4237@10,1.0
naive,seq1881@9,1.0
naive,seq3390@7,1.0
naive,seq354@6,1.0
naive,seq569@6,1.0
naive,seq648@4,1.0
naive,seq6944@4,1.0
naive,seq3173@3,1.0
seq615@13,seq3429@4,1.0
seq615@13,seq1027@15,1.0
seq615@13,seq392@9,1.0
seq615@13,seq3589@2,1.0
seq615@13,seq2410@12,1.0
seq615@13,seq23@6,1.0
seq615@13,seq3293@3,1.0
seq615@13,seq801@4,1.0
seq615@13,seq5667@3,1.0
seq615@13,seq16864@4,1.0
seq615@13,seq880@6,1.0
seq615@13,seq5276@3,1.0
seq615@13,seq1721@13,1.0
seq615@13,seq13013@4,1.0
seq615@13,seq5546@6,1.0
seq615@13,seq11268@4,1.0
seq615@13,seq7414@2,1.0
seq615@13,seq2667@2,1.0
seq615@13,seq1056@7,1.0
seq615@13,seq51@4,1.0
seq615@13,seq8924@2,1.0
seq615@13,seq10835@2,1.0
seq615@13,seq1287@9,1.0
seq615@13,seq855@6,1.0
seq615@13,seq2206@5,1.0
seq615@13,seq1060@4,1.0
seq615@13,seq7556@3,1.0
seq615@13,seq321@2,1.0
seq615@13,seq5594@2,1.0
seq615@13,seq7214@2,1.0
seq615@13,seq16009@2,1.0
seq615@13,seq5@3029,1.0
seq615@13,seq3866@2,1.0
seq615@13,seq4680@4,1.0
seq615@13,seq13919@4,1.0
seq615@13,seq4449@12,1.0
seq615@13,seq4130@15,1.0
seq615@13,seq1967@5,1.0
seq615@13,seq2765@7,1.0
seq615@13,seq2275@5,1.0
seq615@13,seq362@16,1.0
seq615@13,seq518@4,1.0
seq615@13,seq59@11,1.0
seq615@13,seq2442@4,1.0
seq615@13,seq2700@12,1.0
seq615@13,seq1723@3,1.0
seq615@13,seq5635@4,1.0
seq615@13,seq3103@3,1.0
seq615@13,seq245@6,1.0
seq615@13,seq1374@3,1.0
seq615@13,seq563@3,1.0
seq615@13,seq1831@17,1.0
seq615@13,seq4672@3,1.0
seq615@13,seq1541@3,1.0
seq615@13,seq1902@2,1.0
seq615@13,seq1365@5,1.0
seq615@13,seq1097@6,0.9642857142857145
seq615@13,seq1904@2,1.0
seq615@13,seq105@6,1.0
seq615@13,seq3317@2,1.0
seq615@13,seq737@3,1.0
seq615@13,seq3783@2,1.0
seq615@13,seq607@7,1.0
seq615@13,seq5323@2,1.0
seq615@13,seq2125@5,1.0
seq615@13,seq7265@2,1.0
seq615@13,seq461@8,1.0
seq615@13,seq9919@2,1.0
seq615@13,seq575@12,1.0
seq615@13,seq10910@2,1.0
seq615@13,seq5907@2,1.0
seq615@13,seq1443@13,1.0
seq615@13,seq11449@2,1.0
seq615@13,seq729@20,1.0
seq615@13,seq11838@2,1.0
seq615@13,seq2533@7,1.0
seq615@13,seq12065@2,1.0
seq615@13,seq454@12,1.0
seq615@13,seq12252@2,1.0
seq615@13,seq2394@10,1.0
seq615@13,seq15220@2,1.0
seq615@13,seq7417@2,1.0
seq615@13,seq16007@2,1.0
seq615@13,seq5264@2,1.0
seq615@13,seq906@24,1.0
seq615@13,seq1275@16,1.0
seq615@13,seq3382@15,1.0
seq615@13,seq233@10,1.0
seq615@13,seq3638@10,1.0
seq615@13,seq4237@10,1.0
seq615@13,seq1881@9,1.0
seq615@13,seq3390@7,1.0
seq615@13,seq354@6,1.0
seq615@13,seq569@6,1.0
seq615@13,seq648@4,1.0
seq615@13,seq6944@4,1.0
seq615@13,seq3173@3,1.0
seq3429@4,seq1027@15,1.0
seq3429@4,seq392@9,1.0
seq3429@4,seq3589@2,1.0
seq3429@4,seq2410@12,1.0
seq3429@4,seq23@6,1.0
seq3429@4,seq3293@3,1.0
seq3429@4,seq801@4,1.0
seq3429@4,seq5667@3,1.0
seq3429@4,seq16864@4,1.0
seq3429@4,seq880@6,1.0
seq3429@4,seq5276@3,1.0
seq3429@4,seq1721@13,1.0
seq3429@4,seq13013@4,1.0
seq3429@4,seq5546@6,1.0
seq3429@4,seq11268@4,1.0
seq3429@4,seq7414@2,1.0
seq3429@4,seq2667@2,1.0
seq3429@4,seq1056@7,1.0
seq3429@4,seq51@4,1.0
seq3429@4,seq8924@2,1.0
seq3429@4,seq10835@2,1.0
seq3429@4,seq1287@9,1.0
seq3429@4,seq855@6,1.0
seq3429@4,seq2206@5,1.0
seq3429@4,seq1060@4,1.0
seq3429@4,seq7556@3,1.0
seq3429@4,seq321@2,1.0
seq3429@4,seq5594@2,1.0
seq3429@4,seq7214@2,1.0
seq3429@4,seq16009@2,1.0
seq3429@4,seq5@3029,1.0
seq3429@4,seq3866@2,1.0
seq3429@4,seq4680@4,1.0
seq3429@4,seq13919@4,1.0
seq3429@4,seq4449@12,1.0
seq3429@4,seq4130@15,1.0
seq3429@4,seq1967@5,1.0
seq3429@4,seq2765@7,1.0
seq3429@4,seq2275@5,1.0
seq3429@4,seq362@16,1.0
seq3429@4,seq518@4,1.0
seq3429@4,seq59@11,1.0
seq3429@4,seq2442@4,1.0
seq3429@4,seq2700@12,1.0
seq3429@4,seq1723@3,1.0
seq3429@4,seq5635@4,1.0
seq3429@4,seq3103@3,1.0
seq3429@4,seq245@6,1.0
seq3429@4,seq1374@3,1.0
seq3429@4,seq563@3,1.0
seq3429@4,seq1831@17,1.0
seq3429@4,seq4672@3,1.0
seq3429@4,seq1541@3,1.0
seq3429@4,seq1902@2,1.0
seq3429@4,seq1365@5,1.0
seq3429@4,seq1097@6,0.9642857142857145
seq3429@4,seq1904@2,1.0
seq3429@4,seq105@6,1.0
seq3429@4,seq3317@2,1.0
seq3429@4,seq737@3,1.0
seq3429@4,seq3783@2,1.0
seq3429@4,seq607@7,1.0
seq3429@4,seq5323@2,1.0
seq3429@4,seq2125@5,1.0
seq3429@4,seq7265@2,1.0
seq3429@4,seq461@8,1.0
seq3429@4,seq9919@2,1.0
seq3429@4,seq575@12,1.0
seq3429@4,seq10910@2,1.0
seq3429@4,seq5907@2,1.0
seq3429@4,seq1443@13,1.0
seq3429@4,seq11449@2,1.0
seq3429@4,seq729@20,1.0
seq3429@4,seq11838@2,1.0
seq3429@4,seq2533@7,1.0
seq3429@4,seq12065@2,1.0
seq3429@4,seq454@12,1.0
seq3429@4,seq12252@2,1.0
seq3429@4,seq2394@10,1.0
seq3429@4,seq15220@2,1.0
seq3429@4,seq7417@2,1.0
seq3429@4,seq16007@2,1.0
seq3429@4,seq5264@2,1.0
seq3429@4,seq906@24,1.0
seq3429@4,seq1275@16,1.0
seq3429@4,seq3382@15,1.0
seq3429@4,seq233@10,1.0
seq3429@4,seq3638@10,1.0
seq3429@4,seq4237@10,1.0
seq3429@4,seq1881@9,1.0
seq3429@4,seq3390@7,1.0
seq3429@4,seq354@6,1.0
seq3429@4,seq569@6,1.0
seq3429@4,seq648@4,1.0
seq3429@4,seq6944@4,1.0
seq3429@4,seq3173@3,1.0
seq1027@15,seq392@9,1.0
seq1027@15,seq3589@2,1.0
seq1027@15,seq2410@12,1.0
seq1027@15,seq23@6,1.0
seq1027@15,seq3293@3,1.0
seq1027@15,seq801@4,1.0
seq1027@15,seq5667@3,1.0
seq1027@15,seq16864@4,1.0
seq1027@15,seq880@6,1.0
seq1027@15,seq5276@3,1.0
seq1027@15,seq1721@13,1.0
seq1027@15,seq13013@4,1.0
seq1027@15,seq5546@6,1.0
seq1027@15,seq11268@4,1.0
seq1027@15,seq7414@2,1.0
seq1027@15,seq2667@2,1.0
seq1027@15,seq1056@7,1.0
seq1027@15,seq51@4,1.0
seq1027@15,seq8924@2,1.0
seq1027@15,seq10835@2,1.0
seq1027@15,seq1287@9,1.0
seq1027@15,seq855@6,1.0
seq1027@15,seq2206@5,1.0
seq1027@15,seq1060@4,1.0
seq1027@15,seq7556@3,1.0
seq1027@15,seq321@2,1.0
seq1027@15,seq5594@2,1.0
seq1027@15,seq7214@2,1.0
seq1027@15,seq16009@2,1.0
seq1027@15,seq5@3029,1.0
seq1027@15,seq3866@2,1.0
seq1027@15,seq4680@4,1.0
seq1027@15,seq13919@4,1.0
seq1027@15,seq4449@12,1.0
seq1027@15,seq4130@15,1.0
seq1027@15,seq1967@5,1.0
seq1027@15,seq2765@7,1.0
seq1027@15,seq2275@5,1.0
seq1027@15,seq362@16,1.0
seq1027@15,seq518@4,1.0
seq1027@15,seq59@11,1.0
seq1027@15,seq2442@4,1.0
seq1027@15,seq2700@12,1.0
seq1027@15,seq1723@3,1.0
seq1027@15,seq5635@4,1.0
seq1027@15,seq3103@3,1.0
seq1027@15,seq245@6,1.0
seq1027@15,seq1374@3,1.0
seq1027@15,seq563@3,1.0
seq1027@15,seq1831@17,1.0
seq1027@15,seq4672@3,1.0
seq1027@15,seq1541@3,1.0
seq1027@15,seq1902@2,1.0
seq1027@15,seq1365@5,1.0
seq1027@15,seq1097@6,0.9642857142857145
seq1027@15,seq1904@2,1.0
seq1027@15,seq105@6,1.0
seq1027@15,seq3317@2,1.0
seq1027@15,seq737@3,1.0
seq1027@15,seq3783@2,1.0
seq1027@15,seq607@7,1.0
seq1027@15,seq5323@2,1.0
seq1027@15,seq2125@5,1.0
seq1027@15,seq7265@2,1.0
seq1027@15,seq461@8,1.0
seq1027@15,seq9919@2,1.0
seq1027@15,seq575@12,1.0
seq1027@15,seq10910@2,1.0
seq1027@15,seq5907@2,1.0
seq1027@15,seq1443@13,1.0
seq1027@15,seq11449@2,1.0
seq1027@15,seq729@20,1.0
seq1027@15,seq11838@2,1.0
seq1027@15,seq2533@7,1.0
seq1027@15,seq12065@2,1.0
seq1027@15,seq454@12,1.0
seq1027@15,seq12252@2,1.0
seq1027@15,seq2394@10,1.0
seq1027@15,seq15220@2,1.0
seq1027@15,seq7417@2,1.0
seq1027@15,seq16007@2,1.0
seq1027@15,seq5264@2,1.0
seq1027@15,seq906@24,1.0
seq1027@15,seq1275@16,1.0
seq1027@15,seq3382@15,1.0
seq1027@15,seq233@10,1.0
seq1027@15,seq3638@10,1.0
seq1027@15,seq4237@10,1.0
seq1027@15,seq1881@9,1.0
seq1027@15,seq3390@7,1.0
seq1027@15,seq354@6,1.0
seq1027@15,seq569@6,1.0
seq1027@15,seq648@4,1.0
seq1027@15,seq6944@4,1.0
seq1027@15,seq3173@3,1.0
seq392@9,seq3589@2,1.0
seq392@9,seq2410@12,1.0
seq392@9,seq23@6,1.0
seq392@9,seq3293@3,1.0
seq392@9,seq801@4,1.0
seq392@9,seq5667@3,1.0
seq392@9,seq16864@4,1.0
seq392@9,seq880@6,1.0
seq392@9,seq5276@3,1.0
seq392@9,seq1721@13,1.0
seq392@9,seq13013@4,1.0
seq392@9,seq5546@6,1.0
seq392@9,seq11268@4,1.0
seq392@9,seq7414@2,1.0
seq392@9,seq2667@2,1.0
seq392@9,seq1056@7,1.0
seq392@9,seq51@4,1.0
seq392@9,seq8924@2,1.0
seq392@9,seq10835@2,1.0
seq392@9,seq1287@9,1.0
seq392@9,seq855@6,1.0
seq392@9,seq2206@5,1.0
seq392@9,seq1060@4,1.0
seq392@9,seq7556@3,1.0
seq392@9,seq321@2,1.0
seq392@9,seq5594@2,1.0
seq392@9,seq7214@2,1.0
seq392@9,seq16009@2,1.0
seq392@9,seq5@3029,1.0
seq392@9,seq3866@2,1.0
seq392@9,seq4680@4,1.0
seq392@9,seq13919@4,1.0
seq392@9,seq4449@12,1.0
seq392@9,seq4130@15,1.0
seq392@9,seq1967@5,1.0
seq392@9,seq2765@7,1.0
seq392@9,seq2275@5,1.0
seq392@9,seq362@16,1.0
seq392@9,seq518@4,1.0
seq392@9,seq59@11,1.0
seq392@9,seq2442@4,1.0
seq392@9,seq2700@12,1.0
seq392@9,seq1723@3,1.0
seq392@9,seq5635@4,1.0
seq392@9,seq3103@3,1.0
seq392@9,seq245@6,1.0
seq392@9,seq1374@3,1.0
seq392@9,seq563@3,1.0
seq392@9,seq1831@17,1.0
seq392@9,seq4672@3,1.0
seq392@9,seq1541@3,1.0
seq392@9,seq1902@2,1.0
seq392@9,seq1365@5,1.0
seq392@9,seq1097@6,0.9642857142857145
seq392@9,seq1904@2,1.0
seq392@9,seq105@6,1.0
seq392@9,seq3317@2,1.0
seq392@9,seq737@3,1.0
seq392@9,seq3783@2,1.0
seq392@9,seq607@7,1.0
seq392@9,seq5323@2,1.0
seq392@9,seq2125@5,1.0
seq392@9,seq7265@2,1.0
seq392@9,seq461@8,1.0
seq392@9,seq9919@2,1.0
seq392@9,seq575@12,1.0
seq392@9,seq10910@2,1.0
seq392@9,seq5907@2,1.0
seq392@9,seq1443@13,1.0
seq392@9,seq11449@2,1.0
seq392@9,seq729@20,1.0
seq392@9,seq11838@2,1.0
seq392@9,seq2533@7,1.0
seq392@9,seq12065@2,1.0
seq392@9,seq454@12,1.0
seq392@9,seq12252@2,1.0
seq392@9,seq2394@10,1.0
seq392@9,seq15220@2,1.0
seq392@9,seq7417@2,1.0
seq392@9,seq16007@2,1.0
seq392@9,seq5264@2,1.0
seq392@9,seq906@24,1.0
seq392@9,seq1275@16,1.0
seq392@9,seq3382@15,1.0
seq392@9,seq233@10,1.0
seq392@9,seq3638@10,1.0
seq392@9,seq4237@10,1.0
seq392@9,seq1881@9,1.0
seq392@9,seq3390@7,1.0
seq392@9,seq354@6,1.0
seq392@9,seq569@6,1.0
seq392@9,seq648@4,1.0
seq392@9,seq6944@4,1.0
seq392@9,seq3173@3,1.0
seq3589@2,seq2410@12,1.0
seq3589@2,seq23@6,1.0
seq3589@2,seq3293@3,1.0
seq3589@2,seq801@4,1.0
seq3589@2,seq5667@3,1.0
seq3589@2,seq16864@4,1.0
seq3589@2,seq880@6,1.0
seq3589@2,seq5276@3,1.0
seq3589@2,seq1721@13,1.0
seq3589@2,seq13013@4,1.0
seq3589@2,seq5546@6,1.0
seq3589@2,seq11268@4,1.0
seq3589@2,seq7414@2,1.0
seq3589@2,seq2667@2,1.0
seq3589@2,seq1056@7,1.0
seq3589@2,seq51@4,1.0
seq3589@2,seq8924@2,1.0
seq3589@2,seq10835@2,1.0
seq3589@2,seq1287@9,1.0
seq3589@2,seq855@6,1.0
seq3589@2,seq2206@5,1.0
seq3589@2,seq1060@4,1.0
seq3589@2,seq7556@3,1.0
seq3589@2,seq321@2,1.0
seq3589@2,seq5594@2,1.0
seq3589@2,seq7214@2,1.0
seq3589@2,seq16009@2,1.0
seq3589@2,seq5@3029,1.0
seq3589@2,seq3866@2,1.0
seq3589@2,seq4680@4,1.0
seq3589@2,seq13919@4,1.0
seq3589@2,seq4449@12,1.0
seq3589@2,seq4130@15,1.0
seq3589@2,seq1967@5,1.0
seq3589@2,seq2765@7,1.0
seq3589@2,seq2275@5,1.0
seq3589@2,seq362@16,1.0
seq3589@2,seq518@4,1.0
seq3589@2,seq59@11,1.0
seq3589@2,seq2442@4,1.0
seq3589@2,seq2700@12,1.0
seq3589@2,seq1723@3,1.0
seq3589@2,seq5635@4,1.0
seq3589@2,seq3103@3,1.0
seq3589@2,seq245@6,1.0
seq3589@2,seq1374@3,1.0
seq3589@2,seq563@3,1.0
seq3589@2,seq1831@17,1.0
seq3589@2,seq4672@3,1.0
seq3589@2,seq1541@3,1.0
seq3589@2,seq1902@2,1.0
seq3589@2,seq1365@5,1.0
seq3589@2,seq1097@6,0.9642857142857145
seq3589@2,seq1904@2,1.0
seq3589@2,seq105@6,1.0
seq3589@2,seq3317@2,1.0
seq3589@2,seq737@3,1.0
seq3589@2,seq3783@2,1.0
seq3589@2,seq607@7,1.0
seq3589@2,seq5323@2,1.0
seq3589@2,seq2125@5,1.0
seq3589@2,seq7265@2,1.0
seq3589@2,seq461@8,1.0
seq3589@2,seq9919@2,1.0
seq3589@2,seq575@12,1.0
seq3589@2,seq10910@2,1.0
seq3589@2,seq5907@2,1.0
seq3589@2,seq1443@13,1.0
seq3589@2,seq11449@2,1.0
seq3589@2,seq729@20,1.0
seq3589@2,seq11838@2,1.0
seq3589@2,seq2533@7,1.0
seq3589@2,seq12065@2,1.0
seq3589@2,seq454@12,1.0
seq3589@2,seq12252@2,1.0
seq3589@2,seq2394@10,1.0
seq3589@2,seq15220@2,1.0
seq3589@2,seq7417@2,1.0
seq3589@2,seq16007@2,1.0
seq3589@2,seq5264@2,1.0
seq3589@2,seq906@24,1.0
seq3589@2,seq1275@16,1.0
seq3589@2,seq3382@15,1.0
seq3589@2,seq233@10,1.0
seq3589@2,seq3638@10,1.0
seq3589@2,seq4237@10,1.0
seq3589@2,seq1881@9,1.0
seq3589@2,seq3390@7,1.0
seq3589@2,seq354@6,1.0
seq3589@2,seq569@6,1.0
seq3589@2,seq648@4,1.0
seq3589@2,seq6944@4,1.0
seq3589@2,seq3173@3,1.0
seq2410@12,seq23@6,1.0
seq2410@12,seq3293@3,1.0
seq2410@12,seq801@4,1.0
seq2410@12,seq5667@3,1.0
seq2410@12,seq16864@4,1.0
seq2410@12,seq880@6,1.0
seq2410@12,seq5276@3,1.0
seq2410@12,seq1721@13,1.0
seq2410@12,seq13013@4,1.0
seq2410@12,seq5546@6,1.0
seq2410@12,seq11268@4,1.0
seq2410@12,seq7414@2,1.0
seq2410@12,seq2667@2,1.0
seq2410@12,seq1056@7,1.0
seq2410@12,seq51@4,1.0
seq2410@12,seq8924@2,1.0
seq2410@12,seq10835@2,1.0
seq2410@12,seq1287@9,1.0
seq2410@12,seq855@6,1.0
seq2410@12,seq2206@5,1.0
seq2410@12,seq1060@4,1.0
seq2410@12,seq7556@3,1.0
seq2410@12,seq321@2,1.0
seq2410@12,seq5594@2,1.0
seq2410@12,seq7214@2,1.0
seq2410@12,seq16009@2,1.0
seq2410@12,seq5@3029,1.0
seq2410@12,seq3866@2,1.0
seq2410@12,seq4680@4,1.0
seq2410@12,seq13919@4,1.0
seq2410@12,seq4449@12,1.0
seq2410@12,seq4130@15,1.0
seq2410@12,seq1967@5,1.0
seq2410@12,seq2765@7,1.0
seq2410@12,seq2275@5,1.0
seq2410@12,seq362@16,1.0
seq2410@12,seq518@4,1.0
seq2410@12,seq59@11,1.0
seq2410@12,seq2442@4,1.0
seq2410@12,seq2700@12,1.0
seq2410@12,seq1723@3,1.0
seq2410@12,seq5635@4,1.0
seq2410@12,seq3103@3,1.0
seq2410@12,seq245@6,1.0
seq2410@12,seq1374@3,1.0
seq2410@12,seq563@3,1.0
seq2410@12,seq1831@17,1.0
seq2410@12,seq4672@3,1.0
seq2410@12,seq1541@3,1.0
seq2410@12,seq1902@2,1.0
seq2410@12,seq1365@5,1.0
seq2410@12,seq1097@6,0.9642857142857145
seq2410@12,seq1904@2,1.0
seq2410@12,seq105@6,1.0
seq2410@12,seq3317@2,1.0
seq2410@12,seq737@3,1.0
seq2410@12,seq3783@2,1.0
seq2410@12,seq607@7,1.0
seq2410@12,seq5323@2,1.0
seq2410@12,seq2125@5,1.0
seq2410@12,seq7265@2,1.0
seq2410@12,seq461@8,1.0
seq2410@12,seq9919@2,1.0
seq2410@12,seq575@12,1.0
seq2410@12,seq10910@2,1.0
seq2410@12,seq5907@2,1.0
seq2410@12,seq1443@13,1.0
seq2410@12,seq11449@2,1.0
seq2410@12,seq729@20,1.0
seq2410@12,seq11838@2,1.0
seq2410@12,seq2533@7,1.0
seq2410@12,seq12065@2,1.0
seq2410@12,seq454@12,1.0
seq2410@12,seq12252@2,1.0
seq2410@12,seq2394@10,1.0
seq2410@12,seq15220@2,1.0
seq2410@12,seq7417@2,1.0
seq2410@12,seq16007@2,1.0
seq2410@12,seq5264@2,1.0
seq2410@12,seq906@24,1.0
seq2410@12,seq1275@16,1.0
seq2410@12,seq3382@15,1.0
seq2410@12,seq233@10,1.0
seq2410@12,seq3638@10,1.0
seq2410@12,seq4237@10,1.0
seq2410@12,seq1881@9,1.0
seq2410@12,seq3390@7,1.0
seq2410@12,seq354@6,1.0
seq2410@12,seq569@6,1.0
seq2410@12,seq648@4,1.0
seq2410@12,seq6944@4,1.0
seq2410@12,seq3173@3,1.0
seq23@6,seq3293@3,1.0
seq23@6,seq801@4,1.0
seq23@6,seq5667@3,1.0
seq23@6,seq16864@4,1.0
seq23@6,seq880@6,1.0
seq23@6,seq5276@3,1.0
seq23@6,seq1721@13,1.0
seq23@6,seq13013@4,1.0
seq23@6,seq5546@6,1.0
seq23@6,seq11268@4,1.0
seq23@6,seq7414@2,1.0
seq23@6,seq2667@2,1.0
seq23@6,seq1056@7,1.0
seq23@6,seq51@4,1.0
seq23@6,seq8924@2,1.0
seq23@6,seq10835@2,1.0
seq23@6,seq1287@9,1.0
seq23@6,seq855@6,1.0
seq23@6,seq2206@5,1.0
seq23@6,seq1060@4,1.0
seq23@6,seq7556@3,1.0
seq23@6,seq321@2,1.0
seq23@6,seq5594@2,1.0
seq23@6,seq7214@2,1.0
seq23@6,seq16009@2,1.0
seq23@6,seq5@3029,1.0
seq23@6,seq3866@2,1.0
seq23@6,seq4680@4,1.0
seq23@6,seq13919@4,1.0
seq23@6,seq4449@12,1.0
seq23@6,seq4130@15,1.0
seq23@6,seq1967@5,1.0
seq23@6,seq2765@7,1.0
seq23@6,seq2275@5,1.0
seq23@6,seq362@16,1.0
seq23@6,seq518@4,1.0
seq23@6,seq59@11,1.0
seq23@6,seq2442@4,1.0
seq23@6,seq2700@12,1.0
seq23@6,seq1723@3,1.0
seq23@6,seq5635@4,1.0
seq23@6,seq3103@3,1.0
seq23@6,seq245@6,1.0
seq23@6,seq1374@3,1.0
seq23@6,seq563@3,1.0
seq23@6,seq1831@17,1.0
seq23@6,seq4672@3,1.0
seq23@6,seq1541@3,1.0
seq23@6,seq1902@2,1.0
seq23@6,seq1365@5,1.0
seq23@6,seq1097@6,0.9642857142857145
seq23@6,seq1904@2,1.0
seq23@6,seq105@6,1.0
seq23@6,seq3317@2,1.0
seq23@6,seq737@3,1.0
seq23@6,seq3783@2,1.0
seq23@6,seq607@7,1.0
seq23@6,seq5323@2,1.0
seq23@6,seq2125@5,1.0
seq23@6,seq7265@2,1.0
seq23@6,seq461@8,1.0
seq23@6,seq9919@2,1.0
seq23@6,seq575@12,1.0
seq23@6,seq10910@2,1.0
seq23@6,seq5907@2,1.0
seq23@6,seq1443@13,1.0
seq23@6,seq11449@2,1.0
seq23@6,seq729@20,1.0
seq23@6,seq11838@2,1.0
seq23@6,seq2533@7,1.0
seq23@6,seq12065@2,1.0
seq23@6,seq454@12,1.0
seq23@6,seq12252@2,1.0
seq23@6,seq2394@10,1.0
seq23@6,seq15220@2,1.0
seq23@6,seq7417@2,1.0
seq23@6,seq16007@2,1.0
seq23@6,seq5264@2,1.0
seq23@6,seq906@24,1.0
seq23@6,seq1275@16,1.0
seq23@6,seq3382@15,1.0
seq23@6,seq233@10,1.0
seq23@6,seq3638@10,1.0
seq23@6,seq4237@10,1.0
seq23@6,seq1881@9,1.0
seq23@6,seq3390@7,1.0
seq23@6,seq354@6,1.0
seq23@6,seq569@6,1.0
seq23@6,seq648@4,1.0
seq23@6,seq6944@4,1.0
seq23@6,seq3173@3,1.0
seq3293@3,seq801@4,1.0
seq3293@3,seq5667@3,1.0
seq3293@3,seq16864@4,1.0
seq3293@3,seq880@6,1.0
seq3293@3,seq5276@3,1.0
seq3293@3,seq1721@13,1.0
seq3293@3,seq13013@4,1.0
seq3293@3,seq5546@6,1.0
seq3293@3,seq11268@4,1.0
seq3293@3,seq7414@2,1.0
seq3293@3,seq2667@2,1.0
seq3293@3,seq1056@7,1.0
seq3293@3,seq51@4,1.0
seq3293@3,seq8924@2,1.0
seq3293@3,seq10835@2,1.0
seq3293@3,seq1287@9,1.0
seq3293@3,seq855@6,1.0
seq3293@3,seq2206@5,1.0
seq3293@3,seq1060@4,1.0
seq3293@3,seq7556@3,1.0
seq3293@3,seq321@2,1.0
seq3293@3,seq5594@2,1.0
seq3293@3,seq7214@2,1.0
seq3293@3,seq16009@2,1.0
seq3293@3,seq5@3029,1.0
seq3293@3,seq3866@2,1.0
seq3293@3,seq4680@4,1.0
seq3293@3,seq13919@4,1.0
seq3293@3,seq4449@12,1.0
seq3293@3,seq4130@15,1.0
seq3293@3,seq1967@5,1.0
seq3293@3,seq2765@7,1.0
seq3293@3,seq2275@5,1.0
seq3293@3,seq362@16,1.0
seq3293@3,seq518@4,1.0
seq3293@3,seq59@11,1.0
seq3293@3,seq2442@4,1.0
seq3293@3,seq2700@12,1.0
seq3293@3,seq1723@3,1.0
seq3293@3,seq5635@4,1.0
seq3293@3,seq3103@3,1.0
seq3293@3,seq245@6,1.0
seq3293@3,seq1374@3,1.0
seq3293@3,seq563@3,1.0
seq3293@3,seq1831@17,1.0
seq3293@3,seq4672@3,1.0
seq3293@3,seq1541@3,1.0
seq3293@3,seq1902@2,1.0
seq3293@3,seq1365@5,1.0
seq3293@3,seq1097@6,0.9642857142857145
seq3293@3,seq1904@2,1.0
seq3293@3,seq105@6,1.0
seq3293@3,seq3317@2,1.0
seq3293@3,seq737@3,1.0
seq3293@3,seq3783@2,1.0
seq3293@3,seq607@7,1.0
seq3293@3,seq5323@2,1.0
seq3293@3,seq2125@5,1.0
seq3293@3,seq7265@2,1.0
seq3293@3,seq461@8,1.0
seq3293@3,seq9919@2,1.0
seq3293@3,seq575@12,1.0
seq3293@3,seq10910@2,1.0
seq3293@3,seq5907@2,1.0
seq3293@3,seq1443@13,1.0
seq3293@3,seq11449@2,1.0
seq3293@3,seq729@20,1.0
seq3293@3,seq11838@2,1.0
seq3293@3,seq2533@7,1.0
seq3293@3,seq12065@2,1.0
seq3293@3,seq454@12,1.0
seq3293@3,seq12252@2,1.0
seq3293@3,seq2394@10,1.0
seq3293@3,seq15220@2,1.0
seq3293@3,seq7417@2,1.0
seq3293@3,seq16007@2,1.0
seq3293@3,seq5264@2,1.0
seq3293@3,seq906@24,1.0
seq3293@3,seq1275@16,1.0
seq3293@3,seq3382@15,1.0
seq3293@3,seq233@10,1.0
seq3293@3,seq3638@10,1.0
seq3293@3,seq4237@10,1.0
seq3293@3,seq1881@9,1.0
seq3293@3,seq3390@7,1.0
seq3293@3,seq354@6,1.0
seq3293@3,seq569@6,1.0
seq3293@3,seq648@4,1.0
seq3293@3,seq6944@4,1.0
seq3293@3,seq3173@3,1.0
seq801@4,seq5667@3,1.0
seq801@4,seq16864@4,1.0
seq801@4,seq880@6,1.0
seq801@4,seq5276@3,1.0
seq801@4,seq1721@13,1.0
seq801@4,seq13013@4,1.0
seq801@4,seq5546@6,1.0
seq801@4,seq11268@4,1.0
seq801@4,seq7414@2,1.0
seq801@4,seq2667@2,1.0
seq801@4,seq1056@7,1.0
seq801@4,seq51@4,1.0
seq801@4,seq8924@2,1.0
seq801@4,seq10835@2,1.0
seq801@4,seq1287@9,1.0
seq801@4,seq855@6,1.0
seq801@4,seq2206@5,1.0
seq801@4,seq1060@4,1.0
seq801@4,seq7556@3,1.0
seq801@4,seq321@2,1.0
seq801@4,seq5594@2,1.0
seq801@4,seq7214@2,1.0
seq801@4,seq16009@2,1.0
seq801@4,seq5@3029,1.0
seq801@4,seq3866@2,1.0
seq801@4,seq4680@4,1.0
seq801@4,seq13919@4,1.0
seq801@4,seq4449@12,1.0
seq801@4,seq4130@15,1.0
seq801@4,seq1967@5,1.0
seq801@4,seq2765@7,1.0
seq801@4,seq2275@5,1.0
seq801@4,seq362@16,1.0
seq801@4,seq518@4,1.0
seq801@4,seq59@11,1.0
seq801@4,seq2442@4,1.0
seq801@4,seq2700@12,1.0
seq801@4,seq1723@3,1.0
seq801@4,seq5635@4,1.0
seq801@4,seq3103@3,1.0
seq801@4,seq245@6,1.0
seq801@4,seq1374@3,1.0
seq801@4,seq563@3,1.0
seq801@4,seq1831@17,1.0
seq801@4,seq4672@3,1.0
seq801@4,seq1541@3,1.0
seq801@4,seq1902@2,1.0
seq801@4,seq1365@5,1.0
seq801@4,seq1097@6,0.9642857142857145
seq801@4,seq1904@2,1.0
seq801@4,seq105@6,1.0
seq801@4,seq3317@2,1.0
seq801@4,seq737@3,1.0
seq801@4,seq3783@2,1.0
seq801@4,seq607@7,1.0
seq801@4,seq5323@2,1.0
seq801@4,seq2125@5,1.0
seq801@4,seq7265@2,1.0
seq801@4,seq461@8,1.0
seq801@4,seq9919@2,1.0
seq801@4,seq575@12,1.0
seq801@4,seq10910@2,1.0
seq801@4,seq5907@2,1.0
seq801@4,seq1443@13,1.0
seq801@4,seq11449@2,1.0
seq801@4,seq729@20,1.0
seq801@4,seq11838@2,1.0
seq801@4,seq2533@7,1.0
seq801@4,seq12065@2,1.0
seq801@4,seq454@12,1.0
seq801@4,seq12252@2,1.0
seq801@4,seq2394@10,1.0
seq801@4,seq15220@2,1.0
seq801@4,seq7417@2,1.0
seq801@4,seq16007@2,1.0
seq801@4,seq5264@2,1.0
seq801@4,seq906@24,1.0
seq801@4,seq1275@16,1.0
seq801@4,seq3382@15,1.0
seq801@4,seq233@10,1.0
seq801@4,seq3638@10,1.0
seq801@4,seq4237@10,1.0
seq801@4,seq1881@9,1.0
seq801@4,seq3390@7,1.0
seq801@4,seq354@6,1.0
seq801@4,seq569@6,1.0
seq801@4,seq648@4,1.0
seq801@4,seq6944@4,1.0
seq801@4,seq3173@3,1.0
seq5667@3,seq16864@4,1.0
seq5667@3,seq880@6,1.0
seq5667@3,seq5276@3,1.0
seq5667@3,seq1721@13,1.0
seq5667@3,seq13013@4,1.0
seq5667@3,seq5546@6,1.0
seq5667@3,seq11268@4,1.0
seq5667@3,seq7414@2,1.0
seq5667@3,seq2667@2,1.0
seq5667@3,seq1056@7,1.0
seq5667@3,seq51@4,1.0
seq5667@3,seq8924@2,1.0
seq5667@3,seq10835@2,1.0
seq5667@3,seq1287@9,1.0
seq5667@3,seq855@6,1.0
seq5667@3,seq2206@5,1.0
seq5667@3,seq1060@4,1.0
seq5667@3,seq7556@3,1.0
seq5667@3,seq321@2,1.0
seq5667@3,seq5594@2,1.0
seq5667@3,seq7214@2,1.0
seq5667@3,seq16009@2,1.0
seq5667@3,seq5@3029,1.0
seq5667@3,seq3866@2,1.0
seq5667@3,seq4680@4,1.0
seq5667@3,seq13919@4,1.0
seq5667@3,seq4449@12,1.0
seq5667@3,seq4130@15,1.0
seq5667@3,seq1967@5,1.0
seq5667@3,seq2765@7,1.0
seq5667@3,seq2275@5,1.0
seq5667@3,seq362@16,1.0
seq5667@3,seq518@4,1.0
seq5667@3,seq59@11,1.0
seq5667@3,seq2442@4,1.0
seq5667@3,seq2700@12,1.0
seq5667@3,seq1723@3,1.0
seq5667@3,seq5635@4,1.0
seq5667@3,seq3103@3,1.0
seq5667@3,seq245@6,1.0
seq5667@3,seq1374@3,1.0
seq5667@3,seq563@3,1.0
seq5667@3,seq1831@17,1.0
seq5667@3,seq4672@3,1.0
seq5667@3,seq1541@3,1.0
seq5667@3,seq1902@2,1.0
seq5667@3,seq1365@5,1.0
seq5667@3,seq1097@6,0.9642857142857145
seq5667@3,seq1904@2,1.0
seq5667@3,seq105@6,1.0
seq5667@3,seq3317@2,1.0
seq5667@3,seq737@3,1.0
seq5667@3,seq3783@2,1.0
seq5667@3,seq607@7,1.0
seq5667@3,seq5323@2,1.0
seq5667@3,seq2125@5,1.0
seq5667@3,seq7265@2,1.0
seq5667@3,seq461@8,1.0
seq5667@3,seq9919@2,1.0
seq5667@3,seq575@12,1.0
seq5667@3,seq10910@2,1.0
seq5667@3,seq5907@2,1.0
seq5667@3,seq1443@13,1.0
seq5667@3,seq11449@2,1.0
seq5667@3,seq729@20,1.0
seq5667@3,seq11838@2,1.0
seq5667@3,seq2533@7,1.0
seq5667@3,seq12065@2,1.0
seq5667@3,seq454@12,1.0
seq5667@3,seq12252@2,1.0
seq5667@3,seq2394@10,1.0
seq5667@3,seq15220@2,1.0
seq5667@3,seq7417@2,1.0
seq5667@3,seq16007@2,1.0
seq5667@3,seq5264@2,1.0
seq5667@3,seq906@24,1.0
seq5667@3,seq1275@16,1.0
seq5667@3,seq3382@15,1.0
seq5667@3,seq233@10,1.0
seq5667@3,seq3638@10,1.0
seq5667@3,seq4237@10,1.0
seq5667@3,seq1881@9,1.0
seq5667@3,seq3390@7,1.0
seq5667@3,seq354@6,1.0
seq5667@3,seq569@6,1.0
seq5667@3,seq648@4,1.0
seq5667@3,seq6944@4,1.0
seq5667@3,seq3173@3,1.0
seq16864@4,seq880@6,1.0
seq16864@4,seq5276@3,1.0
seq16864@4,seq1721@13,1.0
seq16864@4,seq13013@4,1.0
seq16864@4,seq5546@6,1.0
seq16864@4,seq11268@4,1.0
seq16864@4,seq7414@2,1.0
seq16864@4,seq2667@2,1.0
seq16864@4,seq1056@7,1.0
seq16864@4,seq51@4,1.0
seq16864@4,seq8924@2,1.0
seq16864@4,seq10835@2,1.0
seq16864@4,seq1287@9,1.0
seq16864@4,seq855@6,1.0
seq16864@4,seq2206@5,1.0
seq16864@4,seq1060@4,1.0
seq16864@4,seq7556@3,1.0
seq16864@4,seq321@2,1.0
seq16864@4,seq5594@2,1.0
seq16864@4,seq7214@2,1.0
seq16864@4,seq16009@2,1.0
seq16864@4,seq5@3029,1.0
seq16864@4,seq3866@2,1.0
seq16864@4,seq4680@4,1.0
seq16864@4,seq13919@4,1.0
seq16864@4,seq4449@12,1.0
seq16864@4,seq4130@15,1.0
seq16864@4,seq1967@5,1.0
seq16864@4,seq2765@7,1.0
seq16864@4,seq2275@5,1.0
seq16864@4,seq362@16,1.0
seq16864@4,seq518@4,1.0
seq16864@4,seq59@11,1.0
seq16864@4,seq2442@4,1.0
seq16864@4,seq2700@12,1.0
seq16864@4,seq1723@3,1.0
seq16864@4,seq5635@4,1.0
seq16864@4,seq3103@3,1.0
seq16864@4,seq245@6,1.0
seq16864@4,seq1374@3,1.0
seq16864@4,seq563@3,1.0
seq16864@4,seq1831@17,1.0
seq16864@4,seq4672@3,1.0
seq16864@4,seq1541@3,1.0
seq16864@4,seq1902@2,1.0
seq16864@4,seq1365@5,1.0
seq16864@4,seq1097@6,0.9642857142857145
seq16864@4,seq1904@2,1.0
seq16864@4,seq105@6,1.0
seq16864@4,seq3317@2,1.0
seq16864@4,seq737@3,1.0
seq16864@4,seq3783@2,1.0
seq16864@4,seq607@7,1.0
seq16864@4,seq5323@2,1.0
seq16864@4,seq2125@5,1.0
seq16864@4,seq7265@2,1.0
seq16864@4,seq461@8,1.0
seq16864@4,seq9919@2,1.0
seq16864@4,seq575@12,1.0
seq16864@4,seq10910@2,1.0
seq16864@4,seq5907@2,1.0
seq16864@4,seq1443@13,1.0
seq16864@4,seq11449@2,1.0
seq16864@4,seq729@20,1.0
seq16864@4,seq11838@2,1.0
seq16864@4,seq2533@7,1.0
seq16864@4,seq12065@2,1.0
seq16864@4,seq454@12,1.0
seq16864@4,seq12252@2,1.0
seq16864@4,seq2394@10,1.0
seq16864@4,seq15220@2,1.0
seq16864@4,seq7417@2,1.0
seq16864@4,seq16007@2,1.0
seq16864@4,seq5264@2,1.0
seq16864@4,seq906@24,1.0
seq16864@4,seq1275@16,1.0
seq16864@4,seq3382@15,1.0
seq16864@4,seq233@10,1.0
seq16864@4,seq3638@10,1.0
seq16864@4,seq4237@10,1.0
seq16864@4,seq1881@9,1.0
seq16864@4,seq3390@7,1.0
seq16864@4,seq354@6,1.0
seq16864@4,seq569@6,1.0
seq16864@4,seq648@4,1.0
seq16864@4,seq6944@4,1.0
seq16864@4,seq3173@3,1.0
seq880@6,seq5276@3,1.0
seq880@6,seq1721@13,1.0
seq880@6,seq13013@4,1.0
seq880@6,seq5546@6,1.0
seq880@6,seq11268@4,1.0
seq880@6,seq7414@2,1.0
seq880@6,seq2667@2,1.0
seq880@6,seq1056@7,1.0
seq880@6,seq51@4,1.0
seq880@6,seq8924@2,1.0
seq880@6,seq10835@2,1.0
seq880@6,seq1287@9,1.0
seq880@6,seq855@6,1.0
seq880@6,seq2206@5,1.0
seq880@6,seq1060@4,1.0
seq880@6,seq7556@3,1.0
seq880@6,seq321@2,1.0
seq880@6,seq5594@2,1.0
seq880@6,seq7214@2,1.0
seq880@6,seq16009@2,1.0
seq880@6,seq5@3029,1.0
seq880@6,seq3866@2,1.0
seq880@6,seq4680@4,1.0
seq880@6,seq13919@4,1.0
seq880@6,seq4449@12,1.0
seq880@6,seq4130@15,1.0
seq880@6,seq1967@5,1.0
seq880@6,seq2765@7,1.0
seq880@6,seq2275@5,1.0
seq880@6,seq362@16,1.0
seq880@6,seq518@4,1.0
seq880@6,seq59@11,1.0
seq880@6,seq2442@4,1.0
seq880@6,seq2700@12,1.0
seq880@6,seq1723@3,1.0
seq880@6,seq5635@4,1.0
seq880@6,seq3103@3,1.0
seq880@6,seq245@6,1.0
seq880@6,seq1374@3,1.0
seq880@6,seq563@3,1.0
seq880@6,seq1831@17,1.0
seq880@6,seq4672@3,1.0
seq880@6,seq1541@3,1.0
seq880@6,seq1902@2,1.0
seq880@6,seq1365@5,1.0
seq880@6,seq1097@6,0.9642857142857145
seq880@6,seq1904@2,1.0
seq880@6,seq105@6,1.0
seq880@6,seq3317@2,1.0
seq880@6,seq737@3,1.0
seq880@6,seq3783@2,1.0
seq880@6,seq607@7,1.0
seq880@6,seq5323@2,1.0
seq880@6,seq2125@5,1.0
seq880@6,seq7265@2,1.0
seq880@6,seq461@8,1.0
seq880@6,seq9919@2,1.0
seq880@6,seq575@12,1.0
seq880@6,seq10910@2,1.0
seq880@6,seq5907@2,1.0
seq880@6,seq1443@13,1.0
seq880@6,seq11449@2,1.0
seq880@6,seq729@20,1.0
seq880@6,seq11838@2,1.0
seq880@6,seq2533@7,1.0
seq880@6,seq12065@2,1.0
seq880@6,seq454@12,1.0
seq880@6,seq12252@2,1.0
seq880@6,seq2394@10,1.0
seq880@6,seq15220@2,1.0
seq880@6,seq7417@2,1.0
seq880@6,seq16007@2,1.0
seq880@6,seq5264@2,1.0
seq880@6,seq906@24,1.0
seq880@6,seq1275@16,1.0
seq880@6,seq3382@15,1.0
seq880@6,seq233@10,1.0
seq880@6,seq3638@10,1.0
seq880@6,seq4237@10,1.0
seq880@6,seq1881@9,1.0
seq880@6,seq3390@7,1.0
seq880@6,seq354@6,1.0
seq880@6,seq569@6,1.0
seq880@6,seq648@4,1.0
seq880@6,seq6944@4,1.0
seq880@6,seq3173@3,1.0
seq5276@3,seq1721@13,1.0
seq5276@3,seq13013@4,1.0
seq5276@3,seq5546@6,1.0
seq5276@3,seq11268@4,1.0
seq5276@3,seq7414@2,1.0
seq5276@3,seq2667@2,1.0
seq5276@3,seq1056@7,1.0
seq5276@3,seq51@4,1.0
seq5276@3,seq8924@2,1.0
seq5276@3,seq10835@2,1.0
seq5276@3,seq1287@9,1.0
seq5276@3,seq855@6,1.0
seq5276@3,seq2206@5,1.0
seq5276@3,seq1060@4,1.0
seq5276@3,seq7556@3,1.0
seq5276@3,seq321@2,1.0
seq5276@3,seq5594@2,1.0
seq5276@3,seq7214@2,1.0
seq5276@3,seq16009@2,1.0
seq5276@3,seq5@3029,1.0
seq5276@3,seq3866@2,1.0
seq5276@3,seq4680@4,1.0
seq5276@3,seq13919@4,1.0
seq5276@3,seq4449@12,1.0
seq5276@3,seq4130@15,1.0
seq5276@3,seq1967@5,1.0
seq5276@3,seq2765@7,1.0
seq5276@3,seq2275@5,1.0
seq5276@3,seq362@16,1.0
seq5276@3,seq518@4,1.0
seq5276@3,seq59@11,1.0
seq5276@3,seq2442@4,1.0
seq5276@3,seq2700@12,1.0
seq5276@3,seq1723@3,1.0
seq5276@3,seq5635@4,1.0
seq5276@3,seq3103@3,1.0
seq5276@3,seq245@6,1.0
seq5276@3,seq1374@3,1.0
seq5276@3,seq563@3,1.0
seq5276@3,seq1831@17,1.0
seq5276@3,seq4672@3,1.0
seq5276@3,seq1541@3,1.0
seq5276@3,seq1902@2,1.0
seq5276@3,seq1365@5,1.0
seq5276@3,seq1097@6,0.9642857142857145
seq5276@3,seq1904@2,1.0
seq5276@3,seq105@6,1.0
seq5276@3,seq3317@2,1.0
seq5276@3,seq737@3,1.0
seq5276@3,seq3783@2,1.0
seq5276@3,seq607@7,1.0
seq5276@3,seq5323@2,1.0
seq5276@3,seq2125@5,1.0
seq5276@3,seq7265@2,1.0
seq5276@3,seq461@8,1.0
seq5276@3,seq9919@2,1.0
seq5276@3,seq575@12,1.0
seq5276@3,seq10910@2,1.0
seq5276@3,seq5907@2,1.0
seq5276@3,seq1443@13,1.0
seq5276@3,seq11449@2,1.0
seq5276@3,seq729@20,1.0
seq5276@3,seq11838@2,1.0
seq5276@3,seq2533@7,1.0
seq5276@3,seq12065@2,1.0
seq5276@3,seq454@12,1.0
seq5276@3,seq12252@2,1.0
seq5276@3,seq2394@10,1.0
seq5276@3,seq15220@2,1.0
seq5276@3,seq7417@2,1.0
seq5276@3,seq16007@2,1.0
seq5276@3,seq5264@2,1.0
seq5276@3,seq906@24,1.0
seq5276@3,seq1275@16,1.0
seq5276@3,seq3382@15,1.0
seq5276@3,seq233@10,1.0
seq5276@3,seq3638@10,1.0
seq5276@3,seq4237@10,1.0
seq5276@3,seq1881@9,1.0
seq5276@3,seq3390@7,1.0
seq5276@3,seq354@6,1.0
seq5276@3,seq569@6,1.0
seq5276@3,seq648@4,1.0
seq5276@3,seq6944@4,1.0
seq5276@3,seq3173@3,1.0
seq1721@13,seq13013@4,1.0
seq1721@13,seq5546@6,1.0
seq1721@13,seq11268@4,1.0
seq1721@13,seq7414@2,1.0
seq1721@13,seq2667@2,1.0
seq1721@13,seq1056@7,1.0
seq1721@13,seq51@4,1.0
seq1721@13,seq8924@2,1.0
seq1721@13,seq10835@2,1.0
seq1721@13,seq1287@9,1.0
seq1721@13,seq855@6,1.0
seq1721@13,seq2206@5,1.0
seq1721@13,seq1060@4,1.0
seq1721@13,seq7556@3,1.0
seq1721@13,seq321@2,1.0
seq1721@13,seq5594@2,1.0
seq1721@13,seq7214@2,1.0
seq1721@13,seq16009@2,1.0
seq1721@13,seq5@3029,1.0
seq1721@13,seq3866@2,1.0
seq1721@13,seq4680@4,1.0
seq1721@13,seq13919@4,1.0
seq1721@13,seq4449@12,1.0
seq1721@13,seq4130@15,1.0
seq1721@13,seq1967@5,1.0
seq1721@13,seq2765@7,1.0
seq1721@13,seq2275@5,1.0
seq1721@13,seq362@16,1.0
seq1721@13,seq518@4,1.0
seq1721@13,seq59@11,1.0
seq1721@13,seq2442@4,1.0
seq1721@13,seq2700@12,1.0
seq1721@13,seq1723@3,1.0
seq1721@13,seq5635@4,1.0
seq1721@13,seq3103@3,1.0
seq1721@13,seq245@6,1.0
seq1721@13,seq1374@3,1.0
seq1721@13,seq563@3,1.0
seq1721@13,seq1831@17,1.0
seq1721@13,seq4672@3,1.0
seq1721@13,seq1541@3,1.0
seq1721@13,seq1902@2,1.0
seq1721@13,seq1365@5,1.0
seq1721@13,seq1097@6,0.9642857142857145
seq1721@13,seq1904@2,1.0
seq1721@13,seq105@6,1.0
seq1721@13,seq3317@2,1.0
seq1721@13,seq737@3,1.0
seq1721@13,seq3783@2,1.0
seq1721@13,seq607@7,1.0
seq1721@13,seq5323@2,1.0
seq1721@13,seq2125@5,1.0
seq1721@13,seq7265@2,1.0
seq1721@13,seq461@8,1.0
seq1721@13,seq9919@2,1.0
seq1721@13,seq575@12,1.0
seq1721@13,seq10910@2,1.0
seq1721@13,seq5907@2,1.0
seq1721@13,seq1443@13,1.0
seq1721@13,seq11449@2,1.0
seq1721@13,seq729@20,1.0
seq1721@13,seq11838@2,1.0
seq1721@13,seq2533@7,1.0
seq1721@13,seq12065@2,1.0
seq1721@13,seq454@12,1.0
seq1721@13,seq12252@2,1.0
seq1721@13,seq2394@10,1.0
seq1721@13,seq15220@2,1.0
seq1721@13,seq7417@2,1.0
seq1721@13,seq16007@2,1.0
seq1721@13,seq5264@2,1.0
seq1721@13,seq906@24,1.0
seq1721@13,seq1275@16,1.0
seq1721@13,seq3382@15,1.0
seq1721@13,seq233@10,1.0
seq1721@13,seq3638@10,1.0
seq1721@13,seq4237@10,1.0
seq1721@13,seq1881@9,1.0
seq1721@13,seq3390@7,1.0
seq1721@13,seq354@6,1.0
seq1721@13,seq569@6,1.0
seq1721@13,seq648@4,1.0
seq1721@13,seq6944@4,1.0
seq1721@13,seq3173@3,1.0
seq13013@4,seq5546@6,1.0
seq13013@4,seq11268@4,1.0
seq13013@4,seq7414@2,1.0
seq13013@4,seq2667@2,1.0
seq13013@4,seq1056@7,1.0
seq13013@4,seq51@4,1.0
seq13013@4,seq8924@2,1.0
seq13013@4,seq10835@2,1.0
seq13013@4,seq1287@9,1.0
seq13013@4,seq855@6,1.0
seq13013@4,seq2206@5,1.0
seq13013@4,seq1060@4,1.0
seq13013@4,seq7556@3,1.0
seq13013@4,seq321@2,1.0
seq13013@4,seq5594@2,1.0
seq13013@4,seq7214@2,1.0
seq13013@4,seq16009@2,1.0
seq13013@4,seq5@3029,1.0
seq13013@4,seq3866@2,1.0
seq13013@4,seq4680@4,1.0
seq13013@4,seq13919@4,1.0
seq13013@4,seq4449@12,1.0
seq13013@4,seq4130@15,1.0
seq13013@4,seq1967@5,1.0
seq13013@4,seq2765@7,1.0
seq13013@4,seq2275@5,1.0
seq13013@4,seq362@16,1.0
seq13013@4,seq518@4,1.0
seq13013@4,seq59@11,1.0
seq13013@4,seq2442@4,1.0
seq13013@4,seq2700@12,1.0
seq13013@4,seq1723@3,1.0
seq13013@4,seq5635@4,1.0
seq13013@4,seq3103@3,1.0
seq13013@4,seq245@6,1.0
seq13013@4,seq1374@3,1.0
seq13013@4,seq563@3,1.0
seq13013@4,seq1831@17,1.0
seq13013@4,seq4672@3,1.0
seq13013@4,seq1541@3,1.0
seq13013@4,seq1902@2,1.0
seq13013@4,seq1365@5,1.0
seq13013@4,seq1097@6,0.9642857142857145
seq13013@4,seq1904@2,1.0
seq13013@4,seq105@6,1.0
seq13013@4,seq3317@2,1.0
seq13013@4,seq737@3,1.0
seq13013@4,seq3783@2,1.0
seq13013@4,seq607@7,1.0
seq13013@4,seq5323@2,1.0
seq13013@4,seq2125@5,1.0
seq13013@4,seq7265@2,1.0
seq13013@4,seq461@8,1.0
seq13013@4,seq9919@2,1.0
seq13013@4,seq575@12,1.0
seq13013@4,seq10910@2,1.0
seq13013@4,seq5907@2,1.0
seq13013@4,seq1443@13,1.0
seq13013@4,seq11449@2,1.0
seq13013@4,seq729@20,1.0
seq13013@4,seq11838@2,1.0
seq13013@4,seq2533@7,1.0
seq13013@4,seq12065@2,1.0
seq13013@4,seq454@12,1.0
seq13013@4,seq12252@2,1.0
seq13013@4,seq2394@10,1.0
seq13013@4,seq15220@2,1.0
seq13013@4,seq7417@2,1.0
seq13013@4,seq16007@2,1.0
seq13013@4,seq5264@2,1.0
seq13013@4,seq906@24,1.0
seq13013@4,seq1275@16,1.0
seq13013@4,seq3382@15,1.0
seq13013@4,seq233@10,1.0
seq13013@4,seq3638@10,1.0
seq13013@4,seq4237@10,1.0
seq13013@4,seq1881@9,1.0
seq13013@4,seq3390@7,1.0
seq13013@4,seq354@6,1.0
seq13013@4,seq569@6,1.0
seq13013@4,seq648@4,1.0
seq13013@4,seq6944@4,1.0
seq13013@4,seq3173@3,1.0
seq5546@6,seq11268@4,1.0
seq5546@6,seq7414@2,1.0
seq5546@6,seq2667@2,1.0
seq5546@6,seq1056@7,1.0
seq5546@6,seq51@4,1.0
seq5546@6,seq8924@2,1.0
seq5546@6,seq10835@2,1.0
seq5546@6,seq1287@9,1.0
seq5546@6,seq855@6,1.0
seq5546@6,seq2206@5,1.0
seq5546@6,seq1060@4,1.0
seq5546@6,seq7556@3,1.0
seq5546@6,seq321@2,1.0
seq5546@6,seq5594@2,1.0
seq5546@6,seq7214@2,1.0
seq5546@6,seq16009@2,1.0
seq5546@6,seq5@3029,1.0
seq5546@6,seq3866@2,1.0
seq5546@6,seq4680@4,1.0
seq5546@6,seq13919@4,1.0
seq5546@6,seq4449@12,1.0
seq5546@6,seq4130@15,1.0
seq5546@6,seq1967@5,1.0
seq5546@6,seq2765@7,1.0
seq5546@6,seq2275@5,1.0
seq5546@6,seq362@16,1.0
seq5546@6,seq518@4,1.0
seq5546@6,seq59@11,1.0
seq5546@6,seq2442@4,1.0
seq5546@6,seq2700@12,1.0
seq5546@6,seq1723@3,1.0
seq5546@6,seq5635@4,1.0
seq5546@6,seq3103@3,1.0
seq5546@6,seq245@6,1.0
seq5546@6,seq1374@3,1.0
seq5546@6,seq563@3,1.0
seq5546@6,seq1831@17,1.0
seq5546@6,seq4672@3,1.0
seq5546@6,seq1541@3,1.0
seq5546@6,seq1902@2,1.0
seq5546@6,seq1365@5,1.0
seq5546@6,seq1097@6,0.9642857142857145
seq5546@6,seq1904@2,1.0
seq5546@6,seq105@6,1.0
seq5546@6,seq3317@2,1.0
seq5546@6,seq737@3,1.0
seq5546@6,seq3783@2,1.0
seq5546@6,seq607@7,1.0
seq5546@6,seq5323@2,1.0
seq5546@6,seq2125@5,1.0
seq5546@6,seq7265@2,1.0
seq5546@6,seq461@8,1.0
seq5546@6,seq9919@2,1.0
seq5546@6,seq575@12,1.0
seq5546@6,seq10910@2,1.0
seq5546@6,seq5907@2,1.0
seq5546@6,seq1443@13,1.0
seq5546@6,seq11449@2,1.0
seq5546@6,seq729@20,1.0
seq5546@6,seq11838@2,1.0
seq5546@6,seq2533@7,1.0
seq5546@6,seq12065@2,1.0
seq5546@6,seq454@12,1.0
seq5546@6,seq12252@2,1.0
seq5546@6,seq2394@10,1.0
seq5546@6,seq15220@2,1.0
seq5546@6,seq7417@2,1.0
seq5546@6,seq16007@2,1.0
seq5546@6,seq5264@2,1.0
seq5546@6,seq906@24,1.0
seq5546@6,seq1275@16,1.0
seq5546@6,seq3382@15,1.0
seq5546@6,seq233@10,1.0
seq5546@6,seq3638@10,1.0
seq5546@6,seq4237@10,1.0
seq5546@6,seq1881@9,1.0
seq5546@6,seq3390@7,1.0
seq5546@6,seq354@6,1.0
seq5546@6,seq569@6,1.0
seq5546@6,seq648@4,1.0
seq5546@6,seq6944@4,1.0
seq5546@6,seq3173@3,1.0
seq11268@4,seq7414@2,1.0
seq11268@4,seq2667@2,1.0
seq11268@4,seq1056@7,1.0
seq11268@4,seq51@4,1.0
seq11268@4,seq8924@2,1.0
seq11268@4,seq10835@2,1.0
seq11268@4,seq1287@9,1.0
seq11268@4,seq855@6,1.0
seq11268@4,seq2206@5,1.0
seq11268@4,seq1060@4,1.0
seq11268@4,seq7556@3,1.0
seq11268@4,seq321@2,1.0
seq11268@4,seq5594@2,1.0
seq11268@4,seq7214@2,1.0
seq11268@4,seq16009@2,1.0
seq11268@4,seq5@3029,1.0
seq11268@4,seq3866@2,1.0
seq11268@4,seq4680@4,1.0
seq11268@4,seq13919@4,1.0
seq11268@4,seq4449@12,1.0
seq11268@4,seq4130@15,1.0
seq11268@4,seq1967@5,1.0
seq11268@4,seq2765@7,1.0
seq11268@4,seq2275@5,1.0
seq11268@4,seq362@16,1.0
seq11268@4,seq518@4,1.0
seq11268@4,seq59@11,1.0
seq11268@4,seq2442@4,1.0
seq11268@4,seq2700@12,1.0
seq11268@4,seq1723@3,1.0
seq11268@4,seq5635@4,1.0
seq11268@4,seq3103@3,1.0
seq11268@4,seq245@6,1.0
seq11268@4,seq1374@3,1.0
seq11268@4,seq563@3,1.0
seq11268@4,seq1831@17,1.0
seq11268@4,seq4672@3,1.0
seq11268@4,seq1541@3,1.0
seq11268@4,seq1902@2,1.0
seq11268@4,seq1365@5,1.0
seq11268@4,seq1097@6,0.9642857142857145
seq11268@4,seq1904@2,1.0
seq11268@4,seq105@6,1.0
seq11268@4,seq3317@2,1.0
seq11268@4,seq737@3,1.0
seq11268@4,seq3783@2,1.0
seq11268@4,seq607@7,1.0
seq11268@4,seq5323@2,1.0
seq11268@4,seq2125@5,1.0
seq11268@4,seq7265@2,1.0
seq11268@4,seq461@8,1.0
seq11268@4,seq9919@2,1.0
seq11268@4,seq575@12,1.0
seq11268@4,seq10910@2,1.0
seq11268@4,seq5907@2,1.0
seq11268@4,seq1443@13,1.0
seq11268@4,seq11449@2,1.0
seq11268@4,seq729@20,1.0
seq11268@4,seq11838@2,1.0
seq11268@4,seq2533@7,1.0
seq11268@4,seq12065@2,1.0
seq11268@4,seq454@12,1.0
seq11268@4,seq12252@2,1.0
seq11268@4,seq2394@10,1.0
seq11268@4,seq15220@2,1.0
seq11268@4,seq7417@2,1.0
seq11268@4,seq16007@2,1.0
seq11268@4,seq5264@2,1.0
seq11268@4,seq906@24,1.0
seq11268@4,seq1275@16,1.0
seq11268@4,seq3382@15,1.0
seq11268@4,seq233@10,1.0
seq11268@4,seq3638@10,1.0
seq11268@4,seq4237@10,1.0
seq11268@4,seq1881@9,1.0
seq11268@4,seq3390@7,1.0
seq11268@4,seq354@6,1.0
seq11268@4,seq569@6,1.0
seq11268@4,seq648@4,1.0
seq11268@4,seq6944@4,1.0
seq11268@4,seq3173@3,1.0
seq7414@2,seq2667@2,1.0
seq7414@2,seq1056@7,1.0
seq7414@2,seq51@4,1.0
seq7414@2,seq8924@2,1.0
seq7414@2,seq10835@2,1.0
seq7414@2,seq1287@9,1.0
seq7414@2,seq855@6,1.0
seq7414@2,seq2206@5,1.0
seq7414@2,seq1060@4,1.0
seq7414@2,seq7556@3,1.0
seq7414@2,seq321@2,1.0
seq7414@2,seq5594@2,1.0
seq7414@2,seq7214@2,1.0
seq7414@2,seq16009@2,1.0
seq7414@2,seq5@3029,1.0
seq7414@2,seq3866@2,1.0
seq7414@2,seq4680@4,1.0
seq7414@2,seq13919@4,1.0
seq7414@2,seq4449@12,1.0
seq7414@2,seq4130@15,1.0
seq7414@2,seq1967@5,1.0
seq7414@2,seq2765@7,1.0
seq7414@2,seq2275@5,1.0
seq7414@2,seq362@16,1.0
seq7414@2,seq518@4,1.0
seq7414@2,seq59@11,1.0
seq7414@2,seq2442@4,1.0
seq7414@2,seq2700@12,1.0
seq7414@2,seq1723@3,1.0
seq7414@2,seq5635@4,1.0
seq7414@2,seq3103@3,1.0
seq7414@2,seq245@6,1.0
seq7414@2,seq1374@3,1.0
seq7414@2,seq563@3,1.0
seq7414@2,seq1831@17,1.0
seq7414@2,seq4672@3,1.0
seq7414@2,seq1541@3,1.0
seq7414@2,seq1902@2,1.0
seq7414@2,seq1365@5,1.0
seq7414@2,seq1097@6,0.9642857142857145
seq7414@2,seq1904@2,1.0
seq7414@2,seq105@6,1.0
seq7414@2,seq3317@2,1.0
seq7414@2,seq737@3,1.0
seq7414@2,seq3783@2,1.0
seq7414@2,seq607@7,1.0
seq7414@2,seq5323@2,1.0
seq7414@2,seq2125@5,1.0
seq7414@2,seq7265@2,1.0
seq7414@2,seq461@8,1.0
seq7414@2,seq9919@2,1.0
seq7414@2,seq575@12,1.0
seq7414@2,seq10910@2,1.0
seq7414@2,seq5907@2,1.0
seq7414@2,seq1443@13,1.0
seq7414@2,seq11449@2,1.0
seq7414@2,seq729@20,1.0
seq7414@2,seq11838@2,1.0
seq7414@2,seq2533@7,1.0
seq7414@2,seq12065@2,1.0
seq7414@2,seq454@12,1.0
seq7414@2,seq12252@2,1.0
seq7414@2,seq2394@10,1.0
seq7414@2,seq15220@2,1.0
seq7414@2,seq7417@2,1.0
seq7414@2,seq16007@2,1.0
seq7414@2,seq5264@2,1.0
seq7414@2,seq906@24,1.0
seq7414@2,seq1275@16,1.0
seq7414@2,seq3382@15,1.0
seq7414@2,seq233@10,1.0
seq7414@2,seq3638@10,1.0
seq7414@2,seq4237@10,1.0
seq7414@2,seq1881@9,1.0
seq7414@2,seq3390@7,1.0
seq7414@2,seq354@6,1.0
seq7414@2,seq569@6,1.0
seq7414@2,seq648@4,1.0
seq7414@2,seq6944@4,1.0
seq7414@2,seq3173@3,1.0
seq2667@2,seq1056@7,1.0
seq2667@2,seq51@4,1.0
seq2667@2,seq8924@2,1.0
seq2667@2,seq10835@2,1.0
seq2667@2,seq1287@9,1.0
seq2667@2,seq855@6,1.0
seq2667@2,seq2206@5,1.0
seq2667@2,seq1060@4,1.0
seq2667@2,seq7556@3,1.0
seq2667@2,seq321@2,1.0
seq2667@2,seq5594@2,1.0
seq2667@2,seq7214@2,1.0
seq2667@2,seq16009@2,1.0
seq2667@2,seq5@3029,1.0
seq2667@2,seq3866@2,1.0
seq2667@2,seq4680@4,1.0
seq2667@2,seq13919@4,1.0
seq2667@2,seq4449@12,1.0
seq2667@2,seq4130@15,1.0
seq2667@2,seq1967@5,1.0
seq2667@2,seq2765@7,1.0
seq2667@2,seq2275@5,1.0
seq2667@2,seq362@16,1.0
seq2667@2,seq518@4,1.0
seq2667@2,seq59@11,1.0
seq2667@2,seq2442@4,1.0
seq2667@2,seq2700@12,1.0
seq2667@2,seq1723@3,1.0
seq2667@2,seq5635@4,1.0
seq2667@2,seq3103@3,1.0
seq2667@2,seq245@6,1.0
seq2667@2,seq1374@3,1.0
seq2667@2,seq563@3,1.0
seq2667@2,seq1831@17,1.0
seq2667@2,seq4672@3,1.0
seq2667@2,seq1541@3,1.0
seq2667@2,seq1902@2,1.0
seq2667@2,seq1365@5,1.0
seq2667@2,seq1097@6,0.9642857142857145
seq2667@2,seq1904@2,1.0
seq2667@2,seq105@6,1.0
seq2667@2,seq3317@2,1.0
seq2667@2,seq737@3,1.0
seq2667@2,seq3783@2,1.0
seq2667@2,seq607@7,1.0
seq2667@2,seq5323@2,1.0
seq2667@2,seq2125@5,1.0
seq2667@2,seq7265@2,1.0
seq2667@2,seq461@8,1.0
seq2667@2,seq9919@2,1.0
seq2667@2,seq575@12,1.0
seq2667@2,seq10910@2,1.0
seq2667@2,seq5907@2,1.0
seq2667@2,seq1443@13,1.0
seq2667@2,seq11449@2,1.0
seq2667@2,seq729@20,1.0
seq2667@2,seq11838@2,1.0
seq2667@2,seq2533@7,1.0
seq2667@2,seq12065@2,1.0
seq2667@2,seq454@12,1.0
seq2667@2,seq12252@2,1.0
seq2667@2,seq2394@10,1.0
seq2667@2,seq15220@2,1.0
seq2667@2,seq7417@2,1.0
seq2667@2,seq16007@2,1.0
seq2667@2,seq5264@2,1.0
seq2667@2,seq906@24,1.0
seq2667@2,seq1275@16,1.0
seq2667@2,seq3382@15,1.0
seq2667@2,seq233@10,1.0
seq2667@2,seq3638@10,1.0
seq2667@2,seq4237@10,1.0
seq2667@2,seq1881@9,1.0
seq2667@2,seq3390@7,1.0
seq2667@2,seq354@6,1.0
seq2667@2,seq569@6,1.0
seq2667@2,seq648@4,1.0
seq2667@2,seq6944@4,1.0
seq2667@2,seq3173@3,1.0
seq1056@7,seq51@4,1.0
seq1056@7,seq8924@2,1.0
seq1056@7,seq10835@2,1.0
seq1056@7,seq1287@9,1.0
seq1056@7,seq855@6,1.0
seq1056@7,seq2206@5,1.0
seq1056@7,seq1060@4,1.0
seq1056@7,seq7556@3,1.0
seq1056@7,seq321@2,1.0
seq1056@7,seq5594@2,1.0
seq1056@7,seq7214@2,1.0
seq1056@7,seq16009@2,1.0
seq1056@7,seq5@3029,1.0
seq1056@7,seq3866@2,1.0
seq1056@7,seq4680@4,1.0
seq1056@7,seq13919@4,1.0
seq1056@7,seq4449@12,1.0
seq1056@7,seq4130@15,1.0
seq1056@7,seq1967@5,1.0
seq1056@7,seq2765@7,1.0
seq1056@7,seq2275@5,1.0
seq1056@7,seq362@16,1.0
seq1056@7,seq518@4,1.0
seq1056@7,seq59@11,1.0
seq1056@7,seq2442@4,1.0
seq1056@7,seq2700@12,1.0
seq1056@7,seq1723@3,1.0
seq1056@7,seq5635@4,1.0
seq1056@7,seq3103@3,1.0
seq1056@7,seq245@6,1.0
seq1056@7,seq1374@3,1.0
seq1056@7,seq563@3,1.0
seq1056@7,seq1831@17,1.0
seq1056@7,seq4672@3,1.0
seq1056@7,seq1541@3,1.0
seq1056@7,seq1902@2,1.0
seq1056@7,seq1365@5,1.0
seq1056@7,seq1097@6,0.9642857142857145
seq1056@7,seq1904@2,1.0
seq1056@7,seq105@6,1.0
seq1056@7,seq3317@2,1.0
seq1056@7,seq737@3,1.0
seq1056@7,seq3783@2,1.0
seq1056@7,seq607@7,1.0
seq1056@7,seq5323@2,1.0
seq1056@7,seq2125@5,1.0
seq1056@7,seq7265@2,1.0
seq1056@7,seq461@8,1.0
seq1056@7,seq9919@2,1.0
seq1056@7,seq575@12,1.0
seq1056@7,seq10910@2,1.0
seq1056@7,seq5907@2,1.0
seq1056@7,seq1443@13,1.0
seq1056@7,seq11449@2,1.0
seq1056@7,seq729@20,1.0
seq1056@7,seq11838@2,1.0
seq1056@7,seq2533@7,1.0
seq1056@7,seq12065@2,1.0
seq1056@7,seq454@12,1.0
seq1056@7,seq12252@2,1.0
seq1056@7,seq2394@10,1.0
seq1056@7,seq15220@2,1.0
seq1056@7,seq7417@2,1.0
seq1056@7,seq16007@2,1.0
seq1056@7,seq5264@2,1.0
seq1056@7,seq906@24,1.0
seq1056@7,seq1275@16,1.0
seq1056@7,seq3382@15,1.0
seq1056@7,seq233@10,1.0
seq1056@7,seq3638@10,1.0
seq1056@7,seq4237@10,1.0
seq1056@7,seq1881@9,1.0
seq1056@7,seq3390@7,1.0
seq1056@7,seq354@6,1.0
seq1056@7,seq569@6,1.0
seq1056@7,seq648@4,1.0
seq1056@7,seq6944@4,1.0
seq1056@7,seq3173@3,1.0
seq51@4,seq8924@2,1.0
seq51@4,seq10835@2,1.0
seq51@4,seq1287@9,1.0
seq51@4,seq855@6,1.0
seq51@4,seq2206@5,1.0
seq51@4,seq1060@4,1.0
seq51@4,seq7556@3,1.0
seq51@4,seq321@2,1.0
seq51@4,seq5594@2,1.0
seq51@4,seq7214@2,1.0
seq51@4,seq16009@2,1.0
seq51@4,seq5@3029,1.0
seq51@4,seq3866@2,1.0
seq51@4,seq4680@4,1.0
seq51@4,seq13919@4,1.0
seq51@4,seq4449@12,1.0
seq51@4,seq4130@15,1.0
seq51@4,seq1967@5,1.0
seq51@4,seq2765@7,1.0
seq51@4,seq2275@5,1.0
seq51@4,seq362@16,1.0
seq51@4,seq518@4,1.0
seq51@4,seq59@11,1.0
seq51@4,seq2442@4,1.0
seq51@4,seq2700@12,1.0
seq51@4,seq1723@3,1.0
seq51@4,seq5635@4,1.0
seq51@4,seq3103@3,1.0
seq51@4,seq245@6,1.0
seq51@4,seq1374@3,1.0
seq51@4,seq563@3,1.0
seq51@4,seq1831@17,1.0
seq51@4,seq4672@3,1.0
seq51@4,seq1541@3,1.0
seq51@4,seq1902@2,1.0
seq51@4,seq1365@5,1.0
seq51@4,seq1097@6,0.9642857142857145
seq51@4,seq1904@2,1.0
seq51@4,seq105@6,1.0
seq51@4,seq3317@2,1.0
seq51@4,seq737@3,1.0
seq51@4,seq3783@2,1.0
seq51@4,seq607@7,1.0
seq51@4,seq5323@2,1.0
seq51@4,seq2125@5,1.0
seq51@4,seq7265@2,1.0
seq51@4,seq461@8,1.0
seq51@4,seq9919@2,1.0
seq51@4,seq575@12,1.0
seq51@4,seq10910@2,1.0
seq51@4,seq5907@2,1.0
seq51@4,seq1443@13,1.0
seq51@4,seq11449@2,1.0
seq51@4,seq729@20,1.0
seq51@4,seq11838@2,1.0
seq51@4,seq2533@7,1.0
seq51@4,seq12065@2,1.0
seq51@4,seq454@12,1.0
seq51@4,seq12252@2,1.0
seq51@4,seq2394@10,1.0
seq51@4,seq15220@2,1.0
seq51@4,seq7417@2,1.0
seq51@4,seq16007@2,1.0
seq51@4,seq5264@2,1.0
seq51@4,seq906@24,1.0
seq51@4,seq1275@16,1.0
seq51@4,seq3382@15,1.0
seq51@4,seq233@10,1.0
seq51@4,seq3638@10,1.0
seq51@4,seq4237@10,1.0
seq51@4,seq1881@9,1.0
seq51@4,seq3390@7,1.0
seq51@4,seq354@6,1.0
seq51@4,seq569@6,1.0
seq51@4,seq648@4,1.0
seq51@4,seq6944@4,1.0
seq51@4,seq3173@3,1.0
seq8924@2,seq10835@2,1.0
seq8924@2,seq1287@9,1.0
seq8924@2,seq855@6,1.0
seq8924@2,seq2206@5,1.0
seq8924@2,seq1060@4,1.0
seq8924@2,seq7556@3,1.0
seq8924@2,seq321@2,1.0
seq8924@2,seq5594@2,1.0
seq8924@2,seq7214@2,1.0
seq8924@2,seq16009@2,1.0
seq8924@2,seq5@3029,1.0
seq8924@2,seq3866@2,1.0
seq8924@2,seq4680@4,1.0
seq8924@2,seq13919@4,1.0
seq8924@2,seq4449@12,1.0
seq8924@2,seq4130@15,1.0
seq8924@2,seq1967@5,1.0
seq8924@2,seq2765@7,1.0
seq8924@2,seq2275@5,1.0
seq8924@2,seq362@16,1.0
seq8924@2,seq518@4,1.0
seq8924@2,seq59@11,1.0
seq8924@2,seq2442@4,1.0
seq8924@2,seq2700@12,1.0
seq8924@2,seq1723@3,1.0
seq8924@2,seq5635@4,1.0
seq8924@2,seq3103@3,1.0
seq8924@2,seq245@6,1.0
seq8924@2,seq1374@3,1.0
seq8924@2,seq563@3,1.0
seq8924@2,seq1831@17,1.0
seq8924@2,seq4672@3,1.0
seq8924@2,seq1541@3,1.0
seq8924@2,seq1902@2,1.0
seq8924@2,seq1365@5,1.0
seq8924@2,seq1097@6,0.9642857142857145
seq8924@2,seq1904@2,1.0
seq8924@2,seq105@6,1.0
seq8924@2,seq3317@2,1.0
seq8924@2,seq737@3,1.0
seq8924@2,seq3783@2,1.0
seq8924@2,seq607@7,1.0
seq8924@2,seq5323@2,1.0
seq8924@2,seq2125@5,1.0
seq8924@2,seq7265@2,1.0
seq8924@2,seq461@8,1.0
seq8924@2,seq9919@2,1.0
seq8924@2,seq575@12,1.0
seq8924@2,seq10910@2,1.0
seq8924@2,seq5907@2,1.0
seq8924@2,seq1443@13,1.0
seq8924@2,seq11449@2,1.0
seq8924@2,seq729@20,1.0
seq8924@2,seq11838@2,1.0
seq8924@2,seq2533@7,1.0
seq8924@2,seq12065@2,1.0
seq8924@2,seq454@12,1.0
seq8924@2,seq12252@2,1.0
seq8924@2,seq2394@10,1.0
seq8924@2,seq15220@2,1.0
seq8924@2,seq7417@2,1.0
seq8924@2,seq16007@2,1.0
seq8924@2,seq5264@2,1.0
seq8924@2,seq906@24,1.0
seq8924@2,seq1275@16,1.0
seq8924@2,seq3382@15,1.0
seq8924@2,seq233@10,1.0
seq8924@2,seq3638@10,1.0
seq8924@2,seq4237@10,1.0
seq8924@2,seq1881@9,1.0
seq8924@2,seq3390@7,1.0
seq8924@2,seq354@6,1.0
seq8924@2,seq569@6,1.0
seq8924@2,seq648@4,1.0
seq8924@2,seq6944@4,1.0
seq8924@2,seq3173@3,1.0
seq10835@2,seq1287@9,1.0
seq10835@2,seq855@6,1.0
seq10835@2,seq2206@5,1.0
seq10835@2,seq1060@4,1.0
seq10835@2,seq7556@3,1.0
seq10835@2,seq321@2,1.0
seq10835@2,seq5594@2,1.0
seq10835@2,seq7214@2,1.0
seq10835@2,seq16009@2,1.0
seq10835@2,seq5@3029,1.0
seq10835@2,seq3866@2,1.0
seq10835@2,seq4680@4,1.0
seq10835@2,seq13919@4,1.0
seq10835@2,seq4449@12,1.0
seq10835@2,seq4130@15,1.0
seq10835@2,seq1967@5,1.0
seq10835@2,seq2765@7,1.0
seq10835@2,seq2275@5,1.0
seq10835@2,seq362@16,1.0
seq10835@2,seq518@4,1.0
seq10835@2,seq59@11,1.0
seq10835@2,seq2442@4,1.0
seq10835@2,seq2700@12,1.0
seq10835@2,seq1723@3,1.0
seq10835@2,seq5635@4,1.0
seq10835@2,seq3103@3,1.0
seq10835@2,seq245@6,1.0
seq10835@2,seq1374@3,1.0
seq10835@2,seq563@3,1.0
seq10835@2,seq1831@17,1.0
seq10835@2,seq4672@3,1.0
seq10835@2,seq1541@3,1.0
seq10835@2,seq1902@2,1.0
seq10835@2,seq1365@5,1.0
seq10835@2,seq1097@6,0.9642857142857145
seq10835@2,seq1904@2,1.0
seq10835@2,seq105@6,1.0
seq10835@2,seq3317@2,1.0
seq10835@2,seq737@3,1.0
seq10835@2,seq3783@2,1.0
seq10835@2,seq607@7,1.0
seq10835@2,seq5323@2,1.0
seq10835@2,seq2125@5,1.0
seq10835@2,seq7265@2,1.0
seq10835@2,seq461@8,1.0
seq10835@2,seq9919@2,1.0
seq10835@2,seq575@12,1.0
seq10835@2,seq10910@2,1.0
seq10835@2,seq5907@2,1.0
seq10835@2,seq1443@13,1.0
seq10835@2,seq11449@2,1.0
seq10835@2,seq729@20,1.0
seq10835@2,seq11838@2,1.0
seq10835@2,seq2533@7,1.0
seq10835@2,seq12065@2,1.0
seq10835@2,seq454@12,1.0
seq10835@2,seq12252@2,1.0
seq10835@2,seq2394@10,1.0
seq10835@2,seq15220@2,1.0
seq10835@2,seq7417@2,1.0
seq10835@2,seq16007@2,1.0
seq10835@2,seq5264@2,1.0
seq10835@2,seq906@24,1.0
seq10835@2,seq1275@16,1.0
seq10835@2,seq3382@15,1.0
seq10835@2,seq233@10,1.0
seq10835@2,seq3638@10,1.0
seq10835@2,seq4237@10,1.0
seq10835@2,seq1881@9,1.0
seq10835@2,seq3390@7,1.0
seq10835@2,seq354@6,1.0
seq10835@2,seq569@6,1.0
seq10835@2,seq648@4,1.0
seq10835@2,seq6944@4,1.0
seq10835@2,seq3173@3,1.0
seq1287@9,seq855@6,1.0
seq1287@9,seq2206@5,1.0
seq1287@9,seq1060@4,1.0
seq1287@9,seq7556@3,1.0
seq1287@9,seq321@2,1.0
seq1287@9,seq5594@2,1.0
seq1287@9,seq7214@2,1.0
seq1287@9,seq16009@2,1.0
seq1287@9,seq5@3029,1.0
seq1287@9,seq3866@2,1.0
seq1287@9,seq4680@4,1.0
seq1287@9,seq13919@4,1.0
seq1287@9,seq4449@12,1.0
seq1287@9,seq4130@15,1.0
seq1287@9,seq1967@5,1.0
seq1287@9,seq2765@7,1.0
seq1287@9,seq2275@5,1.0
seq1287@9,seq362@16,1.0
seq1287@9,seq518@4,1.0
seq1287@9,seq59@11,1.0
seq1287@9,seq2442@4,1.0
seq1287@9,seq2700@12,1.0
seq1287@9,seq1723@3,1.0
seq1287@9,seq5635@4,1.0
seq1287@9,seq3103@3,1.0
seq1287@9,seq245@6,1.0
seq1287@9,seq1374@3,1.0
seq1287@9,seq563@3,1.0
seq1287@9,seq1831@17,1.0
seq1287@9,seq4672@3,1.0
seq1287@9,seq1541@3,1.0
seq1287@9,seq1902@2,1.0
seq1287@9,seq1365@5,1.0
seq1287@9,seq1097@6,0.9642857142857145
seq1287@9,seq1904@2,1.0
seq1287@9,seq105@6,1.0
seq1287@9,seq3317@2,1.0
seq1287@9,seq737@3,1.0
seq1287@9,seq3783@2,1.0
seq1287@9,seq607@7,1.0
seq1287@9,seq5323@2,1.0
seq1287@9,seq2125@5,1.0
seq1287@9,seq7265@2,1.0
seq1287@9,seq461@8,1.0
seq1287@9,seq9919@2,1.0
seq1287@9,seq575@12,1.0
seq1287@9,seq10910@2,1.0
seq1287@9,seq5907@2,1.0
seq1287@9,seq1443@13,1.0
seq1287@9,seq11449@2,1.0
seq1287@9,seq729@20,1.0
seq1287@9,seq11838@2,1.0
seq1287@9,seq2533@7,1.0
seq1287@9,seq12065@2,1.0
seq1287@9,seq454@12,1.0
seq1287@9,seq12252@2,1.0
seq1287@9,seq2394@10,1.0
seq1287@9,seq15220@2,1.0
seq1287@9,seq7417@2,1.0
seq1287@9,seq16007@2,1.0
seq1287@9,seq5264@2,1.0
seq1287@9,seq906@24,1.0
seq1287@9,seq1275@16,1.0
seq1287@9,seq3382@15,1.0
seq1287@9,seq233@10,1.0
seq1287@9,seq3638@10,1.0
seq1287@9,seq4237@10,1.0
seq1287@9,seq1881@9,1.0
seq1287@9,seq3390@7,1.0
seq1287@9,seq354@6,1.0
seq1287@9,seq569@6,1.0
seq1287@9,seq648@4,1.0
seq1287@9,seq6944@4,1.0
seq1287@9,seq3173@3,1.0
seq855@6,seq2206@5,1.0
seq855@6,seq1060@4,1.0
seq855@6,seq7556@3,1.0
seq855@6,seq321@2,1.0
seq855@6,seq5594@2,1.0
seq855@6,seq7214@2,1.0
seq855@6,seq16009@2,1.0
seq855@6,seq5@3029,1.0
seq855@6,seq3866@2,1.0
seq855@6,seq4680@4,1.0
seq855@6,seq13919@4,1.0
seq855@6,seq4449@12,1.0
seq855@6,seq4130@15,1.0
seq855@6,seq1967@5,1.0
seq855@6,seq2765@7,1.0
seq855@6,seq2275@5,1.0
seq855@6,seq362@16,1.0
seq855@6,seq518@4,1.0
seq855@6,seq59@11,1.0
seq855@6,seq2442@4,1.0
seq855@6,seq2700@12,1.0
seq855@6,seq1723@3,1.0
seq855@6,seq5635@4,1.0
seq855@6,seq3103@3,1.0
seq855@6,seq245@6,1.0
seq855@6,seq1374@3,1.0
seq855@6,seq563@3,1.0
seq855@6,seq1831@17,1.0
seq855@6,seq4672@3,1.0
seq855@6,seq1541@3,1.0
seq855@6,seq1902@2,1.0
seq855@6,seq1365@5,1.0
seq855@6,seq1097@6,0.9642857142857145
seq855@6,seq1904@2,1.0
seq855@6,seq105@6,1.0
seq855@6,seq3317@2,1.0
seq855@6,seq737@3,1.0
seq855@6,seq3783@2,1.0
seq855@6,seq607@7,1.0
seq855@6,seq5323@2,1.0
seq855@6,seq2125@5,1.0
seq855@6,seq7265@2,1.0
seq855@6,seq461@8,1.0
seq855@6,seq9919@2,1.0
seq855@6,seq575@12,1.0
seq855@6,seq10910@2,1.0
seq855@6,seq5907@2,1.0
seq855@6,seq1443@13,1.0
seq855@6,seq11449@2,1.0
seq855@6,seq729@20,1.0
seq855@6,seq11838@2,1.0
seq855@6,seq2533@7,1.0
seq855@6,seq12065@2,1.0
seq855@6,seq454@12,1.0
seq855@6,seq12252@2,1.0
seq855@6,seq2394@10,1.0
seq855@6,seq15220@2,1.0
seq855@6,seq7417@2,1.0
seq855@6,seq16007@2,1.0
seq855@6,seq5264@2,1.0
seq855@6,seq906@24,1.0
seq855@6,seq1275@16,1.0
seq855@6,seq3382@15,1.0
seq855@6,seq233@10,1.0
seq855@6,seq3638@10,1.0
seq855@6,seq4237@10,1.0
seq855@6,seq1881@9,1.0
seq855@6,seq3390@7,1.0
seq855@6,seq354@6,1.0
seq855@6,seq569@6,1.0
seq855@6,seq648@4,1.0
seq855@6,seq6944@4,1.0
seq855@6,seq3173@3,1.0
seq2206@5,seq1060@4,1.0
seq2206@5,seq7556@3,1.0
seq2206@5,seq321@2,1.0
seq2206@5,seq5594@2,1.0
seq2206@5,seq7214@2,1.0
seq2206@5,seq16009@2,1.0
seq2206@5,seq5@3029,1.0
seq2206@5,seq3866@2,1.0
seq2206@5,seq4680@4,1.0
seq2206@5,seq13919@4,1.0
seq2206@5,seq4449@12,1.0
seq2206@5,seq4130@15,1.0
seq2206@5,seq1967@5,1.0
seq2206@5,seq2765@7,1.0
seq2206@5,seq2275@5,1.0
seq2206@5,seq362@16,1.0
seq2206@5,seq518@4,1.0
seq2206@5,seq59@11,1.0
seq2206@5,seq2442@4,1.0
seq2206@5,seq2700@12,1.0
seq2206@5,seq1723@3,1.0
seq2206@5,seq5635@4,1.0
seq2206@5,seq3103@3,1.0
seq2206@5,seq245@6,1.0
seq2206@5,seq1374@3,1.0
seq2206@5,seq563@3,1.0
seq2206@5,seq1831@17,1.0
seq2206@5,seq4672@3,1.0
seq2206@5,seq1541@3,1.0
seq2206@5,seq1902@2,1.0
seq2206@5,seq1365@5,1.0
seq2206@5,seq1097@6,0.9642857142857145
seq2206@5,seq1904@2,1.0
seq2206@5,seq105@6,1.0
seq2206@5,seq3317@2,1.0
seq2206@5,seq737@3,1.0
seq2206@5,seq3783@2,1.0
seq2206@5,seq607@7,1.0
seq2206@5,seq5323@2,1.0
seq2206@5,seq2125@5,1.0
seq2206@5,seq7265@2,1.0
seq2206@5,seq461@8,1.0
seq2206@5,seq9919@2,1.0
seq2206@5,seq575@12,1.0
seq2206@5,seq10910@2,1.0
seq2206@5,seq5907@2,1.0
seq2206@5,seq1443@13,1.0
seq2206@5,seq11449@2,1.0
seq2206@5,seq729@20,1.0
seq2206@5,seq11838@2,1.0
seq2206@5,seq2533@7,1.0
seq2206@5,seq12065@2,1.0
seq2206@5,seq454@12,1.0
seq2206@5,seq12252@2,1.0
seq2206@5,seq2394@10,1.0
seq2206@5,seq15220@2,1.0
seq2206@5,seq7417@2,1.0
seq2206@5,seq16007@2,1.0
seq2206@5,seq5264@2,1.0
seq2206@5,seq906@24,1.0
seq2206@5,seq1275@16,1.0
seq2206@5,seq3382@15,1.0
seq2206@5,seq233@10,1.0
seq2206@5,seq3638@10,1.0
seq2206@5,seq4237@10,1.0
seq2206@5,seq1881@9,1.0
seq2206@5,seq3390@7,1.0
seq2206@5,seq354@6,1.0
seq2206@5,seq569@6,1.0
seq2206@5,seq648@4,1.0
seq2206@5,seq6944@4,1.0
seq2206@5,seq3173@3,1.0
seq1060@4,seq7556@3,1.0
seq1060@4,seq321@2,1.0
seq1060@4,seq5594@2,1.0
seq1060@4,seq7214@2,1.0
seq1060@4,seq16009@2,1.0
seq1060@4,seq5@3029,1.0
seq1060@4,seq3866@2,1.0
seq1060@4,seq4680@4,1.0
seq1060@4,seq13919@4,1.0
seq1060@4,seq4449@12,1.0
seq1060@4,seq4130@15,1.0
seq1060@4,seq1967@5,1.0
seq1060@4,seq2765@7,1.0
seq1060@4,seq2275@5,1.0
seq1060@4,seq362@16,1.0
seq1060@4,seq518@4,1.0
seq1060@4,seq59@11,1.0
seq1060@4,seq2442@4,1.0
seq1060@4,seq2700@12,1.0
seq1060@4,seq1723@3,1.0
seq1060@4,seq5635@4,1.0
seq1060@4,seq3103@3,1.0
seq1060@4,seq245@6,1.0
seq1060@4,seq1374@3,1.0
seq1060@4,seq563@3,1.0
seq1060@4,seq1831@17,1.0
seq1060@4,seq4672@3,1.0
seq1060@4,seq1541@3,1.0
seq1060@4,seq1902@2,1.0
seq1060@4,seq1365@5,1.0
seq1060@4,seq1097@6,0.9642857142857145
seq1060@4,seq1904@2,1.0
seq1060@4,seq105@6,1.0
seq1060@4,seq3317@2,1.0
seq1060@4,seq737@3,1.0
seq1060@4,seq3783@2,1.0
seq1060@4,seq607@7,1.0
seq1060@4,seq5323@2,1.0
seq1060@4,seq2125@5,1.0
seq1060@4,seq7265@2,1.0
seq1060@4,seq461@8,1.0
seq1060@4,seq9919@2,1.0
seq1060@4,seq575@12,1.0
seq1060@4,seq10910@2,1.0
seq1060@4,seq5907@2,1.0
seq1060@4,seq1443@13,1.0
seq1060@4,seq11449@2,1.0
seq1060@4,seq729@20,1.0
seq1060@4,seq11838@2,1.0
seq1060@4,seq2533@7,1.0
seq1060@4,seq12065@2,1.0
seq1060@4,seq454@12,1.0
seq1060@4,seq12252@2,1.0
seq1060@4,seq2394@10,1.0
seq1060@4,seq15220@2,1.0
seq1060@4,seq7417@2,1.0
seq1060@4,seq16007@2,1.0
seq1060@4,seq5264@2,1.0
seq1060@4,seq906@24,1.0
seq1060@4,seq1275@16,1.0
seq1060@4,seq3382@15,1.0
seq1060@4,seq233@10,1.0
seq1060@4,seq3638@10,1.0
seq1060@4,seq4237@10,1.0
seq1060@4,seq1881@9,1.0
seq1060@4,seq3390@7,1.0
seq1060@4,seq354@6,1.0
seq1060@4,seq569@6,1.0
seq1060@4,seq648@4,1.0
seq1060@4,seq6944@4,1.0
seq1060@4,seq3173@3,1.0
seq7556@3,seq321@2,1.0
seq7556@3,seq5594@2,1.0
seq7556@3,seq7214@2,1.0
seq7556@3,seq16009@2,1.0
seq7556@3,seq5@3029,1.0
seq7556@3,seq3866@2,1.0
seq7556@3,seq4680@4,1.0
seq7556@3,seq13919@4,1.0
seq7556@3,seq4449@12,1.0
seq7556@3,seq4130@15,1.0
seq7556@3,seq1967@5,1.0
seq7556@3,seq2765@7,1.0
seq7556@3,seq2275@5,1.0
seq7556@3,seq362@16,1.0
seq7556@3,seq518@4,1.0
seq7556@3,seq59@11,1.0
seq7556@3,seq2442@4,1.0
seq7556@3,seq2700@12,1.0
seq7556@3,seq1723@3,1.0
seq7556@3,seq5635@4,1.0
seq7556@3,seq3103@3,1.0
seq7556@3,seq245@6,1.0
seq7556@3,seq1374@3,1.0
seq7556@3,seq563@3,1.0
seq7556@3,seq1831@17,1.0
seq7556@3,seq4672@3,1.0
seq7556@3,seq1541@3,1.0
seq7556@3,seq1902@2,1.0
seq7556@3,seq1365@5,1.0
seq7556@3,seq1097@6,0.9642857142857145
seq7556@3,seq1904@2,1.0
seq7556@3,seq105@6,1.0
seq7556@3,seq3317@2,1.0
seq7556@3,seq737@3,1.0
seq7556@3,seq3783@2,1.0
seq7556@3,seq607@7,1.0
seq7556@3,seq5323@2,1.0
seq7556@3,seq2125@5,1.0
seq7556@3,seq7265@2,1.0
seq7556@3,seq461@8,1.0
seq7556@3,seq9919@2,1.0
seq7556@3,seq575@12,1.0
seq7556@3,seq10910@2,1.0
seq7556@3,seq5907@2,1.0
seq7556@3,seq1443@13,1.0
seq7556@3,seq11449@2,1.0
seq7556@3,seq729@20,1.0
seq7556@3,seq11838@2,1.0
seq7556@3,seq2533@7,1.0
seq7556@3,seq12065@2,1.0
seq7556@3,seq454@12,1.0
seq7556@3,seq12252@2,1.0
seq7556@3,seq2394@10,1.0
seq7556@3,seq15220@2,1.0
seq7556@3,seq7417@2,1.0
seq7556@3,seq16007@2,1.0
seq7556@3,seq5264@2,1.0
seq7556@3,seq906@24,1.0
seq7556@3,seq1275@16,1.0
seq7556@3,seq3382@15,1.0
seq7556@3,seq233@10,1.0
seq7556@3,seq3638@10,1.0
seq7556@3,seq4237@10,1.0
seq7556@3,seq1881@9,1.0
seq7556@3,seq3390@7,1.0
seq7556@3,seq354@6,1.0
seq7556@3,seq569@6,1.0
seq7556@3,seq648@4,1.0
seq7556@3,seq6944@4,1.0
seq7556@3,seq3173@3,1.0
seq321@2,seq5594@2,1.0
seq321@2,seq7214@2,1.0
seq321@2,seq16009@2,1.0
seq321@2,seq5@3029,1.0
seq321@2,seq3866@2,1.0
seq321@2,seq4680@4,1.0
seq321@2,seq13919@4,1.0
seq321@2,seq4449@12,1.0
seq321@2,seq4130@15,1.0
seq321@2,seq1967@5,1.0
seq321@2,seq2765@7,1.0
seq321@2,seq2275@5,1.0
seq321@2,seq362@16,1.0
seq321@2,seq518@4,1.0
seq321@2,seq59@11,1.0
seq321@2,seq2442@4,1.0
seq321@2,seq2700@12,1.0
seq321@2,seq1723@3,1.0
seq321@2,seq5635@4,1.0
seq321@2,seq3103@3,1.0
seq321@2,seq245@6,1.0
seq321@2,seq1374@3,1.0
seq321@2,seq563@3,1.0
seq321@2,seq1831@17,1.0
seq321@2,seq4672@3,1.0
seq321@2,seq1541@3,1.0
seq321@2,seq1902@2,1.0
seq321@2,seq1365@5,1.0
seq321@2,seq1097@6,0.9642857142857145
seq321@2,seq1904@2,1.0
seq321@2,seq105@6,1.0
seq321@2,seq3317@2,1.0
seq321@2,seq737@3,1.0
seq321@2,seq3783@2,1.0
seq321@2,seq607@7,1.0
seq321@2,seq5323@2,1.0
seq321@2,seq2125@5,1.0
seq321@2,seq7265@2,1.0
seq321@2,seq461@8,1.0
seq321@2,seq9919@2,1.0
seq321@2,seq575@12,1.0
seq321@2,seq10910@2,1.0
seq321@2,seq5907@2,1.0
seq321@2,seq1443@13,1.0
seq321@2,seq11449@2,1.0
seq321@2,seq729@20,1.0
seq321@2,seq11838@2,1.0
seq321@2,seq2533@7,1.0
seq321@2,seq12065@2,1.0
seq321@2,seq454@12,1.0
seq321@2,seq12252@2,1.0
seq321@2,seq2394@10,1.0
seq321@2,seq15220@2,1.0
seq321@2,seq7417@2,1.0
seq321@2,seq16007@2,1.0
seq321@2,seq5264@2,1.0
seq321@2,seq906@24,1.0
seq321@2,seq1275@16,1.0
seq321@2,seq3382@15,1.0
seq321@2,seq233@10,1.0
seq321@2,seq3638@10,1.0
seq321@2,seq4237@10,1.0
seq321@2,seq1881@9,1.0
seq321@2,seq3390@7,1.0
seq321@2,seq354@6,1.0
seq321@2,seq569@6,1.0
seq321@2,seq648@4,1.0
seq321@2,seq6944@4,1.0
seq321@2,seq3173@3,1.0
seq5594@2,seq7214@2,1.0
seq5594@2,seq16009@2,1.0
seq5594@2,seq5@3029,1.0
seq5594@2,seq3866@2,1.0
seq5594@2,seq4680@4,1.0
seq5594@2,seq13919@4,1.0
seq5594@2,seq4449@12,1.0
seq5594@2,seq4130@15,1.0
seq5594@2,seq1967@5,1.0
seq5594@2,seq2765@7,1.0
seq5594@2,seq2275@5,1.0
seq5594@2,seq362@16,1.0
seq5594@2,seq518@4,1.0
seq5594@2,seq59@11,1.0
seq5594@2,seq2442@4,1.0
seq5594@2,seq2700@12,1.0
seq5594@2,seq1723@3,1.0
seq5594@2,seq5635@4,1.0
seq5594@2,seq3103@3,1.0
seq5594@2,seq245@6,1.0
seq5594@2,seq1374@3,1.0
seq5594@2,seq563@3,1.0
seq5594@2,seq1831@17,1.0
seq5594@2,seq4672@3,1.0
seq5594@2,seq1541@3,1.0
seq5594@2,seq1902@2,1.0
seq5594@2,seq1365@5,1.0
seq5594@2,seq1097@6,0.9642857142857145
seq5594@2,seq1904@2,1.0
seq5594@2,seq105@6,1.0
seq5594@2,seq3317@2,1.0
seq5594@2,seq737@3,1.0
seq5594@2,seq3783@2,1.0
seq5594@2,seq607@7,1.0
seq5594@2,seq5323@2,1.0
seq5594@2,seq2125@5,1.0
seq5594@2,seq7265@2,1.0
seq5594@2,seq461@8,1.0
seq5594@2,seq9919@2,1.0
seq5594@2,seq575@12,1.0
seq5594@2,seq10910@2,1.0
seq5594@2,seq5907@2,1.0
seq5594@2,seq1443@13,1.0
seq5594@2,seq11449@2,1.0
seq5594@2,seq729@20,1.0
seq5594@2,seq11838@2,1.0
seq5594@2,seq2533@7,1.0
seq5594@2,seq12065@2,1.0
seq5594@2,seq454@12,1.0
seq5594@2,seq12252@2,1.0
seq5594@2,seq2394@10,1.0
seq5594@2,seq15220@2,1.0
seq5594@2,seq7417@2,1.0
seq5594@2,seq16007@2,1.0
seq5594@2,seq5264@2,1.0
seq5594@2,seq906@24,1.0
seq5594@2,seq1275@16,1.0
seq5594@2,seq3382@15,1.0
seq5594@2,seq233@10,1.0
seq5594@2,seq3638@10,1.0
seq5594@2,seq4237@10,1.0
seq5594@2,seq1881@9,1.0
seq5594@2,seq3390@7,1.0
seq5594@2,seq354@6,1.0
seq5594@2,seq569@6,1.0
seq5594@2,seq648@4,1.0
seq5594@2,seq6944@4,1.0
seq5594@2,seq3173@3,1.0
seq7214@2,seq16009@2,1.0
seq7214@2,seq5@3029,1.0
seq7214@2,seq3866@2,1.0
seq7214@2,seq4680@4,1.0
seq7214@2,seq13919@4,1.0
seq7214@2,seq4449@12,1.0
seq7214@2,seq4130@15,1.0
seq7214@2,seq1967@5,1.0
seq7214@2,seq2765@7,1.0
seq7214@2,seq2275@5,1.0
seq7214@2,seq362@16,1.0
seq7214@2,seq518@4,1.0
seq7214@2,seq59@11,1.0
seq7214@2,seq2442@4,1.0
seq7214@2,seq2700@12,1.0
seq7214@2,seq1723@3,1.0
seq7214@2,seq5635@4,1.0
seq7214@2,seq3103@3,1.0
seq7214@2,seq245@6,1.0
seq7214@2,seq1374@3,1.0
seq7214@2,seq563@3,1.0
seq7214@2,seq1831@17,1.0
seq7214@2,seq4672@3,1.0
seq7214@2,seq1541@3,1.0
seq7214@2,seq1902@2,1.0
seq7214@2,seq1365@5,1.0
seq7214@2,seq1097@6,0.9642857142857145
seq7214@2,seq1904@2,1.0
seq7214@2,seq105@6,1.0
seq7214@2,seq3317@2,1.0
seq7214@2,seq737@3,1.0
seq7214@2,seq3783@2,1.0
seq7214@2,seq607@7,1.0
seq7214@2,seq5323@2,1.0
seq7214@2,seq2125@5,1.0
seq7214@2,seq7265@2,1.0
seq7214@2,seq461@8,1.0
seq7214@2,seq9919@2,1.0
seq7214@2,seq575@12,1.0
seq7214@2,seq10910@2,1.0
seq7214@2,seq5907@2,1.0
seq7214@2,seq1443@13,1.0
seq7214@2,seq11449@2,1.0
seq7214@2,seq729@20,1.0
seq7214@2,seq11838@2,1.0
seq7214@2,seq2533@7,1.0
seq7214@2,seq12065@2,1.0
seq7214@2,seq454@12,1.0
seq7214@2,seq12252@2,1.0
seq7214@2,seq2394@10,1.0
seq7214@2,seq15220@2,1.0
seq7214@2,seq7417@2,1.0
seq7214@2,seq16007@2,1.0
seq7214@2,seq5264@2,1.0
seq7214@2,seq906@24,1.0
seq7214@2,seq1275@16,1.0
seq7214@2,seq3382@15,1.0
seq7214@2,seq233@10,1.0
seq7214@2,seq3638@10,1.0
seq7214@2,seq4237@10,1.0
seq7214@2,seq1881@9,1.0
seq7214@2,seq3390@7,1.0
seq7214@2,seq354@6,1.0
seq7214@2,seq569@6,1.0
seq7214@2,seq648@4,1.0
seq7214@2,seq6944@4,1.0
seq7214@2,seq3173@3,1.0
seq16009@2,seq5@3029,1.0
seq16009@2,seq3866@2,1.0
seq16009@2,seq4680@4,1.0
seq16009@2,seq13919@4,1.0
seq16009@2,seq4449@12,1.0
seq16009@2,seq4130@15,1.0
seq16009@2,seq1967@5,1.0
seq16009@2,seq2765@7,1.0
seq16009@2,seq2275@5,1.0
seq16009@2,seq362@16,1.0
seq16009@2,seq518@4,1.0
seq16009@2,seq59@11,1.0
seq16009@2,seq2442@4,1.0
seq16009@2,seq2700@12,1.0
seq16009@2,seq1723@3,1.0
seq16009@2,seq5635@4,1.0
seq16009@2,seq3103@3,1.0
seq16009@2,seq245@6,1.0
seq16009@2,seq1374@3,1.0
seq16009@2,seq563@3,1.0
seq16009@2,seq1831@17,1.0
seq16009@2,seq4672@3,1.0
seq16009@2,seq1541@3,1.0
seq16009@2,seq1902@2,1.0
seq16009@2,seq1365@5,1.0
seq16009@2,seq1097@6,0.9642857142857145
seq16009@2,seq1904@2,1.0
seq16009@2,seq105@6,1.0
seq16009@2,seq3317@2,1.0
seq16009@2,seq737@3,1.0
seq16009@2,seq3783@2,1.0
seq16009@2,seq607@7,1.0
seq16009@2,seq5323@2,1.0
seq16009@2,seq2125@5,1.0
seq16009@2,seq7265@2,1.0
seq16009@2,seq461@8,1.0
seq16009@2,seq9919@2,1.0
seq16009@2,seq575@12,1.0
seq16009@2,seq10910@2,1.0
seq16009@2,seq5907@2,1.0
seq16009@2,seq1443@13,1.0
seq16009@2,seq11449@2,1.0
seq16009@2,seq729@20,1.0
seq16009@2,seq11838@2,1.0
seq16009@2,seq2533@7,1.0
seq16009@2,seq12065@2,1.0
seq16009@2,seq454@12,1.0
seq16009@2,seq12252@2,1.0
seq16009@2,seq2394@10,1.0
seq16009@2,seq15220@2,1.0
seq16009@2,seq7417@2,1.0
seq16009@2,seq16007@2,1.0
seq16009@2,seq5264@2,1.0
seq16009@2,seq906@24,1.0
seq16009@2,seq1275@16,1.0
seq16009@2,seq3382@15,1.0
seq16009@2,seq233@10,1.0
seq16009@2,seq3638@10,1.0
seq16009@2,seq4237@10,1.0
seq16009@2,seq1881@9,1.0
seq16009@2,seq3390@7,1.0
seq16009@2,seq354@6,1.0
seq16009@2,seq569@6,1.0
seq16009@2,seq648@4,1.0
seq16009@2,seq6944@4,1.0
seq16009@2,seq3173@3,1.0
seq5@3029,seq3866@2,1.0
seq5@3029,seq4680@4,1.0
seq5@3029,seq13919@4,1.0
seq5@3029,seq4449@12,1.0
seq5@3029,seq4130@15,1.0
seq5@3029,seq1967@5,1.0
seq5@3029,seq2765@7,1.0
seq5@3029,seq2275@5,1.0
seq5@3029,seq362@16,1.0
seq5@3029,seq518@4,1.0
seq5@3029,seq59@11,1.0
seq5@3029,seq2442@4,1.0
seq5@3029,seq2700@12,1.0
seq5@3029,seq1723@3,1.0
seq5@3029,seq5635@4,1.0
seq5@3029,seq3103@3,1.0
seq5@3029,seq245@6,1.0
seq5@3029,seq1374@3,1.0
seq5@3029,seq563@3,1.0
seq5@3029,seq1831@17,1.0
seq5@3029,seq4672@3,1.0
seq5@3029,seq1541@3,1.0
seq5@3029,seq1902@2,1.0
seq5@3029,seq1365@5,1.0
seq5@3029,seq1097@6,0.9642857142857145
seq5@3029,seq1904@2,1.0
seq5@3029,seq105@6,1.0
seq5@3029,seq3317@2,1.0
seq5@3029,seq737@3,1.0
seq5@3029,seq3783@2,1.0
seq5@3029,seq607@7,1.0
seq5@3029,seq5323@2,1.0
seq5@3029,seq2125@5,1.0
seq5@3029,seq7265@2,1.0
seq5@3029,seq461@8,1.0
seq5@3029,seq9919@2,1.0
seq5@3029,seq575@12,1.0
seq5@3029,seq10910@2,1.0
seq5@3029,seq5907@2,1.0
seq5@3029,seq1443@13,1.0
seq5@3029,seq11449@2,1.0
seq5@3029,seq729@20,1.0
seq5@3029,seq11838@2,1.0
seq5@3029,seq2533@7,1.0
seq5@3029,seq12065@2,1.0
seq5@3029,seq454@12,1.0
seq5@3029,seq12252@2,1.0
seq5@3029,seq2394@10,1.0
seq5@3029,seq15220@2,1.0
seq5@3029,seq7417@2,1.0
seq5@3029,seq16007@2,1.0
seq5@3029,seq5264@2,1.0
seq5@3029,seq906@24,1.0
seq5@3029,seq1275@16,1.0
seq5@3029,seq3382@15,1.0
seq5@3029,seq233@10,1.0
seq5@3029,seq3638@10,1.0
seq5@3029,seq4237@10,1.0
seq5@3029,seq1881@9,1.0
seq5@3029,seq3390@7,1.0
seq5@3029,seq354@6,1.0
seq5@3029,seq569@6,1.0
seq5@3029,seq648@4,1.0
seq5@3029,seq6944@4,1.0
seq5@3029,seq3173@3,1.0
seq3866@2,seq4680@4,1.0
seq3866@2,seq13919@4,1.0
seq3866@2,seq4449@12,1.0
seq3866@2,seq4130@15,1.0
seq3866@2,seq1967@5,1.0
seq3866@2,seq2765@7,1.0
seq3866@2,seq2275@5,1.0
seq3866@2,seq362@16,1.0
seq3866@2,seq518@4,1.0
seq3866@2,seq59@11,1.0
seq3866@2,seq2442@4,1.0
seq3866@2,seq2700@12,1.0
seq3866@2,seq1723@3,1.0
seq3866@2,seq5635@4,1.0
seq3866@2,seq3103@3,1.0
seq3866@2,seq245@6,1.0
seq3866@2,seq1374@3,1.0
seq3866@2,seq563@3,1.0
seq3866@2,seq1831@17,1.0
seq3866@2,seq4672@3,1.0
seq3866@2,seq1541@3,1.0
seq3866@2,seq1902@2,1.0
seq3866@2,seq1365@5,1.0
seq3866@2,seq1097@6,0.9642857142857145
seq3866@2,seq1904@2,1.0
seq3866@2,seq105@6,1.0
seq3866@2,seq3317@2,1.0
seq3866@2,seq737@3,1.0
seq3866@2,seq3783@2,1.0
seq3866@2,seq607@7,1.0
seq3866@2,seq5323@2,1.0
seq3866@2,seq2125@5,1.0
seq3866@2,seq7265@2,1.0
seq3866@2,seq461@8,1.0
seq3866@2,seq9919@2,1.0
seq3866@2,seq575@12,1.0
seq3866@2,seq10910@2,1.0
seq3866@2,seq5907@2,1.0
seq3866@2,seq1443@13,1.0
seq3866@2,seq11449@2,1.0
seq3866@2,seq729@20,1.0
seq3866@2,seq11838@2,1.0
seq3866@2,seq2533@7,1.0
seq3866@2,seq12065@2,1.0
seq3866@2,seq454@12,1.0
seq3866@2,seq12252@2,1.0
seq3866@2,seq2394@10,1.0
seq3866@2,seq15220@2,1.0
seq3866@2,seq7417@2,1.0
seq3866@2,seq16007@2,1.0
seq3866@2,seq5264@2,1.0
seq3866@2,seq906@24,1.0
seq3866@2,seq1275@16,1.0
seq3866@2,seq3382@15,1.0
seq3866@2,seq233@10,1.0
seq3866@2,seq3638@10,1.0
seq3866@2,seq4237@10,1.0
seq3866@2,seq1881@9,1.0
seq3866@2,seq3390@7,1.0
seq3866@2,seq354@6,1.0
seq3866@2,seq569@6,1.0
seq3866@2,seq648@4,1.0
seq3866@2,seq6944@4,1.0
seq3866@2,seq3173@3,1.0
seq4680@4,seq13919@4,1.0
seq4680@4,seq4449@12,1.0
seq4680@4,seq4130@15,1.0
seq4680@4,seq1967@5,1.0
seq4680@4,seq2765@7,1.0
seq4680@4,seq2275@5,1.0
seq4680@4,seq362@16,1.0
seq4680@4,seq518@4,1.0
seq4680@4,seq59@11,1.0
seq4680@4,seq2442@4,1.0
seq4680@4,seq2700@12,1.0
seq4680@4,seq1723@3,1.0
seq4680@4,seq5635@4,1.0
seq4680@4,seq3103@3,1.0
seq4680@4,seq245@6,1.0
seq4680@4,seq1374@3,1.0
seq4680@4,seq563@3,1.0
seq4680@4,seq1831@17,1.0
seq4680@4,seq4672@3,1.0
seq4680@4,seq1541@3,1.0
seq4680@4,seq1902@2,1.0
seq4680@4,seq1365@5,1.0
seq4680@4,seq1097@6,0.9642857142857145
seq4680@4,seq1904@2,1.0
seq4680@4,seq105@6,1.0
seq4680@4,seq3317@2,1.0
seq4680@4,seq737@3,1.0
seq4680@4,seq3783@2,1.0
seq4680@4,seq607@7,1.0
seq4680@4,seq5323@2,1.0
seq4680@4,seq2125@5,1.0
seq4680@4,seq7265@2,1.0
seq4680@4,seq461@8,1.0
seq4680@4,seq9919@2,1.0
seq4680@4,seq575@12,1.0
seq4680@4,seq10910@2,1.0
seq4680@4,seq5907@2,1.0
seq4680@4,seq1443@13,1.0
seq4680@4,seq11449@2,1.0
seq4680@4,seq729@20,1.0
seq4680@4,seq11838@2,1.0
seq4680@4,seq2533@7,1.0
seq4680@4,seq12065@2,1.0
seq4680@4,seq454@12,1.0
seq4680@4,seq12252@2,1.0
seq4680@4,seq2394@10,1.0
seq4680@4,seq15220@2,1.0
seq4680@4,seq7417@2,1.0
seq4680@4,seq16007@2,1.0
seq4680@4,seq5264@2,1.0
seq4680@4,seq906@24,1.0
seq4680@4,seq1275@16,1.0
seq4680@4,seq3382@15,1.0
seq4680@4,seq233@10,1.0
seq4680@4,seq3638@10,1.0
seq4680@4,seq4237@10,1.0
seq4680@4,seq1881@9,1.0
seq4680@4,seq3390@7,1.0
seq4680@4,seq354@6,1.0
seq4680@4,seq569@6,1.0
seq4680@4,seq648@4,1.0
seq4680@4,seq6944@4,1.0
seq4680@4,seq3173@3,1.0
seq13919@4,seq4449@12,1.0
seq13919@4,seq4130@15,1.0
seq13919@4,seq1967@5,1.0
seq13919@4,seq2765@7,1.0
seq13919@4,seq2275@5,1.0
seq13919@4,seq362@16,1.0
seq13919@4,seq518@4,1.0
seq13919@4,seq59@11,1.0
seq13919@4,seq2442@4,1.0
seq13919@4,seq2700@12,1.0
seq13919@4,seq1723@3,1.0
seq13919@4,seq5635@4,1.0
seq13919@4,seq3103@3,1.0
seq13919@4,seq245@6,1.0
seq13919@4,seq1374@3,1.0
seq13919@4,seq563@3,1.0
seq13919@4,seq1831@17,1.0
seq13919@4,seq4672@3,1.0
seq13919@4,seq1541@3,1.0
seq13919@4,seq1902@2,1.0
seq13919@4,seq1365@5,1.0
seq13919@4,seq1097@6,0.9642857142857145
seq13919@4,seq1904@2,1.0
seq13919@4,seq105@6,1.0
seq13919@4,seq3317@2,1.0
seq13919@4,seq737@3,1.0
seq13919@4,seq3783@2,1.0
seq13919@4,seq607@7,1.0
seq13919@4,seq5323@2,1.0
seq13919@4,seq2125@5,1.0
seq13919@4,seq7265@2,1.0
seq13919@4,seq461@8,1.0
seq13919@4,seq9919@2,1.0
seq13919@4,seq575@12,1.0
seq13919@4,seq10910@2,1.0
seq13919@4,seq5907@2,1.0
seq13919@4,seq1443@13,1.0
seq13919@4,seq11449@2,1.0
seq13919@4,seq729@20,1.0
seq13919@4,seq11838@2,1.0
seq13919@4,seq2533@7,1.0
seq13919@4,seq12065@2,1.0
seq13919@4,seq454@12,1.0
seq13919@4,seq12252@2,1.0
seq13919@4,seq2394@10,1.0
seq13919@4,seq15220@2,1.0
seq13919@4,seq7417@2,1.0
seq13919@4,seq16007@2,1.0
seq13919@4,seq5264@2,1.0
seq13919@4,seq906@24,1.0
seq13919@4,seq1275@16,1.0
seq13919@4,seq3382@15,1.0
seq13919@4,seq233@10,1.0
seq13919@4,seq3638@10,1.0
seq13919@4,seq4237@10,1.0
seq13919@4,seq1881@9,1.0
seq13919@4,seq3390@7,1.0
seq13919@4,seq354@6,1.0
seq13919@4,seq569@6,1.0
seq13919@4,seq648@4,1.0
seq13919@4,seq6944@4,1.0
seq13919@4,seq3173@3,1.0
seq4449@12,seq4130@15,1.0
seq4449@12,seq1967@5,1.0
seq4449@12,seq2765@7,1.0
seq4449@12,seq2275@5,1.0
seq4449@12,seq362@16,1.0
seq4449@12,seq518@4,1.0
seq4449@12,seq59@11,1.0
seq4449@12,seq2442@4,1.0
seq4449@12,seq2700@12,1.0
seq4449@12,seq1723@3,1.0
seq4449@12,seq5635@4,1.0
seq4449@12,seq3103@3,1.0
seq4449@12,seq245@6,1.0
seq4449@12,seq1374@3,1.0
seq4449@12,seq563@3,1.0
seq4449@12,seq1831@17,1.0
seq4449@12,seq4672@3,1.0
seq4449@12,seq1541@3,1.0
seq4449@12,seq1902@2,1.0
seq4449@12,seq1365@5,1.0
seq4449@12,seq1097@6,0.9642857142857145
seq4449@12,seq1904@2,1.0
seq4449@12,seq105@6,1.0
seq4449@12,seq3317@2,1.0
seq4449@12,seq737@3,1.0
seq4449@12,seq3783@2,1.0
seq4449@12,seq607@7,1.0
seq4449@12,seq5323@2,1.0
seq4449@12,seq2125@5,1.0
seq4449@12,seq7265@2,1.0
seq4449@12,seq461@8,1.0
seq4449@12,seq9919@2,1.0
seq4449@12,seq575@12,1.0
seq4449@12,seq10910@2,1.0
seq4449@12,seq5907@2,1.0
seq4449@12,seq1443@13,1.0
seq4449@12,seq11449@2,1.0
seq4449@12,seq729@20,1.0
seq4449@12,seq11838@2,1.0
seq4449@12,seq2533@7,1.0
seq4449@12,seq12065@2,1.0
seq4449@12,seq454@12,1.0
seq4449@12,seq12252@2,1.0
seq4449@12,seq2394@10,1.0
seq4449@12,seq15220@2,1.0
seq4449@12,seq7417@2,1.0
seq4449@12,seq16007@2,1.0
seq4449@12,seq5264@2,1.0
seq4449@12,seq906@24,1.0
seq4449@12,seq1275@16,1.0
seq4449@12,seq3382@15,1.0
seq4449@12,seq233@10,1.0
seq4449@12,seq3638@10,1.0
seq4449@12,seq4237@10,1.0
seq4449@12,seq1881@9,1.0
seq4449@12,seq3390@7,1.0
seq4449@12,seq354@6,1.0
seq4449@12,seq569@6,1.0
seq4449@12,seq648@4,1.0
seq4449@12,seq6944@4,1.0
seq4449@12,seq3173@3,1.0
seq4130@15,seq1967@5,1.0
seq4130@15,seq2765@7,1.0
seq4130@15,seq2275@5,1.0
seq4130@15,seq362@16,1.0
seq4130@15,seq518@4,1.0
seq4130@15,seq59@11,1.0
seq4130@15,seq2442@4,1.0
seq4130@15,seq2700@12,1.0
seq4130@15,seq1723@3,1.0
seq4130@15,seq5635@4,1.0
seq4130@15,seq3103@3,1.0
seq4130@15,seq245@6,1.0
seq4130@15,seq1374@3,1.0
seq4130@15,seq563@3,1.0
seq4130@15,seq1831@17,1.0
seq4130@15,seq4672@3,1.0
seq4130@15,seq1541@3,1.0
seq4130@15,seq1902@2,1.0
seq4130@15,seq1365@5,1.0
seq4130@15,seq1097@6,0.9642857142857145
seq4130@15,seq1904@2,1.0
seq4130@15,seq105@6,1.0
seq4130@15,seq3317@2,1.0
seq4130@15,seq737@3,1.0
seq4130@15,seq3783@2,1.0
seq4130@15,seq607@7,1.0
seq4130@15,seq5323@2,1.0
seq4130@15,seq2125@5,1.0
seq4130@15,seq7265@2,1.0
seq4130@15,seq461@8,1.0
seq4130@15,seq9919@2,1.0
seq4130@15,seq575@12,1.0
seq4130@15,seq10910@2,1.0
seq4130@15,seq5907@2,1.0
seq4130@15,seq1443@13,1.0
seq4130@15,seq11449@2,1.0
seq4130@15,seq729@20,1.0
seq4130@15,seq11838@2,1.0
seq4130@15,seq2533@7,1.0
seq4130@15,seq12065@2,1.0
seq4130@15,seq454@12,1.0
seq4130@15,seq12252@2,1.0
seq4130@15,seq2394@10,1.0
seq4130@15,seq15220@2,1.0
seq4130@15,seq7417@2,1.0
seq4130@15,seq16007@2,1.0
seq4130@15,seq5264@2,1.0
seq4130@15,seq906@24,1.0
seq4130@15,seq1275@16,1.0
seq4130@15,seq3382@15,1.0
seq4130@15,seq233@10,1.0
seq4130@15,seq3638@10,1.0
seq4130@15,seq4237@10,1.0
seq4130@15,seq1881@9,1.0
seq4130@15,seq3390@7,1.0
seq4130@15,seq354@6,1.0
seq4130@15,seq569@6,1.0
seq4130@15,seq648@4,1.0
seq4130@15,seq6944@4,1.0
seq4130@15,seq3173@3,1.0
seq1967@5,seq2765@7,1.0
seq1967@5,seq2275@5,1.0
seq1967@5,seq362@16,1.0
seq1967@5,seq518@4,1.0
seq1967@5,seq59@11,1.0
seq1967@5,seq2442@4,1.0
seq1967@5,seq2700@12,1.0
seq1967@5,seq1723@3,1.0
seq1967@5,seq5635@4,1.0
seq1967@5,seq3103@3,1.0
seq1967@5,seq245@6,1.0
seq1967@5,seq1374@3,1.0
seq1967@5,seq563@3,1.0
seq1967@5,seq1831@17,1.0
seq1967@5,seq4672@3,1.0
seq1967@5,seq1541@3,1.0
seq1967@5,seq1902@2,1.0
seq1967@5,seq1365@5,1.0
seq1967@5,seq1097@6,0.9642857142857145
seq1967@5,seq1904@2,1.0
seq1967@5,seq105@6,1.0
seq1967@5,seq3317@2,1.0
seq1967@5,seq737@3,1.0
seq1967@5,seq3783@2,1.0
seq1967@5,seq607@7,1.0
seq1967@5,seq5323@2,1.0
seq1967@5,seq2125@5,1.0
seq1967@5,seq7265@2,1.0
seq1967@5,seq461@8,1.0
seq1967@5,seq9919@2,1.0
seq1967@5,seq575@12,1.0
seq1967@5,seq10910@2,1.0
seq1967@5,seq5907@2,1.0
seq1967@5,seq1443@13,1.0
seq1967@5,seq11449@2,1.0
seq1967@5,seq729@20,1.0
seq1967@5,seq11838@2,1.0
seq1967@5,seq2533@7,1.0
seq1967@5,seq12065@2,1.0
seq1967@5,seq454@12,1.0
seq1967@5,seq12252@2,1.0
seq1967@5,seq2394@10,1.0
seq1967@5,seq15220@2,1.0
seq1967@5,seq7417@2,1.0
seq1967@5,seq16007@2,1.0
seq1967@5,seq5264@2,1.0
seq1967@5,seq906@24,1.0
seq1967@5,seq1275@16,1.0
seq1967@5,seq3382@15,1.0
seq1967@5,seq233@10,1.0
seq1967@5,seq3638@10,1.0
seq1967@5,seq4237@10,1.0
seq1967@5,seq1881@9,1.0
seq1967@5,seq3390@7,1.0
seq1967@5,seq354@6,1.0
seq1967@5,seq569@6,1.0
seq1967@5,seq648@4,1.0
seq1967@5,seq6944@4,1.0
seq1967@5,seq3173@3,1.0
seq2765@7,seq2275@5,1.0
seq2765@7,seq362@16,1.0
seq2765@7,seq518@4,1.0
seq2765@7,seq59@11,1.0
seq2765@7,seq2442@4,1.0
seq2765@7,seq2700@12,1.0
seq2765@7,seq1723@3,1.0
seq2765@7,seq5635@4,1.0
seq2765@7,seq3103@3,1.0
seq2765@7,seq245@6,1.0
seq2765@7,seq1374@3,1.0
seq2765@7,seq563@3,1.0
seq2765@7,seq1831@17,1.0
seq2765@7,seq4672@3,1.0
seq2765@7,seq1541@3,1.0
seq2765@7,seq1902@2,1.0
seq2765@7,seq1365@5,1.0
seq2765@7,seq1097@6,0.9642857142857145
seq2765@7,seq1904@2,1.0
seq2765@7,seq105@6,1.0
seq2765@7,seq3317@2,1.0
seq2765@7,seq737@3,1.0
seq2765@7,seq3783@2,1.0
seq2765@7,seq607@7,1.0
seq2765@7,seq5323@2,1.0
seq2765@7,seq2125@5,1.0
seq2765@7,seq7265@2,1.0
seq2765@7,seq461@8,1.0
seq2765@7,seq9919@2,1.0
seq2765@7,seq575@12,1.0
seq2765@7,seq10910@2,1.0
seq2765@7,seq5907@2,1.0
seq2765@7,seq1443@13,1.0
seq2765@7,seq11449@2,1.0
seq2765@7,seq729@20,1.0
seq2765@7,seq11838@2,1.0
seq2765@7,seq2533@7,1.0
seq2765@7,seq12065@2,1.0
seq2765@7,seq454@12,1.0
seq2765@7,seq12252@2,1.0
seq2765@7,seq2394@10,1.0
seq2765@7,seq15220@2,1.0
seq2765@7,seq7417@2,1.0
seq2765@7,seq16007@2,1.0
seq2765@7,seq5264@2,1.0
seq2765@7,seq906@24,1.0
seq2765@7,seq1275@16,1.0
seq2765@7,seq3382@15,1.0
seq2765@7,seq233@10,1.0
seq2765@7,seq3638@10,1.0
seq2765@7,seq4237@10,1.0
seq2765@7,seq1881@9,1.0
seq2765@7,seq3390@7,1.0
seq2765@7,seq354@6,1.0
seq2765@7,seq569@6,1.0
seq2765@7,seq648@4,1.0
seq2765@7,seq6944@4,1.0
seq2765@7,seq3173@3,1.0
seq2275@5,seq362@16,1.0
seq2275@5,seq518@4,1.0
seq2275@5,seq59@11,1.0
seq2275@5,seq2442@4,1.0
seq2275@5,seq2700@12,1.0
seq2275@5,seq1723@3,1.0
seq2275@5,seq5635@4,1.0
seq2275@5,seq3103@3,1.0
seq2275@5,seq245@6,1.0
seq2275@5,seq1374@3,1.0
seq2275@5,seq563@3,1.0
seq2275@5,seq1831@17,1.0
seq2275@5,seq4672@3,1.0
seq2275@5,seq1541@3,1.0
seq2275@5,seq1902@2,1.0
seq2275@5,seq1365@5,1.0
seq2275@5,seq1097@6,0.9642857142857145
seq2275@5,seq1904@2,1.0
seq2275@5,seq105@6,1.0
seq2275@5,seq3317@2,1.0
seq2275@5,seq737@3,1.0
seq2275@5,seq3783@2,1.0
seq2275@5,seq607@7,1.0
seq2275@5,seq5323@2,1.0
seq2275@5,seq2125@5,1.0
seq2275@5,seq7265@2,1.0
seq2275@5,seq461@8,1.0
seq2275@5,seq9919@2,1.0
seq2275@5,seq575@12,1.0
seq2275@5,seq10910@2,1.0
seq2275@5,seq5907@2,1.0
seq2275@5,seq1443@13,1.0
seq2275@5,seq11449@2,1.0
seq2275@5,seq729@20,1.0
seq2275@5,seq11838@2,1.0
seq2275@5,seq2533@7,1.0
seq2275@5,seq12065@2,1.0
seq2275@5,seq454@12,1.0
seq2275@5,seq12252@2,1.0
seq2275@5,seq2394@10,1.0
seq2275@5,seq15220@2,1.0
seq2275@5,seq7417@2,1.0
seq2275@5,seq16007@2,1.0
seq2275@5,seq5264@2,1.0
seq2275@5,seq906@24,1.0
seq2275@5,seq1275@16,1.0
seq2275@5,seq3382@15,1.0
seq2275@5,seq233@10,1.0
seq2275@5,seq3638@10,1.0
seq2275@5,seq4237@10,1.0
seq2275@5,seq1881@9,1.0
seq2275@5,seq3390@7,1.0
seq2275@5,seq354@6,1.0
seq2275@5,seq569@6,1.0
seq2275@5,seq648@4,1.0
seq2275@5,seq6944@4,1.0
seq2275@5,seq3173@3,1.0
seq362@16,seq518@4,1.0
seq362@16,seq59@11,1.0
seq362@16,seq2442@4,1.0
seq362@16,seq2700@12,1.0
seq362@16,seq1723@3,1.0
seq362@16,seq5635@4,1.0
seq362@16,seq3103@3,1.0
seq362@16,seq245@6,1.0
seq362@16,seq1374@3,1.0
seq362@16,seq563@3,1.0
seq362@16,seq1831@17,1.0
seq362@16,seq4672@3,1.0
seq362@16,seq1541@3,1.0
seq362@16,seq1902@2,1.0
seq362@16,seq1365@5,1.0
seq362@16,seq1097@6,0.9642857142857145
seq362@16,seq1904@2,1.0
seq362@16,seq105@6,1.0
seq362@16,seq3317@2,1.0
seq362@16,seq737@3,1.0
seq362@16,seq3783@2,1.0
seq362@16,seq607@7,1.0
seq362@16,seq5323@2,1.0
seq362@16,seq2125@5,1.0
seq362@16,seq7265@2,1.0
seq362@16,seq461@8,1.0
seq362@16,seq9919@2,1.0
seq362@16,seq575@12,1.0
seq362@16,seq10910@2,1.0
seq362@16,seq5907@2,1.0
seq362@16,seq1443@13,1.0
seq362@16,seq11449@2,1.0
seq362@16,seq729@20,1.0
seq362@16,seq11838@2,1.0
seq362@16,seq2533@7,1.0
seq362@16,seq12065@2,1.0
seq362@16,seq454@12,1.0
seq362@16,seq12252@2,1.0
seq362@16,seq2394@10,1.0
seq362@16,seq15220@2,1.0
seq362@16,seq7417@2,1.0
seq362@16,seq16007@2,1.0
seq362@16,seq5264@2,1.0
seq362@16,seq906@24,1.0
seq362@16,seq1275@16,1.0
seq362@16,seq3382@15,1.0
seq362@16,seq233@10,1.0
seq362@16,seq3638@10,1.0
seq362@16,seq4237@10,1.0
seq362@16,seq1881@9,1.0
seq362@16,seq3390@7,1.0
seq362@16,seq354@6,1.0
seq362@16,seq569@6,1.0
seq362@16,seq648@4,1.0
seq362@16,seq6944@4,1.0
seq362@16,seq3173@3,1.0
seq518@4,seq59@11,1.0
seq518@4,seq2442@4,1.0
seq518@4,seq2700@12,1.0
seq518@4,seq1723@3,1.0
seq518@4,seq5635@4,1.0
seq518@4,seq3103@3,1.0
seq518@4,seq245@6,1.0
seq518@4,seq1374@3,1.0
seq518@4,seq563@3,1.0
seq518@4,seq1831@17,1.0
seq518@4,seq4672@3,1.0
seq518@4,seq1541@3,1.0
seq518@4,seq1902@2,1.0
seq518@4,seq1365@5,1.0
seq518@4,seq1097@6,0.9642857142857145
seq518@4,seq1904@2,1.0
seq518@4,seq105@6,1.0
seq518@4,seq3317@2,1.0
seq518@4,seq737@3,1.0
seq518@4,seq3783@2,1.0
seq518@4,seq607@7,1.0
seq518@4,seq5323@2,1.0
seq518@4,seq2125@5,1.0
seq518@4,seq7265@2,1.0
seq518@4,seq461@8,1.0
seq518@4,seq9919@2,1.0
seq518@4,seq575@12,1.0
seq518@4,seq10910@2,1.0
seq518@4,seq5907@2,1.0
seq518@4,seq1443@13,1.0
seq518@4,seq11449@2,1.0
seq518@4,seq729@20,1.0
seq518@4,seq11838@2,1.0
seq518@4,seq2533@7,1.0
seq518@4,seq12065@2,1.0
seq518@4,seq454@12,1.0
seq518@4,seq12252@2,1.0
seq518@4,seq2394@10,1.0
seq518@4,seq15220@2,1.0
seq518@4,seq7417@2,1.0
seq518@4,seq16007@2,1.0
seq518@4,seq5264@2,1.0
seq518@4,seq906@24,1.0
seq518@4,seq1275@16,1.0
seq518@4,seq3382@15,1.0
seq518@4,seq233@10,1.0
seq518@4,seq3638@10,1.0
seq518@4,seq4237@10,1.0
seq518@4,seq1881@9,1.0
seq518@4,seq3390@7,1.0
seq518@4,seq354@6,1.0
seq518@4,seq569@6,1.0
seq518@4,seq648@4,1.0
seq518@4,seq6944@4,1.0
seq518@4,seq3173@3,1.0
seq59@11,seq2442@4,1.0
seq59@11,seq2700@12,1.0
seq59@11,seq1723@3,1.0
seq59@11,seq5635@4,1.0
seq59@11,seq3103@3,1.0
seq59@11,seq245@6,1.0
seq59@11,seq1374@3,1.0
seq59@11,seq563@3,1.0
seq59@11,seq1831@17,1.0
seq59@11,seq4672@3,1.0
seq59@11,seq1541@3,1.0
seq59@11,seq1902@2,1.0
seq59@11,seq1365@5,1.0
seq59@11,seq1097@6,0.9642857142857145
seq59@11,seq1904@2,1.0
seq59@11,seq105@6,1.0
seq59@11,seq3317@2,1.0
seq59@11,seq737@3,1.0
seq59@11,seq3783@2,1.0
seq59@11,seq607@7,1.0
seq59@11,seq5323@2,1.0
seq59@11,seq2125@5,1.0
seq59@11,seq7265@2,1.0
seq59@11,seq461@8,1.0
seq59@11,seq9919@2,1.0
seq59@11,seq575@12,1.0
seq59@11,seq10910@2,1.0
seq59@11,seq5907@2,1.0
seq59@11,seq1443@13,1.0
seq59@11,seq11449@2,1.0
seq59@11,seq729@20,1.0
seq59@11,seq11838@2,1.0
seq59@11,seq2533@7,1.0
seq59@11,seq12065@2,1.0
seq59@11,seq454@12,1.0
seq59@11,seq12252@2,1.0
seq59@11,seq2394@10,1.0
seq59@11,seq15220@2,1.0
seq59@11,seq7417@2,1.0
seq59@11,seq16007@2,1.0
seq59@11,seq5264@2,1.0
seq59@11,seq906@24,1.0
seq59@11,seq1275@16,1.0
seq59@11,seq3382@15,1.0
seq59@11,seq233@10,1.0
seq59@11,seq3638@10,1.0
seq59@11,seq4237@10,1.0
seq59@11,seq1881@9,1.0
seq59@11,seq3390@7,1.0
seq59@11,seq354@6,1.0
seq59@11,seq569@6,1.0
seq59@11,seq648@4,1.0
seq59@11,seq6944@4,1.0
seq59@11,seq3173@3,1.0
seq2442@4,seq2700@12,1.0
seq2442@4,seq1723@3,1.0
seq2442@4,seq5635@4,1.0
seq2442@4,seq3103@3,1.0
seq2442@4,seq245@6,1.0
seq2442@4,seq1374@3,1.0
seq2442@4,seq563@3,1.0
seq2442@4,seq1831@17,1.0
seq2442@4,seq4672@3,1.0
seq2442@4,seq1541@3,1.0
seq2442@4,seq1902@2,1.0
seq2442@4,seq1365@5,1.0
seq2442@4,seq1097@6,0.9642857142857145
seq2442@4,seq1904@2,1.0
seq2442@4,seq105@6,1.0
seq2442@4,seq3317@2,1.0
seq2442@4,seq737@3,1.0
seq2442@4,seq3783@2,1.0
seq2442@4,seq607@7,1.0
seq2442@4,seq5323@2,1.0
seq2442@4,seq2125@5,1.0
seq2442@4,seq7265@2,1.0
seq2442@4,seq461@8,1.0
seq2442@4,seq9919@2,1.0
seq2442@4,seq575@12,1.0
seq2442@4,seq10910@2,1.0
seq2442@4,seq5907@2,1.0
seq2442@4,seq1443@13,1.0
seq2442@4,seq11449@2,1.0
seq2442@4,seq729@20,1.0
seq2442@4,seq11838@2,1.0
seq2442@4,seq2533@7,1.0
seq2442@4,seq12065@2,1.0
seq2442@4,seq454@12,1.0
seq2442@4,seq12252@2,1.0
seq2442@4,seq2394@10,1.0
seq2442@4,seq15220@2,1.0
seq2442@4,seq7417@2,1.0
seq2442@4,seq16007@2,1.0
seq2442@4,seq5264@2,1.0
seq2442@4,seq906@24,1.0
seq2442@4,seq1275@16,1.0
seq2442@4,seq3382@15,1.0
seq2442@4,seq233@10,1.0
seq2442@4,seq3638@10,1.0
seq2442@4,seq4237@10,1.0
seq2442@4,seq1881@9,1.0
seq2442@4,seq3390@7,1.0
seq2442@4,seq354@6,1.0
seq2442@4,seq569@6,1.0
seq2442@4,seq648@4,1.0
seq2442@4,seq6944@4,1.0
seq2442@4,seq3173@3,1.0
seq2700@12,seq1723@3,1.0
seq2700@12,seq5635@4,1.0
seq2700@12,seq3103@3,1.0
seq2700@12,seq245@6,1.0
seq2700@12,seq1374@3,1.0
seq2700@12,seq563@3,1.0
seq2700@12,seq1831@17,1.0
seq2700@12,seq4672@3,1.0
seq2700@12,seq1541@3,1.0
seq2700@12,seq1902@2,1.0
seq2700@12,seq1365@5,1.0
seq2700@12,seq1097@6,0.9642857142857145
seq2700@12,seq1904@2,1.0
seq2700@12,seq105@6,1.0
seq2700@12,seq3317@2,1.0
seq2700@12,seq737@3,1.0
seq2700@12,seq3783@2,1.0
seq2700@12,seq607@7,1.0
seq2700@12,seq5323@2,1.0
seq2700@12,seq2125@5,1.0
seq2700@12,seq7265@2,1.0
seq2700@12,seq461@8,1.0
seq2700@12,seq9919@2,1.0
seq2700@12,seq575@12,1.0
seq2700@12,seq10910@2,1.0
seq2700@12,seq5907@2,1.0
seq2700@12,seq1443@13,1.0
seq2700@12,seq11449@2,1.0
seq2700@12,seq729@20,1.0
seq2700@12,seq11838@2,1.0
seq2700@12,seq2533@7,1.0
seq2700@12,seq12065@2,1.0
seq2700@12,seq454@12,1.0
seq2700@12,seq12252@2,1.0
seq2700@12,seq2394@10,1.0
seq2700@12,seq15220@2,1.0
seq2700@12,seq7417@2,1.0
seq2700@12,seq16007@2,1.0
seq2700@12,seq5264@2,1.0
seq2700@12,seq906@24,1.0
seq2700@12,seq1275@16,1.0
seq2700@12,seq3382@15,1.0
seq2700@12,seq233@10,1.0
seq2700@12,seq3638@10,1.0
seq2700@12,seq4237@10,1.0
seq2700@12,seq1881@9,1.0
seq2700@12,seq3390@7,1.0
seq2700@12,seq354@6,1.0
seq2700@12,seq569@6,1.0
seq2700@12,seq648@4,1.0
seq2700@12,seq6944@4,1.0
seq2700@12,seq3173@3,1.0
seq1723@3,seq5635@4,1.0
seq1723@3,seq3103@3,1.0
seq1723@3,seq245@6,1.0
seq1723@3,seq1374@3,1.0
seq1723@3,seq563@3,1.0
seq1723@3,seq1831@17,1.0
seq1723@3,seq4672@3,1.0
seq1723@3,seq1541@3,1.0
seq1723@3,seq1902@2,1.0
seq1723@3,seq1365@5,1.0
seq1723@3,seq1097@6,0.9642857142857145
seq1723@3,seq1904@2,1.0
seq1723@3,seq105@6,1.0
seq1723@3,seq3317@2,1.0
seq1723@3,seq737@3,1.0
seq1723@3,seq3783@2,1.0
seq1723@3,seq607@7,1.0
seq1723@3,seq5323@2,1.0
seq1723@3,seq2125@5,1.0
seq1723@3,seq7265@2,1.0
seq1723@3,seq461@8,1.0
seq1723@3,seq9919@2,1.0
seq1723@3,seq575@12,1.0
seq1723@3,seq10910@2,1.0
seq1723@3,seq5907@2,1.0
seq1723@3,seq1443@13,1.0
seq1723@3,seq11449@2,1.0
seq1723@3,seq729@20,1.0
seq1723@3,seq11838@2,1.0
seq1723@3,seq2533@7,1.0
seq1723@3,seq12065@2,1.0
seq1723@3,seq454@12,1.0
seq1723@3,seq12252@2,1.0
seq1723@3,seq2394@10,1.0
seq1723@3,seq15220@2,1.0
seq1723@3,seq7417@2,1.0
seq1723@3,seq16007@2,1.0
seq1723@3,seq5264@2,1.0
seq1723@3,seq906@24,1.0
seq1723@3,seq1275@16,1.0
seq1723@3,seq3382@15,1.0
seq1723@3,seq233@10,1.0
seq1723@3,seq3638@10,1.0
seq1723@3,seq4237@10,1.0
seq1723@3,seq1881@9,1.0
seq1723@3,seq3390@7,1.0
seq1723@3,seq354@6,1.0
seq1723@3,seq569@6,1.0
seq1723@3,seq648@4,1.0
seq1723@3,seq6944@4,1.0
seq1723@3,seq3173@3,1.0
seq5635@4,seq3103@3,1.0
seq5635@4,seq245@6,1.0
seq5635@4,seq1374@3,1.0
seq5635@4,seq563@3,1.0
seq5635@4,seq1831@17,1.0
seq5635@4,seq4672@3,1.0
seq5635@4,seq1541@3,1.0
seq5635@4,seq1902@2,1.0
seq5635@4,seq1365@5,1.0
seq5635@4,seq1097@6,0.9642857142857145
seq5635@4,seq1904@2,1.0
seq5635@4,seq105@6,1.0
seq5635@4,seq3317@2,1.0
seq5635@4,seq737@3,1.0
seq5635@4,seq3783@2,1.0
seq5635@4,seq607@7,1.0
seq5635@4,seq5323@2,1.0
seq5635@4,seq2125@5,1.0
seq5635@4,seq7265@2,1.0
seq5635@4,seq461@8,1.0
seq5635@4,seq9919@2,1.0
seq5635@4,seq575@12,1.0
seq5635@4,seq10910@2,1.0
seq5635@4,seq5907@2,1.0
seq5635@4,seq1443@13,1.0
seq5635@4,seq11449@2,1.0
seq5635@4,seq729@20,1.0
seq5635@4,seq11838@2,1.0
seq5635@4,seq2533@7,1.0
seq5635@4,seq12065@2,1.0
seq5635@4,seq454@12,1.0
seq5635@4,seq12252@2,1.0
seq5635@4,seq2394@10,1.0
seq5635@4,seq15220@2,1.0
seq5635@4,seq7417@2,1.0
seq5635@4,seq16007@2,1.0
seq5635@4,seq5264@2,1.0
seq5635@4,seq906@24,1.0
seq5635@4,seq1275@16,1.0
seq5635@4,seq3382@15,1.0
seq5635@4,seq233@10,1.0
seq5635@4,seq3638@10,1.0
seq5635@4,seq4237@10,1.0
seq5635@4,seq1881@9,1.0
seq5635@4,seq3390@7,1.0
seq5635@4,seq354@6,1.0
seq5635@4,seq569@6,1.0
seq5635@4,seq648@4,1.0
seq5635@4,seq6944@4,1.0
seq5635@4,seq3173@3,1.0
seq3103@3,seq245@6,1.0
seq3103@3,seq1374@3,1.0
seq3103@3,seq563@3,1.0
seq3103@3,seq1831@17,1.0
seq3103@3,seq4672@3,1.0
seq3103@3,seq1541@3,1.0
seq3103@3,seq1902@2,1.0
seq3103@3,seq1365@5,1.0
seq3103@3,seq1097@6,0.9642857142857145
seq3103@3,seq1904@2,1.0
seq3103@3,seq105@6,1.0
seq3103@3,seq3317@2,1.0
seq3103@3,seq737@3,1.0
seq3103@3,seq3783@2,1.0
seq3103@3,seq607@7,1.0
seq3103@3,seq5323@2,1.0
seq3103@3,seq2125@5,1.0
seq3103@3,seq7265@2,1.0
seq3103@3,seq461@8,1.0
seq3103@3,seq9919@2,1.0
seq3103@3,seq575@12,1.0
seq3103@3,seq10910@2,1.0
seq3103@3,seq5907@2,1.0
seq3103@3,seq1443@13,1.0
seq3103@3,seq11449@2,1.0
seq3103@3,seq729@20,1.0
seq3103@3,seq11838@2,1.0
seq3103@3,seq2533@7,1.0
seq3103@3,seq12065@2,1.0
seq3103@3,seq454@12,1.0
seq3103@3,seq12252@2,1.0
seq3103@3,seq2394@10,1.0
seq3103@3,seq15220@2,1.0
seq3103@3,seq7417@2,1.0
seq3103@3,seq16007@2,1.0
seq3103@3,seq5264@2,1.0
seq3103@3,seq906@24,1.0
seq3103@3,seq1275@16,1.0
seq3103@3,seq3382@15,1.0
seq3103@3,seq233@10,1.0
seq3103@3,seq3638@10,1.0
seq3103@3,seq4237@10,1.0
seq3103@3,seq1881@9,1.0
seq3103@3,seq3390@7,1.0
seq3103@3,seq354@6,1.0
seq3103@3,seq569@6,1.0
seq3103@3,seq648@4,1.0
seq3103@3,seq6944@4,1.0
seq3103@3,seq3173@3,1.0
seq245@6,seq1374@3,1.0
seq245@6,seq563@3,1.0
seq245@6,seq1831@17,1.0
seq245@6,seq4672@3,1.0
seq245@6,seq1541@3,1.0
seq245@6,seq1902@2,1.0
seq245@6,seq1365@5,1.0
seq245@6,seq1097@6,0.9642857142857145
seq245@6,seq1904@2,1.0
seq245@6,seq105@6,1.0
seq245@6,seq3317@2,1.0
seq245@6,seq737@3,1.0
seq245@6,seq3783@2,1.0
seq245@6,seq607@7,1.0
seq245@6,seq5323@2,1.0
seq245@6,seq2125@5,1.0
seq245@6,seq7265@2,1.0
seq245@6,seq461@8,1.0
seq245@6,seq9919@2,1.0
seq245@6,seq575@12,1.0
seq245@6,seq10910@2,1.0
seq245@6,seq5907@2,1.0
seq245@6,seq1443@13,1.0
seq245@6,seq11449@2,1.0
seq245@6,seq729@20,1.0
seq245@6,seq11838@2,1.0
seq245@6,seq2533@7,1.0
seq245@6,seq12065@2,1.0
seq245@6,seq454@12,1.0
seq245@6,seq12252@2,1.0
seq245@6,seq2394@10,1.0
seq245@6,seq15220@2,1.0
seq245@6,seq7417@2,1.0
seq245@6,seq16007@2,1.0
seq245@6,seq5264@2,1.0
seq245@6,seq906@24,1.0
seq245@6,seq1275@16,1.0
seq245@6,seq3382@15,1.0
seq245@6,seq233@10,1.0
seq245@6,seq3638@10,1.0
seq245@6,seq4237@10,1.0
seq245@6,seq1881@9,1.0
seq245@6,seq3390@7,1.0
seq245@6,seq354@6,1.0
seq245@6,seq569@6,1.0
seq245@6,seq648@4,1.0
seq245@6,seq6944@4,1.0
seq245@6,seq3173@3,1.0
seq1374@3,seq563@3,1.0
seq1374@3,seq1831@17,1.0
seq1374@3,seq4672@3,1.0
seq1374@3,seq1541@3,1.0
seq1374@3,seq1902@2,1.0
seq1374@3,seq1365@5,1.0
seq1374@3,seq1097@6,0.9642857142857145
seq1374@3,seq1904@2,1.0
seq1374@3,seq105@6,1.0
seq1374@3,seq3317@2,1.0
seq1374@3,seq737@3,1.0
seq1374@3,seq3783@2,1.0
seq1374@3,seq607@7,1.0
seq1374@3,seq5323@2,1.0
seq1374@3,seq2125@5,1.0
seq1374@3,seq7265@2,1.0
seq1374@3,seq461@8,1.0
seq1374@3,seq9919@2,1.0
seq1374@3,seq575@12,1.0
seq1374@3,seq10910@2,1.0
seq1374@3,seq5907@2,1.0
seq1374@3,seq1443@13,1.0
seq1374@3,seq11449@2,1.0
seq1374@3,seq729@20,1.0
seq1374@3,seq11838@2,1.0
seq1374@3,seq2533@7,1.0
seq1374@3,seq12065@2,1.0
seq1374@3,seq454@12,1.0
seq1374@3,seq12252@2,1.0
seq1374@3,seq2394@10,1.0
seq1374@3,seq15220@2,1.0
seq1374@3,seq7417@2,1.0
seq1374@3,seq16007@2,1.0
seq1374@3,seq5264@2,1.0
seq1374@3,seq906@24,1.0
seq1374@3,seq1275@16,1.0
seq1374@3,seq3382@15,1.0
seq1374@3,seq233@10,1.0
seq1374@3,seq3638@10,1.0
seq1374@3,seq4237@10,1.0
seq1374@3,seq1881@9,1.0
seq1374@3,seq3390@7,1.0
seq1374@3,seq354@6,1.0
seq1374@3,seq569@6,1.0
seq1374@3,seq648@4,1.0
seq1374@3,seq6944@4,1.0
seq1374@3,seq3173@3,1.0
seq563@3,seq1831@17,1.0
seq563@3,seq4672@3,1.0
seq563@3,seq1541@3,1.0
seq563@3,seq1902@2,1.0
seq563@3,seq1365@5,1.0
seq563@3,seq1097@6,0.9642857142857145
seq563@3,seq1904@2,1.0
seq563@3,seq105@6,1.0
seq563@3,seq3317@2,1.0
seq563@3,seq737@3,1.0
seq563@3,seq3783@2,1.0
seq563@3,seq607@7,1.0
seq563@3,seq5323@2,1.0
seq563@3,seq2125@5,1.0
seq563@3,seq7265@2,1.0
seq563@3,seq461@8,1.0
seq563@3,seq9919@2,1.0
seq563@3,seq575@12,1.0
seq563@3,seq10910@2,1.0
seq563@3,seq5907@2,1.0
seq563@3,seq1443@13,1.0
seq563@3,seq11449@2,1.0
seq563@3,seq729@20,1.0
seq563@3,seq11838@2,1.0
seq563@3,seq2533@7,1.0
seq563@3,seq12065@2,1.0
seq563@3,seq454@12,1.0
seq563@3,seq12252@2,1.0
seq563@3,seq2394@10,1.0
seq563@3,seq15220@2,1.0
seq563@3,seq7417@2,1.0
seq563@3,seq16007@2,1.0
seq563@3,seq5264@2,1.0
seq563@3,seq906@24,1.0
seq563@3,seq1275@16,1.0
seq563@3,seq3382@15,1.0
seq563@3,seq233@10,1.0
seq563@3,seq3638@10,1.0
seq563@3,seq4237@10,1.0
seq563@3,seq1881@9,1.0
seq563@3,seq3390@7,1.0
seq563@3,seq354@6,1.0
seq563@3,seq569@6,1.0
seq563@3,seq648@4,1.0
seq563@3,seq6944@4,1.0
seq563@3,seq3173@3,1.0
seq1831@17,seq4672@3,1.0
seq1831@17,seq1541@3,1.0
seq1831@17,seq1902@2,1.0
seq1831@17,seq1365@5,1.0
seq1831@17,seq1097@6,0.9642857142857145
seq1831@17,seq1904@2,1.0
seq1831@17,seq105@6,1.0
seq1831@17,seq3317@2,1.0
seq1831@17,seq737@3,1.0
seq1831@17,seq3783@2,1.0
seq1831@17,seq607@7,1.0
seq1831@17,seq5323@2,1.0
seq1831@17,seq2125@5,1.0
seq1831@17,seq7265@2,1.0
seq1831@17,seq461@8,1.0
seq1831@17,seq9919@2,1.0
seq1831@17,seq575@12,1.0
seq1831@17,seq10910@2,1.0
seq1831@17,seq5907@2,1.0
seq1831@17,seq1443@13,1.0
seq1831@17,seq11449@2,1.0
seq1831@17,seq729@20,1.0
seq1831@17,seq11838@2,1.0
seq1831@17,seq2533@7,1.0
seq1831@17,seq12065@2,1.0
seq1831@17,seq454@12,1.0
seq1831@17,seq12252@2,1.0
seq1831@17,seq2394@10,1.0
seq1831@17,seq15220@2,1.0
seq1831@17,seq7417@2,1.0
seq1831@17,seq16007@2,1.0
seq1831@17,seq5264@2,1.0
seq1831@17,seq906@24,1.0
seq1831@17,seq1275@16,1.0
seq1831@17,seq3382@15,1.0
seq1831@17,seq233@10,1.0
seq1831@17,seq3638@10,1.0
seq1831@17,seq4237@10,1.0
seq1831@17,seq1881@9,1.0
seq1831@17,seq3390@7,1.0
seq1831@17,seq354@6,1.0
seq1831@17,seq569@6,1.0
seq1831@17,seq648@4,1.0
seq1831@17,seq6944@4,1.0
seq1831@17,seq3173@3,1.0
seq4672@3,seq1541@3,1.0
seq4672@3,seq1902@2,1.0
seq4672@3,seq1365@5,1.0
seq4672@3,seq1097@6,0.9642857142857145
seq4672@3,seq1904@2,1.0
seq4672@3,seq105@6,1.0
seq4672@3,seq3317@2,1.0
seq4672@3,seq737@3,1.0
seq4672@3,seq3783@2,1.0
seq4672@3,seq607@7,1.0
seq4672@3,seq5323@2,1.0
seq4672@3,seq2125@5,1.0
seq4672@3,seq7265@2,1.0
seq4672@3,seq461@8,1.0
seq4672@3,seq9919@2,1.0
seq4672@3,seq575@12,1.0
seq4672@3,seq10910@2,1.0
seq4672@3,seq5907@2,1.0
seq4672@3,seq1443@13,1.0
seq4672@3,seq11449@2,1.0
seq4672@3,seq729@20,1.0
seq4672@3,seq11838@2,1.0
seq4672@3,seq2533@7,1.0
seq4672@3,seq12065@2,1.0
seq4672@3,seq454@12,1.0
seq4672@3,seq12252@2,1.0
seq4672@3,seq2394@10,1.0
seq4672@3,seq15220@2,1.0
seq4672@3,seq7417@2,1.0
seq4672@3,seq16007@2,1.0
seq4672@3,seq5264@2,1.0
seq4672@3,seq906@24,1.0
seq4672@3,seq1275@16,1.0
seq4672@3,seq3382@15,1.0
seq4672@3,seq233@10,1.0
seq4672@3,seq3638@10,1.0
seq4672@3,seq4237@10,1.0
seq4672@3,seq1881@9,1.0
seq4672@3,seq3390@7,1.0
seq4672@3,seq354@6,1.0
seq4672@3,seq569@6,1.0
seq4672@3,seq648@4,1.0
seq4672@3,seq6944@4,1.0
seq4672@3,seq3173@3,1.0
seq1541@3,seq1902@2,1.0
seq1541@3,seq1365@5,1.0
seq1541@3,seq1097@6,0.9642857142857145
seq1541@3,seq1904@2,1.0
seq1541@3,seq105@6,1.0
seq1541@3,seq3317@2,1.0
seq1541@3,seq737@3,1.0
seq1541@3,seq3783@2,1.0
seq1541@3,seq607@7,1.0
seq1541@3,seq5323@2,1.0
seq1541@3,seq2125@5,1.0
seq1541@3,seq7265@2,1.0
seq1541@3,seq461@8,1.0
seq1541@3,seq9919@2,1.0
seq1541@3,seq575@12,1.0
seq1541@3,seq10910@2,1.0
seq1541@3,seq5907@2,1.0
seq1541@3,seq1443@13,1.0
seq1541@3,seq11449@2,1.0
seq1541@3,seq729@20,1.0
seq1541@3,seq11838@2,1.0
seq1541@3,seq2533@7,1.0
seq1541@3,seq12065@2,1.0
seq1541@3,seq454@12,1.0
seq1541@3,seq12252@2,1.0
seq1541@3,seq2394@10,1.0
seq1541@3,seq15220@2,1.0
seq1541@3,seq7417@2,1.0
seq1541@3,seq16007@2,1.0
seq1541@3,seq5264@2,1.0
seq1541@3,seq906@24,1.0
seq1541@3,seq1275@16,1.0
seq1541@3,seq3382@15,1.0
seq1541@3,seq233@10,1.0
seq1541@3,seq3638@10,1.0
seq1541@3,seq4237@10,1.0
seq1541@3,seq1881@9,1.0
seq1541@3,seq3390@7,1.0
seq1541@3,seq354@6,1.0
seq1541@3,seq569@6,1.0
seq1541@3,seq648@4,1.0
seq1541@3,seq6944@4,1.0
seq1541@3,seq3173@3,1.0
seq1902@2,seq1365@5,1.0
seq1902@2,seq1097@6,0.9642857142857145
seq1902@2,seq1904@2,1.0
seq1902@2,seq105@6,1.0
seq1902@2,seq3317@2,1.0
seq1902@2,seq737@3,1.0
seq1902@2,seq3783@2,1.0
seq1902@2,seq607@7,1.0
seq1902@2,seq5323@2,1.0
seq1902@2,seq2125@5,1.0
seq1902@2,seq7265@2,1.0
seq1902@2,seq461@8,1.0
seq1902@2,seq9919@2,1.0
seq1902@2,seq575@12,1.0
seq1902@2,seq10910@2,1.0
seq1902@2,seq5907@2,1.0
seq1902@2,seq1443@13,1.0
seq1902@2,seq11449@2,1.0
seq1902@2,seq729@20,1.0
seq1902@2,seq11838@2,1.0
seq1902@2,seq2533@7,1.0
seq1902@2,seq12065@2,1.0
seq1902@2,seq454@12,1.0
seq1902@2,seq12252@2,1.0
seq1902@2,seq2394@10,1.0
seq1902@2,seq15220@2,1.0
seq1902@2,seq7417@2,1.0
seq1902@2,seq16007@2,1.0
seq1902@2,seq5264@2,1.0
seq1902@2,seq906@24,1.0
seq1902@2,seq1275@16,1.0
seq1902@2,seq3382@15,1.0
seq1902@2,seq233@10,1.0
seq1902@2,seq3638@10,1.0
seq1902@2,seq4237@10,1.0
seq1902@2,seq1881@9,1.0
seq1902@2,seq3390@7,1.0
seq1902@2,seq354@6,1.0
seq1902@2,seq569@6,1.0
seq1902@2,seq648@4,1.0
seq1902@2,seq6944@4,1.0
seq1902@2,seq3173@3,1.0
seq1365@5,seq1097@6,0.9642857142857145
seq1365@5,seq1904@2,1.0
seq1365@5,seq105@6,1.0
seq1365@5,seq3317@2,1.0
seq1365@5,seq737@3,1.0
seq1365@5,seq3783@2,1.0
seq1365@5,seq607@7,1.0
seq1365@5,seq5323@2,1.0
seq1365@5,seq2125@5,1.0
seq1365@5,seq7265@2,1.0
seq1365@5,seq461@8,1.0
seq1365@5,seq9919@2,1.0
seq1365@5,seq575@12,1.0
seq1365@5,seq10910@2,1.0
seq1365@5,seq5907@2,1.0
seq1365@5,seq1443@13,1.0
seq1365@5,seq11449@2,1.0
seq1365@5,seq729@20,1.0
seq1365@5,seq11838@2,1.0
seq1365@5,seq2533@7,1.0
seq1365@5,seq12065@2,1.0
seq1365@5,seq454@12,1.0
seq1365@5,seq12252@2,1.0
seq1365@5,seq2394@10,1.0
seq1365@5,seq15220@2,1.0
seq1365@5,seq7417@2,1.0
seq1365@5,seq16007@2,1.0
seq1365@5,seq5264@2,1.0
seq1365@5,seq906@24,1.0
seq1365@5,seq1275@16,1.0
seq1365@5,seq3382@15,1.0
seq1365@5,seq233@10,1.0
seq1365@5,seq3638@10,1.0
seq1365@5,seq4237@10,1.0
seq1365@5,seq1881@9,1.0
seq1365@5,seq3390@7,1.0
seq1365@5,seq354@6,1.0
seq1365@5,seq569@6,1.0
seq1365@5,seq648@4,1.0
seq1365@5,seq6944@4,1.0
seq1365@5,seq3173@3,1.0
seq1097@6,seq1904@2,0.9642857142857145
seq1097@6,seq105@6,0.9642857142857145
seq1097@6,seq3317@2,0.9642857142857145
seq1097@6,seq737@3,0.9642857142857145
seq1097@6,seq3783@2,0.9642857142857145
seq1097@6,seq607@7,0.9642857142857145
seq1097@6,seq5323@2,0.9642857142857145
seq1097@6,seq2125@5,0.9642857142857145
seq1097@6,seq7265@2,0.9642857142857145
seq1097@6,seq461@8,0.9642857142857145
seq1097@6,seq9919@2,0.9642857142857145
seq1097@6,seq575@12,0.9642857142857145
seq1097@6,seq10910@2,0.9642857142857145
seq1097@6,seq5907@2,0.9642857142857145
seq1097@6,seq1443@13,0.9642857142857145
seq1097@6,seq11449@2,0.9642857142857145
seq1097@6,seq729@20,0.9642857142857145
seq1097@6,seq11838@2,0.9642857142857145
seq1097@6,seq2533@7,0.9642857142857145
seq1097@6,seq12065@2,0.9642857142857145
seq1097@6,seq454@12,0.9642857142857145
seq1097@6,seq12252@2,0.9642857142857145
seq1097@6,seq2394@10,0.9642857142857145
seq1097@6,seq15220@2,0.9642857142857145
seq1097@6,seq7417@2,0.9642857142857145
seq1097@6,seq16007@2,0.9642857142857145
seq1097@6,seq5264@2,0.9642857142857145
seq1097@6,seq906@24,0.9642857142857145
seq1097@6,seq1275@16,0.9642857142857145
seq1097@6,seq3382@15,0.9642857142857145
seq1097@6,seq233@10,0.9642857142857145
seq1097@6,seq3638@10,0.9642857142857145
seq1097@6,seq4237@10,0.9642857142857145
seq1097@6,seq1881@9,0.9642857142857145
seq1097@6,seq3390@7,0.9642857142857145
seq1097@6,seq354@6,0.9642857142857145
seq1097@6,seq569@6,0.9642857142857145
seq1097@6,seq648@4,0.9642857142857145
seq1097@6,seq6944@4,0.9642857142857145
seq1097@6,seq3173@3,0.9642857142857145
seq1904@2,seq105@6,1.0
seq1904@2,seq3317@2,1.0
seq1904@2,seq737@3,1.0
seq1904@2,seq3783@2,1.0
seq1904@2,seq607@7,1.0
seq1904@2,seq5323@2,1.0
seq1904@2,seq2125@5,1.0
seq1904@2,seq7265@2,1.0
seq1904@2,seq461@8,1.0
seq1904@2,seq9919@2,1.0
seq1904@2,seq575@12,1.0
seq1904@2,seq10910@2,1.0
seq1904@2,seq5907@2,1.0
seq1904@2,seq1443@13,1.0
seq1904@2,seq11449@2,1.0
seq1904@2,seq729@20,1.0
seq1904@2,seq11838@2,1.0
seq1904@2,seq2533@7,1.0
seq1904@2,seq12065@2,1.0
seq1904@2,seq454@12,1.0
seq1904@2,seq12252@2,1.0
seq1904@2,seq2394@10,1.0
seq1904@2,seq15220@2,1.0
seq1904@2,seq7417@2,1.0
seq1904@2,seq16007@2,1.0
seq1904@2,seq5264@2,1.0
seq1904@2,seq906@24,1.0
seq1904@2,seq1275@16,1.0
seq1904@2,seq3382@15,1.0
seq1904@2,seq233@10,1.0
seq1904@2,seq3638@10,1.0
seq1904@2,seq4237@10,1.0
seq1904@2,seq1881@9,1.0
seq1904@2,seq3390@7,1.0
seq1904@2,seq354@6,1.0
seq1904@2,seq569@6,1.0
seq1904@2,seq648@4,1.0
seq1904@2,seq6944@4,1.0
seq1904@2,seq3173@3,1.0
seq105@6,seq3317@2,1.0
seq105@6,seq737@3,1.0
seq105@6,seq3783@2,1.0
seq105@6,seq607@7,1.0
seq105@6,seq5323@2,1.0
seq105@6,seq2125@5,1.0
seq105@6,seq7265@2,1.0
seq105@6,seq461@8,1.0
seq105@6,seq9919@2,1.0
seq105@6,seq575@12,1.0
seq105@6,seq10910@2,1.0
seq105@6,seq5907@2,1.0
seq105@6,seq1443@13,1.0
seq105@6,seq11449@2,1.0
seq105@6,seq729@20,1.0
seq105@6,seq11838@2,1.0
seq105@6,seq2533@7,1.0
seq105@6,seq12065@2,1.0
seq105@6,seq454@12,1.0
seq105@6,seq12252@2,1.0
seq105@6,seq2394@10,1.0
seq105@6,seq15220@2,1.0
seq105@6,seq7417@2,1.0
seq105@6,seq16007@2,1.0
seq105@6,seq5264@2,1.0
seq105@6,seq906@24,1.0
seq105@6,seq1275@16,1.0
seq105@6,seq3382@15,1.0
seq105@6,seq233@10,1.0
seq105@6,seq3638@10,1.0
seq105@6,seq4237@10,1.0
seq105@6,seq1881@9,1.0
seq105@6,seq3390@7,1.0
seq105@6,seq354@6,1.0
seq105@6,seq569@6,1.0
seq105@6,seq648@4,1.0
seq105@6,seq6944@4,1.0
seq105@6,seq3173@3,1.0
seq3317@2,seq737@3,1.0
seq3317@2,seq3783@2,1.0
seq3317@2,seq607@7,1.0
seq3317@2,seq5323@2,1.0
seq3317@2,seq2125@5,1.0
seq3317@2,seq7265@2,1.0
seq3317@2,seq461@8,1.0
seq3317@2,seq9919@2,1.0
seq3317@2,seq575@12,1.0
seq3317@2,seq10910@2,1.0
seq3317@2,seq5907@2,1.0
seq3317@2,seq1443@13,1.0
seq3317@2,seq11449@2,1.0
seq3317@2,seq729@20,1.0
seq3317@2,seq11838@2,1.0
seq3317@2,seq2533@7,1.0
seq3317@2,seq12065@2,1.0
seq3317@2,seq454@12,1.0
seq3317@2,seq12252@2,1.0
seq3317@2,seq2394@10,1.0
seq3317@2,seq15220@2,1.0
seq3317@2,seq7417@2,1.0
seq3317@2,seq16007@2,1.0
seq3317@2,seq5264@2,1.0
seq3317@2,seq906@24,1.0
seq3317@2,seq1275@16,1.0
seq3317@2,seq3382@15,1.0
seq3317@2,seq233@10,1.0
seq3317@2,seq3638@10,1.0
seq3317@2,seq4237@10,1.0
seq3317@2,seq1881@9,1.0
seq3317@2,seq3390@7,1.0
seq3317@2,seq354@6,1.0
seq3317@2,seq569@6,1.0
seq3317@2,seq648@4,1.0
seq3317@2,seq6944@4,1.0
seq3317@2,seq3173@3,1.0
seq737@3,seq3783@2,1.0
seq737@3,seq607@7,1.0
seq737@3,seq5323@2,1.0
seq737@3,seq2125@5,1.0
seq737@3,seq7265@2,1.0
seq737@3,seq461@8,1.0
seq737@3,seq9919@2,1.0
seq737@3,seq575@12,1.0
seq737@3,seq10910@2,1.0
seq737@3,seq5907@2,1.0
seq737@3,seq1443@13,1.0
seq737@3,seq11449@2,1.0
seq737@3,seq729@20,1.0
seq737@3,seq11838@2,1.0
seq737@3,seq2533@7,1.0
seq737@3,seq12065@2,1.0
seq737@3,seq454@12,1.0
seq737@3,seq12252@2,1.0
seq737@3,seq2394@10,1.0
seq737@3,seq15220@2,1.0
seq737@3,seq7417@2,1.0
seq737@3,seq16007@2,1.0
seq737@3,seq5264@2,1.0
seq737@3,seq906@24,1.0
seq737@3,seq1275@16,1.0
seq737@3,seq3382@15,1.0
seq737@3,seq233@10,1.0
seq737@3,seq3638@10,1.0
seq737@3,seq4237@10,1.0
seq737@3,seq1881@9,1.0
seq737@3,seq3390@7,1.0
seq737@3,seq354@6,1.0
seq737@3,seq569@6,1.0
seq737@3,seq648@4,1.0
seq737@3,seq6944@4,1.0
seq737@3,seq3173@3,1.0
seq3783@2,seq607@7,1.0
seq3783@2,seq5323@2,1.0
seq3783@2,seq2125@5,1.0
seq3783@2,seq7265@2,1.0
seq3783@2,seq461@8,1.0
seq3783@2,seq9919@2,1.0
seq3783@2,seq575@12,1.0
seq3783@2,seq10910@2,1.0
seq3783@2,seq5907@2,1.0
seq3783@2,seq1443@13,1.0
seq3783@2,seq11449@2,1.0
seq3783@2,seq729@20,1.0
seq3783@2,seq11838@2,1.0
seq3783@2,seq2533@7,1.0
seq3783@2,seq12065@2,1.0
seq3783@2,seq454@12,1.0
seq3783@2,seq12252@2,1.0
seq3783@2,seq2394@10,1.0
seq3783@2,seq15220@2,1.0
seq3783@2,seq7417@2,1.0
seq3783@2,seq16007@2,1.0
seq3783@2,seq5264@2,1.0
seq3783@2,seq906@24,1.0
seq3783@2,seq1275@16,1.0
seq3783@2,seq3382@15,1.0
seq3783@2,seq233@10,1.0
seq3783@2,seq3638@10,1.0
seq3783@2,seq4237@10,1.0
seq3783@2,seq1881@9,1.0
seq3783@2,seq3390@7,1.0
seq3783@2,seq354@6,1.0
seq3783@2,seq569@6,1.0
seq3783@2,seq648@4,1.0
seq3783@2,seq6944@4,1.0
seq3783@2,seq3173@3,1.0
seq607@7,seq5323@2,1.0
seq607@7,seq2125@5,1.0
seq607@7,seq7265@2,1.0
seq607@7,seq461@8,1.0
seq607@7,seq9919@2,1.0
seq607@7,seq575@12,1.0
seq607@7,seq10910@2,1.0
seq607@7,seq5907@2,1.0
seq607@7,seq1443@13,1.0
seq607@7,seq11449@2,1.0
seq607@7,seq729@20,1.0
seq607@7,seq11838@2,1.0
seq607@7,seq2533@7,1.0
seq607@7,seq12065@2,1.0
seq607@7,seq454@12,1.0
seq607@7,seq12252@2,1.0
seq607@7,seq2394@10,1.0
seq607@7,seq15220@2,1.0
seq607@7,seq7417@2,1.0
seq607@7,seq16007@2,1.0
seq607@7,seq5264@2,1.0
seq607@7,seq906@24,1.0
seq607@7,seq1275@16,1.0
seq607@7,seq3382@15,1.0
seq607@7,seq233@10,1.0
seq607@7,seq3638@10,1.0
seq607@7,seq4237@10,1.0
seq607@7,seq1881@9,1.0
seq607@7,seq3390@7,1.0
seq607@7,seq354@6,1.0
seq607@7,seq569@6,1.0
seq607@7,seq648@4,1.0
seq607@7,seq6944@4,1.0
seq607@7,seq3173@3,1.0
seq5323@2,seq2125@5,1.0
seq5323@2,seq7265@2,1.0
seq5323@2,seq461@8,1.0
seq5323@2,seq9919@2,1.0
seq5323@2,seq575@12,1.0
seq5323@2,seq10910@2,1.0
seq5323@2,seq5907@2,1.0
seq5323@2,seq1443@13,1.0
seq5323@2,seq11449@2,1.0
seq5323@2,seq729@20,1.0
seq5323@2,seq11838@2,1.0
seq5323@2,seq2533@7,1.0
seq5323@2,seq12065@2,1.0
seq5323@2,seq454@12,1.0
seq5323@2,seq12252@2,1.0
seq5323@2,seq2394@10,1.0
seq5323@2,seq15220@2,1.0
seq5323@2,seq7417@2,1.0
seq5323@2,seq16007@2,1.0
seq5323@2,seq5264@2,1.0
seq5323@2,seq906@24,1.0
seq5323@2,seq1275@16,1.0
seq5323@2,seq3382@15,1.0
seq5323@2,seq233@10,1.0
seq5323@2,seq3638@10,1.0
seq5323@2,seq4237@10,1.0
seq5323@2,seq1881@9,1.0
seq5323@2,seq3390@7,1.0
seq5323@2,seq354@6,1.0
seq5323@2,seq569@6,1.0
seq5323@2,seq648@4,1.0
seq5323@2,seq6944@4,1.0
seq5323@2,seq3173@3,1.0
seq2125@5,seq7265@2,1.0
seq2125@5,seq461@8,1.0
seq2125@5,seq9919@2,1.0
seq2125@5,seq575@12,1.0
seq2125@5,seq10910@2,1.0
seq2125@5,seq5907@2,1.0
seq2125@5,seq1443@13,1.0
seq2125@5,seq11449@2,1.0
seq2125@5,seq729@20,1.0
seq2125@5,seq11838@2,1.0
seq2125@5,seq2533@7,1.0
seq2125@5,seq12065@2,1.0
seq2125@5,seq454@12,1.0
seq2125@5,seq12252@2,1.0
seq2125@5,seq2394@10,1.0
seq2125@5,seq15220@2,1.0
seq2125@5,seq7417@2,1.0
seq2125@5,seq16007@2,1.0
seq2125@5,seq5264@2,1.0
seq2125@5,seq906@24,1.0
seq2125@5,seq1275@16,1.0
seq2125@5,seq3382@15,1.0
seq2125@5,seq233@10,1.0
seq2125@5,seq3638@10,1.0
seq2125@5,seq4237@10,1.0
seq2125@5,seq1881@9,1.0
seq2125@5,seq3390@7,1.0
seq2125@5,seq354@6,1.0
seq2125@5,seq569@6,1.0
seq2125@5,seq648@4,1.0
seq2125@5,seq6944@4,1.0
seq2125@5,seq3173@3,1.0
seq7265@2,seq461@8,1.0
seq7265@2,seq9919@2,1.0
seq7265@2,seq575@12,1.0
seq7265@2,seq10910@2,1.0
seq7265@2,seq5907@2,1.0
seq7265@2,seq1443@13,1.0
seq7265@2,seq11449@2,1.0
seq7265@2,seq729@20,1.0
seq7265@2,seq11838@2,1.0
seq7265@2,seq2533@7,1.0
seq7265@2,seq12065@2,1.0
seq7265@2,seq454@12,1.0
seq7265@2,seq12252@2,1.0
seq7265@2,seq2394@10,1.0
seq7265@2,seq15220@2,1.0
seq7265@2,seq7417@2,1.0
seq7265@2,seq16007@2,1.0
seq7265@2,seq5264@2,1.0
seq7265@2,seq906@24,1.0
seq7265@2,seq1275@16,1.0
seq7265@2,seq3382@15,1.0
seq7265@2,seq233@10,1.0
seq7265@2,seq3638@10,1.0
seq7265@2,seq4237@10,1.0
seq7265@2,seq1881@9,1.0
seq7265@2,seq3390@7,1.0
seq7265@2,seq354@6,1.0
seq7265@2,seq569@6,1.0
seq7265@2,seq648@4,1.0
seq7265@2,seq6944@4,1.0
seq7265@2,seq3173@3,1.0
seq461@8,seq9919@2,1.0
seq461@8,seq575@12,1.0
seq461@8,seq10910@2,1.0
seq461@8,seq5907@2,1.0
seq461@8,seq1443@13,1.0
seq461@8,seq11449@2,1.0
seq461@8,seq729@20,1.0
seq461@8,seq11838@2,1.0
seq461@8,seq2533@7,1.0
seq461@8,seq12065@2,1.0
seq461@8,seq454@12,1.0
seq461@8,seq12252@2,1.0
seq461@8,seq2394@10,1.0
seq461@8,seq15220@2,1.0
seq461@8,seq7417@2,1.0
seq461@8,seq16007@2,1.0
seq461@8,seq5264@2,1.0
seq461@8,seq906@24,1.0
seq461@8,seq1275@16,1.0
seq461@8,seq3382@15,1.0
seq461@8,seq233@10,1.0
seq461@8,seq3638@10,1.0
seq461@8,seq4237@10,1.0
seq461@8,seq1881@9,1.0
seq461@8,seq3390@7,1.0
seq461@8,seq354@6,1.0
seq461@8,seq569@6,1.0
seq461@8,seq648@4,1.0
seq461@8,seq6944@4,1.0
seq461@8,seq3173@3,1.0
seq9919@2,seq575@12,1.0
seq9919@2,seq10910@2,1.0
seq9919@2,seq5907@2,1.0
seq9919@2,seq1443@13,1.0
seq9919@2,seq11449@2,1.0
seq9919@2,seq729@20,1.0
seq9919@2,seq11838@2,1.0
seq9919@2,seq2533@7,1.0
seq9919@2,seq12065@2,1.0
seq9919@2,seq454@12,1.0
seq9919@2,seq12252@2,1.0
seq9919@2,seq2394@10,1.0
seq9919@2,seq15220@2,1.0
seq9919@2,seq7417@2,1.0
seq9919@2,seq16007@2,1.0
seq9919@2,seq5264@2,1.0
seq9919@2,seq906@24,1.0
seq9919@2,seq1275@16,1.0
seq9919@2,seq3382@15,1.0
seq9919@2,seq233@10,1.0
seq9919@2,seq3638@10,1.0
seq9919@2,seq4237@10,1.0
seq9919@2,seq1881@9,1.0
seq9919@2,seq3390@7,1.0
seq9919@2,seq354@6,1.0
seq9919@2,seq569@6,1.0
seq9919@2,seq648@4,1.0
seq9919@2,seq6944@4,1.0
seq9919@2,seq3173@3,1.0
seq575@12,seq10910@2,1.0
seq575@12,seq5907@2,1.0
seq575@12,seq1443@13,1.0
seq575@12,seq11449@2,1.0
seq575@12,seq729@20,1.0
seq575@12,seq11838@2,1.0
seq575@12,seq2533@7,1.0
seq575@12,seq12065@2,1.0
seq575@12,seq454@12,1.0
seq575@12,seq12252@2,1.0
seq575@12,seq2394@10,1.0
seq575@12,seq15220@2,1.0
seq575@12,seq7417@2,1.0
seq575@12,seq16007@2,1.0
seq575@12,seq5264@2,1.0
seq575@12,seq906@24,1.0
seq575@12,seq1275@16,1.0
seq575@12,seq3382@15,1.0
seq575@12,seq233@10,1.0
seq575@12,seq3638@10,1.0
seq575@12,seq4237@10,1.0
seq575@12,seq1881@9,1.0
seq575@12,seq3390@7,1.0
seq575@12,seq354@6,1.0
seq575@12,seq569@6,1.0
seq575@12,seq648@4,1.0
seq575@12,seq6944@4,1.0
seq575@12,seq3173@3,1.0
seq10910@2,seq5907@2,1.0
seq10910@2,seq1443@13,1.0
seq10910@2,seq11449@2,1.0
seq10910@2,seq729@20,1.0
seq10910@2,seq11838@2,1.0
seq10910@2,seq2533@7,1.0
seq10910@2,seq12065@2,1.0
seq10910@2,seq454@12,1.0
seq10910@2,seq12252@2,1.0
seq10910@2,seq2394@10,1.0
seq10910@2,seq15220@2,1.0
seq10910@2,seq7417@2,1.0
seq10910@2,seq16007@2,1.0
seq10910@2,seq5264@2,1.0
seq10910@2,seq906@24,1.0
seq10910@2,seq1275@16,1.0
seq10910@2,seq3382@15,1.0
seq10910@2,seq233@10,1.0
seq10910@2,seq3638@10,1.0
seq10910@2,seq4237@10,1.0
seq10910@2,seq1881@9,1.0
seq10910@2,seq3390@7,1.0
seq10910@2,seq354@6,1.0
seq10910@2,seq569@6,1.0
seq10910@2,seq648@4,1.0
seq10910@2,seq6944@4,1.0
seq10910@2,seq3173@3,1.0
seq5907@2,seq1443@13,1.0
seq5907@2,seq11449@2,1.0
seq5907@2,seq729@20,1.0
seq5907@2,seq11838@2,1.0
seq5907@2,seq2533@7,1.0
seq5907@2,seq12065@2,1.0
seq5907@2,seq454@12,1.0
seq5907@2,seq12252@2,1.0
seq5907@2,seq2394@10,1.0
seq5907@2,seq15220@2,1.0
seq5907@2,seq7417@2,1.0
seq5907@2,seq16007@2,1.0
seq5907@2,seq5264@2,1.0
seq5907@2,seq906@24,1.0
seq5907@2,seq1275@16,1.0
seq5907@2,seq3382@15,1.0
seq5907@2,seq233@10,1.0
seq5907@2,seq3638@10,1.0
seq5907@2,seq4237@10,1.0
seq5907@2,seq1881@9,1.0
seq5907@2,seq3390@7,1.0
seq5907@2,seq354@6,1.0
seq5907@2,seq569@6,1.0
seq5907@2,seq648@4,1.0
seq5907@2,seq6944@4,1.0
seq5907@2,seq3173@3,1.0
seq1443@13,seq11449@2,1.0
seq1443@13,seq729@20,1.0
seq1443@13,seq11838@2,1.0
seq1443@13,seq2533@7,1.0
seq1443@13,seq12065@2,1.0
seq1443@13,seq454@12,1.0
seq1443@13,seq12252@2,1.0
seq1443@13,seq2394@10,1.0
seq1443@13,seq15220@2,1.0
seq1443@13,seq7417@2,1.0
seq1443@13,seq16007@2,1.0
seq1443@13,seq5264@2,1.0
seq1443@13,seq906@24,1.0
seq1443@13,seq1275@16,1.0
seq1443@13,seq3382@15,1.0
seq1443@13,seq233@10,1.0
seq1443@13,seq3638@10,1.0
seq1443@13,seq4237@10,1.0
seq1443@13,seq1881@9,1.0
seq1443@13,seq3390@7,1.0
seq1443@13,seq354@6,1.0
seq1443@13,seq569@6,1.0
seq1443@13,seq648@4,1.0
seq1443@13,seq6944@4,1.0
seq1443@13,seq3173@3,1.0
seq11449@2,seq729@20,1.0
seq11449@2,seq11838@2,1.0
seq11449@2,seq2533@7,1.0
seq11449@2,seq12065@2,1.0
seq11449@2,seq454@12,1.0
seq11449@2,seq12252@2,1.0
seq11449@2,seq2394@10,1.0
seq11449@2,seq15220@2,1.0
seq11449@2,seq7417@2,1.0
seq11449@2,seq16007@2,1.0
seq11449@2,seq5264@2,1.0
seq11449@2,seq906@24,1.0
seq11449@2,seq1275@16,1.0
seq11449@2,seq3382@15,1.0
seq11449@2,seq233@10,1.0
seq11449@2,seq3638@10,1.0
seq11449@2,seq4237@10,1.0
seq11449@2,seq1881@9,1.0
seq11449@2,seq3390@7,1.0
seq11449@2,seq354@6,1.0
seq11449@2,seq569@6,1.0
seq11449@2,seq648@4,1.0
seq11449@2,seq6944@4,1.0
seq11449@2,seq3173@3,1.0
seq729@20,seq11838@2,1.0
seq729@20,seq2533@7,1.0
seq729@20,seq12065@2,1.0
seq729@20,seq454@12,1.0
seq729@20,seq12252@2,1.0
seq729@20,seq2394@10,1.0
seq729@20,seq15220@2,1.0
seq729@20,seq7417@2,1.0
seq729@20,seq16007@2,1.0
seq729@20,seq5264@2,1.0
seq729@20,seq906@24,1.0
seq729@20,seq1275@16,1.0
seq729@20,seq3382@15,1.0
seq729@20,seq233@10,1.0
seq729@20,seq3638@10,1.0
seq729@20,seq4237@10,1.0
seq729@20,seq1881@9,1.0
seq729@20,seq3390@7,1.0
seq729@20,seq354@6,1.0
seq729@20,seq569@6,1.0
seq729@20,seq648@4,1.0
seq729@20,seq6944@4,1.0
seq729@20,seq3173@3,1.0
seq11838@2,seq2533@7,1.0
seq11838@2,seq12065@2,1.0
seq11838@2,seq454@12,1.0
seq11838@2,seq12252@2,1.0
seq11838@2,seq2394@10,1.0
seq11838@2,seq15220@2,1.0
seq11838@2,seq7417@2,1.0
seq11838@2,seq16007@2,1.0
seq11838@2,seq5264@2,1.0
seq11838@2,seq906@24,1.0
seq11838@2,seq1275@16,1.0
seq11838@2,seq3382@15,1.0
seq11838@2,seq233@10,1.0
seq11838@2,seq3638@10,1.0
seq11838@2,seq4237@10,1.0
seq11838@2,seq1881@9,1.0
seq11838@2,seq3390@7,1.0
seq11838@2,seq354@6,1.0
seq11838@2,seq569@6,1.0
seq11838@2,seq648@4,1.0
seq11838@2,seq6944@4,1.0
seq11838@2,seq3173@3,1.0
seq2533@7,seq12065@2,1.0
seq2533@7,seq454@12,1.0
seq2533@7,seq12252@2,1.0
seq2533@7,seq2394@10,1.0
seq2533@7,seq15220@2,1.0
seq2533@7,seq7417@2,1.0
seq2533@7,seq16007@2,1.0
seq2533@7,seq5264@2,1.0
seq2533@7,seq906@24,1.0
seq2533@7,seq1275@16,1.0
seq2533@7,seq3382@15,1.0
seq2533@7,seq233@10,1.0
seq2533@7,seq3638@10,1.0
seq2533@7,seq4237@10,1.0
seq2533@7,seq1881@9,1.0
seq2533@7,seq3390@7,1.0
seq2533@7,seq354@6,1.0
seq2533@7,seq569@6,1.0
seq2533@7,seq648@4,1.0
seq2533@7,seq6944@4,1.0
seq2533@7,seq3173@3,1.0
seq12065@2,seq454@12,1.0
seq12065@2,seq12252@2,1.0
seq12065@2,seq2394@10,1.0
seq12065@2,seq15220@2,1.0
seq12065@2,seq7417@2,1.0
seq12065@2,seq16007@2,1.0
seq12065@2,seq5264@2,1.0
seq12065@2,seq906@24,1.0
seq12065@2,seq1275@16,1.0
seq12065@2,seq3382@15,1.0
seq12065@2,seq233@10,1.0
seq12065@2,seq3638@10,1.0
seq12065@2,seq4237@10,1.0
seq12065@2,seq1881@9,1.0
seq12065@2,seq3390@7,1.0
seq12065@2,seq354@6,1.0
seq12065@2,seq569@6,1.0
seq12065@2,seq648@4,1.0
seq12065@2,seq6944@4,1.0
seq12065@2,seq3173@3,1.0
seq454@12,seq12252@2,1.0
seq454@12,seq2394@10,1.0
seq454@12,seq15220@2,1.0
seq454@12,seq7417@2,1.0
seq454@12,seq16007@2,1.0
seq454@12,seq5264@2,1.0
seq454@12,seq906@24,1.0
seq454@12,seq1275@16,1.0
seq454@12,seq3382@15,1.0
seq454@12,seq233@10,1.0
seq454@12,seq3638@10,1.0
seq454@12,seq4237@10,1.0
seq454@12,seq1881@9,1.0
seq454@12,seq3390@7,1.0
seq454@12,seq354@6,1.0
seq454@12,seq569@6,1.0
seq454@12,seq648@4,1.0
seq454@12,seq6944@4,1.0
seq454@12,seq3173@3,1.0
seq12252@2,seq2394@10,1.0
seq12252@2,seq15220@2,1.0
seq12252@2,seq7417@2,1.0
seq12252@2,seq16007@2,1.0
seq12252@2,seq5264@2,1.0
seq12252@2,seq906@24,1.0
seq12252@2,seq1275@16,1.0
seq12252@2,seq3382@15,1.0
seq12252@2,seq233@10,1.0
seq12252@2,seq3638@10,1.0
seq12252@2,seq4237@10,1.0
seq12252@2,seq1881@9,1.0
seq12252@2,seq3390@7,1.0
seq12252@2,seq354@6,1.0
seq12252@2,seq569@6,1.0
seq12252@2,seq648@4,1.0
seq12252@2,seq6944@4,1.0
seq12252@2,seq3173@3,1.0
seq2394@10,seq15220@2,1.0
seq2394@10,seq7417@2,1.0
seq2394@10,seq16007@2,1.0
seq2394@10,seq5264@2,1.0
seq2394@10,seq906@24,1.0
seq2394@10,seq1275@16,1.0
seq2394@10,seq3382@15,1.0
seq2394@10,seq233@10,1.0
seq2394@10,seq3638@10,1.0
seq2394@10,seq4237@10,1.0
seq2394@10,seq1881@9,1.0
seq2394@10,seq3390@7,1.0
seq2394@10,seq354@6,1.0
seq2394@10,seq569@6,1.0
seq2394@10,seq648@4,1.0
seq2394@10,seq6944@4,1.0
seq2394@10,seq3173@3,1.0
seq15220@2,seq7417@2,1.0
seq15220@2,seq16007@2,1.0
seq15220@2,seq5264@2,1.0
seq15220@2,seq906@24,1.0
seq15220@2,seq1275@16,1.0
seq15220@2,seq3382@15,1.0
seq15220@2,seq233@10,1.0
seq15220@2,seq3638@10,1.0
seq15220@2,seq4237@10,1.0
seq15220@2,seq1881@9,1.0
seq15220@2,seq3390@7,1.0
seq15220@2,seq354@6,1.0
seq15220@2,seq569@6,1.0
seq15220@2,seq648@4,1.0
seq15220@2,seq6944@4,1.0
seq15220@2,seq3173@3,1.0
seq7417@2,seq16007@2,1.0
seq7417@2,seq5264@2,1.0
seq7417@2,seq906@24,1.0
seq7417@2,seq1275@16,1.0
seq7417@2,seq3382@15,1.0
seq7417@2,seq233@10,1.0
seq7417@2,seq3638@10,1.0
seq7417@2,seq4237@10,1.0
seq7417@2,seq1881@9,1.0
seq7417@2,seq3390@7,1.0
seq7417@2,seq354@6,1.0
seq7417@2,seq569@6,1.0
seq7417@2,seq648@4,1.0
seq7417@2,seq6944@4,1.0
seq7417@2,seq3173@3,1.0
seq16007@2,seq5264@2,1.0
seq16007@2,seq906@24,1.0
seq16007@2,seq1275@16,1.0
seq16007@2,seq3382@15,1.0
seq16007@2,seq233@10,1.0
seq16007@2,seq3638@10,1.0
seq16007@2,seq4237@10,1.0
seq16007@2,seq1881@9,1.0
seq16007@2,seq3390@7,1.0
seq16007@2,seq354@6,1.0
seq16007@2,seq569@6,1.0
seq16007@2,seq648@4,1.0
seq16007@2,seq6944@4,1.0
seq16007@2,seq3173@3,1.0
seq5264@2,seq906@24,1.0
seq5264@2,seq1275@16,1.0
seq5264@2,seq3382@15,1.0
seq5264@2,seq233@10,1.0
seq5264@2,seq3638@10,1.0
seq5264@2,seq4237@10,1.0
seq5264@2,seq1881@9,1.0
seq5264@2,seq3390@7,1.0
seq5264@2,seq354@6,1.0
seq5264@2,seq569@6,1.0
seq5264@2,seq648@4,1.0
seq5264@2,seq6944@4,1.0
seq5264@2,seq3173@3,1.0
seq906@24,seq1275@16,1.0
seq906@24,seq3382@15,1.0
seq906@24,seq233@10,1.0
seq906@24,seq3638@10,1.0
seq906@24,seq4237@10,1.0
seq906@24,seq1881@9,1.0
seq906@24,seq3390@7,1.0
seq906@24,seq354@6,1.0
seq906@24,seq569@6,1.0
seq906@24,seq648@4,1.0
seq906@24,seq6944@4,1.0
seq906@24,seq3173@3,1.0
seq1275@16,seq3382@15,1.0
seq1275@16,seq233@10,1.0
seq1275@16,seq3638@10,1.0
seq1275@16,seq4237@10,1.0
seq1275@16,seq1881@9,1.0
seq1275@16,seq3390@7,1.0
seq1275@16,seq354@6,1.0
seq1275@16,seq569@6,1.0
seq1275@16,seq648@4,1.0
seq1275@16,seq6944@4,1.0
seq1275@16,seq3173@3,1.0
seq3382@15,seq233@10,1.0
seq3382@15,seq3638@10,1.0
seq3382@15,seq4237@10,1.0
seq3382@15,seq1881@9,1.0
seq3382@15,seq3390@7,1.0
seq3382@15,seq354@6,1.0
seq3382@15,seq569@6,1.0
seq3382@15,seq648@4,1.0
seq3382@15,seq6944@4,1.0
seq3382@15,seq3173@3,1.0
seq233@10,seq3638@10,1.0
seq233@10,seq4237@10,1.0
seq233@10,seq1881@9,1.0
seq233@10,seq3390@7,1.0
seq233@10,seq354@6,1.0
seq233@10,seq569@6,1.0
seq233@10,seq648@4,1.0
seq233@10,seq6944@4,1.0
seq233@10,seq3173@3,1.0
seq3638@10,seq4237@10,1.0
seq3638@10,seq1881@9,1.0
seq3638@10,seq3390@7,1.0
seq3638@10,seq354@6,1.0
seq3638@10,seq569@6,1.0
seq3638@10,seq648@4,1.0
seq3638@10,seq6944@4,1.0
seq3638@10,seq3173@3,1.0
seq4237@10,seq1881@9,1.0
seq4237@10,seq3390@7,1.0
seq4237@10,seq354@6,1.0
seq4237@10,seq569@6,1.0
seq4237@10,seq648@4,1.0
seq4237@10,seq6944@4,1.0
seq4237@10,seq3173@3,1.0
seq1881@9,seq3390@7,1.0
seq1881@9,seq354@6,1.0
seq1881@9,seq569@6,1.0
seq1881@9,seq648@4,1.0
seq1881@9,seq6944@4,1.0
seq1881@9,seq3173@3,1.0
seq3390@7,seq354@6,1.0
seq3390@7,seq569@6,1.0
seq3390@7,seq648@4,1.0
seq3390@7,seq6944@4,1.0
seq3390@7,seq3173@3,1.0
seq354@6,seq569@6,1.0
seq354@6,seq648@4,1.0
seq354@6,seq6944@4,1.0
seq354@6,seq3173@3,1.0
seq569@6,seq648@4,1.0
seq569@6,seq6944@4,1.0
seq569@6,seq3173@3,1.0
seq648@4,seq6944@4,1.0
seq648@4,seq3173@3,1.0
seq6944@4,seq3173@3,1.0
