Protein1,Protein2,SpearmanSimilarity
naive,seq4725@4,0.9999999999999999
naive,seq276@3,0.9999999999999999
naive,seq712@3,0.9878787878787878
naive,seq757@3,0.9999999999999999
naive,seq1424@3,0.9999999999999999
naive,seq221@2,0.9999999999999999
naive,seq3622@2,0.9999999999999999
naive,seq6293@2,0.9999999999999999
naive,seq7134@2,0.9999999999999999
naive,seq14179@2,0.9999999999999999
naive,seq17948@2,0.9999999999999999
naive,seq19@917,0.9999999999999999
naive,seq20544@2,0.9999999999999999
naive,seq5388@2,0.9999999999999999
naive,seq4649@8,0.9999999999999999
naive,seq14199@3,0.9999999999999999
naive,seq319@27,0.9999999999999999
naive,seq200@7,0.9999999999999999
naive,seq2884@46,0.9999999999999999
naive,seq1486@4,0.9999999999999999
naive,seq3472@7,0.9999999999999999
naive,seq526@3,0.9999999999999999
naive,seq7534@5,0.9999999999999999
naive,seq6331@3,0.9999999999999999
naive,seq7977@5,0.9999999999999999
naive,seq9495@3,0.9999999999999999
naive,seq569@31,0.9999999999999999
naive,seq10572@3,0.9999999999999999
naive,seq225@14,0.9999999999999999
naive,seq14021@3,0.9999999999999999
naive,seq888@22,0.9999999999999999
naive,seq1826@2,0.9999999999999999
naive,seq750@16,0.9999999999999999
naive,seq3750@2,0.9999999999999999
naive,seq219@4,0.9999999999999999
naive,seq6308@2,0.9999999999999999
naive,seq4869@3,0.9999999999999999
naive,seq3295@17,0.9999999999999999
naive,seq8153@2,0.9999999999999999
naive,seq15631@3,0.9999999999999999
naive,seq6565@6,0.9999999999999999
naive,seq8764@2,0.9999999999999999
naive,seq2900@5,0.9999999999999999
naive,seq724@11,0.9999999999999999
naive,seq9594@2,0.9999999999999999
naive,seq985@9,0.9999999999999999
naive,seq11038@2,0.9999999999999999
naive,seq1751@10,0.9999999999999999
naive,seq12322@2,0.9999999999999999
naive,seq8351@2,0.9999999999999999
naive,seq74@23,0.9999999999999999
naive,seq14613@2,0.9999999999999999
naive,seq586@3,0.9999999999999999
naive,seq121@33,0.9999999999999999
naive,seq3257@5,0.9999999999999999
naive,seq1661@16,0.9999999999999999
naive,seq3496@14,0.9999999999999999
naive,seq657@16,0.9999999999999999
naive,seq619@39,0.9999999999999999
naive,seq2149@29,0.9999999999999999
naive,seq176@25,0.9999999999999999
naive,seq5540@18,0.9999999999999999
naive,seq1172@13,0.9999999999999999
naive,seq6557@11,0.9999999999999999
naive,seq2294@10,0.9999999999999999
naive,seq5670@10,0.9999999999999999
naive,seq7624@10,0.9999999999999999
naive,seq1586@8,0.9999999999999999
naive,seq2833@8,0.9999999999999999
naive,seq3672@8,0.9999999999999999
naive,seq1258@6,0.9999999999999999
naive,seq80@5,0.9999999999999999
naive,seq12563@4,0.9878787878787878
naive,seq3880@4,0.9999999999999999
naive,seq6336@3,0.9999999999999999
naive,seq767@2,0.9999999999999999
naive,seq6674@2,0.9999999999999999
naive,seq9254@2,0.9999999999999999
naive,seq14203@2,0.9999999999999999
naive,seq242@13,0.9999999999999999
naive,seq2408@28,0.9999999999999999
naive,seq5@14279,0.9999999999999999
naive,seq190@11,0.9999999999999999
naive,seq1700@2,0.9999999999999999
naive,seq9598@2,0.9999999999999999
naive,seq4099@21,0.9999999999999999
naive,seq2519@3,0.9999999999999999
naive,seq4258@3,0.9999999999999999
seq4725@4,seq276@3,0.9999999999999999
seq4725@4,seq712@3,0.9878787878787878
seq4725@4,seq757@3,0.9999999999999999
seq4725@4,seq1424@3,0.9999999999999999
seq4725@4,seq221@2,0.9999999999999999
seq4725@4,seq3622@2,0.9999999999999999
seq4725@4,seq6293@2,0.9999999999999999
seq4725@4,seq7134@2,0.9999999999999999
seq4725@4,seq14179@2,0.9999999999999999
seq4725@4,seq17948@2,0.9999999999999999
seq4725@4,seq19@917,0.9999999999999999
seq4725@4,seq20544@2,0.9999999999999999
seq4725@4,seq5388@2,0.9999999999999999
seq4725@4,seq4649@8,0.9999999999999999
seq4725@4,seq14199@3,0.9999999999999999
seq4725@4,seq319@27,0.9999999999999999
seq4725@4,seq200@7,0.9999999999999999
seq4725@4,seq2884@46,0.9999999999999999
seq4725@4,seq1486@4,0.9999999999999999
seq4725@4,seq3472@7,0.9999999999999999
seq4725@4,seq526@3,0.9999999999999999
seq4725@4,seq7534@5,0.9999999999999999
seq4725@4,seq6331@3,0.9999999999999999
seq4725@4,seq7977@5,0.9999999999999999
seq4725@4,seq9495@3,0.9999999999999999
seq4725@4,seq569@31,0.9999999999999999
seq4725@4,seq10572@3,0.9999999999999999
seq4725@4,seq225@14,0.9999999999999999
seq4725@4,seq14021@3,0.9999999999999999
seq4725@4,seq888@22,0.9999999999999999
seq4725@4,seq1826@2,0.9999999999999999
seq4725@4,seq750@16,0.9999999999999999
seq4725@4,seq3750@2,0.9999999999999999
seq4725@4,seq219@4,0.9999999999999999
seq4725@4,seq6308@2,0.9999999999999999
seq4725@4,seq4869@3,0.9999999999999999
seq4725@4,seq3295@17,0.9999999999999999
seq4725@4,seq8153@2,0.9999999999999999
seq4725@4,seq15631@3,0.9999999999999999
seq4725@4,seq6565@6,0.9999999999999999
seq4725@4,seq8764@2,0.9999999999999999
seq4725@4,seq2900@5,0.9999999999999999
seq4725@4,seq724@11,0.9999999999999999
seq4725@4,seq9594@2,0.9999999999999999
seq4725@4,seq985@9,0.9999999999999999
seq4725@4,seq11038@2,0.9999999999999999
seq4725@4,seq1751@10,0.9999999999999999
seq4725@4,seq12322@2,0.9999999999999999
seq4725@4,seq8351@2,0.9999999999999999
seq4725@4,seq74@23,0.9999999999999999
seq4725@4,seq14613@2,0.9999999999999999
seq4725@4,seq586@3,0.9999999999999999
seq4725@4,seq121@33,0.9999999999999999
seq4725@4,seq3257@5,0.9999999999999999
seq4725@4,seq1661@16,0.9999999999999999
seq4725@4,seq3496@14,0.9999999999999999
seq4725@4,seq657@16,0.9999999999999999
seq4725@4,seq619@39,0.9999999999999999
seq4725@4,seq2149@29,0.9999999999999999
seq4725@4,seq176@25,0.9999999999999999
seq4725@4,seq5540@18,0.9999999999999999
seq4725@4,seq1172@13,0.9999999999999999
seq4725@4,seq6557@11,0.9999999999999999
seq4725@4,seq2294@10,0.9999999999999999
seq4725@4,seq5670@10,0.9999999999999999
seq4725@4,seq7624@10,0.9999999999999999
seq4725@4,seq1586@8,0.9999999999999999
seq4725@4,seq2833@8,0.9999999999999999
seq4725@4,seq3672@8,0.9999999999999999
seq4725@4,seq1258@6,0.9999999999999999
seq4725@4,seq80@5,0.9999999999999999
seq4725@4,seq12563@4,0.9878787878787878
seq4725@4,seq3880@4,0.9999999999999999
seq4725@4,seq6336@3,0.9999999999999999
seq4725@4,seq767@2,0.9999999999999999
seq4725@4,seq6674@2,0.9999999999999999
seq4725@4,seq9254@2,0.9999999999999999
seq4725@4,seq14203@2,0.9999999999999999
seq4725@4,seq242@13,0.9999999999999999
seq4725@4,seq2408@28,0.9999999999999999
seq4725@4,seq5@14279,0.9999999999999999
seq4725@4,seq190@11,0.9999999999999999
seq4725@4,seq1700@2,0.9999999999999999
seq4725@4,seq9598@2,0.9999999999999999
seq4725@4,seq4099@21,0.9999999999999999
seq4725@4,seq2519@3,0.9999999999999999
seq4725@4,seq4258@3,0.9999999999999999
seq276@3,seq712@3,0.9878787878787878
seq276@3,seq757@3,0.9999999999999999
seq276@3,seq1424@3,0.9999999999999999
seq276@3,seq221@2,0.9999999999999999
seq276@3,seq3622@2,0.9999999999999999
seq276@3,seq6293@2,0.9999999999999999
seq276@3,seq7134@2,0.9999999999999999
seq276@3,seq14179@2,0.9999999999999999
seq276@3,seq17948@2,0.9999999999999999
seq276@3,seq19@917,0.9999999999999999
seq276@3,seq20544@2,0.9999999999999999
seq276@3,seq5388@2,0.9999999999999999
seq276@3,seq4649@8,0.9999999999999999
seq276@3,seq14199@3,0.9999999999999999
seq276@3,seq319@27,0.9999999999999999
seq276@3,seq200@7,0.9999999999999999
seq276@3,seq2884@46,0.9999999999999999
seq276@3,seq1486@4,0.9999999999999999
seq276@3,seq3472@7,0.9999999999999999
seq276@3,seq526@3,0.9999999999999999
seq276@3,seq7534@5,0.9999999999999999
seq276@3,seq6331@3,0.9999999999999999
seq276@3,seq7977@5,0.9999999999999999
seq276@3,seq9495@3,0.9999999999999999
seq276@3,seq569@31,0.9999999999999999
seq276@3,seq10572@3,0.9999999999999999
seq276@3,seq225@14,0.9999999999999999
seq276@3,seq14021@3,0.9999999999999999
seq276@3,seq888@22,0.9999999999999999
seq276@3,seq1826@2,0.9999999999999999
seq276@3,seq750@16,0.9999999999999999
seq276@3,seq3750@2,0.9999999999999999
seq276@3,seq219@4,0.9999999999999999
seq276@3,seq6308@2,0.9999999999999999
seq276@3,seq4869@3,0.9999999999999999
seq276@3,seq3295@17,0.9999999999999999
seq276@3,seq8153@2,0.9999999999999999
seq276@3,seq15631@3,0.9999999999999999
seq276@3,seq6565@6,0.9999999999999999
seq276@3,seq8764@2,0.9999999999999999
seq276@3,seq2900@5,0.9999999999999999
seq276@3,seq724@11,0.9999999999999999
seq276@3,seq9594@2,0.9999999999999999
seq276@3,seq985@9,0.9999999999999999
seq276@3,seq11038@2,0.9999999999999999
seq276@3,seq1751@10,0.9999999999999999
seq276@3,seq12322@2,0.9999999999999999
seq276@3,seq8351@2,0.9999999999999999
seq276@3,seq74@23,0.9999999999999999
seq276@3,seq14613@2,0.9999999999999999
seq276@3,seq586@3,0.9999999999999999
seq276@3,seq121@33,0.9999999999999999
seq276@3,seq3257@5,0.9999999999999999
seq276@3,seq1661@16,0.9999999999999999
seq276@3,seq3496@14,0.9999999999999999
seq276@3,seq657@16,0.9999999999999999
seq276@3,seq619@39,0.9999999999999999
seq276@3,seq2149@29,0.9999999999999999
seq276@3,seq176@25,0.9999999999999999
seq276@3,seq5540@18,0.9999999999999999
seq276@3,seq1172@13,0.9999999999999999
seq276@3,seq6557@11,0.9999999999999999
seq276@3,seq2294@10,0.9999999999999999
seq276@3,seq5670@10,0.9999999999999999
seq276@3,seq7624@10,0.9999999999999999
seq276@3,seq1586@8,0.9999999999999999
seq276@3,seq2833@8,0.9999999999999999
seq276@3,seq3672@8,0.9999999999999999
seq276@3,seq1258@6,0.9999999999999999
seq276@3,seq80@5,0.9999999999999999
seq276@3,seq12563@4,0.9878787878787878
seq276@3,seq3880@4,0.9999999999999999
seq276@3,seq6336@3,0.9999999999999999
seq276@3,seq767@2,0.9999999999999999
seq276@3,seq6674@2,0.9999999999999999
seq276@3,seq9254@2,0.9999999999999999
seq276@3,seq14203@2,0.9999999999999999
seq276@3,seq242@13,0.9999999999999999
seq276@3,seq2408@28,0.9999999999999999
seq276@3,seq5@14279,0.9999999999999999
seq276@3,seq190@11,0.9999999999999999
seq276@3,seq1700@2,0.9999999999999999
seq276@3,seq9598@2,0.9999999999999999
seq276@3,seq4099@21,0.9999999999999999
seq276@3,seq2519@3,0.9999999999999999
seq276@3,seq4258@3,0.9999999999999999
seq712@3,seq757@3,0.9878787878787878
seq712@3,seq1424@3,0.9878787878787878
seq712@3,seq221@2,0.9878787878787878
seq712@3,seq3622@2,0.9878787878787878
seq712@3,seq6293@2,0.9878787878787878
seq712@3,seq7134@2,0.9878787878787878
seq712@3,seq14179@2,0.9878787878787878
seq712@3,seq17948@2,0.9878787878787878
seq712@3,seq19@917,0.9878787878787878
seq712@3,seq20544@2,0.9878787878787878
seq712@3,seq5388@2,0.9878787878787878
seq712@3,seq4649@8,0.9878787878787878
seq712@3,seq14199@3,0.9878787878787878
seq712@3,seq319@27,0.9878787878787878
seq712@3,seq200@7,0.9878787878787878
seq712@3,seq2884@46,0.9878787878787878
seq712@3,seq1486@4,0.9878787878787878
seq712@3,seq3472@7,0.9878787878787878
seq712@3,seq526@3,0.9878787878787878
seq712@3,seq7534@5,0.9878787878787878
seq712@3,seq6331@3,0.9878787878787878
seq712@3,seq7977@5,0.9878787878787878
seq712@3,seq9495@3,0.9878787878787878
seq712@3,seq569@31,0.9878787878787878
seq712@3,seq10572@3,0.9878787878787878
seq712@3,seq225@14,0.9878787878787878
seq712@3,seq14021@3,0.9878787878787878
seq712@3,seq888@22,0.9878787878787878
seq712@3,seq1826@2,0.9878787878787878
seq712@3,seq750@16,0.9878787878787878
seq712@3,seq3750@2,0.9878787878787878
seq712@3,seq219@4,0.9878787878787878
seq712@3,seq6308@2,0.9878787878787878
seq712@3,seq4869@3,0.9878787878787878
seq712@3,seq3295@17,0.9878787878787878
seq712@3,seq8153@2,0.9878787878787878
seq712@3,seq15631@3,0.9878787878787878
seq712@3,seq6565@6,0.9878787878787878
seq712@3,seq8764@2,0.9878787878787878
seq712@3,seq2900@5,0.9878787878787878
seq712@3,seq724@11,0.9878787878787878
seq712@3,seq9594@2,0.9878787878787878
seq712@3,seq985@9,0.9878787878787878
seq712@3,seq11038@2,0.9878787878787878
seq712@3,seq1751@10,0.9878787878787878
seq712@3,seq12322@2,0.9878787878787878
seq712@3,seq8351@2,0.9878787878787878
seq712@3,seq74@23,0.9878787878787878
seq712@3,seq14613@2,0.9878787878787878
seq712@3,seq586@3,0.9878787878787878
seq712@3,seq121@33,0.9878787878787878
seq712@3,seq3257@5,0.9878787878787878
seq712@3,seq1661@16,0.9878787878787878
seq712@3,seq3496@14,0.9878787878787878
seq712@3,seq657@16,0.9878787878787878
seq712@3,seq619@39,0.9878787878787878
seq712@3,seq2149@29,0.9878787878787878
seq712@3,seq176@25,0.9878787878787878
seq712@3,seq5540@18,0.9878787878787878
seq712@3,seq1172@13,0.9878787878787878
seq712@3,seq6557@11,0.9878787878787878
seq712@3,seq2294@10,0.9878787878787878
seq712@3,seq5670@10,0.9878787878787878
seq712@3,seq7624@10,0.9878787878787878
seq712@3,seq1586@8,0.9878787878787878
seq712@3,seq2833@8,0.9878787878787878
seq712@3,seq3672@8,0.9878787878787878
seq712@3,seq1258@6,0.9878787878787878
seq712@3,seq80@5,0.9878787878787878
seq712@3,seq12563@4,0.9636363636363635
seq712@3,seq3880@4,0.9878787878787878
seq712@3,seq6336@3,0.9878787878787878
seq712@3,seq767@2,0.9878787878787878
seq712@3,seq6674@2,0.9878787878787878
seq712@3,seq9254@2,0.9878787878787878
seq712@3,seq14203@2,0.9878787878787878
seq712@3,seq242@13,0.9878787878787878
seq712@3,seq2408@28,0.9878787878787878
seq712@3,seq5@14279,0.9878787878787878
seq712@3,seq190@11,0.9878787878787878
seq712@3,seq1700@2,0.9878787878787878
seq712@3,seq9598@2,0.9878787878787878
seq712@3,seq4099@21,0.9878787878787878
seq712@3,seq2519@3,0.9878787878787878
seq712@3,seq4258@3,0.9878787878787878
seq757@3,seq1424@3,0.9999999999999999
seq757@3,seq221@2,0.9999999999999999
seq757@3,seq3622@2,0.9999999999999999
seq757@3,seq6293@2,0.9999999999999999
seq757@3,seq7134@2,0.9999999999999999
seq757@3,seq14179@2,0.9999999999999999
seq757@3,seq17948@2,0.9999999999999999
seq757@3,seq19@917,0.9999999999999999
seq757@3,seq20544@2,0.9999999999999999
seq757@3,seq5388@2,0.9999999999999999
seq757@3,seq4649@8,0.9999999999999999
seq757@3,seq14199@3,0.9999999999999999
seq757@3,seq319@27,0.9999999999999999
seq757@3,seq200@7,0.9999999999999999
seq757@3,seq2884@46,0.9999999999999999
seq757@3,seq1486@4,0.9999999999999999
seq757@3,seq3472@7,0.9999999999999999
seq757@3,seq526@3,0.9999999999999999
seq757@3,seq7534@5,0.9999999999999999
seq757@3,seq6331@3,0.9999999999999999
seq757@3,seq7977@5,0.9999999999999999
seq757@3,seq9495@3,0.9999999999999999
seq757@3,seq569@31,0.9999999999999999
seq757@3,seq10572@3,0.9999999999999999
seq757@3,seq225@14,0.9999999999999999
seq757@3,seq14021@3,0.9999999999999999
seq757@3,seq888@22,0.9999999999999999
seq757@3,seq1826@2,0.9999999999999999
seq757@3,seq750@16,0.9999999999999999
seq757@3,seq3750@2,0.9999999999999999
seq757@3,seq219@4,0.9999999999999999
seq757@3,seq6308@2,0.9999999999999999
seq757@3,seq4869@3,0.9999999999999999
seq757@3,seq3295@17,0.9999999999999999
seq757@3,seq8153@2,0.9999999999999999
seq757@3,seq15631@3,0.9999999999999999
seq757@3,seq6565@6,0.9999999999999999
seq757@3,seq8764@2,0.9999999999999999
seq757@3,seq2900@5,0.9999999999999999
seq757@3,seq724@11,0.9999999999999999
seq757@3,seq9594@2,0.9999999999999999
seq757@3,seq985@9,0.9999999999999999
seq757@3,seq11038@2,0.9999999999999999
seq757@3,seq1751@10,0.9999999999999999
seq757@3,seq12322@2,0.9999999999999999
seq757@3,seq8351@2,0.9999999999999999
seq757@3,seq74@23,0.9999999999999999
seq757@3,seq14613@2,0.9999999999999999
seq757@3,seq586@3,0.9999999999999999
seq757@3,seq121@33,0.9999999999999999
seq757@3,seq3257@5,0.9999999999999999
seq757@3,seq1661@16,0.9999999999999999
seq757@3,seq3496@14,0.9999999999999999
seq757@3,seq657@16,0.9999999999999999
seq757@3,seq619@39,0.9999999999999999
seq757@3,seq2149@29,0.9999999999999999
seq757@3,seq176@25,0.9999999999999999
seq757@3,seq5540@18,0.9999999999999999
seq757@3,seq1172@13,0.9999999999999999
seq757@3,seq6557@11,0.9999999999999999
seq757@3,seq2294@10,0.9999999999999999
seq757@3,seq5670@10,0.9999999999999999
seq757@3,seq7624@10,0.9999999999999999
seq757@3,seq1586@8,0.9999999999999999
seq757@3,seq2833@8,0.9999999999999999
seq757@3,seq3672@8,0.9999999999999999
seq757@3,seq1258@6,0.9999999999999999
seq757@3,seq80@5,0.9999999999999999
seq757@3,seq12563@4,0.9878787878787878
seq757@3,seq3880@4,0.9999999999999999
seq757@3,seq6336@3,0.9999999999999999
seq757@3,seq767@2,0.9999999999999999
seq757@3,seq6674@2,0.9999999999999999
seq757@3,seq9254@2,0.9999999999999999
seq757@3,seq14203@2,0.9999999999999999
seq757@3,seq242@13,0.9999999999999999
seq757@3,seq2408@28,0.9999999999999999
seq757@3,seq5@14279,0.9999999999999999
seq757@3,seq190@11,0.9999999999999999
seq757@3,seq1700@2,0.9999999999999999
seq757@3,seq9598@2,0.9999999999999999
seq757@3,seq4099@21,0.9999999999999999
seq757@3,seq2519@3,0.9999999999999999
seq757@3,seq4258@3,0.9999999999999999
seq1424@3,seq221@2,0.9999999999999999
seq1424@3,seq3622@2,0.9999999999999999
seq1424@3,seq6293@2,0.9999999999999999
seq1424@3,seq7134@2,0.9999999999999999
seq1424@3,seq14179@2,0.9999999999999999
seq1424@3,seq17948@2,0.9999999999999999
seq1424@3,seq19@917,0.9999999999999999
seq1424@3,seq20544@2,0.9999999999999999
seq1424@3,seq5388@2,0.9999999999999999
seq1424@3,seq4649@8,0.9999999999999999
seq1424@3,seq14199@3,0.9999999999999999
seq1424@3,seq319@27,0.9999999999999999
seq1424@3,seq200@7,0.9999999999999999
seq1424@3,seq2884@46,0.9999999999999999
seq1424@3,seq1486@4,0.9999999999999999
seq1424@3,seq3472@7,0.9999999999999999
seq1424@3,seq526@3,0.9999999999999999
seq1424@3,seq7534@5,0.9999999999999999
seq1424@3,seq6331@3,0.9999999999999999
seq1424@3,seq7977@5,0.9999999999999999
seq1424@3,seq9495@3,0.9999999999999999
seq1424@3,seq569@31,0.9999999999999999
seq1424@3,seq10572@3,0.9999999999999999
seq1424@3,seq225@14,0.9999999999999999
seq1424@3,seq14021@3,0.9999999999999999
seq1424@3,seq888@22,0.9999999999999999
seq1424@3,seq1826@2,0.9999999999999999
seq1424@3,seq750@16,0.9999999999999999
seq1424@3,seq3750@2,0.9999999999999999
seq1424@3,seq219@4,0.9999999999999999
seq1424@3,seq6308@2,0.9999999999999999
seq1424@3,seq4869@3,0.9999999999999999
seq1424@3,seq3295@17,0.9999999999999999
seq1424@3,seq8153@2,0.9999999999999999
seq1424@3,seq15631@3,0.9999999999999999
seq1424@3,seq6565@6,0.9999999999999999
seq1424@3,seq8764@2,0.9999999999999999
seq1424@3,seq2900@5,0.9999999999999999
seq1424@3,seq724@11,0.9999999999999999
seq1424@3,seq9594@2,0.9999999999999999
seq1424@3,seq985@9,0.9999999999999999
seq1424@3,seq11038@2,0.9999999999999999
seq1424@3,seq1751@10,0.9999999999999999
seq1424@3,seq12322@2,0.9999999999999999
seq1424@3,seq8351@2,0.9999999999999999
seq1424@3,seq74@23,0.9999999999999999
seq1424@3,seq14613@2,0.9999999999999999
seq1424@3,seq586@3,0.9999999999999999
seq1424@3,seq121@33,0.9999999999999999
seq1424@3,seq3257@5,0.9999999999999999
seq1424@3,seq1661@16,0.9999999999999999
seq1424@3,seq3496@14,0.9999999999999999
seq1424@3,seq657@16,0.9999999999999999
seq1424@3,seq619@39,0.9999999999999999
seq1424@3,seq2149@29,0.9999999999999999
seq1424@3,seq176@25,0.9999999999999999
seq1424@3,seq5540@18,0.9999999999999999
seq1424@3,seq1172@13,0.9999999999999999
seq1424@3,seq6557@11,0.9999999999999999
seq1424@3,seq2294@10,0.9999999999999999
seq1424@3,seq5670@10,0.9999999999999999
seq1424@3,seq7624@10,0.9999999999999999
seq1424@3,seq1586@8,0.9999999999999999
seq1424@3,seq2833@8,0.9999999999999999
seq1424@3,seq3672@8,0.9999999999999999
seq1424@3,seq1258@6,0.9999999999999999
seq1424@3,seq80@5,0.9999999999999999
seq1424@3,seq12563@4,0.9878787878787878
seq1424@3,seq3880@4,0.9999999999999999
seq1424@3,seq6336@3,0.9999999999999999
seq1424@3,seq767@2,0.9999999999999999
seq1424@3,seq6674@2,0.9999999999999999
seq1424@3,seq9254@2,0.9999999999999999
seq1424@3,seq14203@2,0.9999999999999999
seq1424@3,seq242@13,0.9999999999999999
seq1424@3,seq2408@28,0.9999999999999999
seq1424@3,seq5@14279,0.9999999999999999
seq1424@3,seq190@11,0.9999999999999999
seq1424@3,seq1700@2,0.9999999999999999
seq1424@3,seq9598@2,0.9999999999999999
seq1424@3,seq4099@21,0.9999999999999999
seq1424@3,seq2519@3,0.9999999999999999
seq1424@3,seq4258@3,0.9999999999999999
seq221@2,seq3622@2,0.9999999999999999
seq221@2,seq6293@2,0.9999999999999999
seq221@2,seq7134@2,0.9999999999999999
seq221@2,seq14179@2,0.9999999999999999
seq221@2,seq17948@2,0.9999999999999999
seq221@2,seq19@917,0.9999999999999999
seq221@2,seq20544@2,0.9999999999999999
seq221@2,seq5388@2,0.9999999999999999
seq221@2,seq4649@8,0.9999999999999999
seq221@2,seq14199@3,0.9999999999999999
seq221@2,seq319@27,0.9999999999999999
seq221@2,seq200@7,0.9999999999999999
seq221@2,seq2884@46,0.9999999999999999
seq221@2,seq1486@4,0.9999999999999999
seq221@2,seq3472@7,0.9999999999999999
seq221@2,seq526@3,0.9999999999999999
seq221@2,seq7534@5,0.9999999999999999
seq221@2,seq6331@3,0.9999999999999999
seq221@2,seq7977@5,0.9999999999999999
seq221@2,seq9495@3,0.9999999999999999
seq221@2,seq569@31,0.9999999999999999
seq221@2,seq10572@3,0.9999999999999999
seq221@2,seq225@14,0.9999999999999999
seq221@2,seq14021@3,0.9999999999999999
seq221@2,seq888@22,0.9999999999999999
seq221@2,seq1826@2,0.9999999999999999
seq221@2,seq750@16,0.9999999999999999
seq221@2,seq3750@2,0.9999999999999999
seq221@2,seq219@4,0.9999999999999999
seq221@2,seq6308@2,0.9999999999999999
seq221@2,seq4869@3,0.9999999999999999
seq221@2,seq3295@17,0.9999999999999999
seq221@2,seq8153@2,0.9999999999999999
seq221@2,seq15631@3,0.9999999999999999
seq221@2,seq6565@6,0.9999999999999999
seq221@2,seq8764@2,0.9999999999999999
seq221@2,seq2900@5,0.9999999999999999
seq221@2,seq724@11,0.9999999999999999
seq221@2,seq9594@2,0.9999999999999999
seq221@2,seq985@9,0.9999999999999999
seq221@2,seq11038@2,0.9999999999999999
seq221@2,seq1751@10,0.9999999999999999
seq221@2,seq12322@2,0.9999999999999999
seq221@2,seq8351@2,0.9999999999999999
seq221@2,seq74@23,0.9999999999999999
seq221@2,seq14613@2,0.9999999999999999
seq221@2,seq586@3,0.9999999999999999
seq221@2,seq121@33,0.9999999999999999
seq221@2,seq3257@5,0.9999999999999999
seq221@2,seq1661@16,0.9999999999999999
seq221@2,seq3496@14,0.9999999999999999
seq221@2,seq657@16,0.9999999999999999
seq221@2,seq619@39,0.9999999999999999
seq221@2,seq2149@29,0.9999999999999999
seq221@2,seq176@25,0.9999999999999999
seq221@2,seq5540@18,0.9999999999999999
seq221@2,seq1172@13,0.9999999999999999
seq221@2,seq6557@11,0.9999999999999999
seq221@2,seq2294@10,0.9999999999999999
seq221@2,seq5670@10,0.9999999999999999
seq221@2,seq7624@10,0.9999999999999999
seq221@2,seq1586@8,0.9999999999999999
seq221@2,seq2833@8,0.9999999999999999
seq221@2,seq3672@8,0.9999999999999999
seq221@2,seq1258@6,0.9999999999999999
seq221@2,seq80@5,0.9999999999999999
seq221@2,seq12563@4,0.9878787878787878
seq221@2,seq3880@4,0.9999999999999999
seq221@2,seq6336@3,0.9999999999999999
seq221@2,seq767@2,0.9999999999999999
seq221@2,seq6674@2,0.9999999999999999
seq221@2,seq9254@2,0.9999999999999999
seq221@2,seq14203@2,0.9999999999999999
seq221@2,seq242@13,0.9999999999999999
seq221@2,seq2408@28,0.9999999999999999
seq221@2,seq5@14279,0.9999999999999999
seq221@2,seq190@11,0.9999999999999999
seq221@2,seq1700@2,0.9999999999999999
seq221@2,seq9598@2,0.9999999999999999
seq221@2,seq4099@21,0.9999999999999999
seq221@2,seq2519@3,0.9999999999999999
seq221@2,seq4258@3,0.9999999999999999
seq3622@2,seq6293@2,0.9999999999999999
seq3622@2,seq7134@2,0.9999999999999999
seq3622@2,seq14179@2,0.9999999999999999
seq3622@2,seq17948@2,0.9999999999999999
seq3622@2,seq19@917,0.9999999999999999
seq3622@2,seq20544@2,0.9999999999999999
seq3622@2,seq5388@2,0.9999999999999999
seq3622@2,seq4649@8,0.9999999999999999
seq3622@2,seq14199@3,0.9999999999999999
seq3622@2,seq319@27,0.9999999999999999
seq3622@2,seq200@7,0.9999999999999999
seq3622@2,seq2884@46,0.9999999999999999
seq3622@2,seq1486@4,0.9999999999999999
seq3622@2,seq3472@7,0.9999999999999999
seq3622@2,seq526@3,0.9999999999999999
seq3622@2,seq7534@5,0.9999999999999999
seq3622@2,seq6331@3,0.9999999999999999
seq3622@2,seq7977@5,0.9999999999999999
seq3622@2,seq9495@3,0.9999999999999999
seq3622@2,seq569@31,0.9999999999999999
seq3622@2,seq10572@3,0.9999999999999999
seq3622@2,seq225@14,0.9999999999999999
seq3622@2,seq14021@3,0.9999999999999999
seq3622@2,seq888@22,0.9999999999999999
seq3622@2,seq1826@2,0.9999999999999999
seq3622@2,seq750@16,0.9999999999999999
seq3622@2,seq3750@2,0.9999999999999999
seq3622@2,seq219@4,0.9999999999999999
seq3622@2,seq6308@2,0.9999999999999999
seq3622@2,seq4869@3,0.9999999999999999
seq3622@2,seq3295@17,0.9999999999999999
seq3622@2,seq8153@2,0.9999999999999999
seq3622@2,seq15631@3,0.9999999999999999
seq3622@2,seq6565@6,0.9999999999999999
seq3622@2,seq8764@2,0.9999999999999999
seq3622@2,seq2900@5,0.9999999999999999
seq3622@2,seq724@11,0.9999999999999999
seq3622@2,seq9594@2,0.9999999999999999
seq3622@2,seq985@9,0.9999999999999999
seq3622@2,seq11038@2,0.9999999999999999
seq3622@2,seq1751@10,0.9999999999999999
seq3622@2,seq12322@2,0.9999999999999999
seq3622@2,seq8351@2,0.9999999999999999
seq3622@2,seq74@23,0.9999999999999999
seq3622@2,seq14613@2,0.9999999999999999
seq3622@2,seq586@3,0.9999999999999999
seq3622@2,seq121@33,0.9999999999999999
seq3622@2,seq3257@5,0.9999999999999999
seq3622@2,seq1661@16,0.9999999999999999
seq3622@2,seq3496@14,0.9999999999999999
seq3622@2,seq657@16,0.9999999999999999
seq3622@2,seq619@39,0.9999999999999999
seq3622@2,seq2149@29,0.9999999999999999
seq3622@2,seq176@25,0.9999999999999999
seq3622@2,seq5540@18,0.9999999999999999
seq3622@2,seq1172@13,0.9999999999999999
seq3622@2,seq6557@11,0.9999999999999999
seq3622@2,seq2294@10,0.9999999999999999
seq3622@2,seq5670@10,0.9999999999999999
seq3622@2,seq7624@10,0.9999999999999999
seq3622@2,seq1586@8,0.9999999999999999
seq3622@2,seq2833@8,0.9999999999999999
seq3622@2,seq3672@8,0.9999999999999999
seq3622@2,seq1258@6,0.9999999999999999
seq3622@2,seq80@5,0.9999999999999999
seq3622@2,seq12563@4,0.9878787878787878
seq3622@2,seq3880@4,0.9999999999999999
seq3622@2,seq6336@3,0.9999999999999999
seq3622@2,seq767@2,0.9999999999999999
seq3622@2,seq6674@2,0.9999999999999999
seq3622@2,seq9254@2,0.9999999999999999
seq3622@2,seq14203@2,0.9999999999999999
seq3622@2,seq242@13,0.9999999999999999
seq3622@2,seq2408@28,0.9999999999999999
seq3622@2,seq5@14279,0.9999999999999999
seq3622@2,seq190@11,0.9999999999999999
seq3622@2,seq1700@2,0.9999999999999999
seq3622@2,seq9598@2,0.9999999999999999
seq3622@2,seq4099@21,0.9999999999999999
seq3622@2,seq2519@3,0.9999999999999999
seq3622@2,seq4258@3,0.9999999999999999
seq6293@2,seq7134@2,0.9999999999999999
seq6293@2,seq14179@2,0.9999999999999999
seq6293@2,seq17948@2,0.9999999999999999
seq6293@2,seq19@917,0.9999999999999999
seq6293@2,seq20544@2,0.9999999999999999
seq6293@2,seq5388@2,0.9999999999999999
seq6293@2,seq4649@8,0.9999999999999999
seq6293@2,seq14199@3,0.9999999999999999
seq6293@2,seq319@27,0.9999999999999999
seq6293@2,seq200@7,0.9999999999999999
seq6293@2,seq2884@46,0.9999999999999999
seq6293@2,seq1486@4,0.9999999999999999
seq6293@2,seq3472@7,0.9999999999999999
seq6293@2,seq526@3,0.9999999999999999
seq6293@2,seq7534@5,0.9999999999999999
seq6293@2,seq6331@3,0.9999999999999999
seq6293@2,seq7977@5,0.9999999999999999
seq6293@2,seq9495@3,0.9999999999999999
seq6293@2,seq569@31,0.9999999999999999
seq6293@2,seq10572@3,0.9999999999999999
seq6293@2,seq225@14,0.9999999999999999
seq6293@2,seq14021@3,0.9999999999999999
seq6293@2,seq888@22,0.9999999999999999
seq6293@2,seq1826@2,0.9999999999999999
seq6293@2,seq750@16,0.9999999999999999
seq6293@2,seq3750@2,0.9999999999999999
seq6293@2,seq219@4,0.9999999999999999
seq6293@2,seq6308@2,0.9999999999999999
seq6293@2,seq4869@3,0.9999999999999999
seq6293@2,seq3295@17,0.9999999999999999
seq6293@2,seq8153@2,0.9999999999999999
seq6293@2,seq15631@3,0.9999999999999999
seq6293@2,seq6565@6,0.9999999999999999
seq6293@2,seq8764@2,0.9999999999999999
seq6293@2,seq2900@5,0.9999999999999999
seq6293@2,seq724@11,0.9999999999999999
seq6293@2,seq9594@2,0.9999999999999999
seq6293@2,seq985@9,0.9999999999999999
seq6293@2,seq11038@2,0.9999999999999999
seq6293@2,seq1751@10,0.9999999999999999
seq6293@2,seq12322@2,0.9999999999999999
seq6293@2,seq8351@2,0.9999999999999999
seq6293@2,seq74@23,0.9999999999999999
seq6293@2,seq14613@2,0.9999999999999999
seq6293@2,seq586@3,0.9999999999999999
seq6293@2,seq121@33,0.9999999999999999
seq6293@2,seq3257@5,0.9999999999999999
seq6293@2,seq1661@16,0.9999999999999999
seq6293@2,seq3496@14,0.9999999999999999
seq6293@2,seq657@16,0.9999999999999999
seq6293@2,seq619@39,0.9999999999999999
seq6293@2,seq2149@29,0.9999999999999999
seq6293@2,seq176@25,0.9999999999999999
seq6293@2,seq5540@18,0.9999999999999999
seq6293@2,seq1172@13,0.9999999999999999
seq6293@2,seq6557@11,0.9999999999999999
seq6293@2,seq2294@10,0.9999999999999999
seq6293@2,seq5670@10,0.9999999999999999
seq6293@2,seq7624@10,0.9999999999999999
seq6293@2,seq1586@8,0.9999999999999999
seq6293@2,seq2833@8,0.9999999999999999
seq6293@2,seq3672@8,0.9999999999999999
seq6293@2,seq1258@6,0.9999999999999999
seq6293@2,seq80@5,0.9999999999999999
seq6293@2,seq12563@4,0.9878787878787878
seq6293@2,seq3880@4,0.9999999999999999
seq6293@2,seq6336@3,0.9999999999999999
seq6293@2,seq767@2,0.9999999999999999
seq6293@2,seq6674@2,0.9999999999999999
seq6293@2,seq9254@2,0.9999999999999999
seq6293@2,seq14203@2,0.9999999999999999
seq6293@2,seq242@13,0.9999999999999999
seq6293@2,seq2408@28,0.9999999999999999
seq6293@2,seq5@14279,0.9999999999999999
seq6293@2,seq190@11,0.9999999999999999
seq6293@2,seq1700@2,0.9999999999999999
seq6293@2,seq9598@2,0.9999999999999999
seq6293@2,seq4099@21,0.9999999999999999
seq6293@2,seq2519@3,0.9999999999999999
seq6293@2,seq4258@3,0.9999999999999999
seq7134@2,seq14179@2,0.9999999999999999
seq7134@2,seq17948@2,0.9999999999999999
seq7134@2,seq19@917,0.9999999999999999
seq7134@2,seq20544@2,0.9999999999999999
seq7134@2,seq5388@2,0.9999999999999999
seq7134@2,seq4649@8,0.9999999999999999
seq7134@2,seq14199@3,0.9999999999999999
seq7134@2,seq319@27,0.9999999999999999
seq7134@2,seq200@7,0.9999999999999999
seq7134@2,seq2884@46,0.9999999999999999
seq7134@2,seq1486@4,0.9999999999999999
seq7134@2,seq3472@7,0.9999999999999999
seq7134@2,seq526@3,0.9999999999999999
seq7134@2,seq7534@5,0.9999999999999999
seq7134@2,seq6331@3,0.9999999999999999
seq7134@2,seq7977@5,0.9999999999999999
seq7134@2,seq9495@3,0.9999999999999999
seq7134@2,seq569@31,0.9999999999999999
seq7134@2,seq10572@3,0.9999999999999999
seq7134@2,seq225@14,0.9999999999999999
seq7134@2,seq14021@3,0.9999999999999999
seq7134@2,seq888@22,0.9999999999999999
seq7134@2,seq1826@2,0.9999999999999999
seq7134@2,seq750@16,0.9999999999999999
seq7134@2,seq3750@2,0.9999999999999999
seq7134@2,seq219@4,0.9999999999999999
seq7134@2,seq6308@2,0.9999999999999999
seq7134@2,seq4869@3,0.9999999999999999
seq7134@2,seq3295@17,0.9999999999999999
seq7134@2,seq8153@2,0.9999999999999999
seq7134@2,seq15631@3,0.9999999999999999
seq7134@2,seq6565@6,0.9999999999999999
seq7134@2,seq8764@2,0.9999999999999999
seq7134@2,seq2900@5,0.9999999999999999
seq7134@2,seq724@11,0.9999999999999999
seq7134@2,seq9594@2,0.9999999999999999
seq7134@2,seq985@9,0.9999999999999999
seq7134@2,seq11038@2,0.9999999999999999
seq7134@2,seq1751@10,0.9999999999999999
seq7134@2,seq12322@2,0.9999999999999999
seq7134@2,seq8351@2,0.9999999999999999
seq7134@2,seq74@23,0.9999999999999999
seq7134@2,seq14613@2,0.9999999999999999
seq7134@2,seq586@3,0.9999999999999999
seq7134@2,seq121@33,0.9999999999999999
seq7134@2,seq3257@5,0.9999999999999999
seq7134@2,seq1661@16,0.9999999999999999
seq7134@2,seq3496@14,0.9999999999999999
seq7134@2,seq657@16,0.9999999999999999
seq7134@2,seq619@39,0.9999999999999999
seq7134@2,seq2149@29,0.9999999999999999
seq7134@2,seq176@25,0.9999999999999999
seq7134@2,seq5540@18,0.9999999999999999
seq7134@2,seq1172@13,0.9999999999999999
seq7134@2,seq6557@11,0.9999999999999999
seq7134@2,seq2294@10,0.9999999999999999
seq7134@2,seq5670@10,0.9999999999999999
seq7134@2,seq7624@10,0.9999999999999999
seq7134@2,seq1586@8,0.9999999999999999
seq7134@2,seq2833@8,0.9999999999999999
seq7134@2,seq3672@8,0.9999999999999999
seq7134@2,seq1258@6,0.9999999999999999
seq7134@2,seq80@5,0.9999999999999999
seq7134@2,seq12563@4,0.9878787878787878
seq7134@2,seq3880@4,0.9999999999999999
seq7134@2,seq6336@3,0.9999999999999999
seq7134@2,seq767@2,0.9999999999999999
seq7134@2,seq6674@2,0.9999999999999999
seq7134@2,seq9254@2,0.9999999999999999
seq7134@2,seq14203@2,0.9999999999999999
seq7134@2,seq242@13,0.9999999999999999
seq7134@2,seq2408@28,0.9999999999999999
seq7134@2,seq5@14279,0.9999999999999999
seq7134@2,seq190@11,0.9999999999999999
seq7134@2,seq1700@2,0.9999999999999999
seq7134@2,seq9598@2,0.9999999999999999
seq7134@2,seq4099@21,0.9999999999999999
seq7134@2,seq2519@3,0.9999999999999999
seq7134@2,seq4258@3,0.9999999999999999
seq14179@2,seq17948@2,0.9999999999999999
seq14179@2,seq19@917,0.9999999999999999
seq14179@2,seq20544@2,0.9999999999999999
seq14179@2,seq5388@2,0.9999999999999999
seq14179@2,seq4649@8,0.9999999999999999
seq14179@2,seq14199@3,0.9999999999999999
seq14179@2,seq319@27,0.9999999999999999
seq14179@2,seq200@7,0.9999999999999999
seq14179@2,seq2884@46,0.9999999999999999
seq14179@2,seq1486@4,0.9999999999999999
seq14179@2,seq3472@7,0.9999999999999999
seq14179@2,seq526@3,0.9999999999999999
seq14179@2,seq7534@5,0.9999999999999999
seq14179@2,seq6331@3,0.9999999999999999
seq14179@2,seq7977@5,0.9999999999999999
seq14179@2,seq9495@3,0.9999999999999999
seq14179@2,seq569@31,0.9999999999999999
seq14179@2,seq10572@3,0.9999999999999999
seq14179@2,seq225@14,0.9999999999999999
seq14179@2,seq14021@3,0.9999999999999999
seq14179@2,seq888@22,0.9999999999999999
seq14179@2,seq1826@2,0.9999999999999999
seq14179@2,seq750@16,0.9999999999999999
seq14179@2,seq3750@2,0.9999999999999999
seq14179@2,seq219@4,0.9999999999999999
seq14179@2,seq6308@2,0.9999999999999999
seq14179@2,seq4869@3,0.9999999999999999
seq14179@2,seq3295@17,0.9999999999999999
seq14179@2,seq8153@2,0.9999999999999999
seq14179@2,seq15631@3,0.9999999999999999
seq14179@2,seq6565@6,0.9999999999999999
seq14179@2,seq8764@2,0.9999999999999999
seq14179@2,seq2900@5,0.9999999999999999
seq14179@2,seq724@11,0.9999999999999999
seq14179@2,seq9594@2,0.9999999999999999
seq14179@2,seq985@9,0.9999999999999999
seq14179@2,seq11038@2,0.9999999999999999
seq14179@2,seq1751@10,0.9999999999999999
seq14179@2,seq12322@2,0.9999999999999999
seq14179@2,seq8351@2,0.9999999999999999
seq14179@2,seq74@23,0.9999999999999999
seq14179@2,seq14613@2,0.9999999999999999
seq14179@2,seq586@3,0.9999999999999999
seq14179@2,seq121@33,0.9999999999999999
seq14179@2,seq3257@5,0.9999999999999999
seq14179@2,seq1661@16,0.9999999999999999
seq14179@2,seq3496@14,0.9999999999999999
seq14179@2,seq657@16,0.9999999999999999
seq14179@2,seq619@39,0.9999999999999999
seq14179@2,seq2149@29,0.9999999999999999
seq14179@2,seq176@25,0.9999999999999999
seq14179@2,seq5540@18,0.9999999999999999
seq14179@2,seq1172@13,0.9999999999999999
seq14179@2,seq6557@11,0.9999999999999999
seq14179@2,seq2294@10,0.9999999999999999
seq14179@2,seq5670@10,0.9999999999999999
seq14179@2,seq7624@10,0.9999999999999999
seq14179@2,seq1586@8,0.9999999999999999
seq14179@2,seq2833@8,0.9999999999999999
seq14179@2,seq3672@8,0.9999999999999999
seq14179@2,seq1258@6,0.9999999999999999
seq14179@2,seq80@5,0.9999999999999999
seq14179@2,seq12563@4,0.9878787878787878
seq14179@2,seq3880@4,0.9999999999999999
seq14179@2,seq6336@3,0.9999999999999999
seq14179@2,seq767@2,0.9999999999999999
seq14179@2,seq6674@2,0.9999999999999999
seq14179@2,seq9254@2,0.9999999999999999
seq14179@2,seq14203@2,0.9999999999999999
seq14179@2,seq242@13,0.9999999999999999
seq14179@2,seq2408@28,0.9999999999999999
seq14179@2,seq5@14279,0.9999999999999999
seq14179@2,seq190@11,0.9999999999999999
seq14179@2,seq1700@2,0.9999999999999999
seq14179@2,seq9598@2,0.9999999999999999
seq14179@2,seq4099@21,0.9999999999999999
seq14179@2,seq2519@3,0.9999999999999999
seq14179@2,seq4258@3,0.9999999999999999
seq17948@2,seq19@917,0.9999999999999999
seq17948@2,seq20544@2,0.9999999999999999
seq17948@2,seq5388@2,0.9999999999999999
seq17948@2,seq4649@8,0.9999999999999999
seq17948@2,seq14199@3,0.9999999999999999
seq17948@2,seq319@27,0.9999999999999999
seq17948@2,seq200@7,0.9999999999999999
seq17948@2,seq2884@46,0.9999999999999999
seq17948@2,seq1486@4,0.9999999999999999
seq17948@2,seq3472@7,0.9999999999999999
seq17948@2,seq526@3,0.9999999999999999
seq17948@2,seq7534@5,0.9999999999999999
seq17948@2,seq6331@3,0.9999999999999999
seq17948@2,seq7977@5,0.9999999999999999
seq17948@2,seq9495@3,0.9999999999999999
seq17948@2,seq569@31,0.9999999999999999
seq17948@2,seq10572@3,0.9999999999999999
seq17948@2,seq225@14,0.9999999999999999
seq17948@2,seq14021@3,0.9999999999999999
seq17948@2,seq888@22,0.9999999999999999
seq17948@2,seq1826@2,0.9999999999999999
seq17948@2,seq750@16,0.9999999999999999
seq17948@2,seq3750@2,0.9999999999999999
seq17948@2,seq219@4,0.9999999999999999
seq17948@2,seq6308@2,0.9999999999999999
seq17948@2,seq4869@3,0.9999999999999999
seq17948@2,seq3295@17,0.9999999999999999
seq17948@2,seq8153@2,0.9999999999999999
seq17948@2,seq15631@3,0.9999999999999999
seq17948@2,seq6565@6,0.9999999999999999
seq17948@2,seq8764@2,0.9999999999999999
seq17948@2,seq2900@5,0.9999999999999999
seq17948@2,seq724@11,0.9999999999999999
seq17948@2,seq9594@2,0.9999999999999999
seq17948@2,seq985@9,0.9999999999999999
seq17948@2,seq11038@2,0.9999999999999999
seq17948@2,seq1751@10,0.9999999999999999
seq17948@2,seq12322@2,0.9999999999999999
seq17948@2,seq8351@2,0.9999999999999999
seq17948@2,seq74@23,0.9999999999999999
seq17948@2,seq14613@2,0.9999999999999999
seq17948@2,seq586@3,0.9999999999999999
seq17948@2,seq121@33,0.9999999999999999
seq17948@2,seq3257@5,0.9999999999999999
seq17948@2,seq1661@16,0.9999999999999999
seq17948@2,seq3496@14,0.9999999999999999
seq17948@2,seq657@16,0.9999999999999999
seq17948@2,seq619@39,0.9999999999999999
seq17948@2,seq2149@29,0.9999999999999999
seq17948@2,seq176@25,0.9999999999999999
seq17948@2,seq5540@18,0.9999999999999999
seq17948@2,seq1172@13,0.9999999999999999
seq17948@2,seq6557@11,0.9999999999999999
seq17948@2,seq2294@10,0.9999999999999999
seq17948@2,seq5670@10,0.9999999999999999
seq17948@2,seq7624@10,0.9999999999999999
seq17948@2,seq1586@8,0.9999999999999999
seq17948@2,seq2833@8,0.9999999999999999
seq17948@2,seq3672@8,0.9999999999999999
seq17948@2,seq1258@6,0.9999999999999999
seq17948@2,seq80@5,0.9999999999999999
seq17948@2,seq12563@4,0.9878787878787878
seq17948@2,seq3880@4,0.9999999999999999
seq17948@2,seq6336@3,0.9999999999999999
seq17948@2,seq767@2,0.9999999999999999
seq17948@2,seq6674@2,0.9999999999999999
seq17948@2,seq9254@2,0.9999999999999999
seq17948@2,seq14203@2,0.9999999999999999
seq17948@2,seq242@13,0.9999999999999999
seq17948@2,seq2408@28,0.9999999999999999
seq17948@2,seq5@14279,0.9999999999999999
seq17948@2,seq190@11,0.9999999999999999
seq17948@2,seq1700@2,0.9999999999999999
seq17948@2,seq9598@2,0.9999999999999999
seq17948@2,seq4099@21,0.9999999999999999
seq17948@2,seq2519@3,0.9999999999999999
seq17948@2,seq4258@3,0.9999999999999999
seq19@917,seq20544@2,0.9999999999999999
seq19@917,seq5388@2,0.9999999999999999
seq19@917,seq4649@8,0.9999999999999999
seq19@917,seq14199@3,0.9999999999999999
seq19@917,seq319@27,0.9999999999999999
seq19@917,seq200@7,0.9999999999999999
seq19@917,seq2884@46,0.9999999999999999
seq19@917,seq1486@4,0.9999999999999999
seq19@917,seq3472@7,0.9999999999999999
seq19@917,seq526@3,0.9999999999999999
seq19@917,seq7534@5,0.9999999999999999
seq19@917,seq6331@3,0.9999999999999999
seq19@917,seq7977@5,0.9999999999999999
seq19@917,seq9495@3,0.9999999999999999
seq19@917,seq569@31,0.9999999999999999
seq19@917,seq10572@3,0.9999999999999999
seq19@917,seq225@14,0.9999999999999999
seq19@917,seq14021@3,0.9999999999999999
seq19@917,seq888@22,0.9999999999999999
seq19@917,seq1826@2,0.9999999999999999
seq19@917,seq750@16,0.9999999999999999
seq19@917,seq3750@2,0.9999999999999999
seq19@917,seq219@4,0.9999999999999999
seq19@917,seq6308@2,0.9999999999999999
seq19@917,seq4869@3,0.9999999999999999
seq19@917,seq3295@17,0.9999999999999999
seq19@917,seq8153@2,0.9999999999999999
seq19@917,seq15631@3,0.9999999999999999
seq19@917,seq6565@6,0.9999999999999999
seq19@917,seq8764@2,0.9999999999999999
seq19@917,seq2900@5,0.9999999999999999
seq19@917,seq724@11,0.9999999999999999
seq19@917,seq9594@2,0.9999999999999999
seq19@917,seq985@9,0.9999999999999999
seq19@917,seq11038@2,0.9999999999999999
seq19@917,seq1751@10,0.9999999999999999
seq19@917,seq12322@2,0.9999999999999999
seq19@917,seq8351@2,0.9999999999999999
seq19@917,seq74@23,0.9999999999999999
seq19@917,seq14613@2,0.9999999999999999
seq19@917,seq586@3,0.9999999999999999
seq19@917,seq121@33,0.9999999999999999
seq19@917,seq3257@5,0.9999999999999999
seq19@917,seq1661@16,0.9999999999999999
seq19@917,seq3496@14,0.9999999999999999
seq19@917,seq657@16,0.9999999999999999
seq19@917,seq619@39,0.9999999999999999
seq19@917,seq2149@29,0.9999999999999999
seq19@917,seq176@25,0.9999999999999999
seq19@917,seq5540@18,0.9999999999999999
seq19@917,seq1172@13,0.9999999999999999
seq19@917,seq6557@11,0.9999999999999999
seq19@917,seq2294@10,0.9999999999999999
seq19@917,seq5670@10,0.9999999999999999
seq19@917,seq7624@10,0.9999999999999999
seq19@917,seq1586@8,0.9999999999999999
seq19@917,seq2833@8,0.9999999999999999
seq19@917,seq3672@8,0.9999999999999999
seq19@917,seq1258@6,0.9999999999999999
seq19@917,seq80@5,0.9999999999999999
seq19@917,seq12563@4,0.9878787878787878
seq19@917,seq3880@4,0.9999999999999999
seq19@917,seq6336@3,0.9999999999999999
seq19@917,seq767@2,0.9999999999999999
seq19@917,seq6674@2,0.9999999999999999
seq19@917,seq9254@2,0.9999999999999999
seq19@917,seq14203@2,0.9999999999999999
seq19@917,seq242@13,0.9999999999999999
seq19@917,seq2408@28,0.9999999999999999
seq19@917,seq5@14279,0.9999999999999999
seq19@917,seq190@11,0.9999999999999999
seq19@917,seq1700@2,0.9999999999999999
seq19@917,seq9598@2,0.9999999999999999
seq19@917,seq4099@21,0.9999999999999999
seq19@917,seq2519@3,0.9999999999999999
seq19@917,seq4258@3,0.9999999999999999
seq20544@2,seq5388@2,0.9999999999999999
seq20544@2,seq4649@8,0.9999999999999999
seq20544@2,seq14199@3,0.9999999999999999
seq20544@2,seq319@27,0.9999999999999999
seq20544@2,seq200@7,0.9999999999999999
seq20544@2,seq2884@46,0.9999999999999999
seq20544@2,seq1486@4,0.9999999999999999
seq20544@2,seq3472@7,0.9999999999999999
seq20544@2,seq526@3,0.9999999999999999
seq20544@2,seq7534@5,0.9999999999999999
seq20544@2,seq6331@3,0.9999999999999999
seq20544@2,seq7977@5,0.9999999999999999
seq20544@2,seq9495@3,0.9999999999999999
seq20544@2,seq569@31,0.9999999999999999
seq20544@2,seq10572@3,0.9999999999999999
seq20544@2,seq225@14,0.9999999999999999
seq20544@2,seq14021@3,0.9999999999999999
seq20544@2,seq888@22,0.9999999999999999
seq20544@2,seq1826@2,0.9999999999999999
seq20544@2,seq750@16,0.9999999999999999
seq20544@2,seq3750@2,0.9999999999999999
seq20544@2,seq219@4,0.9999999999999999
seq20544@2,seq6308@2,0.9999999999999999
seq20544@2,seq4869@3,0.9999999999999999
seq20544@2,seq3295@17,0.9999999999999999
seq20544@2,seq8153@2,0.9999999999999999
seq20544@2,seq15631@3,0.9999999999999999
seq20544@2,seq6565@6,0.9999999999999999
seq20544@2,seq8764@2,0.9999999999999999
seq20544@2,seq2900@5,0.9999999999999999
seq20544@2,seq724@11,0.9999999999999999
seq20544@2,seq9594@2,0.9999999999999999
seq20544@2,seq985@9,0.9999999999999999
seq20544@2,seq11038@2,0.9999999999999999
seq20544@2,seq1751@10,0.9999999999999999
seq20544@2,seq12322@2,0.9999999999999999
seq20544@2,seq8351@2,0.9999999999999999
seq20544@2,seq74@23,0.9999999999999999
seq20544@2,seq14613@2,0.9999999999999999
seq20544@2,seq586@3,0.9999999999999999
seq20544@2,seq121@33,0.9999999999999999
seq20544@2,seq3257@5,0.9999999999999999
seq20544@2,seq1661@16,0.9999999999999999
seq20544@2,seq3496@14,0.9999999999999999
seq20544@2,seq657@16,0.9999999999999999
seq20544@2,seq619@39,0.9999999999999999
seq20544@2,seq2149@29,0.9999999999999999
seq20544@2,seq176@25,0.9999999999999999
seq20544@2,seq5540@18,0.9999999999999999
seq20544@2,seq1172@13,0.9999999999999999
seq20544@2,seq6557@11,0.9999999999999999
seq20544@2,seq2294@10,0.9999999999999999
seq20544@2,seq5670@10,0.9999999999999999
seq20544@2,seq7624@10,0.9999999999999999
seq20544@2,seq1586@8,0.9999999999999999
seq20544@2,seq2833@8,0.9999999999999999
seq20544@2,seq3672@8,0.9999999999999999
seq20544@2,seq1258@6,0.9999999999999999
seq20544@2,seq80@5,0.9999999999999999
seq20544@2,seq12563@4,0.9878787878787878
seq20544@2,seq3880@4,0.9999999999999999
seq20544@2,seq6336@3,0.9999999999999999
seq20544@2,seq767@2,0.9999999999999999
seq20544@2,seq6674@2,0.9999999999999999
seq20544@2,seq9254@2,0.9999999999999999
seq20544@2,seq14203@2,0.9999999999999999
seq20544@2,seq242@13,0.9999999999999999
seq20544@2,seq2408@28,0.9999999999999999
seq20544@2,seq5@14279,0.9999999999999999
seq20544@2,seq190@11,0.9999999999999999
seq20544@2,seq1700@2,0.9999999999999999
seq20544@2,seq9598@2,0.9999999999999999
seq20544@2,seq4099@21,0.9999999999999999
seq20544@2,seq2519@3,0.9999999999999999
seq20544@2,seq4258@3,0.9999999999999999
seq5388@2,seq4649@8,0.9999999999999999
seq5388@2,seq14199@3,0.9999999999999999
seq5388@2,seq319@27,0.9999999999999999
seq5388@2,seq200@7,0.9999999999999999
seq5388@2,seq2884@46,0.9999999999999999
seq5388@2,seq1486@4,0.9999999999999999
seq5388@2,seq3472@7,0.9999999999999999
seq5388@2,seq526@3,0.9999999999999999
seq5388@2,seq7534@5,0.9999999999999999
seq5388@2,seq6331@3,0.9999999999999999
seq5388@2,seq7977@5,0.9999999999999999
seq5388@2,seq9495@3,0.9999999999999999
seq5388@2,seq569@31,0.9999999999999999
seq5388@2,seq10572@3,0.9999999999999999
seq5388@2,seq225@14,0.9999999999999999
seq5388@2,seq14021@3,0.9999999999999999
seq5388@2,seq888@22,0.9999999999999999
seq5388@2,seq1826@2,0.9999999999999999
seq5388@2,seq750@16,0.9999999999999999
seq5388@2,seq3750@2,0.9999999999999999
seq5388@2,seq219@4,0.9999999999999999
seq5388@2,seq6308@2,0.9999999999999999
seq5388@2,seq4869@3,0.9999999999999999
seq5388@2,seq3295@17,0.9999999999999999
seq5388@2,seq8153@2,0.9999999999999999
seq5388@2,seq15631@3,0.9999999999999999
seq5388@2,seq6565@6,0.9999999999999999
seq5388@2,seq8764@2,0.9999999999999999
seq5388@2,seq2900@5,0.9999999999999999
seq5388@2,seq724@11,0.9999999999999999
seq5388@2,seq9594@2,0.9999999999999999
seq5388@2,seq985@9,0.9999999999999999
seq5388@2,seq11038@2,0.9999999999999999
seq5388@2,seq1751@10,0.9999999999999999
seq5388@2,seq12322@2,0.9999999999999999
seq5388@2,seq8351@2,0.9999999999999999
seq5388@2,seq74@23,0.9999999999999999
seq5388@2,seq14613@2,0.9999999999999999
seq5388@2,seq586@3,0.9999999999999999
seq5388@2,seq121@33,0.9999999999999999
seq5388@2,seq3257@5,0.9999999999999999
seq5388@2,seq1661@16,0.9999999999999999
seq5388@2,seq3496@14,0.9999999999999999
seq5388@2,seq657@16,0.9999999999999999
seq5388@2,seq619@39,0.9999999999999999
seq5388@2,seq2149@29,0.9999999999999999
seq5388@2,seq176@25,0.9999999999999999
seq5388@2,seq5540@18,0.9999999999999999
seq5388@2,seq1172@13,0.9999999999999999
seq5388@2,seq6557@11,0.9999999999999999
seq5388@2,seq2294@10,0.9999999999999999
seq5388@2,seq5670@10,0.9999999999999999
seq5388@2,seq7624@10,0.9999999999999999
seq5388@2,seq1586@8,0.9999999999999999
seq5388@2,seq2833@8,0.9999999999999999
seq5388@2,seq3672@8,0.9999999999999999
seq5388@2,seq1258@6,0.9999999999999999
seq5388@2,seq80@5,0.9999999999999999
seq5388@2,seq12563@4,0.9878787878787878
seq5388@2,seq3880@4,0.9999999999999999
seq5388@2,seq6336@3,0.9999999999999999
seq5388@2,seq767@2,0.9999999999999999
seq5388@2,seq6674@2,0.9999999999999999
seq5388@2,seq9254@2,0.9999999999999999
seq5388@2,seq14203@2,0.9999999999999999
seq5388@2,seq242@13,0.9999999999999999
seq5388@2,seq2408@28,0.9999999999999999
seq5388@2,seq5@14279,0.9999999999999999
seq5388@2,seq190@11,0.9999999999999999
seq5388@2,seq1700@2,0.9999999999999999
seq5388@2,seq9598@2,0.9999999999999999
seq5388@2,seq4099@21,0.9999999999999999
seq5388@2,seq2519@3,0.9999999999999999
seq5388@2,seq4258@3,0.9999999999999999
seq4649@8,seq14199@3,0.9999999999999999
seq4649@8,seq319@27,0.9999999999999999
seq4649@8,seq200@7,0.9999999999999999
seq4649@8,seq2884@46,0.9999999999999999
seq4649@8,seq1486@4,0.9999999999999999
seq4649@8,seq3472@7,0.9999999999999999
seq4649@8,seq526@3,0.9999999999999999
seq4649@8,seq7534@5,0.9999999999999999
seq4649@8,seq6331@3,0.9999999999999999
seq4649@8,seq7977@5,0.9999999999999999
seq4649@8,seq9495@3,0.9999999999999999
seq4649@8,seq569@31,0.9999999999999999
seq4649@8,seq10572@3,0.9999999999999999
seq4649@8,seq225@14,0.9999999999999999
seq4649@8,seq14021@3,0.9999999999999999
seq4649@8,seq888@22,0.9999999999999999
seq4649@8,seq1826@2,0.9999999999999999
seq4649@8,seq750@16,0.9999999999999999
seq4649@8,seq3750@2,0.9999999999999999
seq4649@8,seq219@4,0.9999999999999999
seq4649@8,seq6308@2,0.9999999999999999
seq4649@8,seq4869@3,0.9999999999999999
seq4649@8,seq3295@17,0.9999999999999999
seq4649@8,seq8153@2,0.9999999999999999
seq4649@8,seq15631@3,0.9999999999999999
seq4649@8,seq6565@6,0.9999999999999999
seq4649@8,seq8764@2,0.9999999999999999
seq4649@8,seq2900@5,0.9999999999999999
seq4649@8,seq724@11,0.9999999999999999
seq4649@8,seq9594@2,0.9999999999999999
seq4649@8,seq985@9,0.9999999999999999
seq4649@8,seq11038@2,0.9999999999999999
seq4649@8,seq1751@10,0.9999999999999999
seq4649@8,seq12322@2,0.9999999999999999
seq4649@8,seq8351@2,0.9999999999999999
seq4649@8,seq74@23,0.9999999999999999
seq4649@8,seq14613@2,0.9999999999999999
seq4649@8,seq586@3,0.9999999999999999
seq4649@8,seq121@33,0.9999999999999999
seq4649@8,seq3257@5,0.9999999999999999
seq4649@8,seq1661@16,0.9999999999999999
seq4649@8,seq3496@14,0.9999999999999999
seq4649@8,seq657@16,0.9999999999999999
seq4649@8,seq619@39,0.9999999999999999
seq4649@8,seq2149@29,0.9999999999999999
seq4649@8,seq176@25,0.9999999999999999
seq4649@8,seq5540@18,0.9999999999999999
seq4649@8,seq1172@13,0.9999999999999999
seq4649@8,seq6557@11,0.9999999999999999
seq4649@8,seq2294@10,0.9999999999999999
seq4649@8,seq5670@10,0.9999999999999999
seq4649@8,seq7624@10,0.9999999999999999
seq4649@8,seq1586@8,0.9999999999999999
seq4649@8,seq2833@8,0.9999999999999999
seq4649@8,seq3672@8,0.9999999999999999
seq4649@8,seq1258@6,0.9999999999999999
seq4649@8,seq80@5,0.9999999999999999
seq4649@8,seq12563@4,0.9878787878787878
seq4649@8,seq3880@4,0.9999999999999999
seq4649@8,seq6336@3,0.9999999999999999
seq4649@8,seq767@2,0.9999999999999999
seq4649@8,seq6674@2,0.9999999999999999
seq4649@8,seq9254@2,0.9999999999999999
seq4649@8,seq14203@2,0.9999999999999999
seq4649@8,seq242@13,0.9999999999999999
seq4649@8,seq2408@28,0.9999999999999999
seq4649@8,seq5@14279,0.9999999999999999
seq4649@8,seq190@11,0.9999999999999999
seq4649@8,seq1700@2,0.9999999999999999
seq4649@8,seq9598@2,0.9999999999999999
seq4649@8,seq4099@21,0.9999999999999999
seq4649@8,seq2519@3,0.9999999999999999
seq4649@8,seq4258@3,0.9999999999999999
seq14199@3,seq319@27,0.9999999999999999
seq14199@3,seq200@7,0.9999999999999999
seq14199@3,seq2884@46,0.9999999999999999
seq14199@3,seq1486@4,0.9999999999999999
seq14199@3,seq3472@7,0.9999999999999999
seq14199@3,seq526@3,0.9999999999999999
seq14199@3,seq7534@5,0.9999999999999999
seq14199@3,seq6331@3,0.9999999999999999
seq14199@3,seq7977@5,0.9999999999999999
seq14199@3,seq9495@3,0.9999999999999999
seq14199@3,seq569@31,0.9999999999999999
seq14199@3,seq10572@3,0.9999999999999999
seq14199@3,seq225@14,0.9999999999999999
seq14199@3,seq14021@3,0.9999999999999999
seq14199@3,seq888@22,0.9999999999999999
seq14199@3,seq1826@2,0.9999999999999999
seq14199@3,seq750@16,0.9999999999999999
seq14199@3,seq3750@2,0.9999999999999999
seq14199@3,seq219@4,0.9999999999999999
seq14199@3,seq6308@2,0.9999999999999999
seq14199@3,seq4869@3,0.9999999999999999
seq14199@3,seq3295@17,0.9999999999999999
seq14199@3,seq8153@2,0.9999999999999999
seq14199@3,seq15631@3,0.9999999999999999
seq14199@3,seq6565@6,0.9999999999999999
seq14199@3,seq8764@2,0.9999999999999999
seq14199@3,seq2900@5,0.9999999999999999
seq14199@3,seq724@11,0.9999999999999999
seq14199@3,seq9594@2,0.9999999999999999
seq14199@3,seq985@9,0.9999999999999999
seq14199@3,seq11038@2,0.9999999999999999
seq14199@3,seq1751@10,0.9999999999999999
seq14199@3,seq12322@2,0.9999999999999999
seq14199@3,seq8351@2,0.9999999999999999
seq14199@3,seq74@23,0.9999999999999999
seq14199@3,seq14613@2,0.9999999999999999
seq14199@3,seq586@3,0.9999999999999999
seq14199@3,seq121@33,0.9999999999999999
seq14199@3,seq3257@5,0.9999999999999999
seq14199@3,seq1661@16,0.9999999999999999
seq14199@3,seq3496@14,0.9999999999999999
seq14199@3,seq657@16,0.9999999999999999
seq14199@3,seq619@39,0.9999999999999999
seq14199@3,seq2149@29,0.9999999999999999
seq14199@3,seq176@25,0.9999999999999999
seq14199@3,seq5540@18,0.9999999999999999
seq14199@3,seq1172@13,0.9999999999999999
seq14199@3,seq6557@11,0.9999999999999999
seq14199@3,seq2294@10,0.9999999999999999
seq14199@3,seq5670@10,0.9999999999999999
seq14199@3,seq7624@10,0.9999999999999999
seq14199@3,seq1586@8,0.9999999999999999
seq14199@3,seq2833@8,0.9999999999999999
seq14199@3,seq3672@8,0.9999999999999999
seq14199@3,seq1258@6,0.9999999999999999
seq14199@3,seq80@5,0.9999999999999999
seq14199@3,seq12563@4,0.9878787878787878
seq14199@3,seq3880@4,0.9999999999999999
seq14199@3,seq6336@3,0.9999999999999999
seq14199@3,seq767@2,0.9999999999999999
seq14199@3,seq6674@2,0.9999999999999999
seq14199@3,seq9254@2,0.9999999999999999
seq14199@3,seq14203@2,0.9999999999999999
seq14199@3,seq242@13,0.9999999999999999
seq14199@3,seq2408@28,0.9999999999999999
seq14199@3,seq5@14279,0.9999999999999999
seq14199@3,seq190@11,0.9999999999999999
seq14199@3,seq1700@2,0.9999999999999999
seq14199@3,seq9598@2,0.9999999999999999
seq14199@3,seq4099@21,0.9999999999999999
seq14199@3,seq2519@3,0.9999999999999999
seq14199@3,seq4258@3,0.9999999999999999
seq319@27,seq200@7,0.9999999999999999
seq319@27,seq2884@46,0.9999999999999999
seq319@27,seq1486@4,0.9999999999999999
seq319@27,seq3472@7,0.9999999999999999
seq319@27,seq526@3,0.9999999999999999
seq319@27,seq7534@5,0.9999999999999999
seq319@27,seq6331@3,0.9999999999999999
seq319@27,seq7977@5,0.9999999999999999
seq319@27,seq9495@3,0.9999999999999999
seq319@27,seq569@31,0.9999999999999999
seq319@27,seq10572@3,0.9999999999999999
seq319@27,seq225@14,0.9999999999999999
seq319@27,seq14021@3,0.9999999999999999
seq319@27,seq888@22,0.9999999999999999
seq319@27,seq1826@2,0.9999999999999999
seq319@27,seq750@16,0.9999999999999999
seq319@27,seq3750@2,0.9999999999999999
seq319@27,seq219@4,0.9999999999999999
seq319@27,seq6308@2,0.9999999999999999
seq319@27,seq4869@3,0.9999999999999999
seq319@27,seq3295@17,0.9999999999999999
seq319@27,seq8153@2,0.9999999999999999
seq319@27,seq15631@3,0.9999999999999999
seq319@27,seq6565@6,0.9999999999999999
seq319@27,seq8764@2,0.9999999999999999
seq319@27,seq2900@5,0.9999999999999999
seq319@27,seq724@11,0.9999999999999999
seq319@27,seq9594@2,0.9999999999999999
seq319@27,seq985@9,0.9999999999999999
seq319@27,seq11038@2,0.9999999999999999
seq319@27,seq1751@10,0.9999999999999999
seq319@27,seq12322@2,0.9999999999999999
seq319@27,seq8351@2,0.9999999999999999
seq319@27,seq74@23,0.9999999999999999
seq319@27,seq14613@2,0.9999999999999999
seq319@27,seq586@3,0.9999999999999999
seq319@27,seq121@33,0.9999999999999999
seq319@27,seq3257@5,0.9999999999999999
seq319@27,seq1661@16,0.9999999999999999
seq319@27,seq3496@14,0.9999999999999999
seq319@27,seq657@16,0.9999999999999999
seq319@27,seq619@39,0.9999999999999999
seq319@27,seq2149@29,0.9999999999999999
seq319@27,seq176@25,0.9999999999999999
seq319@27,seq5540@18,0.9999999999999999
seq319@27,seq1172@13,0.9999999999999999
seq319@27,seq6557@11,0.9999999999999999
seq319@27,seq2294@10,0.9999999999999999
seq319@27,seq5670@10,0.9999999999999999
seq319@27,seq7624@10,0.9999999999999999
seq319@27,seq1586@8,0.9999999999999999
seq319@27,seq2833@8,0.9999999999999999
seq319@27,seq3672@8,0.9999999999999999
seq319@27,seq1258@6,0.9999999999999999
seq319@27,seq80@5,0.9999999999999999
seq319@27,seq12563@4,0.9878787878787878
seq319@27,seq3880@4,0.9999999999999999
seq319@27,seq6336@3,0.9999999999999999
seq319@27,seq767@2,0.9999999999999999
seq319@27,seq6674@2,0.9999999999999999
seq319@27,seq9254@2,0.9999999999999999
seq319@27,seq14203@2,0.9999999999999999
seq319@27,seq242@13,0.9999999999999999
seq319@27,seq2408@28,0.9999999999999999
seq319@27,seq5@14279,0.9999999999999999
seq319@27,seq190@11,0.9999999999999999
seq319@27,seq1700@2,0.9999999999999999
seq319@27,seq9598@2,0.9999999999999999
seq319@27,seq4099@21,0.9999999999999999
seq319@27,seq2519@3,0.9999999999999999
seq319@27,seq4258@3,0.9999999999999999
seq200@7,seq2884@46,0.9999999999999999
seq200@7,seq1486@4,0.9999999999999999
seq200@7,seq3472@7,0.9999999999999999
seq200@7,seq526@3,0.9999999999999999
seq200@7,seq7534@5,0.9999999999999999
seq200@7,seq6331@3,0.9999999999999999
seq200@7,seq7977@5,0.9999999999999999
seq200@7,seq9495@3,0.9999999999999999
seq200@7,seq569@31,0.9999999999999999
seq200@7,seq10572@3,0.9999999999999999
seq200@7,seq225@14,0.9999999999999999
seq200@7,seq14021@3,0.9999999999999999
seq200@7,seq888@22,0.9999999999999999
seq200@7,seq1826@2,0.9999999999999999
seq200@7,seq750@16,0.9999999999999999
seq200@7,seq3750@2,0.9999999999999999
seq200@7,seq219@4,0.9999999999999999
seq200@7,seq6308@2,0.9999999999999999
seq200@7,seq4869@3,0.9999999999999999
seq200@7,seq3295@17,0.9999999999999999
seq200@7,seq8153@2,0.9999999999999999
seq200@7,seq15631@3,0.9999999999999999
seq200@7,seq6565@6,0.9999999999999999
seq200@7,seq8764@2,0.9999999999999999
seq200@7,seq2900@5,0.9999999999999999
seq200@7,seq724@11,0.9999999999999999
seq200@7,seq9594@2,0.9999999999999999
seq200@7,seq985@9,0.9999999999999999
seq200@7,seq11038@2,0.9999999999999999
seq200@7,seq1751@10,0.9999999999999999
seq200@7,seq12322@2,0.9999999999999999
seq200@7,seq8351@2,0.9999999999999999
seq200@7,seq74@23,0.9999999999999999
seq200@7,seq14613@2,0.9999999999999999
seq200@7,seq586@3,0.9999999999999999
seq200@7,seq121@33,0.9999999999999999
seq200@7,seq3257@5,0.9999999999999999
seq200@7,seq1661@16,0.9999999999999999
seq200@7,seq3496@14,0.9999999999999999
seq200@7,seq657@16,0.9999999999999999
seq200@7,seq619@39,0.9999999999999999
seq200@7,seq2149@29,0.9999999999999999
seq200@7,seq176@25,0.9999999999999999
seq200@7,seq5540@18,0.9999999999999999
seq200@7,seq1172@13,0.9999999999999999
seq200@7,seq6557@11,0.9999999999999999
seq200@7,seq2294@10,0.9999999999999999
seq200@7,seq5670@10,0.9999999999999999
seq200@7,seq7624@10,0.9999999999999999
seq200@7,seq1586@8,0.9999999999999999
seq200@7,seq2833@8,0.9999999999999999
seq200@7,seq3672@8,0.9999999999999999
seq200@7,seq1258@6,0.9999999999999999
seq200@7,seq80@5,0.9999999999999999
seq200@7,seq12563@4,0.9878787878787878
seq200@7,seq3880@4,0.9999999999999999
seq200@7,seq6336@3,0.9999999999999999
seq200@7,seq767@2,0.9999999999999999
seq200@7,seq6674@2,0.9999999999999999
seq200@7,seq9254@2,0.9999999999999999
seq200@7,seq14203@2,0.9999999999999999
seq200@7,seq242@13,0.9999999999999999
seq200@7,seq2408@28,0.9999999999999999
seq200@7,seq5@14279,0.9999999999999999
seq200@7,seq190@11,0.9999999999999999
seq200@7,seq1700@2,0.9999999999999999
seq200@7,seq9598@2,0.9999999999999999
seq200@7,seq4099@21,0.9999999999999999
seq200@7,seq2519@3,0.9999999999999999
seq200@7,seq4258@3,0.9999999999999999
seq2884@46,seq1486@4,0.9999999999999999
seq2884@46,seq3472@7,0.9999999999999999
seq2884@46,seq526@3,0.9999999999999999
seq2884@46,seq7534@5,0.9999999999999999
seq2884@46,seq6331@3,0.9999999999999999
seq2884@46,seq7977@5,0.9999999999999999
seq2884@46,seq9495@3,0.9999999999999999
seq2884@46,seq569@31,0.9999999999999999
seq2884@46,seq10572@3,0.9999999999999999
seq2884@46,seq225@14,0.9999999999999999
seq2884@46,seq14021@3,0.9999999999999999
seq2884@46,seq888@22,0.9999999999999999
seq2884@46,seq1826@2,0.9999999999999999
seq2884@46,seq750@16,0.9999999999999999
seq2884@46,seq3750@2,0.9999999999999999
seq2884@46,seq219@4,0.9999999999999999
seq2884@46,seq6308@2,0.9999999999999999
seq2884@46,seq4869@3,0.9999999999999999
seq2884@46,seq3295@17,0.9999999999999999
seq2884@46,seq8153@2,0.9999999999999999
seq2884@46,seq15631@3,0.9999999999999999
seq2884@46,seq6565@6,0.9999999999999999
seq2884@46,seq8764@2,0.9999999999999999
seq2884@46,seq2900@5,0.9999999999999999
seq2884@46,seq724@11,0.9999999999999999
seq2884@46,seq9594@2,0.9999999999999999
seq2884@46,seq985@9,0.9999999999999999
seq2884@46,seq11038@2,0.9999999999999999
seq2884@46,seq1751@10,0.9999999999999999
seq2884@46,seq12322@2,0.9999999999999999
seq2884@46,seq8351@2,0.9999999999999999
seq2884@46,seq74@23,0.9999999999999999
seq2884@46,seq14613@2,0.9999999999999999
seq2884@46,seq586@3,0.9999999999999999
seq2884@46,seq121@33,0.9999999999999999
seq2884@46,seq3257@5,0.9999999999999999
seq2884@46,seq1661@16,0.9999999999999999
seq2884@46,seq3496@14,0.9999999999999999
seq2884@46,seq657@16,0.9999999999999999
seq2884@46,seq619@39,0.9999999999999999
seq2884@46,seq2149@29,0.9999999999999999
seq2884@46,seq176@25,0.9999999999999999
seq2884@46,seq5540@18,0.9999999999999999
seq2884@46,seq1172@13,0.9999999999999999
seq2884@46,seq6557@11,0.9999999999999999
seq2884@46,seq2294@10,0.9999999999999999
seq2884@46,seq5670@10,0.9999999999999999
seq2884@46,seq7624@10,0.9999999999999999
seq2884@46,seq1586@8,0.9999999999999999
seq2884@46,seq2833@8,0.9999999999999999
seq2884@46,seq3672@8,0.9999999999999999
seq2884@46,seq1258@6,0.9999999999999999
seq2884@46,seq80@5,0.9999999999999999
seq2884@46,seq12563@4,0.9878787878787878
seq2884@46,seq3880@4,0.9999999999999999
seq2884@46,seq6336@3,0.9999999999999999
seq2884@46,seq767@2,0.9999999999999999
seq2884@46,seq6674@2,0.9999999999999999
seq2884@46,seq9254@2,0.9999999999999999
seq2884@46,seq14203@2,0.9999999999999999
seq2884@46,seq242@13,0.9999999999999999
seq2884@46,seq2408@28,0.9999999999999999
seq2884@46,seq5@14279,0.9999999999999999
seq2884@46,seq190@11,0.9999999999999999
seq2884@46,seq1700@2,0.9999999999999999
seq2884@46,seq9598@2,0.9999999999999999
seq2884@46,seq4099@21,0.9999999999999999
seq2884@46,seq2519@3,0.9999999999999999
seq2884@46,seq4258@3,0.9999999999999999
seq1486@4,seq3472@7,0.9999999999999999
seq1486@4,seq526@3,0.9999999999999999
seq1486@4,seq7534@5,0.9999999999999999
seq1486@4,seq6331@3,0.9999999999999999
seq1486@4,seq7977@5,0.9999999999999999
seq1486@4,seq9495@3,0.9999999999999999
seq1486@4,seq569@31,0.9999999999999999
seq1486@4,seq10572@3,0.9999999999999999
seq1486@4,seq225@14,0.9999999999999999
seq1486@4,seq14021@3,0.9999999999999999
seq1486@4,seq888@22,0.9999999999999999
seq1486@4,seq1826@2,0.9999999999999999
seq1486@4,seq750@16,0.9999999999999999
seq1486@4,seq3750@2,0.9999999999999999
seq1486@4,seq219@4,0.9999999999999999
seq1486@4,seq6308@2,0.9999999999999999
seq1486@4,seq4869@3,0.9999999999999999
seq1486@4,seq3295@17,0.9999999999999999
seq1486@4,seq8153@2,0.9999999999999999
seq1486@4,seq15631@3,0.9999999999999999
seq1486@4,seq6565@6,0.9999999999999999
seq1486@4,seq8764@2,0.9999999999999999
seq1486@4,seq2900@5,0.9999999999999999
seq1486@4,seq724@11,0.9999999999999999
seq1486@4,seq9594@2,0.9999999999999999
seq1486@4,seq985@9,0.9999999999999999
seq1486@4,seq11038@2,0.9999999999999999
seq1486@4,seq1751@10,0.9999999999999999
seq1486@4,seq12322@2,0.9999999999999999
seq1486@4,seq8351@2,0.9999999999999999
seq1486@4,seq74@23,0.9999999999999999
seq1486@4,seq14613@2,0.9999999999999999
seq1486@4,seq586@3,0.9999999999999999
seq1486@4,seq121@33,0.9999999999999999
seq1486@4,seq3257@5,0.9999999999999999
seq1486@4,seq1661@16,0.9999999999999999
seq1486@4,seq3496@14,0.9999999999999999
seq1486@4,seq657@16,0.9999999999999999
seq1486@4,seq619@39,0.9999999999999999
seq1486@4,seq2149@29,0.9999999999999999
seq1486@4,seq176@25,0.9999999999999999
seq1486@4,seq5540@18,0.9999999999999999
seq1486@4,seq1172@13,0.9999999999999999
seq1486@4,seq6557@11,0.9999999999999999
seq1486@4,seq2294@10,0.9999999999999999
seq1486@4,seq5670@10,0.9999999999999999
seq1486@4,seq7624@10,0.9999999999999999
seq1486@4,seq1586@8,0.9999999999999999
seq1486@4,seq2833@8,0.9999999999999999
seq1486@4,seq3672@8,0.9999999999999999
seq1486@4,seq1258@6,0.9999999999999999
seq1486@4,seq80@5,0.9999999999999999
seq1486@4,seq12563@4,0.9878787878787878
seq1486@4,seq3880@4,0.9999999999999999
seq1486@4,seq6336@3,0.9999999999999999
seq1486@4,seq767@2,0.9999999999999999
seq1486@4,seq6674@2,0.9999999999999999
seq1486@4,seq9254@2,0.9999999999999999
seq1486@4,seq14203@2,0.9999999999999999
seq1486@4,seq242@13,0.9999999999999999
seq1486@4,seq2408@28,0.9999999999999999
seq1486@4,seq5@14279,0.9999999999999999
seq1486@4,seq190@11,0.9999999999999999
seq1486@4,seq1700@2,0.9999999999999999
seq1486@4,seq9598@2,0.9999999999999999
seq1486@4,seq4099@21,0.9999999999999999
seq1486@4,seq2519@3,0.9999999999999999
seq1486@4,seq4258@3,0.9999999999999999
seq3472@7,seq526@3,0.9999999999999999
seq3472@7,seq7534@5,0.9999999999999999
seq3472@7,seq6331@3,0.9999999999999999
seq3472@7,seq7977@5,0.9999999999999999
seq3472@7,seq9495@3,0.9999999999999999
seq3472@7,seq569@31,0.9999999999999999
seq3472@7,seq10572@3,0.9999999999999999
seq3472@7,seq225@14,0.9999999999999999
seq3472@7,seq14021@3,0.9999999999999999
seq3472@7,seq888@22,0.9999999999999999
seq3472@7,seq1826@2,0.9999999999999999
seq3472@7,seq750@16,0.9999999999999999
seq3472@7,seq3750@2,0.9999999999999999
seq3472@7,seq219@4,0.9999999999999999
seq3472@7,seq6308@2,0.9999999999999999
seq3472@7,seq4869@3,0.9999999999999999
seq3472@7,seq3295@17,0.9999999999999999
seq3472@7,seq8153@2,0.9999999999999999
seq3472@7,seq15631@3,0.9999999999999999
seq3472@7,seq6565@6,0.9999999999999999
seq3472@7,seq8764@2,0.9999999999999999
seq3472@7,seq2900@5,0.9999999999999999
seq3472@7,seq724@11,0.9999999999999999
seq3472@7,seq9594@2,0.9999999999999999
seq3472@7,seq985@9,0.9999999999999999
seq3472@7,seq11038@2,0.9999999999999999
seq3472@7,seq1751@10,0.9999999999999999
seq3472@7,seq12322@2,0.9999999999999999
seq3472@7,seq8351@2,0.9999999999999999
seq3472@7,seq74@23,0.9999999999999999
seq3472@7,seq14613@2,0.9999999999999999
seq3472@7,seq586@3,0.9999999999999999
seq3472@7,seq121@33,0.9999999999999999
seq3472@7,seq3257@5,0.9999999999999999
seq3472@7,seq1661@16,0.9999999999999999
seq3472@7,seq3496@14,0.9999999999999999
seq3472@7,seq657@16,0.9999999999999999
seq3472@7,seq619@39,0.9999999999999999
seq3472@7,seq2149@29,0.9999999999999999
seq3472@7,seq176@25,0.9999999999999999
seq3472@7,seq5540@18,0.9999999999999999
seq3472@7,seq1172@13,0.9999999999999999
seq3472@7,seq6557@11,0.9999999999999999
seq3472@7,seq2294@10,0.9999999999999999
seq3472@7,seq5670@10,0.9999999999999999
seq3472@7,seq7624@10,0.9999999999999999
seq3472@7,seq1586@8,0.9999999999999999
seq3472@7,seq2833@8,0.9999999999999999
seq3472@7,seq3672@8,0.9999999999999999
seq3472@7,seq1258@6,0.9999999999999999
seq3472@7,seq80@5,0.9999999999999999
seq3472@7,seq12563@4,0.9878787878787878
seq3472@7,seq3880@4,0.9999999999999999
seq3472@7,seq6336@3,0.9999999999999999
seq3472@7,seq767@2,0.9999999999999999
seq3472@7,seq6674@2,0.9999999999999999
seq3472@7,seq9254@2,0.9999999999999999
seq3472@7,seq14203@2,0.9999999999999999
seq3472@7,seq242@13,0.9999999999999999
seq3472@7,seq2408@28,0.9999999999999999
seq3472@7,seq5@14279,0.9999999999999999
seq3472@7,seq190@11,0.9999999999999999
seq3472@7,seq1700@2,0.9999999999999999
seq3472@7,seq9598@2,0.9999999999999999
seq3472@7,seq4099@21,0.9999999999999999
seq3472@7,seq2519@3,0.9999999999999999
seq3472@7,seq4258@3,0.9999999999999999
seq526@3,seq7534@5,0.9999999999999999
seq526@3,seq6331@3,0.9999999999999999
seq526@3,seq7977@5,0.9999999999999999
seq526@3,seq9495@3,0.9999999999999999
seq526@3,seq569@31,0.9999999999999999
seq526@3,seq10572@3,0.9999999999999999
seq526@3,seq225@14,0.9999999999999999
seq526@3,seq14021@3,0.9999999999999999
seq526@3,seq888@22,0.9999999999999999
seq526@3,seq1826@2,0.9999999999999999
seq526@3,seq750@16,0.9999999999999999
seq526@3,seq3750@2,0.9999999999999999
seq526@3,seq219@4,0.9999999999999999
seq526@3,seq6308@2,0.9999999999999999
seq526@3,seq4869@3,0.9999999999999999
seq526@3,seq3295@17,0.9999999999999999
seq526@3,seq8153@2,0.9999999999999999
seq526@3,seq15631@3,0.9999999999999999
seq526@3,seq6565@6,0.9999999999999999
seq526@3,seq8764@2,0.9999999999999999
seq526@3,seq2900@5,0.9999999999999999
seq526@3,seq724@11,0.9999999999999999
seq526@3,seq9594@2,0.9999999999999999
seq526@3,seq985@9,0.9999999999999999
seq526@3,seq11038@2,0.9999999999999999
seq526@3,seq1751@10,0.9999999999999999
seq526@3,seq12322@2,0.9999999999999999
seq526@3,seq8351@2,0.9999999999999999
seq526@3,seq74@23,0.9999999999999999
seq526@3,seq14613@2,0.9999999999999999
seq526@3,seq586@3,0.9999999999999999
seq526@3,seq121@33,0.9999999999999999
seq526@3,seq3257@5,0.9999999999999999
seq526@3,seq1661@16,0.9999999999999999
seq526@3,seq3496@14,0.9999999999999999
seq526@3,seq657@16,0.9999999999999999
seq526@3,seq619@39,0.9999999999999999
seq526@3,seq2149@29,0.9999999999999999
seq526@3,seq176@25,0.9999999999999999
seq526@3,seq5540@18,0.9999999999999999
seq526@3,seq1172@13,0.9999999999999999
seq526@3,seq6557@11,0.9999999999999999
seq526@3,seq2294@10,0.9999999999999999
seq526@3,seq5670@10,0.9999999999999999
seq526@3,seq7624@10,0.9999999999999999
seq526@3,seq1586@8,0.9999999999999999
seq526@3,seq2833@8,0.9999999999999999
seq526@3,seq3672@8,0.9999999999999999
seq526@3,seq1258@6,0.9999999999999999
seq526@3,seq80@5,0.9999999999999999
seq526@3,seq12563@4,0.9878787878787878
seq526@3,seq3880@4,0.9999999999999999
seq526@3,seq6336@3,0.9999999999999999
seq526@3,seq767@2,0.9999999999999999
seq526@3,seq6674@2,0.9999999999999999
seq526@3,seq9254@2,0.9999999999999999
seq526@3,seq14203@2,0.9999999999999999
seq526@3,seq242@13,0.9999999999999999
seq526@3,seq2408@28,0.9999999999999999
seq526@3,seq5@14279,0.9999999999999999
seq526@3,seq190@11,0.9999999999999999
seq526@3,seq1700@2,0.9999999999999999
seq526@3,seq9598@2,0.9999999999999999
seq526@3,seq4099@21,0.9999999999999999
seq526@3,seq2519@3,0.9999999999999999
seq526@3,seq4258@3,0.9999999999999999
seq7534@5,seq6331@3,0.9999999999999999
seq7534@5,seq7977@5,0.9999999999999999
seq7534@5,seq9495@3,0.9999999999999999
seq7534@5,seq569@31,0.9999999999999999
seq7534@5,seq10572@3,0.9999999999999999
seq7534@5,seq225@14,0.9999999999999999
seq7534@5,seq14021@3,0.9999999999999999
seq7534@5,seq888@22,0.9999999999999999
seq7534@5,seq1826@2,0.9999999999999999
seq7534@5,seq750@16,0.9999999999999999
seq7534@5,seq3750@2,0.9999999999999999
seq7534@5,seq219@4,0.9999999999999999
seq7534@5,seq6308@2,0.9999999999999999
seq7534@5,seq4869@3,0.9999999999999999
seq7534@5,seq3295@17,0.9999999999999999
seq7534@5,seq8153@2,0.9999999999999999
seq7534@5,seq15631@3,0.9999999999999999
seq7534@5,seq6565@6,0.9999999999999999
seq7534@5,seq8764@2,0.9999999999999999
seq7534@5,seq2900@5,0.9999999999999999
seq7534@5,seq724@11,0.9999999999999999
seq7534@5,seq9594@2,0.9999999999999999
seq7534@5,seq985@9,0.9999999999999999
seq7534@5,seq11038@2,0.9999999999999999
seq7534@5,seq1751@10,0.9999999999999999
seq7534@5,seq12322@2,0.9999999999999999
seq7534@5,seq8351@2,0.9999999999999999
seq7534@5,seq74@23,0.9999999999999999
seq7534@5,seq14613@2,0.9999999999999999
seq7534@5,seq586@3,0.9999999999999999
seq7534@5,seq121@33,0.9999999999999999
seq7534@5,seq3257@5,0.9999999999999999
seq7534@5,seq1661@16,0.9999999999999999
seq7534@5,seq3496@14,0.9999999999999999
seq7534@5,seq657@16,0.9999999999999999
seq7534@5,seq619@39,0.9999999999999999
seq7534@5,seq2149@29,0.9999999999999999
seq7534@5,seq176@25,0.9999999999999999
seq7534@5,seq5540@18,0.9999999999999999
seq7534@5,seq1172@13,0.9999999999999999
seq7534@5,seq6557@11,0.9999999999999999
seq7534@5,seq2294@10,0.9999999999999999
seq7534@5,seq5670@10,0.9999999999999999
seq7534@5,seq7624@10,0.9999999999999999
seq7534@5,seq1586@8,0.9999999999999999
seq7534@5,seq2833@8,0.9999999999999999
seq7534@5,seq3672@8,0.9999999999999999
seq7534@5,seq1258@6,0.9999999999999999
seq7534@5,seq80@5,0.9999999999999999
seq7534@5,seq12563@4,0.9878787878787878
seq7534@5,seq3880@4,0.9999999999999999
seq7534@5,seq6336@3,0.9999999999999999
seq7534@5,seq767@2,0.9999999999999999
seq7534@5,seq6674@2,0.9999999999999999
seq7534@5,seq9254@2,0.9999999999999999
seq7534@5,seq14203@2,0.9999999999999999
seq7534@5,seq242@13,0.9999999999999999
seq7534@5,seq2408@28,0.9999999999999999
seq7534@5,seq5@14279,0.9999999999999999
seq7534@5,seq190@11,0.9999999999999999
seq7534@5,seq1700@2,0.9999999999999999
seq7534@5,seq9598@2,0.9999999999999999
seq7534@5,seq4099@21,0.9999999999999999
seq7534@5,seq2519@3,0.9999999999999999
seq7534@5,seq4258@3,0.9999999999999999
seq6331@3,seq7977@5,0.9999999999999999
seq6331@3,seq9495@3,0.9999999999999999
seq6331@3,seq569@31,0.9999999999999999
seq6331@3,seq10572@3,0.9999999999999999
seq6331@3,seq225@14,0.9999999999999999
seq6331@3,seq14021@3,0.9999999999999999
seq6331@3,seq888@22,0.9999999999999999
seq6331@3,seq1826@2,0.9999999999999999
seq6331@3,seq750@16,0.9999999999999999
seq6331@3,seq3750@2,0.9999999999999999
seq6331@3,seq219@4,0.9999999999999999
seq6331@3,seq6308@2,0.9999999999999999
seq6331@3,seq4869@3,0.9999999999999999
seq6331@3,seq3295@17,0.9999999999999999
seq6331@3,seq8153@2,0.9999999999999999
seq6331@3,seq15631@3,0.9999999999999999
seq6331@3,seq6565@6,0.9999999999999999
seq6331@3,seq8764@2,0.9999999999999999
seq6331@3,seq2900@5,0.9999999999999999
seq6331@3,seq724@11,0.9999999999999999
seq6331@3,seq9594@2,0.9999999999999999
seq6331@3,seq985@9,0.9999999999999999
seq6331@3,seq11038@2,0.9999999999999999
seq6331@3,seq1751@10,0.9999999999999999
seq6331@3,seq12322@2,0.9999999999999999
seq6331@3,seq8351@2,0.9999999999999999
seq6331@3,seq74@23,0.9999999999999999
seq6331@3,seq14613@2,0.9999999999999999
seq6331@3,seq586@3,0.9999999999999999
seq6331@3,seq121@33,0.9999999999999999
seq6331@3,seq3257@5,0.9999999999999999
seq6331@3,seq1661@16,0.9999999999999999
seq6331@3,seq3496@14,0.9999999999999999
seq6331@3,seq657@16,0.9999999999999999
seq6331@3,seq619@39,0.9999999999999999
seq6331@3,seq2149@29,0.9999999999999999
seq6331@3,seq176@25,0.9999999999999999
seq6331@3,seq5540@18,0.9999999999999999
seq6331@3,seq1172@13,0.9999999999999999
seq6331@3,seq6557@11,0.9999999999999999
seq6331@3,seq2294@10,0.9999999999999999
seq6331@3,seq5670@10,0.9999999999999999
seq6331@3,seq7624@10,0.9999999999999999
seq6331@3,seq1586@8,0.9999999999999999
seq6331@3,seq2833@8,0.9999999999999999
seq6331@3,seq3672@8,0.9999999999999999
seq6331@3,seq1258@6,0.9999999999999999
seq6331@3,seq80@5,0.9999999999999999
seq6331@3,seq12563@4,0.9878787878787878
seq6331@3,seq3880@4,0.9999999999999999
seq6331@3,seq6336@3,0.9999999999999999
seq6331@3,seq767@2,0.9999999999999999
seq6331@3,seq6674@2,0.9999999999999999
seq6331@3,seq9254@2,0.9999999999999999
seq6331@3,seq14203@2,0.9999999999999999
seq6331@3,seq242@13,0.9999999999999999
seq6331@3,seq2408@28,0.9999999999999999
seq6331@3,seq5@14279,0.9999999999999999
seq6331@3,seq190@11,0.9999999999999999
seq6331@3,seq1700@2,0.9999999999999999
seq6331@3,seq9598@2,0.9999999999999999
seq6331@3,seq4099@21,0.9999999999999999
seq6331@3,seq2519@3,0.9999999999999999
seq6331@3,seq4258@3,0.9999999999999999
seq7977@5,seq9495@3,0.9999999999999999
seq7977@5,seq569@31,0.9999999999999999
seq7977@5,seq10572@3,0.9999999999999999
seq7977@5,seq225@14,0.9999999999999999
seq7977@5,seq14021@3,0.9999999999999999
seq7977@5,seq888@22,0.9999999999999999
seq7977@5,seq1826@2,0.9999999999999999
seq7977@5,seq750@16,0.9999999999999999
seq7977@5,seq3750@2,0.9999999999999999
seq7977@5,seq219@4,0.9999999999999999
seq7977@5,seq6308@2,0.9999999999999999
seq7977@5,seq4869@3,0.9999999999999999
seq7977@5,seq3295@17,0.9999999999999999
seq7977@5,seq8153@2,0.9999999999999999
seq7977@5,seq15631@3,0.9999999999999999
seq7977@5,seq6565@6,0.9999999999999999
seq7977@5,seq8764@2,0.9999999999999999
seq7977@5,seq2900@5,0.9999999999999999
seq7977@5,seq724@11,0.9999999999999999
seq7977@5,seq9594@2,0.9999999999999999
seq7977@5,seq985@9,0.9999999999999999
seq7977@5,seq11038@2,0.9999999999999999
seq7977@5,seq1751@10,0.9999999999999999
seq7977@5,seq12322@2,0.9999999999999999
seq7977@5,seq8351@2,0.9999999999999999
seq7977@5,seq74@23,0.9999999999999999
seq7977@5,seq14613@2,0.9999999999999999
seq7977@5,seq586@3,0.9999999999999999
seq7977@5,seq121@33,0.9999999999999999
seq7977@5,seq3257@5,0.9999999999999999
seq7977@5,seq1661@16,0.9999999999999999
seq7977@5,seq3496@14,0.9999999999999999
seq7977@5,seq657@16,0.9999999999999999
seq7977@5,seq619@39,0.9999999999999999
seq7977@5,seq2149@29,0.9999999999999999
seq7977@5,seq176@25,0.9999999999999999
seq7977@5,seq5540@18,0.9999999999999999
seq7977@5,seq1172@13,0.9999999999999999
seq7977@5,seq6557@11,0.9999999999999999
seq7977@5,seq2294@10,0.9999999999999999
seq7977@5,seq5670@10,0.9999999999999999
seq7977@5,seq7624@10,0.9999999999999999
seq7977@5,seq1586@8,0.9999999999999999
seq7977@5,seq2833@8,0.9999999999999999
seq7977@5,seq3672@8,0.9999999999999999
seq7977@5,seq1258@6,0.9999999999999999
seq7977@5,seq80@5,0.9999999999999999
seq7977@5,seq12563@4,0.9878787878787878
seq7977@5,seq3880@4,0.9999999999999999
seq7977@5,seq6336@3,0.9999999999999999
seq7977@5,seq767@2,0.9999999999999999
seq7977@5,seq6674@2,0.9999999999999999
seq7977@5,seq9254@2,0.9999999999999999
seq7977@5,seq14203@2,0.9999999999999999
seq7977@5,seq242@13,0.9999999999999999
seq7977@5,seq2408@28,0.9999999999999999
seq7977@5,seq5@14279,0.9999999999999999
seq7977@5,seq190@11,0.9999999999999999
seq7977@5,seq1700@2,0.9999999999999999
seq7977@5,seq9598@2,0.9999999999999999
seq7977@5,seq4099@21,0.9999999999999999
seq7977@5,seq2519@3,0.9999999999999999
seq7977@5,seq4258@3,0.9999999999999999
seq9495@3,seq569@31,0.9999999999999999
seq9495@3,seq10572@3,0.9999999999999999
seq9495@3,seq225@14,0.9999999999999999
seq9495@3,seq14021@3,0.9999999999999999
seq9495@3,seq888@22,0.9999999999999999
seq9495@3,seq1826@2,0.9999999999999999
seq9495@3,seq750@16,0.9999999999999999
seq9495@3,seq3750@2,0.9999999999999999
seq9495@3,seq219@4,0.9999999999999999
seq9495@3,seq6308@2,0.9999999999999999
seq9495@3,seq4869@3,0.9999999999999999
seq9495@3,seq3295@17,0.9999999999999999
seq9495@3,seq8153@2,0.9999999999999999
seq9495@3,seq15631@3,0.9999999999999999
seq9495@3,seq6565@6,0.9999999999999999
seq9495@3,seq8764@2,0.9999999999999999
seq9495@3,seq2900@5,0.9999999999999999
seq9495@3,seq724@11,0.9999999999999999
seq9495@3,seq9594@2,0.9999999999999999
seq9495@3,seq985@9,0.9999999999999999
seq9495@3,seq11038@2,0.9999999999999999
seq9495@3,seq1751@10,0.9999999999999999
seq9495@3,seq12322@2,0.9999999999999999
seq9495@3,seq8351@2,0.9999999999999999
seq9495@3,seq74@23,0.9999999999999999
seq9495@3,seq14613@2,0.9999999999999999
seq9495@3,seq586@3,0.9999999999999999
seq9495@3,seq121@33,0.9999999999999999
seq9495@3,seq3257@5,0.9999999999999999
seq9495@3,seq1661@16,0.9999999999999999
seq9495@3,seq3496@14,0.9999999999999999
seq9495@3,seq657@16,0.9999999999999999
seq9495@3,seq619@39,0.9999999999999999
seq9495@3,seq2149@29,0.9999999999999999
seq9495@3,seq176@25,0.9999999999999999
seq9495@3,seq5540@18,0.9999999999999999
seq9495@3,seq1172@13,0.9999999999999999
seq9495@3,seq6557@11,0.9999999999999999
seq9495@3,seq2294@10,0.9999999999999999
seq9495@3,seq5670@10,0.9999999999999999
seq9495@3,seq7624@10,0.9999999999999999
seq9495@3,seq1586@8,0.9999999999999999
seq9495@3,seq2833@8,0.9999999999999999
seq9495@3,seq3672@8,0.9999999999999999
seq9495@3,seq1258@6,0.9999999999999999
seq9495@3,seq80@5,0.9999999999999999
seq9495@3,seq12563@4,0.9878787878787878
seq9495@3,seq3880@4,0.9999999999999999
seq9495@3,seq6336@3,0.9999999999999999
seq9495@3,seq767@2,0.9999999999999999
seq9495@3,seq6674@2,0.9999999999999999
seq9495@3,seq9254@2,0.9999999999999999
seq9495@3,seq14203@2,0.9999999999999999
seq9495@3,seq242@13,0.9999999999999999
seq9495@3,seq2408@28,0.9999999999999999
seq9495@3,seq5@14279,0.9999999999999999
seq9495@3,seq190@11,0.9999999999999999
seq9495@3,seq1700@2,0.9999999999999999
seq9495@3,seq9598@2,0.9999999999999999
seq9495@3,seq4099@21,0.9999999999999999
seq9495@3,seq2519@3,0.9999999999999999
seq9495@3,seq4258@3,0.9999999999999999
seq569@31,seq10572@3,0.9999999999999999
seq569@31,seq225@14,0.9999999999999999
seq569@31,seq14021@3,0.9999999999999999
seq569@31,seq888@22,0.9999999999999999
seq569@31,seq1826@2,0.9999999999999999
seq569@31,seq750@16,0.9999999999999999
seq569@31,seq3750@2,0.9999999999999999
seq569@31,seq219@4,0.9999999999999999
seq569@31,seq6308@2,0.9999999999999999
seq569@31,seq4869@3,0.9999999999999999
seq569@31,seq3295@17,0.9999999999999999
seq569@31,seq8153@2,0.9999999999999999
seq569@31,seq15631@3,0.9999999999999999
seq569@31,seq6565@6,0.9999999999999999
seq569@31,seq8764@2,0.9999999999999999
seq569@31,seq2900@5,0.9999999999999999
seq569@31,seq724@11,0.9999999999999999
seq569@31,seq9594@2,0.9999999999999999
seq569@31,seq985@9,0.9999999999999999
seq569@31,seq11038@2,0.9999999999999999
seq569@31,seq1751@10,0.9999999999999999
seq569@31,seq12322@2,0.9999999999999999
seq569@31,seq8351@2,0.9999999999999999
seq569@31,seq74@23,0.9999999999999999
seq569@31,seq14613@2,0.9999999999999999
seq569@31,seq586@3,0.9999999999999999
seq569@31,seq121@33,0.9999999999999999
seq569@31,seq3257@5,0.9999999999999999
seq569@31,seq1661@16,0.9999999999999999
seq569@31,seq3496@14,0.9999999999999999
seq569@31,seq657@16,0.9999999999999999
seq569@31,seq619@39,0.9999999999999999
seq569@31,seq2149@29,0.9999999999999999
seq569@31,seq176@25,0.9999999999999999
seq569@31,seq5540@18,0.9999999999999999
seq569@31,seq1172@13,0.9999999999999999
seq569@31,seq6557@11,0.9999999999999999
seq569@31,seq2294@10,0.9999999999999999
seq569@31,seq5670@10,0.9999999999999999
seq569@31,seq7624@10,0.9999999999999999
seq569@31,seq1586@8,0.9999999999999999
seq569@31,seq2833@8,0.9999999999999999
seq569@31,seq3672@8,0.9999999999999999
seq569@31,seq1258@6,0.9999999999999999
seq569@31,seq80@5,0.9999999999999999
seq569@31,seq12563@4,0.9878787878787878
seq569@31,seq3880@4,0.9999999999999999
seq569@31,seq6336@3,0.9999999999999999
seq569@31,seq767@2,0.9999999999999999
seq569@31,seq6674@2,0.9999999999999999
seq569@31,seq9254@2,0.9999999999999999
seq569@31,seq14203@2,0.9999999999999999
seq569@31,seq242@13,0.9999999999999999
seq569@31,seq2408@28,0.9999999999999999
seq569@31,seq5@14279,0.9999999999999999
seq569@31,seq190@11,0.9999999999999999
seq569@31,seq1700@2,0.9999999999999999
seq569@31,seq9598@2,0.9999999999999999
seq569@31,seq4099@21,0.9999999999999999
seq569@31,seq2519@3,0.9999999999999999
seq569@31,seq4258@3,0.9999999999999999
seq10572@3,seq225@14,0.9999999999999999
seq10572@3,seq14021@3,0.9999999999999999
seq10572@3,seq888@22,0.9999999999999999
seq10572@3,seq1826@2,0.9999999999999999
seq10572@3,seq750@16,0.9999999999999999
seq10572@3,seq3750@2,0.9999999999999999
seq10572@3,seq219@4,0.9999999999999999
seq10572@3,seq6308@2,0.9999999999999999
seq10572@3,seq4869@3,0.9999999999999999
seq10572@3,seq3295@17,0.9999999999999999
seq10572@3,seq8153@2,0.9999999999999999
seq10572@3,seq15631@3,0.9999999999999999
seq10572@3,seq6565@6,0.9999999999999999
seq10572@3,seq8764@2,0.9999999999999999
seq10572@3,seq2900@5,0.9999999999999999
seq10572@3,seq724@11,0.9999999999999999
seq10572@3,seq9594@2,0.9999999999999999
seq10572@3,seq985@9,0.9999999999999999
seq10572@3,seq11038@2,0.9999999999999999
seq10572@3,seq1751@10,0.9999999999999999
seq10572@3,seq12322@2,0.9999999999999999
seq10572@3,seq8351@2,0.9999999999999999
seq10572@3,seq74@23,0.9999999999999999
seq10572@3,seq14613@2,0.9999999999999999
seq10572@3,seq586@3,0.9999999999999999
seq10572@3,seq121@33,0.9999999999999999
seq10572@3,seq3257@5,0.9999999999999999
seq10572@3,seq1661@16,0.9999999999999999
seq10572@3,seq3496@14,0.9999999999999999
seq10572@3,seq657@16,0.9999999999999999
seq10572@3,seq619@39,0.9999999999999999
seq10572@3,seq2149@29,0.9999999999999999
seq10572@3,seq176@25,0.9999999999999999
seq10572@3,seq5540@18,0.9999999999999999
seq10572@3,seq1172@13,0.9999999999999999
seq10572@3,seq6557@11,0.9999999999999999
seq10572@3,seq2294@10,0.9999999999999999
seq10572@3,seq5670@10,0.9999999999999999
seq10572@3,seq7624@10,0.9999999999999999
seq10572@3,seq1586@8,0.9999999999999999
seq10572@3,seq2833@8,0.9999999999999999
seq10572@3,seq3672@8,0.9999999999999999
seq10572@3,seq1258@6,0.9999999999999999
seq10572@3,seq80@5,0.9999999999999999
seq10572@3,seq12563@4,0.9878787878787878
seq10572@3,seq3880@4,0.9999999999999999
seq10572@3,seq6336@3,0.9999999999999999
seq10572@3,seq767@2,0.9999999999999999
seq10572@3,seq6674@2,0.9999999999999999
seq10572@3,seq9254@2,0.9999999999999999
seq10572@3,seq14203@2,0.9999999999999999
seq10572@3,seq242@13,0.9999999999999999
seq10572@3,seq2408@28,0.9999999999999999
seq10572@3,seq5@14279,0.9999999999999999
seq10572@3,seq190@11,0.9999999999999999
seq10572@3,seq1700@2,0.9999999999999999
seq10572@3,seq9598@2,0.9999999999999999
seq10572@3,seq4099@21,0.9999999999999999
seq10572@3,seq2519@3,0.9999999999999999
seq10572@3,seq4258@3,0.9999999999999999
seq225@14,seq14021@3,0.9999999999999999
seq225@14,seq888@22,0.9999999999999999
seq225@14,seq1826@2,0.9999999999999999
seq225@14,seq750@16,0.9999999999999999
seq225@14,seq3750@2,0.9999999999999999
seq225@14,seq219@4,0.9999999999999999
seq225@14,seq6308@2,0.9999999999999999
seq225@14,seq4869@3,0.9999999999999999
seq225@14,seq3295@17,0.9999999999999999
seq225@14,seq8153@2,0.9999999999999999
seq225@14,seq15631@3,0.9999999999999999
seq225@14,seq6565@6,0.9999999999999999
seq225@14,seq8764@2,0.9999999999999999
seq225@14,seq2900@5,0.9999999999999999
seq225@14,seq724@11,0.9999999999999999
seq225@14,seq9594@2,0.9999999999999999
seq225@14,seq985@9,0.9999999999999999
seq225@14,seq11038@2,0.9999999999999999
seq225@14,seq1751@10,0.9999999999999999
seq225@14,seq12322@2,0.9999999999999999
seq225@14,seq8351@2,0.9999999999999999
seq225@14,seq74@23,0.9999999999999999
seq225@14,seq14613@2,0.9999999999999999
seq225@14,seq586@3,0.9999999999999999
seq225@14,seq121@33,0.9999999999999999
seq225@14,seq3257@5,0.9999999999999999
seq225@14,seq1661@16,0.9999999999999999
seq225@14,seq3496@14,0.9999999999999999
seq225@14,seq657@16,0.9999999999999999
seq225@14,seq619@39,0.9999999999999999
seq225@14,seq2149@29,0.9999999999999999
seq225@14,seq176@25,0.9999999999999999
seq225@14,seq5540@18,0.9999999999999999
seq225@14,seq1172@13,0.9999999999999999
seq225@14,seq6557@11,0.9999999999999999
seq225@14,seq2294@10,0.9999999999999999
seq225@14,seq5670@10,0.9999999999999999
seq225@14,seq7624@10,0.9999999999999999
seq225@14,seq1586@8,0.9999999999999999
seq225@14,seq2833@8,0.9999999999999999
seq225@14,seq3672@8,0.9999999999999999
seq225@14,seq1258@6,0.9999999999999999
seq225@14,seq80@5,0.9999999999999999
seq225@14,seq12563@4,0.9878787878787878
seq225@14,seq3880@4,0.9999999999999999
seq225@14,seq6336@3,0.9999999999999999
seq225@14,seq767@2,0.9999999999999999
seq225@14,seq6674@2,0.9999999999999999
seq225@14,seq9254@2,0.9999999999999999
seq225@14,seq14203@2,0.9999999999999999
seq225@14,seq242@13,0.9999999999999999
seq225@14,seq2408@28,0.9999999999999999
seq225@14,seq5@14279,0.9999999999999999
seq225@14,seq190@11,0.9999999999999999
seq225@14,seq1700@2,0.9999999999999999
seq225@14,seq9598@2,0.9999999999999999
seq225@14,seq4099@21,0.9999999999999999
seq225@14,seq2519@3,0.9999999999999999
seq225@14,seq4258@3,0.9999999999999999
seq14021@3,seq888@22,0.9999999999999999
seq14021@3,seq1826@2,0.9999999999999999
seq14021@3,seq750@16,0.9999999999999999
seq14021@3,seq3750@2,0.9999999999999999
seq14021@3,seq219@4,0.9999999999999999
seq14021@3,seq6308@2,0.9999999999999999
seq14021@3,seq4869@3,0.9999999999999999
seq14021@3,seq3295@17,0.9999999999999999
seq14021@3,seq8153@2,0.9999999999999999
seq14021@3,seq15631@3,0.9999999999999999
seq14021@3,seq6565@6,0.9999999999999999
seq14021@3,seq8764@2,0.9999999999999999
seq14021@3,seq2900@5,0.9999999999999999
seq14021@3,seq724@11,0.9999999999999999
seq14021@3,seq9594@2,0.9999999999999999
seq14021@3,seq985@9,0.9999999999999999
seq14021@3,seq11038@2,0.9999999999999999
seq14021@3,seq1751@10,0.9999999999999999
seq14021@3,seq12322@2,0.9999999999999999
seq14021@3,seq8351@2,0.9999999999999999
seq14021@3,seq74@23,0.9999999999999999
seq14021@3,seq14613@2,0.9999999999999999
seq14021@3,seq586@3,0.9999999999999999
seq14021@3,seq121@33,0.9999999999999999
seq14021@3,seq3257@5,0.9999999999999999
seq14021@3,seq1661@16,0.9999999999999999
seq14021@3,seq3496@14,0.9999999999999999
seq14021@3,seq657@16,0.9999999999999999
seq14021@3,seq619@39,0.9999999999999999
seq14021@3,seq2149@29,0.9999999999999999
seq14021@3,seq176@25,0.9999999999999999
seq14021@3,seq5540@18,0.9999999999999999
seq14021@3,seq1172@13,0.9999999999999999
seq14021@3,seq6557@11,0.9999999999999999
seq14021@3,seq2294@10,0.9999999999999999
seq14021@3,seq5670@10,0.9999999999999999
seq14021@3,seq7624@10,0.9999999999999999
seq14021@3,seq1586@8,0.9999999999999999
seq14021@3,seq2833@8,0.9999999999999999
seq14021@3,seq3672@8,0.9999999999999999
seq14021@3,seq1258@6,0.9999999999999999
seq14021@3,seq80@5,0.9999999999999999
seq14021@3,seq12563@4,0.9878787878787878
seq14021@3,seq3880@4,0.9999999999999999
seq14021@3,seq6336@3,0.9999999999999999
seq14021@3,seq767@2,0.9999999999999999
seq14021@3,seq6674@2,0.9999999999999999
seq14021@3,seq9254@2,0.9999999999999999
seq14021@3,seq14203@2,0.9999999999999999
seq14021@3,seq242@13,0.9999999999999999
seq14021@3,seq2408@28,0.9999999999999999
seq14021@3,seq5@14279,0.9999999999999999
seq14021@3,seq190@11,0.9999999999999999
seq14021@3,seq1700@2,0.9999999999999999
seq14021@3,seq9598@2,0.9999999999999999
seq14021@3,seq4099@21,0.9999999999999999
seq14021@3,seq2519@3,0.9999999999999999
seq14021@3,seq4258@3,0.9999999999999999
seq888@22,seq1826@2,0.9999999999999999
seq888@22,seq750@16,0.9999999999999999
seq888@22,seq3750@2,0.9999999999999999
seq888@22,seq219@4,0.9999999999999999
seq888@22,seq6308@2,0.9999999999999999
seq888@22,seq4869@3,0.9999999999999999
seq888@22,seq3295@17,0.9999999999999999
seq888@22,seq8153@2,0.9999999999999999
seq888@22,seq15631@3,0.9999999999999999
seq888@22,seq6565@6,0.9999999999999999
seq888@22,seq8764@2,0.9999999999999999
seq888@22,seq2900@5,0.9999999999999999
seq888@22,seq724@11,0.9999999999999999
seq888@22,seq9594@2,0.9999999999999999
seq888@22,seq985@9,0.9999999999999999
seq888@22,seq11038@2,0.9999999999999999
seq888@22,seq1751@10,0.9999999999999999
seq888@22,seq12322@2,0.9999999999999999
seq888@22,seq8351@2,0.9999999999999999
seq888@22,seq74@23,0.9999999999999999
seq888@22,seq14613@2,0.9999999999999999
seq888@22,seq586@3,0.9999999999999999
seq888@22,seq121@33,0.9999999999999999
seq888@22,seq3257@5,0.9999999999999999
seq888@22,seq1661@16,0.9999999999999999
seq888@22,seq3496@14,0.9999999999999999
seq888@22,seq657@16,0.9999999999999999
seq888@22,seq619@39,0.9999999999999999
seq888@22,seq2149@29,0.9999999999999999
seq888@22,seq176@25,0.9999999999999999
seq888@22,seq5540@18,0.9999999999999999
seq888@22,seq1172@13,0.9999999999999999
seq888@22,seq6557@11,0.9999999999999999
seq888@22,seq2294@10,0.9999999999999999
seq888@22,seq5670@10,0.9999999999999999
seq888@22,seq7624@10,0.9999999999999999
seq888@22,seq1586@8,0.9999999999999999
seq888@22,seq2833@8,0.9999999999999999
seq888@22,seq3672@8,0.9999999999999999
seq888@22,seq1258@6,0.9999999999999999
seq888@22,seq80@5,0.9999999999999999
seq888@22,seq12563@4,0.9878787878787878
seq888@22,seq3880@4,0.9999999999999999
seq888@22,seq6336@3,0.9999999999999999
seq888@22,seq767@2,0.9999999999999999
seq888@22,seq6674@2,0.9999999999999999
seq888@22,seq9254@2,0.9999999999999999
seq888@22,seq14203@2,0.9999999999999999
seq888@22,seq242@13,0.9999999999999999
seq888@22,seq2408@28,0.9999999999999999
seq888@22,seq5@14279,0.9999999999999999
seq888@22,seq190@11,0.9999999999999999
seq888@22,seq1700@2,0.9999999999999999
seq888@22,seq9598@2,0.9999999999999999
seq888@22,seq4099@21,0.9999999999999999
seq888@22,seq2519@3,0.9999999999999999
seq888@22,seq4258@3,0.9999999999999999
seq1826@2,seq750@16,0.9999999999999999
seq1826@2,seq3750@2,0.9999999999999999
seq1826@2,seq219@4,0.9999999999999999
seq1826@2,seq6308@2,0.9999999999999999
seq1826@2,seq4869@3,0.9999999999999999
seq1826@2,seq3295@17,0.9999999999999999
seq1826@2,seq8153@2,0.9999999999999999
seq1826@2,seq15631@3,0.9999999999999999
seq1826@2,seq6565@6,0.9999999999999999
seq1826@2,seq8764@2,0.9999999999999999
seq1826@2,seq2900@5,0.9999999999999999
seq1826@2,seq724@11,0.9999999999999999
seq1826@2,seq9594@2,0.9999999999999999
seq1826@2,seq985@9,0.9999999999999999
seq1826@2,seq11038@2,0.9999999999999999
seq1826@2,seq1751@10,0.9999999999999999
seq1826@2,seq12322@2,0.9999999999999999
seq1826@2,seq8351@2,0.9999999999999999
seq1826@2,seq74@23,0.9999999999999999
seq1826@2,seq14613@2,0.9999999999999999
seq1826@2,seq586@3,0.9999999999999999
seq1826@2,seq121@33,0.9999999999999999
seq1826@2,seq3257@5,0.9999999999999999
seq1826@2,seq1661@16,0.9999999999999999
seq1826@2,seq3496@14,0.9999999999999999
seq1826@2,seq657@16,0.9999999999999999
seq1826@2,seq619@39,0.9999999999999999
seq1826@2,seq2149@29,0.9999999999999999
seq1826@2,seq176@25,0.9999999999999999
seq1826@2,seq5540@18,0.9999999999999999
seq1826@2,seq1172@13,0.9999999999999999
seq1826@2,seq6557@11,0.9999999999999999
seq1826@2,seq2294@10,0.9999999999999999
seq1826@2,seq5670@10,0.9999999999999999
seq1826@2,seq7624@10,0.9999999999999999
seq1826@2,seq1586@8,0.9999999999999999
seq1826@2,seq2833@8,0.9999999999999999
seq1826@2,seq3672@8,0.9999999999999999
seq1826@2,seq1258@6,0.9999999999999999
seq1826@2,seq80@5,0.9999999999999999
seq1826@2,seq12563@4,0.9878787878787878
seq1826@2,seq3880@4,0.9999999999999999
seq1826@2,seq6336@3,0.9999999999999999
seq1826@2,seq767@2,0.9999999999999999
seq1826@2,seq6674@2,0.9999999999999999
seq1826@2,seq9254@2,0.9999999999999999
seq1826@2,seq14203@2,0.9999999999999999
seq1826@2,seq242@13,0.9999999999999999
seq1826@2,seq2408@28,0.9999999999999999
seq1826@2,seq5@14279,0.9999999999999999
seq1826@2,seq190@11,0.9999999999999999
seq1826@2,seq1700@2,0.9999999999999999
seq1826@2,seq9598@2,0.9999999999999999
seq1826@2,seq4099@21,0.9999999999999999
seq1826@2,seq2519@3,0.9999999999999999
seq1826@2,seq4258@3,0.9999999999999999
seq750@16,seq3750@2,0.9999999999999999
seq750@16,seq219@4,0.9999999999999999
seq750@16,seq6308@2,0.9999999999999999
seq750@16,seq4869@3,0.9999999999999999
seq750@16,seq3295@17,0.9999999999999999
seq750@16,seq8153@2,0.9999999999999999
seq750@16,seq15631@3,0.9999999999999999
seq750@16,seq6565@6,0.9999999999999999
seq750@16,seq8764@2,0.9999999999999999
seq750@16,seq2900@5,0.9999999999999999
seq750@16,seq724@11,0.9999999999999999
seq750@16,seq9594@2,0.9999999999999999
seq750@16,seq985@9,0.9999999999999999
seq750@16,seq11038@2,0.9999999999999999
seq750@16,seq1751@10,0.9999999999999999
seq750@16,seq12322@2,0.9999999999999999
seq750@16,seq8351@2,0.9999999999999999
seq750@16,seq74@23,0.9999999999999999
seq750@16,seq14613@2,0.9999999999999999
seq750@16,seq586@3,0.9999999999999999
seq750@16,seq121@33,0.9999999999999999
seq750@16,seq3257@5,0.9999999999999999
seq750@16,seq1661@16,0.9999999999999999
seq750@16,seq3496@14,0.9999999999999999
seq750@16,seq657@16,0.9999999999999999
seq750@16,seq619@39,0.9999999999999999
seq750@16,seq2149@29,0.9999999999999999
seq750@16,seq176@25,0.9999999999999999
seq750@16,seq5540@18,0.9999999999999999
seq750@16,seq1172@13,0.9999999999999999
seq750@16,seq6557@11,0.9999999999999999
seq750@16,seq2294@10,0.9999999999999999
seq750@16,seq5670@10,0.9999999999999999
seq750@16,seq7624@10,0.9999999999999999
seq750@16,seq1586@8,0.9999999999999999
seq750@16,seq2833@8,0.9999999999999999
seq750@16,seq3672@8,0.9999999999999999
seq750@16,seq1258@6,0.9999999999999999
seq750@16,seq80@5,0.9999999999999999
seq750@16,seq12563@4,0.9878787878787878
seq750@16,seq3880@4,0.9999999999999999
seq750@16,seq6336@3,0.9999999999999999
seq750@16,seq767@2,0.9999999999999999
seq750@16,seq6674@2,0.9999999999999999
seq750@16,seq9254@2,0.9999999999999999
seq750@16,seq14203@2,0.9999999999999999
seq750@16,seq242@13,0.9999999999999999
seq750@16,seq2408@28,0.9999999999999999
seq750@16,seq5@14279,0.9999999999999999
seq750@16,seq190@11,0.9999999999999999
seq750@16,seq1700@2,0.9999999999999999
seq750@16,seq9598@2,0.9999999999999999
seq750@16,seq4099@21,0.9999999999999999
seq750@16,seq2519@3,0.9999999999999999
seq750@16,seq4258@3,0.9999999999999999
seq3750@2,seq219@4,0.9999999999999999
seq3750@2,seq6308@2,0.9999999999999999
seq3750@2,seq4869@3,0.9999999999999999
seq3750@2,seq3295@17,0.9999999999999999
seq3750@2,seq8153@2,0.9999999999999999
seq3750@2,seq15631@3,0.9999999999999999
seq3750@2,seq6565@6,0.9999999999999999
seq3750@2,seq8764@2,0.9999999999999999
seq3750@2,seq2900@5,0.9999999999999999
seq3750@2,seq724@11,0.9999999999999999
seq3750@2,seq9594@2,0.9999999999999999
seq3750@2,seq985@9,0.9999999999999999
seq3750@2,seq11038@2,0.9999999999999999
seq3750@2,seq1751@10,0.9999999999999999
seq3750@2,seq12322@2,0.9999999999999999
seq3750@2,seq8351@2,0.9999999999999999
seq3750@2,seq74@23,0.9999999999999999
seq3750@2,seq14613@2,0.9999999999999999
seq3750@2,seq586@3,0.9999999999999999
seq3750@2,seq121@33,0.9999999999999999
seq3750@2,seq3257@5,0.9999999999999999
seq3750@2,seq1661@16,0.9999999999999999
seq3750@2,seq3496@14,0.9999999999999999
seq3750@2,seq657@16,0.9999999999999999
seq3750@2,seq619@39,0.9999999999999999
seq3750@2,seq2149@29,0.9999999999999999
seq3750@2,seq176@25,0.9999999999999999
seq3750@2,seq5540@18,0.9999999999999999
seq3750@2,seq1172@13,0.9999999999999999
seq3750@2,seq6557@11,0.9999999999999999
seq3750@2,seq2294@10,0.9999999999999999
seq3750@2,seq5670@10,0.9999999999999999
seq3750@2,seq7624@10,0.9999999999999999
seq3750@2,seq1586@8,0.9999999999999999
seq3750@2,seq2833@8,0.9999999999999999
seq3750@2,seq3672@8,0.9999999999999999
seq3750@2,seq1258@6,0.9999999999999999
seq3750@2,seq80@5,0.9999999999999999
seq3750@2,seq12563@4,0.9878787878787878
seq3750@2,seq3880@4,0.9999999999999999
seq3750@2,seq6336@3,0.9999999999999999
seq3750@2,seq767@2,0.9999999999999999
seq3750@2,seq6674@2,0.9999999999999999
seq3750@2,seq9254@2,0.9999999999999999
seq3750@2,seq14203@2,0.9999999999999999
seq3750@2,seq242@13,0.9999999999999999
seq3750@2,seq2408@28,0.9999999999999999
seq3750@2,seq5@14279,0.9999999999999999
seq3750@2,seq190@11,0.9999999999999999
seq3750@2,seq1700@2,0.9999999999999999
seq3750@2,seq9598@2,0.9999999999999999
seq3750@2,seq4099@21,0.9999999999999999
seq3750@2,seq2519@3,0.9999999999999999
seq3750@2,seq4258@3,0.9999999999999999
seq219@4,seq6308@2,0.9999999999999999
seq219@4,seq4869@3,0.9999999999999999
seq219@4,seq3295@17,0.9999999999999999
seq219@4,seq8153@2,0.9999999999999999
seq219@4,seq15631@3,0.9999999999999999
seq219@4,seq6565@6,0.9999999999999999
seq219@4,seq8764@2,0.9999999999999999
seq219@4,seq2900@5,0.9999999999999999
seq219@4,seq724@11,0.9999999999999999
seq219@4,seq9594@2,0.9999999999999999
seq219@4,seq985@9,0.9999999999999999
seq219@4,seq11038@2,0.9999999999999999
seq219@4,seq1751@10,0.9999999999999999
seq219@4,seq12322@2,0.9999999999999999
seq219@4,seq8351@2,0.9999999999999999
seq219@4,seq74@23,0.9999999999999999
seq219@4,seq14613@2,0.9999999999999999
seq219@4,seq586@3,0.9999999999999999
seq219@4,seq121@33,0.9999999999999999
seq219@4,seq3257@5,0.9999999999999999
seq219@4,seq1661@16,0.9999999999999999
seq219@4,seq3496@14,0.9999999999999999
seq219@4,seq657@16,0.9999999999999999
seq219@4,seq619@39,0.9999999999999999
seq219@4,seq2149@29,0.9999999999999999
seq219@4,seq176@25,0.9999999999999999
seq219@4,seq5540@18,0.9999999999999999
seq219@4,seq1172@13,0.9999999999999999
seq219@4,seq6557@11,0.9999999999999999
seq219@4,seq2294@10,0.9999999999999999
seq219@4,seq5670@10,0.9999999999999999
seq219@4,seq7624@10,0.9999999999999999
seq219@4,seq1586@8,0.9999999999999999
seq219@4,seq2833@8,0.9999999999999999
seq219@4,seq3672@8,0.9999999999999999
seq219@4,seq1258@6,0.9999999999999999
seq219@4,seq80@5,0.9999999999999999
seq219@4,seq12563@4,0.9878787878787878
seq219@4,seq3880@4,0.9999999999999999
seq219@4,seq6336@3,0.9999999999999999
seq219@4,seq767@2,0.9999999999999999
seq219@4,seq6674@2,0.9999999999999999
seq219@4,seq9254@2,0.9999999999999999
seq219@4,seq14203@2,0.9999999999999999
seq219@4,seq242@13,0.9999999999999999
seq219@4,seq2408@28,0.9999999999999999
seq219@4,seq5@14279,0.9999999999999999
seq219@4,seq190@11,0.9999999999999999
seq219@4,seq1700@2,0.9999999999999999
seq219@4,seq9598@2,0.9999999999999999
seq219@4,seq4099@21,0.9999999999999999
seq219@4,seq2519@3,0.9999999999999999
seq219@4,seq4258@3,0.9999999999999999
seq6308@2,seq4869@3,0.9999999999999999
seq6308@2,seq3295@17,0.9999999999999999
seq6308@2,seq8153@2,0.9999999999999999
seq6308@2,seq15631@3,0.9999999999999999
seq6308@2,seq6565@6,0.9999999999999999
seq6308@2,seq8764@2,0.9999999999999999
seq6308@2,seq2900@5,0.9999999999999999
seq6308@2,seq724@11,0.9999999999999999
seq6308@2,seq9594@2,0.9999999999999999
seq6308@2,seq985@9,0.9999999999999999
seq6308@2,seq11038@2,0.9999999999999999
seq6308@2,seq1751@10,0.9999999999999999
seq6308@2,seq12322@2,0.9999999999999999
seq6308@2,seq8351@2,0.9999999999999999
seq6308@2,seq74@23,0.9999999999999999
seq6308@2,seq14613@2,0.9999999999999999
seq6308@2,seq586@3,0.9999999999999999
seq6308@2,seq121@33,0.9999999999999999
seq6308@2,seq3257@5,0.9999999999999999
seq6308@2,seq1661@16,0.9999999999999999
seq6308@2,seq3496@14,0.9999999999999999
seq6308@2,seq657@16,0.9999999999999999
seq6308@2,seq619@39,0.9999999999999999
seq6308@2,seq2149@29,0.9999999999999999
seq6308@2,seq176@25,0.9999999999999999
seq6308@2,seq5540@18,0.9999999999999999
seq6308@2,seq1172@13,0.9999999999999999
seq6308@2,seq6557@11,0.9999999999999999
seq6308@2,seq2294@10,0.9999999999999999
seq6308@2,seq5670@10,0.9999999999999999
seq6308@2,seq7624@10,0.9999999999999999
seq6308@2,seq1586@8,0.9999999999999999
seq6308@2,seq2833@8,0.9999999999999999
seq6308@2,seq3672@8,0.9999999999999999
seq6308@2,seq1258@6,0.9999999999999999
seq6308@2,seq80@5,0.9999999999999999
seq6308@2,seq12563@4,0.9878787878787878
seq6308@2,seq3880@4,0.9999999999999999
seq6308@2,seq6336@3,0.9999999999999999
seq6308@2,seq767@2,0.9999999999999999
seq6308@2,seq6674@2,0.9999999999999999
seq6308@2,seq9254@2,0.9999999999999999
seq6308@2,seq14203@2,0.9999999999999999
seq6308@2,seq242@13,0.9999999999999999
seq6308@2,seq2408@28,0.9999999999999999
seq6308@2,seq5@14279,0.9999999999999999
seq6308@2,seq190@11,0.9999999999999999
seq6308@2,seq1700@2,0.9999999999999999
seq6308@2,seq9598@2,0.9999999999999999
seq6308@2,seq4099@21,0.9999999999999999
seq6308@2,seq2519@3,0.9999999999999999
seq6308@2,seq4258@3,0.9999999999999999
seq4869@3,seq3295@17,0.9999999999999999
seq4869@3,seq8153@2,0.9999999999999999
seq4869@3,seq15631@3,0.9999999999999999
seq4869@3,seq6565@6,0.9999999999999999
seq4869@3,seq8764@2,0.9999999999999999
seq4869@3,seq2900@5,0.9999999999999999
seq4869@3,seq724@11,0.9999999999999999
seq4869@3,seq9594@2,0.9999999999999999
seq4869@3,seq985@9,0.9999999999999999
seq4869@3,seq11038@2,0.9999999999999999
seq4869@3,seq1751@10,0.9999999999999999
seq4869@3,seq12322@2,0.9999999999999999
seq4869@3,seq8351@2,0.9999999999999999
seq4869@3,seq74@23,0.9999999999999999
seq4869@3,seq14613@2,0.9999999999999999
seq4869@3,seq586@3,0.9999999999999999
seq4869@3,seq121@33,0.9999999999999999
seq4869@3,seq3257@5,0.9999999999999999
seq4869@3,seq1661@16,0.9999999999999999
seq4869@3,seq3496@14,0.9999999999999999
seq4869@3,seq657@16,0.9999999999999999
seq4869@3,seq619@39,0.9999999999999999
seq4869@3,seq2149@29,0.9999999999999999
seq4869@3,seq176@25,0.9999999999999999
seq4869@3,seq5540@18,0.9999999999999999
seq4869@3,seq1172@13,0.9999999999999999
seq4869@3,seq6557@11,0.9999999999999999
seq4869@3,seq2294@10,0.9999999999999999
seq4869@3,seq5670@10,0.9999999999999999
seq4869@3,seq7624@10,0.9999999999999999
seq4869@3,seq1586@8,0.9999999999999999
seq4869@3,seq2833@8,0.9999999999999999
seq4869@3,seq3672@8,0.9999999999999999
seq4869@3,seq1258@6,0.9999999999999999
seq4869@3,seq80@5,0.9999999999999999
seq4869@3,seq12563@4,0.9878787878787878
seq4869@3,seq3880@4,0.9999999999999999
seq4869@3,seq6336@3,0.9999999999999999
seq4869@3,seq767@2,0.9999999999999999
seq4869@3,seq6674@2,0.9999999999999999
seq4869@3,seq9254@2,0.9999999999999999
seq4869@3,seq14203@2,0.9999999999999999
seq4869@3,seq242@13,0.9999999999999999
seq4869@3,seq2408@28,0.9999999999999999
seq4869@3,seq5@14279,0.9999999999999999
seq4869@3,seq190@11,0.9999999999999999
seq4869@3,seq1700@2,0.9999999999999999
seq4869@3,seq9598@2,0.9999999999999999
seq4869@3,seq4099@21,0.9999999999999999
seq4869@3,seq2519@3,0.9999999999999999
seq4869@3,seq4258@3,0.9999999999999999
seq3295@17,seq8153@2,0.9999999999999999
seq3295@17,seq15631@3,0.9999999999999999
seq3295@17,seq6565@6,0.9999999999999999
seq3295@17,seq8764@2,0.9999999999999999
seq3295@17,seq2900@5,0.9999999999999999
seq3295@17,seq724@11,0.9999999999999999
seq3295@17,seq9594@2,0.9999999999999999
seq3295@17,seq985@9,0.9999999999999999
seq3295@17,seq11038@2,0.9999999999999999
seq3295@17,seq1751@10,0.9999999999999999
seq3295@17,seq12322@2,0.9999999999999999
seq3295@17,seq8351@2,0.9999999999999999
seq3295@17,seq74@23,0.9999999999999999
seq3295@17,seq14613@2,0.9999999999999999
seq3295@17,seq586@3,0.9999999999999999
seq3295@17,seq121@33,0.9999999999999999
seq3295@17,seq3257@5,0.9999999999999999
seq3295@17,seq1661@16,0.9999999999999999
seq3295@17,seq3496@14,0.9999999999999999
seq3295@17,seq657@16,0.9999999999999999
seq3295@17,seq619@39,0.9999999999999999
seq3295@17,seq2149@29,0.9999999999999999
seq3295@17,seq176@25,0.9999999999999999
seq3295@17,seq5540@18,0.9999999999999999
seq3295@17,seq1172@13,0.9999999999999999
seq3295@17,seq6557@11,0.9999999999999999
seq3295@17,seq2294@10,0.9999999999999999
seq3295@17,seq5670@10,0.9999999999999999
seq3295@17,seq7624@10,0.9999999999999999
seq3295@17,seq1586@8,0.9999999999999999
seq3295@17,seq2833@8,0.9999999999999999
seq3295@17,seq3672@8,0.9999999999999999
seq3295@17,seq1258@6,0.9999999999999999
seq3295@17,seq80@5,0.9999999999999999
seq3295@17,seq12563@4,0.9878787878787878
seq3295@17,seq3880@4,0.9999999999999999
seq3295@17,seq6336@3,0.9999999999999999
seq3295@17,seq767@2,0.9999999999999999
seq3295@17,seq6674@2,0.9999999999999999
seq3295@17,seq9254@2,0.9999999999999999
seq3295@17,seq14203@2,0.9999999999999999
seq3295@17,seq242@13,0.9999999999999999
seq3295@17,seq2408@28,0.9999999999999999
seq3295@17,seq5@14279,0.9999999999999999
seq3295@17,seq190@11,0.9999999999999999
seq3295@17,seq1700@2,0.9999999999999999
seq3295@17,seq9598@2,0.9999999999999999
seq3295@17,seq4099@21,0.9999999999999999
seq3295@17,seq2519@3,0.9999999999999999
seq3295@17,seq4258@3,0.9999999999999999
seq8153@2,seq15631@3,0.9999999999999999
seq8153@2,seq6565@6,0.9999999999999999
seq8153@2,seq8764@2,0.9999999999999999
seq8153@2,seq2900@5,0.9999999999999999
seq8153@2,seq724@11,0.9999999999999999
seq8153@2,seq9594@2,0.9999999999999999
seq8153@2,seq985@9,0.9999999999999999
seq8153@2,seq11038@2,0.9999999999999999
seq8153@2,seq1751@10,0.9999999999999999
seq8153@2,seq12322@2,0.9999999999999999
seq8153@2,seq8351@2,0.9999999999999999
seq8153@2,seq74@23,0.9999999999999999
seq8153@2,seq14613@2,0.9999999999999999
seq8153@2,seq586@3,0.9999999999999999
seq8153@2,seq121@33,0.9999999999999999
seq8153@2,seq3257@5,0.9999999999999999
seq8153@2,seq1661@16,0.9999999999999999
seq8153@2,seq3496@14,0.9999999999999999
seq8153@2,seq657@16,0.9999999999999999
seq8153@2,seq619@39,0.9999999999999999
seq8153@2,seq2149@29,0.9999999999999999
seq8153@2,seq176@25,0.9999999999999999
seq8153@2,seq5540@18,0.9999999999999999
seq8153@2,seq1172@13,0.9999999999999999
seq8153@2,seq6557@11,0.9999999999999999
seq8153@2,seq2294@10,0.9999999999999999
seq8153@2,seq5670@10,0.9999999999999999
seq8153@2,seq7624@10,0.9999999999999999
seq8153@2,seq1586@8,0.9999999999999999
seq8153@2,seq2833@8,0.9999999999999999
seq8153@2,seq3672@8,0.9999999999999999
seq8153@2,seq1258@6,0.9999999999999999
seq8153@2,seq80@5,0.9999999999999999
seq8153@2,seq12563@4,0.9878787878787878
seq8153@2,seq3880@4,0.9999999999999999
seq8153@2,seq6336@3,0.9999999999999999
seq8153@2,seq767@2,0.9999999999999999
seq8153@2,seq6674@2,0.9999999999999999
seq8153@2,seq9254@2,0.9999999999999999
seq8153@2,seq14203@2,0.9999999999999999
seq8153@2,seq242@13,0.9999999999999999
seq8153@2,seq2408@28,0.9999999999999999
seq8153@2,seq5@14279,0.9999999999999999
seq8153@2,seq190@11,0.9999999999999999
seq8153@2,seq1700@2,0.9999999999999999
seq8153@2,seq9598@2,0.9999999999999999
seq8153@2,seq4099@21,0.9999999999999999
seq8153@2,seq2519@3,0.9999999999999999
seq8153@2,seq4258@3,0.9999999999999999
seq15631@3,seq6565@6,0.9999999999999999
seq15631@3,seq8764@2,0.9999999999999999
seq15631@3,seq2900@5,0.9999999999999999
seq15631@3,seq724@11,0.9999999999999999
seq15631@3,seq9594@2,0.9999999999999999
seq15631@3,seq985@9,0.9999999999999999
seq15631@3,seq11038@2,0.9999999999999999
seq15631@3,seq1751@10,0.9999999999999999
seq15631@3,seq12322@2,0.9999999999999999
seq15631@3,seq8351@2,0.9999999999999999
seq15631@3,seq74@23,0.9999999999999999
seq15631@3,seq14613@2,0.9999999999999999
seq15631@3,seq586@3,0.9999999999999999
seq15631@3,seq121@33,0.9999999999999999
seq15631@3,seq3257@5,0.9999999999999999
seq15631@3,seq1661@16,0.9999999999999999
seq15631@3,seq3496@14,0.9999999999999999
seq15631@3,seq657@16,0.9999999999999999
seq15631@3,seq619@39,0.9999999999999999
seq15631@3,seq2149@29,0.9999999999999999
seq15631@3,seq176@25,0.9999999999999999
seq15631@3,seq5540@18,0.9999999999999999
seq15631@3,seq1172@13,0.9999999999999999
seq15631@3,seq6557@11,0.9999999999999999
seq15631@3,seq2294@10,0.9999999999999999
seq15631@3,seq5670@10,0.9999999999999999
seq15631@3,seq7624@10,0.9999999999999999
seq15631@3,seq1586@8,0.9999999999999999
seq15631@3,seq2833@8,0.9999999999999999
seq15631@3,seq3672@8,0.9999999999999999
seq15631@3,seq1258@6,0.9999999999999999
seq15631@3,seq80@5,0.9999999999999999
seq15631@3,seq12563@4,0.9878787878787878
seq15631@3,seq3880@4,0.9999999999999999
seq15631@3,seq6336@3,0.9999999999999999
seq15631@3,seq767@2,0.9999999999999999
seq15631@3,seq6674@2,0.9999999999999999
seq15631@3,seq9254@2,0.9999999999999999
seq15631@3,seq14203@2,0.9999999999999999
seq15631@3,seq242@13,0.9999999999999999
seq15631@3,seq2408@28,0.9999999999999999
seq15631@3,seq5@14279,0.9999999999999999
seq15631@3,seq190@11,0.9999999999999999
seq15631@3,seq1700@2,0.9999999999999999
seq15631@3,seq9598@2,0.9999999999999999
seq15631@3,seq4099@21,0.9999999999999999
seq15631@3,seq2519@3,0.9999999999999999
seq15631@3,seq4258@3,0.9999999999999999
seq6565@6,seq8764@2,0.9999999999999999
seq6565@6,seq2900@5,0.9999999999999999
seq6565@6,seq724@11,0.9999999999999999
seq6565@6,seq9594@2,0.9999999999999999
seq6565@6,seq985@9,0.9999999999999999
seq6565@6,seq11038@2,0.9999999999999999
seq6565@6,seq1751@10,0.9999999999999999
seq6565@6,seq12322@2,0.9999999999999999
seq6565@6,seq8351@2,0.9999999999999999
seq6565@6,seq74@23,0.9999999999999999
seq6565@6,seq14613@2,0.9999999999999999
seq6565@6,seq586@3,0.9999999999999999
seq6565@6,seq121@33,0.9999999999999999
seq6565@6,seq3257@5,0.9999999999999999
seq6565@6,seq1661@16,0.9999999999999999
seq6565@6,seq3496@14,0.9999999999999999
seq6565@6,seq657@16,0.9999999999999999
seq6565@6,seq619@39,0.9999999999999999
seq6565@6,seq2149@29,0.9999999999999999
seq6565@6,seq176@25,0.9999999999999999
seq6565@6,seq5540@18,0.9999999999999999
seq6565@6,seq1172@13,0.9999999999999999
seq6565@6,seq6557@11,0.9999999999999999
seq6565@6,seq2294@10,0.9999999999999999
seq6565@6,seq5670@10,0.9999999999999999
seq6565@6,seq7624@10,0.9999999999999999
seq6565@6,seq1586@8,0.9999999999999999
seq6565@6,seq2833@8,0.9999999999999999
seq6565@6,seq3672@8,0.9999999999999999
seq6565@6,seq1258@6,0.9999999999999999
seq6565@6,seq80@5,0.9999999999999999
seq6565@6,seq12563@4,0.9878787878787878
seq6565@6,seq3880@4,0.9999999999999999
seq6565@6,seq6336@3,0.9999999999999999
seq6565@6,seq767@2,0.9999999999999999
seq6565@6,seq6674@2,0.9999999999999999
seq6565@6,seq9254@2,0.9999999999999999
seq6565@6,seq14203@2,0.9999999999999999
seq6565@6,seq242@13,0.9999999999999999
seq6565@6,seq2408@28,0.9999999999999999
seq6565@6,seq5@14279,0.9999999999999999
seq6565@6,seq190@11,0.9999999999999999
seq6565@6,seq1700@2,0.9999999999999999
seq6565@6,seq9598@2,0.9999999999999999
seq6565@6,seq4099@21,0.9999999999999999
seq6565@6,seq2519@3,0.9999999999999999
seq6565@6,seq4258@3,0.9999999999999999
seq8764@2,seq2900@5,0.9999999999999999
seq8764@2,seq724@11,0.9999999999999999
seq8764@2,seq9594@2,0.9999999999999999
seq8764@2,seq985@9,0.9999999999999999
seq8764@2,seq11038@2,0.9999999999999999
seq8764@2,seq1751@10,0.9999999999999999
seq8764@2,seq12322@2,0.9999999999999999
seq8764@2,seq8351@2,0.9999999999999999
seq8764@2,seq74@23,0.9999999999999999
seq8764@2,seq14613@2,0.9999999999999999
seq8764@2,seq586@3,0.9999999999999999
seq8764@2,seq121@33,0.9999999999999999
seq8764@2,seq3257@5,0.9999999999999999
seq8764@2,seq1661@16,0.9999999999999999
seq8764@2,seq3496@14,0.9999999999999999
seq8764@2,seq657@16,0.9999999999999999
seq8764@2,seq619@39,0.9999999999999999
seq8764@2,seq2149@29,0.9999999999999999
seq8764@2,seq176@25,0.9999999999999999
seq8764@2,seq5540@18,0.9999999999999999
seq8764@2,seq1172@13,0.9999999999999999
seq8764@2,seq6557@11,0.9999999999999999
seq8764@2,seq2294@10,0.9999999999999999
seq8764@2,seq5670@10,0.9999999999999999
seq8764@2,seq7624@10,0.9999999999999999
seq8764@2,seq1586@8,0.9999999999999999
seq8764@2,seq2833@8,0.9999999999999999
seq8764@2,seq3672@8,0.9999999999999999
seq8764@2,seq1258@6,0.9999999999999999
seq8764@2,seq80@5,0.9999999999999999
seq8764@2,seq12563@4,0.9878787878787878
seq8764@2,seq3880@4,0.9999999999999999
seq8764@2,seq6336@3,0.9999999999999999
seq8764@2,seq767@2,0.9999999999999999
seq8764@2,seq6674@2,0.9999999999999999
seq8764@2,seq9254@2,0.9999999999999999
seq8764@2,seq14203@2,0.9999999999999999
seq8764@2,seq242@13,0.9999999999999999
seq8764@2,seq2408@28,0.9999999999999999
seq8764@2,seq5@14279,0.9999999999999999
seq8764@2,seq190@11,0.9999999999999999
seq8764@2,seq1700@2,0.9999999999999999
seq8764@2,seq9598@2,0.9999999999999999
seq8764@2,seq4099@21,0.9999999999999999
seq8764@2,seq2519@3,0.9999999999999999
seq8764@2,seq4258@3,0.9999999999999999
seq2900@5,seq724@11,0.9999999999999999
seq2900@5,seq9594@2,0.9999999999999999
seq2900@5,seq985@9,0.9999999999999999
seq2900@5,seq11038@2,0.9999999999999999
seq2900@5,seq1751@10,0.9999999999999999
seq2900@5,seq12322@2,0.9999999999999999
seq2900@5,seq8351@2,0.9999999999999999
seq2900@5,seq74@23,0.9999999999999999
seq2900@5,seq14613@2,0.9999999999999999
seq2900@5,seq586@3,0.9999999999999999
seq2900@5,seq121@33,0.9999999999999999
seq2900@5,seq3257@5,0.9999999999999999
seq2900@5,seq1661@16,0.9999999999999999
seq2900@5,seq3496@14,0.9999999999999999
seq2900@5,seq657@16,0.9999999999999999
seq2900@5,seq619@39,0.9999999999999999
seq2900@5,seq2149@29,0.9999999999999999
seq2900@5,seq176@25,0.9999999999999999
seq2900@5,seq5540@18,0.9999999999999999
seq2900@5,seq1172@13,0.9999999999999999
seq2900@5,seq6557@11,0.9999999999999999
seq2900@5,seq2294@10,0.9999999999999999
seq2900@5,seq5670@10,0.9999999999999999
seq2900@5,seq7624@10,0.9999999999999999
seq2900@5,seq1586@8,0.9999999999999999
seq2900@5,seq2833@8,0.9999999999999999
seq2900@5,seq3672@8,0.9999999999999999
seq2900@5,seq1258@6,0.9999999999999999
seq2900@5,seq80@5,0.9999999999999999
seq2900@5,seq12563@4,0.9878787878787878
seq2900@5,seq3880@4,0.9999999999999999
seq2900@5,seq6336@3,0.9999999999999999
seq2900@5,seq767@2,0.9999999999999999
seq2900@5,seq6674@2,0.9999999999999999
seq2900@5,seq9254@2,0.9999999999999999
seq2900@5,seq14203@2,0.9999999999999999
seq2900@5,seq242@13,0.9999999999999999
seq2900@5,seq2408@28,0.9999999999999999
seq2900@5,seq5@14279,0.9999999999999999
seq2900@5,seq190@11,0.9999999999999999
seq2900@5,seq1700@2,0.9999999999999999
seq2900@5,seq9598@2,0.9999999999999999
seq2900@5,seq4099@21,0.9999999999999999
seq2900@5,seq2519@3,0.9999999999999999
seq2900@5,seq4258@3,0.9999999999999999
seq724@11,seq9594@2,0.9999999999999999
seq724@11,seq985@9,0.9999999999999999
seq724@11,seq11038@2,0.9999999999999999
seq724@11,seq1751@10,0.9999999999999999
seq724@11,seq12322@2,0.9999999999999999
seq724@11,seq8351@2,0.9999999999999999
seq724@11,seq74@23,0.9999999999999999
seq724@11,seq14613@2,0.9999999999999999
seq724@11,seq586@3,0.9999999999999999
seq724@11,seq121@33,0.9999999999999999
seq724@11,seq3257@5,0.9999999999999999
seq724@11,seq1661@16,0.9999999999999999
seq724@11,seq3496@14,0.9999999999999999
seq724@11,seq657@16,0.9999999999999999
seq724@11,seq619@39,0.9999999999999999
seq724@11,seq2149@29,0.9999999999999999
seq724@11,seq176@25,0.9999999999999999
seq724@11,seq5540@18,0.9999999999999999
seq724@11,seq1172@13,0.9999999999999999
seq724@11,seq6557@11,0.9999999999999999
seq724@11,seq2294@10,0.9999999999999999
seq724@11,seq5670@10,0.9999999999999999
seq724@11,seq7624@10,0.9999999999999999
seq724@11,seq1586@8,0.9999999999999999
seq724@11,seq2833@8,0.9999999999999999
seq724@11,seq3672@8,0.9999999999999999
seq724@11,seq1258@6,0.9999999999999999
seq724@11,seq80@5,0.9999999999999999
seq724@11,seq12563@4,0.9878787878787878
seq724@11,seq3880@4,0.9999999999999999
seq724@11,seq6336@3,0.9999999999999999
seq724@11,seq767@2,0.9999999999999999
seq724@11,seq6674@2,0.9999999999999999
seq724@11,seq9254@2,0.9999999999999999
seq724@11,seq14203@2,0.9999999999999999
seq724@11,seq242@13,0.9999999999999999
seq724@11,seq2408@28,0.9999999999999999
seq724@11,seq5@14279,0.9999999999999999
seq724@11,seq190@11,0.9999999999999999
seq724@11,seq1700@2,0.9999999999999999
seq724@11,seq9598@2,0.9999999999999999
seq724@11,seq4099@21,0.9999999999999999
seq724@11,seq2519@3,0.9999999999999999
seq724@11,seq4258@3,0.9999999999999999
seq9594@2,seq985@9,0.9999999999999999
seq9594@2,seq11038@2,0.9999999999999999
seq9594@2,seq1751@10,0.9999999999999999
seq9594@2,seq12322@2,0.9999999999999999
seq9594@2,seq8351@2,0.9999999999999999
seq9594@2,seq74@23,0.9999999999999999
seq9594@2,seq14613@2,0.9999999999999999
seq9594@2,seq586@3,0.9999999999999999
seq9594@2,seq121@33,0.9999999999999999
seq9594@2,seq3257@5,0.9999999999999999
seq9594@2,seq1661@16,0.9999999999999999
seq9594@2,seq3496@14,0.9999999999999999
seq9594@2,seq657@16,0.9999999999999999
seq9594@2,seq619@39,0.9999999999999999
seq9594@2,seq2149@29,0.9999999999999999
seq9594@2,seq176@25,0.9999999999999999
seq9594@2,seq5540@18,0.9999999999999999
seq9594@2,seq1172@13,0.9999999999999999
seq9594@2,seq6557@11,0.9999999999999999
seq9594@2,seq2294@10,0.9999999999999999
seq9594@2,seq5670@10,0.9999999999999999
seq9594@2,seq7624@10,0.9999999999999999
seq9594@2,seq1586@8,0.9999999999999999
seq9594@2,seq2833@8,0.9999999999999999
seq9594@2,seq3672@8,0.9999999999999999
seq9594@2,seq1258@6,0.9999999999999999
seq9594@2,seq80@5,0.9999999999999999
seq9594@2,seq12563@4,0.9878787878787878
seq9594@2,seq3880@4,0.9999999999999999
seq9594@2,seq6336@3,0.9999999999999999
seq9594@2,seq767@2,0.9999999999999999
seq9594@2,seq6674@2,0.9999999999999999
seq9594@2,seq9254@2,0.9999999999999999
seq9594@2,seq14203@2,0.9999999999999999
seq9594@2,seq242@13,0.9999999999999999
seq9594@2,seq2408@28,0.9999999999999999
seq9594@2,seq5@14279,0.9999999999999999
seq9594@2,seq190@11,0.9999999999999999
seq9594@2,seq1700@2,0.9999999999999999
seq9594@2,seq9598@2,0.9999999999999999
seq9594@2,seq4099@21,0.9999999999999999
seq9594@2,seq2519@3,0.9999999999999999
seq9594@2,seq4258@3,0.9999999999999999
seq985@9,seq11038@2,0.9999999999999999
seq985@9,seq1751@10,0.9999999999999999
seq985@9,seq12322@2,0.9999999999999999
seq985@9,seq8351@2,0.9999999999999999
seq985@9,seq74@23,0.9999999999999999
seq985@9,seq14613@2,0.9999999999999999
seq985@9,seq586@3,0.9999999999999999
seq985@9,seq121@33,0.9999999999999999
seq985@9,seq3257@5,0.9999999999999999
seq985@9,seq1661@16,0.9999999999999999
seq985@9,seq3496@14,0.9999999999999999
seq985@9,seq657@16,0.9999999999999999
seq985@9,seq619@39,0.9999999999999999
seq985@9,seq2149@29,0.9999999999999999
seq985@9,seq176@25,0.9999999999999999
seq985@9,seq5540@18,0.9999999999999999
seq985@9,seq1172@13,0.9999999999999999
seq985@9,seq6557@11,0.9999999999999999
seq985@9,seq2294@10,0.9999999999999999
seq985@9,seq5670@10,0.9999999999999999
seq985@9,seq7624@10,0.9999999999999999
seq985@9,seq1586@8,0.9999999999999999
seq985@9,seq2833@8,0.9999999999999999
seq985@9,seq3672@8,0.9999999999999999
seq985@9,seq1258@6,0.9999999999999999
seq985@9,seq80@5,0.9999999999999999
seq985@9,seq12563@4,0.9878787878787878
seq985@9,seq3880@4,0.9999999999999999
seq985@9,seq6336@3,0.9999999999999999
seq985@9,seq767@2,0.9999999999999999
seq985@9,seq6674@2,0.9999999999999999
seq985@9,seq9254@2,0.9999999999999999
seq985@9,seq14203@2,0.9999999999999999
seq985@9,seq242@13,0.9999999999999999
seq985@9,seq2408@28,0.9999999999999999
seq985@9,seq5@14279,0.9999999999999999
seq985@9,seq190@11,0.9999999999999999
seq985@9,seq1700@2,0.9999999999999999
seq985@9,seq9598@2,0.9999999999999999
seq985@9,seq4099@21,0.9999999999999999
seq985@9,seq2519@3,0.9999999999999999
seq985@9,seq4258@3,0.9999999999999999
seq11038@2,seq1751@10,0.9999999999999999
seq11038@2,seq12322@2,0.9999999999999999
seq11038@2,seq8351@2,0.9999999999999999
seq11038@2,seq74@23,0.9999999999999999
seq11038@2,seq14613@2,0.9999999999999999
seq11038@2,seq586@3,0.9999999999999999
seq11038@2,seq121@33,0.9999999999999999
seq11038@2,seq3257@5,0.9999999999999999
seq11038@2,seq1661@16,0.9999999999999999
seq11038@2,seq3496@14,0.9999999999999999
seq11038@2,seq657@16,0.9999999999999999
seq11038@2,seq619@39,0.9999999999999999
seq11038@2,seq2149@29,0.9999999999999999
seq11038@2,seq176@25,0.9999999999999999
seq11038@2,seq5540@18,0.9999999999999999
seq11038@2,seq1172@13,0.9999999999999999
seq11038@2,seq6557@11,0.9999999999999999
seq11038@2,seq2294@10,0.9999999999999999
seq11038@2,seq5670@10,0.9999999999999999
seq11038@2,seq7624@10,0.9999999999999999
seq11038@2,seq1586@8,0.9999999999999999
seq11038@2,seq2833@8,0.9999999999999999
seq11038@2,seq3672@8,0.9999999999999999
seq11038@2,seq1258@6,0.9999999999999999
seq11038@2,seq80@5,0.9999999999999999
seq11038@2,seq12563@4,0.9878787878787878
seq11038@2,seq3880@4,0.9999999999999999
seq11038@2,seq6336@3,0.9999999999999999
seq11038@2,seq767@2,0.9999999999999999
seq11038@2,seq6674@2,0.9999999999999999
seq11038@2,seq9254@2,0.9999999999999999
seq11038@2,seq14203@2,0.9999999999999999
seq11038@2,seq242@13,0.9999999999999999
seq11038@2,seq2408@28,0.9999999999999999
seq11038@2,seq5@14279,0.9999999999999999
seq11038@2,seq190@11,0.9999999999999999
seq11038@2,seq1700@2,0.9999999999999999
seq11038@2,seq9598@2,0.9999999999999999
seq11038@2,seq4099@21,0.9999999999999999
seq11038@2,seq2519@3,0.9999999999999999
seq11038@2,seq4258@3,0.9999999999999999
seq1751@10,seq12322@2,0.9999999999999999
seq1751@10,seq8351@2,0.9999999999999999
seq1751@10,seq74@23,0.9999999999999999
seq1751@10,seq14613@2,0.9999999999999999
seq1751@10,seq586@3,0.9999999999999999
seq1751@10,seq121@33,0.9999999999999999
seq1751@10,seq3257@5,0.9999999999999999
seq1751@10,seq1661@16,0.9999999999999999
seq1751@10,seq3496@14,0.9999999999999999
seq1751@10,seq657@16,0.9999999999999999
seq1751@10,seq619@39,0.9999999999999999
seq1751@10,seq2149@29,0.9999999999999999
seq1751@10,seq176@25,0.9999999999999999
seq1751@10,seq5540@18,0.9999999999999999
seq1751@10,seq1172@13,0.9999999999999999
seq1751@10,seq6557@11,0.9999999999999999
seq1751@10,seq2294@10,0.9999999999999999
seq1751@10,seq5670@10,0.9999999999999999
seq1751@10,seq7624@10,0.9999999999999999
seq1751@10,seq1586@8,0.9999999999999999
seq1751@10,seq2833@8,0.9999999999999999
seq1751@10,seq3672@8,0.9999999999999999
seq1751@10,seq1258@6,0.9999999999999999
seq1751@10,seq80@5,0.9999999999999999
seq1751@10,seq12563@4,0.9878787878787878
seq1751@10,seq3880@4,0.9999999999999999
seq1751@10,seq6336@3,0.9999999999999999
seq1751@10,seq767@2,0.9999999999999999
seq1751@10,seq6674@2,0.9999999999999999
seq1751@10,seq9254@2,0.9999999999999999
seq1751@10,seq14203@2,0.9999999999999999
seq1751@10,seq242@13,0.9999999999999999
seq1751@10,seq2408@28,0.9999999999999999
seq1751@10,seq5@14279,0.9999999999999999
seq1751@10,seq190@11,0.9999999999999999
seq1751@10,seq1700@2,0.9999999999999999
seq1751@10,seq9598@2,0.9999999999999999
seq1751@10,seq4099@21,0.9999999999999999
seq1751@10,seq2519@3,0.9999999999999999
seq1751@10,seq4258@3,0.9999999999999999
seq12322@2,seq8351@2,0.9999999999999999
seq12322@2,seq74@23,0.9999999999999999
seq12322@2,seq14613@2,0.9999999999999999
seq12322@2,seq586@3,0.9999999999999999
seq12322@2,seq121@33,0.9999999999999999
seq12322@2,seq3257@5,0.9999999999999999
seq12322@2,seq1661@16,0.9999999999999999
seq12322@2,seq3496@14,0.9999999999999999
seq12322@2,seq657@16,0.9999999999999999
seq12322@2,seq619@39,0.9999999999999999
seq12322@2,seq2149@29,0.9999999999999999
seq12322@2,seq176@25,0.9999999999999999
seq12322@2,seq5540@18,0.9999999999999999
seq12322@2,seq1172@13,0.9999999999999999
seq12322@2,seq6557@11,0.9999999999999999
seq12322@2,seq2294@10,0.9999999999999999
seq12322@2,seq5670@10,0.9999999999999999
seq12322@2,seq7624@10,0.9999999999999999
seq12322@2,seq1586@8,0.9999999999999999
seq12322@2,seq2833@8,0.9999999999999999
seq12322@2,seq3672@8,0.9999999999999999
seq12322@2,seq1258@6,0.9999999999999999
seq12322@2,seq80@5,0.9999999999999999
seq12322@2,seq12563@4,0.9878787878787878
seq12322@2,seq3880@4,0.9999999999999999
seq12322@2,seq6336@3,0.9999999999999999
seq12322@2,seq767@2,0.9999999999999999
seq12322@2,seq6674@2,0.9999999999999999
seq12322@2,seq9254@2,0.9999999999999999
seq12322@2,seq14203@2,0.9999999999999999
seq12322@2,seq242@13,0.9999999999999999
seq12322@2,seq2408@28,0.9999999999999999
seq12322@2,seq5@14279,0.9999999999999999
seq12322@2,seq190@11,0.9999999999999999
seq12322@2,seq1700@2,0.9999999999999999
seq12322@2,seq9598@2,0.9999999999999999
seq12322@2,seq4099@21,0.9999999999999999
seq12322@2,seq2519@3,0.9999999999999999
seq12322@2,seq4258@3,0.9999999999999999
seq8351@2,seq74@23,0.9999999999999999
seq8351@2,seq14613@2,0.9999999999999999
seq8351@2,seq586@3,0.9999999999999999
seq8351@2,seq121@33,0.9999999999999999
seq8351@2,seq3257@5,0.9999999999999999
seq8351@2,seq1661@16,0.9999999999999999
seq8351@2,seq3496@14,0.9999999999999999
seq8351@2,seq657@16,0.9999999999999999
seq8351@2,seq619@39,0.9999999999999999
seq8351@2,seq2149@29,0.9999999999999999
seq8351@2,seq176@25,0.9999999999999999
seq8351@2,seq5540@18,0.9999999999999999
seq8351@2,seq1172@13,0.9999999999999999
seq8351@2,seq6557@11,0.9999999999999999
seq8351@2,seq2294@10,0.9999999999999999
seq8351@2,seq5670@10,0.9999999999999999
seq8351@2,seq7624@10,0.9999999999999999
seq8351@2,seq1586@8,0.9999999999999999
seq8351@2,seq2833@8,0.9999999999999999
seq8351@2,seq3672@8,0.9999999999999999
seq8351@2,seq1258@6,0.9999999999999999
seq8351@2,seq80@5,0.9999999999999999
seq8351@2,seq12563@4,0.9878787878787878
seq8351@2,seq3880@4,0.9999999999999999
seq8351@2,seq6336@3,0.9999999999999999
seq8351@2,seq767@2,0.9999999999999999
seq8351@2,seq6674@2,0.9999999999999999
seq8351@2,seq9254@2,0.9999999999999999
seq8351@2,seq14203@2,0.9999999999999999
seq8351@2,seq242@13,0.9999999999999999
seq8351@2,seq2408@28,0.9999999999999999
seq8351@2,seq5@14279,0.9999999999999999
seq8351@2,seq190@11,0.9999999999999999
seq8351@2,seq1700@2,0.9999999999999999
seq8351@2,seq9598@2,0.9999999999999999
seq8351@2,seq4099@21,0.9999999999999999
seq8351@2,seq2519@3,0.9999999999999999
seq8351@2,seq4258@3,0.9999999999999999
seq74@23,seq14613@2,0.9999999999999999
seq74@23,seq586@3,0.9999999999999999
seq74@23,seq121@33,0.9999999999999999
seq74@23,seq3257@5,0.9999999999999999
seq74@23,seq1661@16,0.9999999999999999
seq74@23,seq3496@14,0.9999999999999999
seq74@23,seq657@16,0.9999999999999999
seq74@23,seq619@39,0.9999999999999999
seq74@23,seq2149@29,0.9999999999999999
seq74@23,seq176@25,0.9999999999999999
seq74@23,seq5540@18,0.9999999999999999
seq74@23,seq1172@13,0.9999999999999999
seq74@23,seq6557@11,0.9999999999999999
seq74@23,seq2294@10,0.9999999999999999
seq74@23,seq5670@10,0.9999999999999999
seq74@23,seq7624@10,0.9999999999999999
seq74@23,seq1586@8,0.9999999999999999
seq74@23,seq2833@8,0.9999999999999999
seq74@23,seq3672@8,0.9999999999999999
seq74@23,seq1258@6,0.9999999999999999
seq74@23,seq80@5,0.9999999999999999
seq74@23,seq12563@4,0.9878787878787878
seq74@23,seq3880@4,0.9999999999999999
seq74@23,seq6336@3,0.9999999999999999
seq74@23,seq767@2,0.9999999999999999
seq74@23,seq6674@2,0.9999999999999999
seq74@23,seq9254@2,0.9999999999999999
seq74@23,seq14203@2,0.9999999999999999
seq74@23,seq242@13,0.9999999999999999
seq74@23,seq2408@28,0.9999999999999999
seq74@23,seq5@14279,0.9999999999999999
seq74@23,seq190@11,0.9999999999999999
seq74@23,seq1700@2,0.9999999999999999
seq74@23,seq9598@2,0.9999999999999999
seq74@23,seq4099@21,0.9999999999999999
seq74@23,seq2519@3,0.9999999999999999
seq74@23,seq4258@3,0.9999999999999999
seq14613@2,seq586@3,0.9999999999999999
seq14613@2,seq121@33,0.9999999999999999
seq14613@2,seq3257@5,0.9999999999999999
seq14613@2,seq1661@16,0.9999999999999999
seq14613@2,seq3496@14,0.9999999999999999
seq14613@2,seq657@16,0.9999999999999999
seq14613@2,seq619@39,0.9999999999999999
seq14613@2,seq2149@29,0.9999999999999999
seq14613@2,seq176@25,0.9999999999999999
seq14613@2,seq5540@18,0.9999999999999999
seq14613@2,seq1172@13,0.9999999999999999
seq14613@2,seq6557@11,0.9999999999999999
seq14613@2,seq2294@10,0.9999999999999999
seq14613@2,seq5670@10,0.9999999999999999
seq14613@2,seq7624@10,0.9999999999999999
seq14613@2,seq1586@8,0.9999999999999999
seq14613@2,seq2833@8,0.9999999999999999
seq14613@2,seq3672@8,0.9999999999999999
seq14613@2,seq1258@6,0.9999999999999999
seq14613@2,seq80@5,0.9999999999999999
seq14613@2,seq12563@4,0.9878787878787878
seq14613@2,seq3880@4,0.9999999999999999
seq14613@2,seq6336@3,0.9999999999999999
seq14613@2,seq767@2,0.9999999999999999
seq14613@2,seq6674@2,0.9999999999999999
seq14613@2,seq9254@2,0.9999999999999999
seq14613@2,seq14203@2,0.9999999999999999
seq14613@2,seq242@13,0.9999999999999999
seq14613@2,seq2408@28,0.9999999999999999
seq14613@2,seq5@14279,0.9999999999999999
seq14613@2,seq190@11,0.9999999999999999
seq14613@2,seq1700@2,0.9999999999999999
seq14613@2,seq9598@2,0.9999999999999999
seq14613@2,seq4099@21,0.9999999999999999
seq14613@2,seq2519@3,0.9999999999999999
seq14613@2,seq4258@3,0.9999999999999999
seq586@3,seq121@33,0.9999999999999999
seq586@3,seq3257@5,0.9999999999999999
seq586@3,seq1661@16,0.9999999999999999
seq586@3,seq3496@14,0.9999999999999999
seq586@3,seq657@16,0.9999999999999999
seq586@3,seq619@39,0.9999999999999999
seq586@3,seq2149@29,0.9999999999999999
seq586@3,seq176@25,0.9999999999999999
seq586@3,seq5540@18,0.9999999999999999
seq586@3,seq1172@13,0.9999999999999999
seq586@3,seq6557@11,0.9999999999999999
seq586@3,seq2294@10,0.9999999999999999
seq586@3,seq5670@10,0.9999999999999999
seq586@3,seq7624@10,0.9999999999999999
seq586@3,seq1586@8,0.9999999999999999
seq586@3,seq2833@8,0.9999999999999999
seq586@3,seq3672@8,0.9999999999999999
seq586@3,seq1258@6,0.9999999999999999
seq586@3,seq80@5,0.9999999999999999
seq586@3,seq12563@4,0.9878787878787878
seq586@3,seq3880@4,0.9999999999999999
seq586@3,seq6336@3,0.9999999999999999
seq586@3,seq767@2,0.9999999999999999
seq586@3,seq6674@2,0.9999999999999999
seq586@3,seq9254@2,0.9999999999999999
seq586@3,seq14203@2,0.9999999999999999
seq586@3,seq242@13,0.9999999999999999
seq586@3,seq2408@28,0.9999999999999999
seq586@3,seq5@14279,0.9999999999999999
seq586@3,seq190@11,0.9999999999999999
seq586@3,seq1700@2,0.9999999999999999
seq586@3,seq9598@2,0.9999999999999999
seq586@3,seq4099@21,0.9999999999999999
seq586@3,seq2519@3,0.9999999999999999
seq586@3,seq4258@3,0.9999999999999999
seq121@33,seq3257@5,0.9999999999999999
seq121@33,seq1661@16,0.9999999999999999
seq121@33,seq3496@14,0.9999999999999999
seq121@33,seq657@16,0.9999999999999999
seq121@33,seq619@39,0.9999999999999999
seq121@33,seq2149@29,0.9999999999999999
seq121@33,seq176@25,0.9999999999999999
seq121@33,seq5540@18,0.9999999999999999
seq121@33,seq1172@13,0.9999999999999999
seq121@33,seq6557@11,0.9999999999999999
seq121@33,seq2294@10,0.9999999999999999
seq121@33,seq5670@10,0.9999999999999999
seq121@33,seq7624@10,0.9999999999999999
seq121@33,seq1586@8,0.9999999999999999
seq121@33,seq2833@8,0.9999999999999999
seq121@33,seq3672@8,0.9999999999999999
seq121@33,seq1258@6,0.9999999999999999
seq121@33,seq80@5,0.9999999999999999
seq121@33,seq12563@4,0.9878787878787878
seq121@33,seq3880@4,0.9999999999999999
seq121@33,seq6336@3,0.9999999999999999
seq121@33,seq767@2,0.9999999999999999
seq121@33,seq6674@2,0.9999999999999999
seq121@33,seq9254@2,0.9999999999999999
seq121@33,seq14203@2,0.9999999999999999
seq121@33,seq242@13,0.9999999999999999
seq121@33,seq2408@28,0.9999999999999999
seq121@33,seq5@14279,0.9999999999999999
seq121@33,seq190@11,0.9999999999999999
seq121@33,seq1700@2,0.9999999999999999
seq121@33,seq9598@2,0.9999999999999999
seq121@33,seq4099@21,0.9999999999999999
seq121@33,seq2519@3,0.9999999999999999
seq121@33,seq4258@3,0.9999999999999999
seq3257@5,seq1661@16,0.9999999999999999
seq3257@5,seq3496@14,0.9999999999999999
seq3257@5,seq657@16,0.9999999999999999
seq3257@5,seq619@39,0.9999999999999999
seq3257@5,seq2149@29,0.9999999999999999
seq3257@5,seq176@25,0.9999999999999999
seq3257@5,seq5540@18,0.9999999999999999
seq3257@5,seq1172@13,0.9999999999999999
seq3257@5,seq6557@11,0.9999999999999999
seq3257@5,seq2294@10,0.9999999999999999
seq3257@5,seq5670@10,0.9999999999999999
seq3257@5,seq7624@10,0.9999999999999999
seq3257@5,seq1586@8,0.9999999999999999
seq3257@5,seq2833@8,0.9999999999999999
seq3257@5,seq3672@8,0.9999999999999999
seq3257@5,seq1258@6,0.9999999999999999
seq3257@5,seq80@5,0.9999999999999999
seq3257@5,seq12563@4,0.9878787878787878
seq3257@5,seq3880@4,0.9999999999999999
seq3257@5,seq6336@3,0.9999999999999999
seq3257@5,seq767@2,0.9999999999999999
seq3257@5,seq6674@2,0.9999999999999999
seq3257@5,seq9254@2,0.9999999999999999
seq3257@5,seq14203@2,0.9999999999999999
seq3257@5,seq242@13,0.9999999999999999
seq3257@5,seq2408@28,0.9999999999999999
seq3257@5,seq5@14279,0.9999999999999999
seq3257@5,seq190@11,0.9999999999999999
seq3257@5,seq1700@2,0.9999999999999999
seq3257@5,seq9598@2,0.9999999999999999
seq3257@5,seq4099@21,0.9999999999999999
seq3257@5,seq2519@3,0.9999999999999999
seq3257@5,seq4258@3,0.9999999999999999
seq1661@16,seq3496@14,0.9999999999999999
seq1661@16,seq657@16,0.9999999999999999
seq1661@16,seq619@39,0.9999999999999999
seq1661@16,seq2149@29,0.9999999999999999
seq1661@16,seq176@25,0.9999999999999999
seq1661@16,seq5540@18,0.9999999999999999
seq1661@16,seq1172@13,0.9999999999999999
seq1661@16,seq6557@11,0.9999999999999999
seq1661@16,seq2294@10,0.9999999999999999
seq1661@16,seq5670@10,0.9999999999999999
seq1661@16,seq7624@10,0.9999999999999999
seq1661@16,seq1586@8,0.9999999999999999
seq1661@16,seq2833@8,0.9999999999999999
seq1661@16,seq3672@8,0.9999999999999999
seq1661@16,seq1258@6,0.9999999999999999
seq1661@16,seq80@5,0.9999999999999999
seq1661@16,seq12563@4,0.9878787878787878
seq1661@16,seq3880@4,0.9999999999999999
seq1661@16,seq6336@3,0.9999999999999999
seq1661@16,seq767@2,0.9999999999999999
seq1661@16,seq6674@2,0.9999999999999999
seq1661@16,seq9254@2,0.9999999999999999
seq1661@16,seq14203@2,0.9999999999999999
seq1661@16,seq242@13,0.9999999999999999
seq1661@16,seq2408@28,0.9999999999999999
seq1661@16,seq5@14279,0.9999999999999999
seq1661@16,seq190@11,0.9999999999999999
seq1661@16,seq1700@2,0.9999999999999999
seq1661@16,seq9598@2,0.9999999999999999
seq1661@16,seq4099@21,0.9999999999999999
seq1661@16,seq2519@3,0.9999999999999999
seq1661@16,seq4258@3,0.9999999999999999
seq3496@14,seq657@16,0.9999999999999999
seq3496@14,seq619@39,0.9999999999999999
seq3496@14,seq2149@29,0.9999999999999999
seq3496@14,seq176@25,0.9999999999999999
seq3496@14,seq5540@18,0.9999999999999999
seq3496@14,seq1172@13,0.9999999999999999
seq3496@14,seq6557@11,0.9999999999999999
seq3496@14,seq2294@10,0.9999999999999999
seq3496@14,seq5670@10,0.9999999999999999
seq3496@14,seq7624@10,0.9999999999999999
seq3496@14,seq1586@8,0.9999999999999999
seq3496@14,seq2833@8,0.9999999999999999
seq3496@14,seq3672@8,0.9999999999999999
seq3496@14,seq1258@6,0.9999999999999999
seq3496@14,seq80@5,0.9999999999999999
seq3496@14,seq12563@4,0.9878787878787878
seq3496@14,seq3880@4,0.9999999999999999
seq3496@14,seq6336@3,0.9999999999999999
seq3496@14,seq767@2,0.9999999999999999
seq3496@14,seq6674@2,0.9999999999999999
seq3496@14,seq9254@2,0.9999999999999999
seq3496@14,seq14203@2,0.9999999999999999
seq3496@14,seq242@13,0.9999999999999999
seq3496@14,seq2408@28,0.9999999999999999
seq3496@14,seq5@14279,0.9999999999999999
seq3496@14,seq190@11,0.9999999999999999
seq3496@14,seq1700@2,0.9999999999999999
seq3496@14,seq9598@2,0.9999999999999999
seq3496@14,seq4099@21,0.9999999999999999
seq3496@14,seq2519@3,0.9999999999999999
seq3496@14,seq4258@3,0.9999999999999999
seq657@16,seq619@39,0.9999999999999999
seq657@16,seq2149@29,0.9999999999999999
seq657@16,seq176@25,0.9999999999999999
seq657@16,seq5540@18,0.9999999999999999
seq657@16,seq1172@13,0.9999999999999999
seq657@16,seq6557@11,0.9999999999999999
seq657@16,seq2294@10,0.9999999999999999
seq657@16,seq5670@10,0.9999999999999999
seq657@16,seq7624@10,0.9999999999999999
seq657@16,seq1586@8,0.9999999999999999
seq657@16,seq2833@8,0.9999999999999999
seq657@16,seq3672@8,0.9999999999999999
seq657@16,seq1258@6,0.9999999999999999
seq657@16,seq80@5,0.9999999999999999
seq657@16,seq12563@4,0.9878787878787878
seq657@16,seq3880@4,0.9999999999999999
seq657@16,seq6336@3,0.9999999999999999
seq657@16,seq767@2,0.9999999999999999
seq657@16,seq6674@2,0.9999999999999999
seq657@16,seq9254@2,0.9999999999999999
seq657@16,seq14203@2,0.9999999999999999
seq657@16,seq242@13,0.9999999999999999
seq657@16,seq2408@28,0.9999999999999999
seq657@16,seq5@14279,0.9999999999999999
seq657@16,seq190@11,0.9999999999999999
seq657@16,seq1700@2,0.9999999999999999
seq657@16,seq9598@2,0.9999999999999999
seq657@16,seq4099@21,0.9999999999999999
seq657@16,seq2519@3,0.9999999999999999
seq657@16,seq4258@3,0.9999999999999999
seq619@39,seq2149@29,0.9999999999999999
seq619@39,seq176@25,0.9999999999999999
seq619@39,seq5540@18,0.9999999999999999
seq619@39,seq1172@13,0.9999999999999999
seq619@39,seq6557@11,0.9999999999999999
seq619@39,seq2294@10,0.9999999999999999
seq619@39,seq5670@10,0.9999999999999999
seq619@39,seq7624@10,0.9999999999999999
seq619@39,seq1586@8,0.9999999999999999
seq619@39,seq2833@8,0.9999999999999999
seq619@39,seq3672@8,0.9999999999999999
seq619@39,seq1258@6,0.9999999999999999
seq619@39,seq80@5,0.9999999999999999
seq619@39,seq12563@4,0.9878787878787878
seq619@39,seq3880@4,0.9999999999999999
seq619@39,seq6336@3,0.9999999999999999
seq619@39,seq767@2,0.9999999999999999
seq619@39,seq6674@2,0.9999999999999999
seq619@39,seq9254@2,0.9999999999999999
seq619@39,seq14203@2,0.9999999999999999
seq619@39,seq242@13,0.9999999999999999
seq619@39,seq2408@28,0.9999999999999999
seq619@39,seq5@14279,0.9999999999999999
seq619@39,seq190@11,0.9999999999999999
seq619@39,seq1700@2,0.9999999999999999
seq619@39,seq9598@2,0.9999999999999999
seq619@39,seq4099@21,0.9999999999999999
seq619@39,seq2519@3,0.9999999999999999
seq619@39,seq4258@3,0.9999999999999999
seq2149@29,seq176@25,0.9999999999999999
seq2149@29,seq5540@18,0.9999999999999999
seq2149@29,seq1172@13,0.9999999999999999
seq2149@29,seq6557@11,0.9999999999999999
seq2149@29,seq2294@10,0.9999999999999999
seq2149@29,seq5670@10,0.9999999999999999
seq2149@29,seq7624@10,0.9999999999999999
seq2149@29,seq1586@8,0.9999999999999999
seq2149@29,seq2833@8,0.9999999999999999
seq2149@29,seq3672@8,0.9999999999999999
seq2149@29,seq1258@6,0.9999999999999999
seq2149@29,seq80@5,0.9999999999999999
seq2149@29,seq12563@4,0.9878787878787878
seq2149@29,seq3880@4,0.9999999999999999
seq2149@29,seq6336@3,0.9999999999999999
seq2149@29,seq767@2,0.9999999999999999
seq2149@29,seq6674@2,0.9999999999999999
seq2149@29,seq9254@2,0.9999999999999999
seq2149@29,seq14203@2,0.9999999999999999
seq2149@29,seq242@13,0.9999999999999999
seq2149@29,seq2408@28,0.9999999999999999
seq2149@29,seq5@14279,0.9999999999999999
seq2149@29,seq190@11,0.9999999999999999
seq2149@29,seq1700@2,0.9999999999999999
seq2149@29,seq9598@2,0.9999999999999999
seq2149@29,seq4099@21,0.9999999999999999
seq2149@29,seq2519@3,0.9999999999999999
seq2149@29,seq4258@3,0.9999999999999999
seq176@25,seq5540@18,0.9999999999999999
seq176@25,seq1172@13,0.9999999999999999
seq176@25,seq6557@11,0.9999999999999999
seq176@25,seq2294@10,0.9999999999999999
seq176@25,seq5670@10,0.9999999999999999
seq176@25,seq7624@10,0.9999999999999999
seq176@25,seq1586@8,0.9999999999999999
seq176@25,seq2833@8,0.9999999999999999
seq176@25,seq3672@8,0.9999999999999999
seq176@25,seq1258@6,0.9999999999999999
seq176@25,seq80@5,0.9999999999999999
seq176@25,seq12563@4,0.9878787878787878
seq176@25,seq3880@4,0.9999999999999999
seq176@25,seq6336@3,0.9999999999999999
seq176@25,seq767@2,0.9999999999999999
seq176@25,seq6674@2,0.9999999999999999
seq176@25,seq9254@2,0.9999999999999999
seq176@25,seq14203@2,0.9999999999999999
seq176@25,seq242@13,0.9999999999999999
seq176@25,seq2408@28,0.9999999999999999
seq176@25,seq5@14279,0.9999999999999999
seq176@25,seq190@11,0.9999999999999999
seq176@25,seq1700@2,0.9999999999999999
seq176@25,seq9598@2,0.9999999999999999
seq176@25,seq4099@21,0.9999999999999999
seq176@25,seq2519@3,0.9999999999999999
seq176@25,seq4258@3,0.9999999999999999
seq5540@18,seq1172@13,0.9999999999999999
seq5540@18,seq6557@11,0.9999999999999999
seq5540@18,seq2294@10,0.9999999999999999
seq5540@18,seq5670@10,0.9999999999999999
seq5540@18,seq7624@10,0.9999999999999999
seq5540@18,seq1586@8,0.9999999999999999
seq5540@18,seq2833@8,0.9999999999999999
seq5540@18,seq3672@8,0.9999999999999999
seq5540@18,seq1258@6,0.9999999999999999
seq5540@18,seq80@5,0.9999999999999999
seq5540@18,seq12563@4,0.9878787878787878
seq5540@18,seq3880@4,0.9999999999999999
seq5540@18,seq6336@3,0.9999999999999999
seq5540@18,seq767@2,0.9999999999999999
seq5540@18,seq6674@2,0.9999999999999999
seq5540@18,seq9254@2,0.9999999999999999
seq5540@18,seq14203@2,0.9999999999999999
seq5540@18,seq242@13,0.9999999999999999
seq5540@18,seq2408@28,0.9999999999999999
seq5540@18,seq5@14279,0.9999999999999999
seq5540@18,seq190@11,0.9999999999999999
seq5540@18,seq1700@2,0.9999999999999999
seq5540@18,seq9598@2,0.9999999999999999
seq5540@18,seq4099@21,0.9999999999999999
seq5540@18,seq2519@3,0.9999999999999999
seq5540@18,seq4258@3,0.9999999999999999
seq1172@13,seq6557@11,0.9999999999999999
seq1172@13,seq2294@10,0.9999999999999999
seq1172@13,seq5670@10,0.9999999999999999
seq1172@13,seq7624@10,0.9999999999999999
seq1172@13,seq1586@8,0.9999999999999999
seq1172@13,seq2833@8,0.9999999999999999
seq1172@13,seq3672@8,0.9999999999999999
seq1172@13,seq1258@6,0.9999999999999999
seq1172@13,seq80@5,0.9999999999999999
seq1172@13,seq12563@4,0.9878787878787878
seq1172@13,seq3880@4,0.9999999999999999
seq1172@13,seq6336@3,0.9999999999999999
seq1172@13,seq767@2,0.9999999999999999
seq1172@13,seq6674@2,0.9999999999999999
seq1172@13,seq9254@2,0.9999999999999999
seq1172@13,seq14203@2,0.9999999999999999
seq1172@13,seq242@13,0.9999999999999999
seq1172@13,seq2408@28,0.9999999999999999
seq1172@13,seq5@14279,0.9999999999999999
seq1172@13,seq190@11,0.9999999999999999
seq1172@13,seq1700@2,0.9999999999999999
seq1172@13,seq9598@2,0.9999999999999999
seq1172@13,seq4099@21,0.9999999999999999
seq1172@13,seq2519@3,0.9999999999999999
seq1172@13,seq4258@3,0.9999999999999999
seq6557@11,seq2294@10,0.9999999999999999
seq6557@11,seq5670@10,0.9999999999999999
seq6557@11,seq7624@10,0.9999999999999999
seq6557@11,seq1586@8,0.9999999999999999
seq6557@11,seq2833@8,0.9999999999999999
seq6557@11,seq3672@8,0.9999999999999999
seq6557@11,seq1258@6,0.9999999999999999
seq6557@11,seq80@5,0.9999999999999999
seq6557@11,seq12563@4,0.9878787878787878
seq6557@11,seq3880@4,0.9999999999999999
seq6557@11,seq6336@3,0.9999999999999999
seq6557@11,seq767@2,0.9999999999999999
seq6557@11,seq6674@2,0.9999999999999999
seq6557@11,seq9254@2,0.9999999999999999
seq6557@11,seq14203@2,0.9999999999999999
seq6557@11,seq242@13,0.9999999999999999
seq6557@11,seq2408@28,0.9999999999999999
seq6557@11,seq5@14279,0.9999999999999999
seq6557@11,seq190@11,0.9999999999999999
seq6557@11,seq1700@2,0.9999999999999999
seq6557@11,seq9598@2,0.9999999999999999
seq6557@11,seq4099@21,0.9999999999999999
seq6557@11,seq2519@3,0.9999999999999999
seq6557@11,seq4258@3,0.9999999999999999
seq2294@10,seq5670@10,0.9999999999999999
seq2294@10,seq7624@10,0.9999999999999999
seq2294@10,seq1586@8,0.9999999999999999
seq2294@10,seq2833@8,0.9999999999999999
seq2294@10,seq3672@8,0.9999999999999999
seq2294@10,seq1258@6,0.9999999999999999
seq2294@10,seq80@5,0.9999999999999999
seq2294@10,seq12563@4,0.9878787878787878
seq2294@10,seq3880@4,0.9999999999999999
seq2294@10,seq6336@3,0.9999999999999999
seq2294@10,seq767@2,0.9999999999999999
seq2294@10,seq6674@2,0.9999999999999999
seq2294@10,seq9254@2,0.9999999999999999
seq2294@10,seq14203@2,0.9999999999999999
seq2294@10,seq242@13,0.9999999999999999
seq2294@10,seq2408@28,0.9999999999999999
seq2294@10,seq5@14279,0.9999999999999999
seq2294@10,seq190@11,0.9999999999999999
seq2294@10,seq1700@2,0.9999999999999999
seq2294@10,seq9598@2,0.9999999999999999
seq2294@10,seq4099@21,0.9999999999999999
seq2294@10,seq2519@3,0.9999999999999999
seq2294@10,seq4258@3,0.9999999999999999
seq5670@10,seq7624@10,0.9999999999999999
seq5670@10,seq1586@8,0.9999999999999999
seq5670@10,seq2833@8,0.9999999999999999
seq5670@10,seq3672@8,0.9999999999999999
seq5670@10,seq1258@6,0.9999999999999999
seq5670@10,seq80@5,0.9999999999999999
seq5670@10,seq12563@4,0.9878787878787878
seq5670@10,seq3880@4,0.9999999999999999
seq5670@10,seq6336@3,0.9999999999999999
seq5670@10,seq767@2,0.9999999999999999
seq5670@10,seq6674@2,0.9999999999999999
seq5670@10,seq9254@2,0.9999999999999999
seq5670@10,seq14203@2,0.9999999999999999
seq5670@10,seq242@13,0.9999999999999999
seq5670@10,seq2408@28,0.9999999999999999
seq5670@10,seq5@14279,0.9999999999999999
seq5670@10,seq190@11,0.9999999999999999
seq5670@10,seq1700@2,0.9999999999999999
seq5670@10,seq9598@2,0.9999999999999999
seq5670@10,seq4099@21,0.9999999999999999
seq5670@10,seq2519@3,0.9999999999999999
seq5670@10,seq4258@3,0.9999999999999999
seq7624@10,seq1586@8,0.9999999999999999
seq7624@10,seq2833@8,0.9999999999999999
seq7624@10,seq3672@8,0.9999999999999999
seq7624@10,seq1258@6,0.9999999999999999
seq7624@10,seq80@5,0.9999999999999999
seq7624@10,seq12563@4,0.9878787878787878
seq7624@10,seq3880@4,0.9999999999999999
seq7624@10,seq6336@3,0.9999999999999999
seq7624@10,seq767@2,0.9999999999999999
seq7624@10,seq6674@2,0.9999999999999999
seq7624@10,seq9254@2,0.9999999999999999
seq7624@10,seq14203@2,0.9999999999999999
seq7624@10,seq242@13,0.9999999999999999
seq7624@10,seq2408@28,0.9999999999999999
seq7624@10,seq5@14279,0.9999999999999999
seq7624@10,seq190@11,0.9999999999999999
seq7624@10,seq1700@2,0.9999999999999999
seq7624@10,seq9598@2,0.9999999999999999
seq7624@10,seq4099@21,0.9999999999999999
seq7624@10,seq2519@3,0.9999999999999999
seq7624@10,seq4258@3,0.9999999999999999
seq1586@8,seq2833@8,0.9999999999999999
seq1586@8,seq3672@8,0.9999999999999999
seq1586@8,seq1258@6,0.9999999999999999
seq1586@8,seq80@5,0.9999999999999999
seq1586@8,seq12563@4,0.9878787878787878
seq1586@8,seq3880@4,0.9999999999999999
seq1586@8,seq6336@3,0.9999999999999999
seq1586@8,seq767@2,0.9999999999999999
seq1586@8,seq6674@2,0.9999999999999999
seq1586@8,seq9254@2,0.9999999999999999
seq1586@8,seq14203@2,0.9999999999999999
seq1586@8,seq242@13,0.9999999999999999
seq1586@8,seq2408@28,0.9999999999999999
seq1586@8,seq5@14279,0.9999999999999999
seq1586@8,seq190@11,0.9999999999999999
seq1586@8,seq1700@2,0.9999999999999999
seq1586@8,seq9598@2,0.9999999999999999
seq1586@8,seq4099@21,0.9999999999999999
seq1586@8,seq2519@3,0.9999999999999999
seq1586@8,seq4258@3,0.9999999999999999
seq2833@8,seq3672@8,0.9999999999999999
seq2833@8,seq1258@6,0.9999999999999999
seq2833@8,seq80@5,0.9999999999999999
seq2833@8,seq12563@4,0.9878787878787878
seq2833@8,seq3880@4,0.9999999999999999
seq2833@8,seq6336@3,0.9999999999999999
seq2833@8,seq767@2,0.9999999999999999
seq2833@8,seq6674@2,0.9999999999999999
seq2833@8,seq9254@2,0.9999999999999999
seq2833@8,seq14203@2,0.9999999999999999
seq2833@8,seq242@13,0.9999999999999999
seq2833@8,seq2408@28,0.9999999999999999
seq2833@8,seq5@14279,0.9999999999999999
seq2833@8,seq190@11,0.9999999999999999
seq2833@8,seq1700@2,0.9999999999999999
seq2833@8,seq9598@2,0.9999999999999999
seq2833@8,seq4099@21,0.9999999999999999
seq2833@8,seq2519@3,0.9999999999999999
seq2833@8,seq4258@3,0.9999999999999999
seq3672@8,seq1258@6,0.9999999999999999
seq3672@8,seq80@5,0.9999999999999999
seq3672@8,seq12563@4,0.9878787878787878
seq3672@8,seq3880@4,0.9999999999999999
seq3672@8,seq6336@3,0.9999999999999999
seq3672@8,seq767@2,0.9999999999999999
seq3672@8,seq6674@2,0.9999999999999999
seq3672@8,seq9254@2,0.9999999999999999
seq3672@8,seq14203@2,0.9999999999999999
seq3672@8,seq242@13,0.9999999999999999
seq3672@8,seq2408@28,0.9999999999999999
seq3672@8,seq5@14279,0.9999999999999999
seq3672@8,seq190@11,0.9999999999999999
seq3672@8,seq1700@2,0.9999999999999999
seq3672@8,seq9598@2,0.9999999999999999
seq3672@8,seq4099@21,0.9999999999999999
seq3672@8,seq2519@3,0.9999999999999999
seq3672@8,seq4258@3,0.9999999999999999
seq1258@6,seq80@5,0.9999999999999999
seq1258@6,seq12563@4,0.9878787878787878
seq1258@6,seq3880@4,0.9999999999999999
seq1258@6,seq6336@3,0.9999999999999999
seq1258@6,seq767@2,0.9999999999999999
seq1258@6,seq6674@2,0.9999999999999999
seq1258@6,seq9254@2,0.9999999999999999
seq1258@6,seq14203@2,0.9999999999999999
seq1258@6,seq242@13,0.9999999999999999
seq1258@6,seq2408@28,0.9999999999999999
seq1258@6,seq5@14279,0.9999999999999999
seq1258@6,seq190@11,0.9999999999999999
seq1258@6,seq1700@2,0.9999999999999999
seq1258@6,seq9598@2,0.9999999999999999
seq1258@6,seq4099@21,0.9999999999999999
seq1258@6,seq2519@3,0.9999999999999999
seq1258@6,seq4258@3,0.9999999999999999
seq80@5,seq12563@4,0.9878787878787878
seq80@5,seq3880@4,0.9999999999999999
seq80@5,seq6336@3,0.9999999999999999
seq80@5,seq767@2,0.9999999999999999
seq80@5,seq6674@2,0.9999999999999999
seq80@5,seq9254@2,0.9999999999999999
seq80@5,seq14203@2,0.9999999999999999
seq80@5,seq242@13,0.9999999999999999
seq80@5,seq2408@28,0.9999999999999999
seq80@5,seq5@14279,0.9999999999999999
seq80@5,seq190@11,0.9999999999999999
seq80@5,seq1700@2,0.9999999999999999
seq80@5,seq9598@2,0.9999999999999999
seq80@5,seq4099@21,0.9999999999999999
seq80@5,seq2519@3,0.9999999999999999
seq80@5,seq4258@3,0.9999999999999999
seq12563@4,seq3880@4,0.9878787878787878
seq12563@4,seq6336@3,0.9878787878787878
seq12563@4,seq767@2,0.9878787878787878
seq12563@4,seq6674@2,0.9878787878787878
seq12563@4,seq9254@2,0.9878787878787878
seq12563@4,seq14203@2,0.9878787878787878
seq12563@4,seq242@13,0.9878787878787878
seq12563@4,seq2408@28,0.9878787878787878
seq12563@4,seq5@14279,0.9878787878787878
seq12563@4,seq190@11,0.9878787878787878
seq12563@4,seq1700@2,0.9878787878787878
seq12563@4,seq9598@2,0.9878787878787878
seq12563@4,seq4099@21,0.9878787878787878
seq12563@4,seq2519@3,0.9878787878787878
seq12563@4,seq4258@3,0.9878787878787878
seq3880@4,seq6336@3,0.9999999999999999
seq3880@4,seq767@2,0.9999999999999999
seq3880@4,seq6674@2,0.9999999999999999
seq3880@4,seq9254@2,0.9999999999999999
seq3880@4,seq14203@2,0.9999999999999999
seq3880@4,seq242@13,0.9999999999999999
seq3880@4,seq2408@28,0.9999999999999999
seq3880@4,seq5@14279,0.9999999999999999
seq3880@4,seq190@11,0.9999999999999999
seq3880@4,seq1700@2,0.9999999999999999
seq3880@4,seq9598@2,0.9999999999999999
seq3880@4,seq4099@21,0.9999999999999999
seq3880@4,seq2519@3,0.9999999999999999
seq3880@4,seq4258@3,0.9999999999999999
seq6336@3,seq767@2,0.9999999999999999
seq6336@3,seq6674@2,0.9999999999999999
seq6336@3,seq9254@2,0.9999999999999999
seq6336@3,seq14203@2,0.9999999999999999
seq6336@3,seq242@13,0.9999999999999999
seq6336@3,seq2408@28,0.9999999999999999
seq6336@3,seq5@14279,0.9999999999999999
seq6336@3,seq190@11,0.9999999999999999
seq6336@3,seq1700@2,0.9999999999999999
seq6336@3,seq9598@2,0.9999999999999999
seq6336@3,seq4099@21,0.9999999999999999
seq6336@3,seq2519@3,0.9999999999999999
seq6336@3,seq4258@3,0.9999999999999999
seq767@2,seq6674@2,0.9999999999999999
seq767@2,seq9254@2,0.9999999999999999
seq767@2,seq14203@2,0.9999999999999999
seq767@2,seq242@13,0.9999999999999999
seq767@2,seq2408@28,0.9999999999999999
seq767@2,seq5@14279,0.9999999999999999
seq767@2,seq190@11,0.9999999999999999
seq767@2,seq1700@2,0.9999999999999999
seq767@2,seq9598@2,0.9999999999999999
seq767@2,seq4099@21,0.9999999999999999
seq767@2,seq2519@3,0.9999999999999999
seq767@2,seq4258@3,0.9999999999999999
seq6674@2,seq9254@2,0.9999999999999999
seq6674@2,seq14203@2,0.9999999999999999
seq6674@2,seq242@13,0.9999999999999999
seq6674@2,seq2408@28,0.9999999999999999
seq6674@2,seq5@14279,0.9999999999999999
seq6674@2,seq190@11,0.9999999999999999
seq6674@2,seq1700@2,0.9999999999999999
seq6674@2,seq9598@2,0.9999999999999999
seq6674@2,seq4099@21,0.9999999999999999
seq6674@2,seq2519@3,0.9999999999999999
seq6674@2,seq4258@3,0.9999999999999999
seq9254@2,seq14203@2,0.9999999999999999
seq9254@2,seq242@13,0.9999999999999999
seq9254@2,seq2408@28,0.9999999999999999
seq9254@2,seq5@14279,0.9999999999999999
seq9254@2,seq190@11,0.9999999999999999
seq9254@2,seq1700@2,0.9999999999999999
seq9254@2,seq9598@2,0.9999999999999999
seq9254@2,seq4099@21,0.9999999999999999
seq9254@2,seq2519@3,0.9999999999999999
seq9254@2,seq4258@3,0.9999999999999999
seq14203@2,seq242@13,0.9999999999999999
seq14203@2,seq2408@28,0.9999999999999999
seq14203@2,seq5@14279,0.9999999999999999
seq14203@2,seq190@11,0.9999999999999999
seq14203@2,seq1700@2,0.9999999999999999
seq14203@2,seq9598@2,0.9999999999999999
seq14203@2,seq4099@21,0.9999999999999999
seq14203@2,seq2519@3,0.9999999999999999
seq14203@2,seq4258@3,0.9999999999999999
seq242@13,seq2408@28,0.9999999999999999
seq242@13,seq5@14279,0.9999999999999999
seq242@13,seq190@11,0.9999999999999999
seq242@13,seq1700@2,0.9999999999999999
seq242@13,seq9598@2,0.9999999999999999
seq242@13,seq4099@21,0.9999999999999999
seq242@13,seq2519@3,0.9999999999999999
seq242@13,seq4258@3,0.9999999999999999
seq2408@28,seq5@14279,0.9999999999999999
seq2408@28,seq190@11,0.9999999999999999
seq2408@28,seq1700@2,0.9999999999999999
seq2408@28,seq9598@2,0.9999999999999999
seq2408@28,seq4099@21,0.9999999999999999
seq2408@28,seq2519@3,0.9999999999999999
seq2408@28,seq4258@3,0.9999999999999999
seq5@14279,seq190@11,0.9999999999999999
seq5@14279,seq1700@2,0.9999999999999999
seq5@14279,seq9598@2,0.9999999999999999
seq5@14279,seq4099@21,0.9999999999999999
seq5@14279,seq2519@3,0.9999999999999999
seq5@14279,seq4258@3,0.9999999999999999
seq190@11,seq1700@2,0.9999999999999999
seq190@11,seq9598@2,0.9999999999999999
seq190@11,seq4099@21,0.9999999999999999
seq190@11,seq2519@3,0.9999999999999999
seq190@11,seq4258@3,0.9999999999999999
seq1700@2,seq9598@2,0.9999999999999999
seq1700@2,seq4099@21,0.9999999999999999
seq1700@2,seq2519@3,0.9999999999999999
seq1700@2,seq4258@3,0.9999999999999999
seq9598@2,seq4099@21,0.9999999999999999
seq9598@2,seq2519@3,0.9999999999999999
seq9598@2,seq4258@3,0.9999999999999999
seq4099@21,seq2519@3,0.9999999999999999
seq4099@21,seq4258@3,0.9999999999999999
seq2519@3,seq4258@3,0.9999999999999999
