Protein1,Protein2,SpearmanSimilarity
naive,seq1171@47,0.9999999999999999
naive,seq1632@10,0.9999999999999999
naive,seq31118@8,0.9999999999999999
naive,seq5280@7,0.9999999999999999
naive,seq127@3481,0.9999999999999999
naive,seq498@41,0.9999999999999999
naive,seq7911@13,0.9999999999999999
naive,seq159@20,0.9999999999999999
naive,seq5425@26,0.9878787878787878
naive,seq4655@20,0.9999999999999999
naive,seq934@23,0.9999999999999999
naive,seq1222@19,0.9999999999999999
naive,seq2578@31,0.9999999999999999
naive,seq11484@16,0.9878787878787878
naive,seq4059@21,0.9999999999999999
naive,seq2676@15,0.9999999999999999
naive,seq35@90,0.9999999999999999
naive,seq4216@15,0.9999999999999999
naive,seq1327@97,0.9999999999999999
naive,seq3307@13,0.9999999999999999
naive,seq3657@50,0.9999999999999999
naive,seq4412@13,0.9999999999999999
naive,seq595@20,0.9999999999999999
naive,seq4632@24,0.9878787878787878
naive,seq36857@12,0.9999999999999999
naive,seq6643@15,0.9999999999999999
naive,seq195@142,0.9999999999999999
naive,seq1726@11,0.9999999999999999
naive,seq2678@23,0.9999999999999999
naive,seq1243@25,0.9999999999999999
naive,seq4533@11,0.9999999999999999
naive,seq4891@23,0.9999999999999999
naive,seq5591@11,0.9999999999999999
naive,seq5647@12,0.9999999999999999
naive,seq17063@11,0.9999999999999999
naive,seq1848@13,0.9999999999999999
naive,seq13121@10,0.9999999999999999
naive,seq7392@31,0.9999999999999999
naive,seq6817@9,0.9999999999999999
naive,seq3605@31,0.9999999999999999
naive,seq4236@10,0.9999999999999999
naive,seq7701@13,0.9999999999999999
naive,seq4459@90,0.9999999999999999
naive,seq24400@9,0.9999999999999999
naive,seq9773@24,0.9999999999999999
naive,seq3653@8,0.9999999999999999
naive,seq3547@17,0.9999999999999999
naive,seq1672@72,0.9999999999999999
naive,seq8107@8,0.9999999999999999
naive,seq24590@12,0.9999999999999999
naive,seq144@122,0.9999999999999999
naive,seq21056@8,0.9999999999999999
naive,seq7452@19,0.9999999999999999
naive,seq37066@8,0.9999999999999999
naive,seq909@28,0.9999999999999999
naive,seq44903@8,0.9999999999999999
naive,seq17409@11,0.9999999999999999
naive,seq6330@45,0.9999999999999999
naive,seq11363@7,0.9999999999999999
naive,seq15488@13,0.9999999999999999
naive,seq13789@7,0.9999999999999999
naive,seq7049@10,0.9999999999999999
naive,seq3986@17,0.9999999999999999
naive,seq15985@7,0.9999999999999999
naive,seq3550@9,0.9999999999999999
naive,seq21318@7,0.9878787878787878
naive,seq21995@11,0.9999999999999999
naive,seq1557@73,0.9999999999999999
naive,seq2962@30,0.9999999999999999
naive,seq74@16,0.9999999999999999
naive,seq3933@89,0.9999999999999999
naive,seq790@69,0.9999999999999999
naive,seq6125@27,0.9999999999999999
naive,seq6626@23,0.9999999999999999
naive,seq7288@20,0.9999999999999999
naive,seq7254@18,0.9999999999999999
naive,seq670@10,0.9999999999999999
naive,seq12982@9,0.9999999999999999
naive,seq9@51735,0.9999999999999999
naive,seq3601@23,0.9999999999999999
seq1171@47,seq1632@10,0.9999999999999999
seq1171@47,seq31118@8,0.9999999999999999
seq1171@47,seq5280@7,0.9999999999999999
seq1171@47,seq127@3481,0.9999999999999999
seq1171@47,seq498@41,0.9999999999999999
seq1171@47,seq7911@13,0.9999999999999999
seq1171@47,seq159@20,0.9999999999999999
seq1171@47,seq5425@26,0.9878787878787878
seq1171@47,seq4655@20,0.9999999999999999
seq1171@47,seq934@23,0.9999999999999999
seq1171@47,seq1222@19,0.9999999999999999
seq1171@47,seq2578@31,0.9999999999999999
seq1171@47,seq11484@16,0.9878787878787878
seq1171@47,seq4059@21,0.9999999999999999
seq1171@47,seq2676@15,0.9999999999999999
seq1171@47,seq35@90,0.9999999999999999
seq1171@47,seq4216@15,0.9999999999999999
seq1171@47,seq1327@97,0.9999999999999999
seq1171@47,seq3307@13,0.9999999999999999
seq1171@47,seq3657@50,0.9999999999999999
seq1171@47,seq4412@13,0.9999999999999999
seq1171@47,seq595@20,0.9999999999999999
seq1171@47,seq4632@24,0.9878787878787878
seq1171@47,seq36857@12,0.9999999999999999
seq1171@47,seq6643@15,0.9999999999999999
seq1171@47,seq195@142,0.9999999999999999
seq1171@47,seq1726@11,0.9999999999999999
seq1171@47,seq2678@23,0.9999999999999999
seq1171@47,seq1243@25,0.9999999999999999
seq1171@47,seq4533@11,0.9999999999999999
seq1171@47,seq4891@23,0.9999999999999999
seq1171@47,seq5591@11,0.9999999999999999
seq1171@47,seq5647@12,0.9999999999999999
seq1171@47,seq17063@11,0.9999999999999999
seq1171@47,seq1848@13,0.9999999999999999
seq1171@47,seq13121@10,0.9999999999999999
seq1171@47,seq7392@31,0.9999999999999999
seq1171@47,seq6817@9,0.9999999999999999
seq1171@47,seq3605@31,0.9999999999999999
seq1171@47,seq4236@10,0.9999999999999999
seq1171@47,seq7701@13,0.9999999999999999
seq1171@47,seq4459@90,0.9999999999999999
seq1171@47,seq24400@9,0.9999999999999999
seq1171@47,seq9773@24,0.9999999999999999
seq1171@47,seq3653@8,0.9999999999999999
seq1171@47,seq3547@17,0.9999999999999999
seq1171@47,seq1672@72,0.9999999999999999
seq1171@47,seq8107@8,0.9999999999999999
seq1171@47,seq24590@12,0.9999999999999999
seq1171@47,seq144@122,0.9999999999999999
seq1171@47,seq21056@8,0.9999999999999999
seq1171@47,seq7452@19,0.9999999999999999
seq1171@47,seq37066@8,0.9999999999999999
seq1171@47,seq909@28,0.9999999999999999
seq1171@47,seq44903@8,0.9999999999999999
seq1171@47,seq17409@11,0.9999999999999999
seq1171@47,seq6330@45,0.9999999999999999
seq1171@47,seq11363@7,0.9999999999999999
seq1171@47,seq15488@13,0.9999999999999999
seq1171@47,seq13789@7,0.9999999999999999
seq1171@47,seq7049@10,0.9999999999999999
seq1171@47,seq3986@17,0.9999999999999999
seq1171@47,seq15985@7,0.9999999999999999
seq1171@47,seq3550@9,0.9999999999999999
seq1171@47,seq21318@7,0.9878787878787878
seq1171@47,seq21995@11,0.9999999999999999
seq1171@47,seq1557@73,0.9999999999999999
seq1171@47,seq2962@30,0.9999999999999999
seq1171@47,seq74@16,0.9999999999999999
seq1171@47,seq3933@89,0.9999999999999999
seq1171@47,seq790@69,0.9999999999999999
seq1171@47,seq6125@27,0.9999999999999999
seq1171@47,seq6626@23,0.9999999999999999
seq1171@47,seq7288@20,0.9999999999999999
seq1171@47,seq7254@18,0.9999999999999999
seq1171@47,seq670@10,0.9999999999999999
seq1171@47,seq12982@9,0.9999999999999999
seq1171@47,seq9@51735,0.9999999999999999
seq1171@47,seq3601@23,0.9999999999999999
seq1632@10,seq31118@8,0.9999999999999999
seq1632@10,seq5280@7,0.9999999999999999
seq1632@10,seq127@3481,0.9999999999999999
seq1632@10,seq498@41,0.9999999999999999
seq1632@10,seq7911@13,0.9999999999999999
seq1632@10,seq159@20,0.9999999999999999
seq1632@10,seq5425@26,0.9878787878787878
seq1632@10,seq4655@20,0.9999999999999999
seq1632@10,seq934@23,0.9999999999999999
seq1632@10,seq1222@19,0.9999999999999999
seq1632@10,seq2578@31,0.9999999999999999
seq1632@10,seq11484@16,0.9878787878787878
seq1632@10,seq4059@21,0.9999999999999999
seq1632@10,seq2676@15,0.9999999999999999
seq1632@10,seq35@90,0.9999999999999999
seq1632@10,seq4216@15,0.9999999999999999
seq1632@10,seq1327@97,0.9999999999999999
seq1632@10,seq3307@13,0.9999999999999999
seq1632@10,seq3657@50,0.9999999999999999
seq1632@10,seq4412@13,0.9999999999999999
seq1632@10,seq595@20,0.9999999999999999
seq1632@10,seq4632@24,0.9878787878787878
seq1632@10,seq36857@12,0.9999999999999999
seq1632@10,seq6643@15,0.9999999999999999
seq1632@10,seq195@142,0.9999999999999999
seq1632@10,seq1726@11,0.9999999999999999
seq1632@10,seq2678@23,0.9999999999999999
seq1632@10,seq1243@25,0.9999999999999999
seq1632@10,seq4533@11,0.9999999999999999
seq1632@10,seq4891@23,0.9999999999999999
seq1632@10,seq5591@11,0.9999999999999999
seq1632@10,seq5647@12,0.9999999999999999
seq1632@10,seq17063@11,0.9999999999999999
seq1632@10,seq1848@13,0.9999999999999999
seq1632@10,seq13121@10,0.9999999999999999
seq1632@10,seq7392@31,0.9999999999999999
seq1632@10,seq6817@9,0.9999999999999999
seq1632@10,seq3605@31,0.9999999999999999
seq1632@10,seq4236@10,0.9999999999999999
seq1632@10,seq7701@13,0.9999999999999999
seq1632@10,seq4459@90,0.9999999999999999
seq1632@10,seq24400@9,0.9999999999999999
seq1632@10,seq9773@24,0.9999999999999999
seq1632@10,seq3653@8,0.9999999999999999
seq1632@10,seq3547@17,0.9999999999999999
seq1632@10,seq1672@72,0.9999999999999999
seq1632@10,seq8107@8,0.9999999999999999
seq1632@10,seq24590@12,0.9999999999999999
seq1632@10,seq144@122,0.9999999999999999
seq1632@10,seq21056@8,0.9999999999999999
seq1632@10,seq7452@19,0.9999999999999999
seq1632@10,seq37066@8,0.9999999999999999
seq1632@10,seq909@28,0.9999999999999999
seq1632@10,seq44903@8,0.9999999999999999
seq1632@10,seq17409@11,0.9999999999999999
seq1632@10,seq6330@45,0.9999999999999999
seq1632@10,seq11363@7,0.9999999999999999
seq1632@10,seq15488@13,0.9999999999999999
seq1632@10,seq13789@7,0.9999999999999999
seq1632@10,seq7049@10,0.9999999999999999
seq1632@10,seq3986@17,0.9999999999999999
seq1632@10,seq15985@7,0.9999999999999999
seq1632@10,seq3550@9,0.9999999999999999
seq1632@10,seq21318@7,0.9878787878787878
seq1632@10,seq21995@11,0.9999999999999999
seq1632@10,seq1557@73,0.9999999999999999
seq1632@10,seq2962@30,0.9999999999999999
seq1632@10,seq74@16,0.9999999999999999
seq1632@10,seq3933@89,0.9999999999999999
seq1632@10,seq790@69,0.9999999999999999
seq1632@10,seq6125@27,0.9999999999999999
seq1632@10,seq6626@23,0.9999999999999999
seq1632@10,seq7288@20,0.9999999999999999
seq1632@10,seq7254@18,0.9999999999999999
seq1632@10,seq670@10,0.9999999999999999
seq1632@10,seq12982@9,0.9999999999999999
seq1632@10,seq9@51735,0.9999999999999999
seq1632@10,seq3601@23,0.9999999999999999
seq31118@8,seq5280@7,0.9999999999999999
seq31118@8,seq127@3481,0.9999999999999999
seq31118@8,seq498@41,0.9999999999999999
seq31118@8,seq7911@13,0.9999999999999999
seq31118@8,seq159@20,0.9999999999999999
seq31118@8,seq5425@26,0.9878787878787878
seq31118@8,seq4655@20,0.9999999999999999
seq31118@8,seq934@23,0.9999999999999999
seq31118@8,seq1222@19,0.9999999999999999
seq31118@8,seq2578@31,0.9999999999999999
seq31118@8,seq11484@16,0.9878787878787878
seq31118@8,seq4059@21,0.9999999999999999
seq31118@8,seq2676@15,0.9999999999999999
seq31118@8,seq35@90,0.9999999999999999
seq31118@8,seq4216@15,0.9999999999999999
seq31118@8,seq1327@97,0.9999999999999999
seq31118@8,seq3307@13,0.9999999999999999
seq31118@8,seq3657@50,0.9999999999999999
seq31118@8,seq4412@13,0.9999999999999999
seq31118@8,seq595@20,0.9999999999999999
seq31118@8,seq4632@24,0.9878787878787878
seq31118@8,seq36857@12,0.9999999999999999
seq31118@8,seq6643@15,0.9999999999999999
seq31118@8,seq195@142,0.9999999999999999
seq31118@8,seq1726@11,0.9999999999999999
seq31118@8,seq2678@23,0.9999999999999999
seq31118@8,seq1243@25,0.9999999999999999
seq31118@8,seq4533@11,0.9999999999999999
seq31118@8,seq4891@23,0.9999999999999999
seq31118@8,seq5591@11,0.9999999999999999
seq31118@8,seq5647@12,0.9999999999999999
seq31118@8,seq17063@11,0.9999999999999999
seq31118@8,seq1848@13,0.9999999999999999
seq31118@8,seq13121@10,0.9999999999999999
seq31118@8,seq7392@31,0.9999999999999999
seq31118@8,seq6817@9,0.9999999999999999
seq31118@8,seq3605@31,0.9999999999999999
seq31118@8,seq4236@10,0.9999999999999999
seq31118@8,seq7701@13,0.9999999999999999
seq31118@8,seq4459@90,0.9999999999999999
seq31118@8,seq24400@9,0.9999999999999999
seq31118@8,seq9773@24,0.9999999999999999
seq31118@8,seq3653@8,0.9999999999999999
seq31118@8,seq3547@17,0.9999999999999999
seq31118@8,seq1672@72,0.9999999999999999
seq31118@8,seq8107@8,0.9999999999999999
seq31118@8,seq24590@12,0.9999999999999999
seq31118@8,seq144@122,0.9999999999999999
seq31118@8,seq21056@8,0.9999999999999999
seq31118@8,seq7452@19,0.9999999999999999
seq31118@8,seq37066@8,0.9999999999999999
seq31118@8,seq909@28,0.9999999999999999
seq31118@8,seq44903@8,0.9999999999999999
seq31118@8,seq17409@11,0.9999999999999999
seq31118@8,seq6330@45,0.9999999999999999
seq31118@8,seq11363@7,0.9999999999999999
seq31118@8,seq15488@13,0.9999999999999999
seq31118@8,seq13789@7,0.9999999999999999
seq31118@8,seq7049@10,0.9999999999999999
seq31118@8,seq3986@17,0.9999999999999999
seq31118@8,seq15985@7,0.9999999999999999
seq31118@8,seq3550@9,0.9999999999999999
seq31118@8,seq21318@7,0.9878787878787878
seq31118@8,seq21995@11,0.9999999999999999
seq31118@8,seq1557@73,0.9999999999999999
seq31118@8,seq2962@30,0.9999999999999999
seq31118@8,seq74@16,0.9999999999999999
seq31118@8,seq3933@89,0.9999999999999999
seq31118@8,seq790@69,0.9999999999999999
seq31118@8,seq6125@27,0.9999999999999999
seq31118@8,seq6626@23,0.9999999999999999
seq31118@8,seq7288@20,0.9999999999999999
seq31118@8,seq7254@18,0.9999999999999999
seq31118@8,seq670@10,0.9999999999999999
seq31118@8,seq12982@9,0.9999999999999999
seq31118@8,seq9@51735,0.9999999999999999
seq31118@8,seq3601@23,0.9999999999999999
seq5280@7,seq127@3481,0.9999999999999999
seq5280@7,seq498@41,0.9999999999999999
seq5280@7,seq7911@13,0.9999999999999999
seq5280@7,seq159@20,0.9999999999999999
seq5280@7,seq5425@26,0.9878787878787878
seq5280@7,seq4655@20,0.9999999999999999
seq5280@7,seq934@23,0.9999999999999999
seq5280@7,seq1222@19,0.9999999999999999
seq5280@7,seq2578@31,0.9999999999999999
seq5280@7,seq11484@16,0.9878787878787878
seq5280@7,seq4059@21,0.9999999999999999
seq5280@7,seq2676@15,0.9999999999999999
seq5280@7,seq35@90,0.9999999999999999
seq5280@7,seq4216@15,0.9999999999999999
seq5280@7,seq1327@97,0.9999999999999999
seq5280@7,seq3307@13,0.9999999999999999
seq5280@7,seq3657@50,0.9999999999999999
seq5280@7,seq4412@13,0.9999999999999999
seq5280@7,seq595@20,0.9999999999999999
seq5280@7,seq4632@24,0.9878787878787878
seq5280@7,seq36857@12,0.9999999999999999
seq5280@7,seq6643@15,0.9999999999999999
seq5280@7,seq195@142,0.9999999999999999
seq5280@7,seq1726@11,0.9999999999999999
seq5280@7,seq2678@23,0.9999999999999999
seq5280@7,seq1243@25,0.9999999999999999
seq5280@7,seq4533@11,0.9999999999999999
seq5280@7,seq4891@23,0.9999999999999999
seq5280@7,seq5591@11,0.9999999999999999
seq5280@7,seq5647@12,0.9999999999999999
seq5280@7,seq17063@11,0.9999999999999999
seq5280@7,seq1848@13,0.9999999999999999
seq5280@7,seq13121@10,0.9999999999999999
seq5280@7,seq7392@31,0.9999999999999999
seq5280@7,seq6817@9,0.9999999999999999
seq5280@7,seq3605@31,0.9999999999999999
seq5280@7,seq4236@10,0.9999999999999999
seq5280@7,seq7701@13,0.9999999999999999
seq5280@7,seq4459@90,0.9999999999999999
seq5280@7,seq24400@9,0.9999999999999999
seq5280@7,seq9773@24,0.9999999999999999
seq5280@7,seq3653@8,0.9999999999999999
seq5280@7,seq3547@17,0.9999999999999999
seq5280@7,seq1672@72,0.9999999999999999
seq5280@7,seq8107@8,0.9999999999999999
seq5280@7,seq24590@12,0.9999999999999999
seq5280@7,seq144@122,0.9999999999999999
seq5280@7,seq21056@8,0.9999999999999999
seq5280@7,seq7452@19,0.9999999999999999
seq5280@7,seq37066@8,0.9999999999999999
seq5280@7,seq909@28,0.9999999999999999
seq5280@7,seq44903@8,0.9999999999999999
seq5280@7,seq17409@11,0.9999999999999999
seq5280@7,seq6330@45,0.9999999999999999
seq5280@7,seq11363@7,0.9999999999999999
seq5280@7,seq15488@13,0.9999999999999999
seq5280@7,seq13789@7,0.9999999999999999
seq5280@7,seq7049@10,0.9999999999999999
seq5280@7,seq3986@17,0.9999999999999999
seq5280@7,seq15985@7,0.9999999999999999
seq5280@7,seq3550@9,0.9999999999999999
seq5280@7,seq21318@7,0.9878787878787878
seq5280@7,seq21995@11,0.9999999999999999
seq5280@7,seq1557@73,0.9999999999999999
seq5280@7,seq2962@30,0.9999999999999999
seq5280@7,seq74@16,0.9999999999999999
seq5280@7,seq3933@89,0.9999999999999999
seq5280@7,seq790@69,0.9999999999999999
seq5280@7,seq6125@27,0.9999999999999999
seq5280@7,seq6626@23,0.9999999999999999
seq5280@7,seq7288@20,0.9999999999999999
seq5280@7,seq7254@18,0.9999999999999999
seq5280@7,seq670@10,0.9999999999999999
seq5280@7,seq12982@9,0.9999999999999999
seq5280@7,seq9@51735,0.9999999999999999
seq5280@7,seq3601@23,0.9999999999999999
seq127@3481,seq498@41,0.9999999999999999
seq127@3481,seq7911@13,0.9999999999999999
seq127@3481,seq159@20,0.9999999999999999
seq127@3481,seq5425@26,0.9878787878787878
seq127@3481,seq4655@20,0.9999999999999999
seq127@3481,seq934@23,0.9999999999999999
seq127@3481,seq1222@19,0.9999999999999999
seq127@3481,seq2578@31,0.9999999999999999
seq127@3481,seq11484@16,0.9878787878787878
seq127@3481,seq4059@21,0.9999999999999999
seq127@3481,seq2676@15,0.9999999999999999
seq127@3481,seq35@90,0.9999999999999999
seq127@3481,seq4216@15,0.9999999999999999
seq127@3481,seq1327@97,0.9999999999999999
seq127@3481,seq3307@13,0.9999999999999999
seq127@3481,seq3657@50,0.9999999999999999
seq127@3481,seq4412@13,0.9999999999999999
seq127@3481,seq595@20,0.9999999999999999
seq127@3481,seq4632@24,0.9878787878787878
seq127@3481,seq36857@12,0.9999999999999999
seq127@3481,seq6643@15,0.9999999999999999
seq127@3481,seq195@142,0.9999999999999999
seq127@3481,seq1726@11,0.9999999999999999
seq127@3481,seq2678@23,0.9999999999999999
seq127@3481,seq1243@25,0.9999999999999999
seq127@3481,seq4533@11,0.9999999999999999
seq127@3481,seq4891@23,0.9999999999999999
seq127@3481,seq5591@11,0.9999999999999999
seq127@3481,seq5647@12,0.9999999999999999
seq127@3481,seq17063@11,0.9999999999999999
seq127@3481,seq1848@13,0.9999999999999999
seq127@3481,seq13121@10,0.9999999999999999
seq127@3481,seq7392@31,0.9999999999999999
seq127@3481,seq6817@9,0.9999999999999999
seq127@3481,seq3605@31,0.9999999999999999
seq127@3481,seq4236@10,0.9999999999999999
seq127@3481,seq7701@13,0.9999999999999999
seq127@3481,seq4459@90,0.9999999999999999
seq127@3481,seq24400@9,0.9999999999999999
seq127@3481,seq9773@24,0.9999999999999999
seq127@3481,seq3653@8,0.9999999999999999
seq127@3481,seq3547@17,0.9999999999999999
seq127@3481,seq1672@72,0.9999999999999999
seq127@3481,seq8107@8,0.9999999999999999
seq127@3481,seq24590@12,0.9999999999999999
seq127@3481,seq144@122,0.9999999999999999
seq127@3481,seq21056@8,0.9999999999999999
seq127@3481,seq7452@19,0.9999999999999999
seq127@3481,seq37066@8,0.9999999999999999
seq127@3481,seq909@28,0.9999999999999999
seq127@3481,seq44903@8,0.9999999999999999
seq127@3481,seq17409@11,0.9999999999999999
seq127@3481,seq6330@45,0.9999999999999999
seq127@3481,seq11363@7,0.9999999999999999
seq127@3481,seq15488@13,0.9999999999999999
seq127@3481,seq13789@7,0.9999999999999999
seq127@3481,seq7049@10,0.9999999999999999
seq127@3481,seq3986@17,0.9999999999999999
seq127@3481,seq15985@7,0.9999999999999999
seq127@3481,seq3550@9,0.9999999999999999
seq127@3481,seq21318@7,0.9878787878787878
seq127@3481,seq21995@11,0.9999999999999999
seq127@3481,seq1557@73,0.9999999999999999
seq127@3481,seq2962@30,0.9999999999999999
seq127@3481,seq74@16,0.9999999999999999
seq127@3481,seq3933@89,0.9999999999999999
seq127@3481,seq790@69,0.9999999999999999
seq127@3481,seq6125@27,0.9999999999999999
seq127@3481,seq6626@23,0.9999999999999999
seq127@3481,seq7288@20,0.9999999999999999
seq127@3481,seq7254@18,0.9999999999999999
seq127@3481,seq670@10,0.9999999999999999
seq127@3481,seq12982@9,0.9999999999999999
seq127@3481,seq9@51735,0.9999999999999999
seq127@3481,seq3601@23,0.9999999999999999
seq498@41,seq7911@13,0.9999999999999999
seq498@41,seq159@20,0.9999999999999999
seq498@41,seq5425@26,0.9878787878787878
seq498@41,seq4655@20,0.9999999999999999
seq498@41,seq934@23,0.9999999999999999
seq498@41,seq1222@19,0.9999999999999999
seq498@41,seq2578@31,0.9999999999999999
seq498@41,seq11484@16,0.9878787878787878
seq498@41,seq4059@21,0.9999999999999999
seq498@41,seq2676@15,0.9999999999999999
seq498@41,seq35@90,0.9999999999999999
seq498@41,seq4216@15,0.9999999999999999
seq498@41,seq1327@97,0.9999999999999999
seq498@41,seq3307@13,0.9999999999999999
seq498@41,seq3657@50,0.9999999999999999
seq498@41,seq4412@13,0.9999999999999999
seq498@41,seq595@20,0.9999999999999999
seq498@41,seq4632@24,0.9878787878787878
seq498@41,seq36857@12,0.9999999999999999
seq498@41,seq6643@15,0.9999999999999999
seq498@41,seq195@142,0.9999999999999999
seq498@41,seq1726@11,0.9999999999999999
seq498@41,seq2678@23,0.9999999999999999
seq498@41,seq1243@25,0.9999999999999999
seq498@41,seq4533@11,0.9999999999999999
seq498@41,seq4891@23,0.9999999999999999
seq498@41,seq5591@11,0.9999999999999999
seq498@41,seq5647@12,0.9999999999999999
seq498@41,seq17063@11,0.9999999999999999
seq498@41,seq1848@13,0.9999999999999999
seq498@41,seq13121@10,0.9999999999999999
seq498@41,seq7392@31,0.9999999999999999
seq498@41,seq6817@9,0.9999999999999999
seq498@41,seq3605@31,0.9999999999999999
seq498@41,seq4236@10,0.9999999999999999
seq498@41,seq7701@13,0.9999999999999999
seq498@41,seq4459@90,0.9999999999999999
seq498@41,seq24400@9,0.9999999999999999
seq498@41,seq9773@24,0.9999999999999999
seq498@41,seq3653@8,0.9999999999999999
seq498@41,seq3547@17,0.9999999999999999
seq498@41,seq1672@72,0.9999999999999999
seq498@41,seq8107@8,0.9999999999999999
seq498@41,seq24590@12,0.9999999999999999
seq498@41,seq144@122,0.9999999999999999
seq498@41,seq21056@8,0.9999999999999999
seq498@41,seq7452@19,0.9999999999999999
seq498@41,seq37066@8,0.9999999999999999
seq498@41,seq909@28,0.9999999999999999
seq498@41,seq44903@8,0.9999999999999999
seq498@41,seq17409@11,0.9999999999999999
seq498@41,seq6330@45,0.9999999999999999
seq498@41,seq11363@7,0.9999999999999999
seq498@41,seq15488@13,0.9999999999999999
seq498@41,seq13789@7,0.9999999999999999
seq498@41,seq7049@10,0.9999999999999999
seq498@41,seq3986@17,0.9999999999999999
seq498@41,seq15985@7,0.9999999999999999
seq498@41,seq3550@9,0.9999999999999999
seq498@41,seq21318@7,0.9878787878787878
seq498@41,seq21995@11,0.9999999999999999
seq498@41,seq1557@73,0.9999999999999999
seq498@41,seq2962@30,0.9999999999999999
seq498@41,seq74@16,0.9999999999999999
seq498@41,seq3933@89,0.9999999999999999
seq498@41,seq790@69,0.9999999999999999
seq498@41,seq6125@27,0.9999999999999999
seq498@41,seq6626@23,0.9999999999999999
seq498@41,seq7288@20,0.9999999999999999
seq498@41,seq7254@18,0.9999999999999999
seq498@41,seq670@10,0.9999999999999999
seq498@41,seq12982@9,0.9999999999999999
seq498@41,seq9@51735,0.9999999999999999
seq498@41,seq3601@23,0.9999999999999999
seq7911@13,seq159@20,0.9999999999999999
seq7911@13,seq5425@26,0.9878787878787878
seq7911@13,seq4655@20,0.9999999999999999
seq7911@13,seq934@23,0.9999999999999999
seq7911@13,seq1222@19,0.9999999999999999
seq7911@13,seq2578@31,0.9999999999999999
seq7911@13,seq11484@16,0.9878787878787878
seq7911@13,seq4059@21,0.9999999999999999
seq7911@13,seq2676@15,0.9999999999999999
seq7911@13,seq35@90,0.9999999999999999
seq7911@13,seq4216@15,0.9999999999999999
seq7911@13,seq1327@97,0.9999999999999999
seq7911@13,seq3307@13,0.9999999999999999
seq7911@13,seq3657@50,0.9999999999999999
seq7911@13,seq4412@13,0.9999999999999999
seq7911@13,seq595@20,0.9999999999999999
seq7911@13,seq4632@24,0.9878787878787878
seq7911@13,seq36857@12,0.9999999999999999
seq7911@13,seq6643@15,0.9999999999999999
seq7911@13,seq195@142,0.9999999999999999
seq7911@13,seq1726@11,0.9999999999999999
seq7911@13,seq2678@23,0.9999999999999999
seq7911@13,seq1243@25,0.9999999999999999
seq7911@13,seq4533@11,0.9999999999999999
seq7911@13,seq4891@23,0.9999999999999999
seq7911@13,seq5591@11,0.9999999999999999
seq7911@13,seq5647@12,0.9999999999999999
seq7911@13,seq17063@11,0.9999999999999999
seq7911@13,seq1848@13,0.9999999999999999
seq7911@13,seq13121@10,0.9999999999999999
seq7911@13,seq7392@31,0.9999999999999999
seq7911@13,seq6817@9,0.9999999999999999
seq7911@13,seq3605@31,0.9999999999999999
seq7911@13,seq4236@10,0.9999999999999999
seq7911@13,seq7701@13,0.9999999999999999
seq7911@13,seq4459@90,0.9999999999999999
seq7911@13,seq24400@9,0.9999999999999999
seq7911@13,seq9773@24,0.9999999999999999
seq7911@13,seq3653@8,0.9999999999999999
seq7911@13,seq3547@17,0.9999999999999999
seq7911@13,seq1672@72,0.9999999999999999
seq7911@13,seq8107@8,0.9999999999999999
seq7911@13,seq24590@12,0.9999999999999999
seq7911@13,seq144@122,0.9999999999999999
seq7911@13,seq21056@8,0.9999999999999999
seq7911@13,seq7452@19,0.9999999999999999
seq7911@13,seq37066@8,0.9999999999999999
seq7911@13,seq909@28,0.9999999999999999
seq7911@13,seq44903@8,0.9999999999999999
seq7911@13,seq17409@11,0.9999999999999999
seq7911@13,seq6330@45,0.9999999999999999
seq7911@13,seq11363@7,0.9999999999999999
seq7911@13,seq15488@13,0.9999999999999999
seq7911@13,seq13789@7,0.9999999999999999
seq7911@13,seq7049@10,0.9999999999999999
seq7911@13,seq3986@17,0.9999999999999999
seq7911@13,seq15985@7,0.9999999999999999
seq7911@13,seq3550@9,0.9999999999999999
seq7911@13,seq21318@7,0.9878787878787878
seq7911@13,seq21995@11,0.9999999999999999
seq7911@13,seq1557@73,0.9999999999999999
seq7911@13,seq2962@30,0.9999999999999999
seq7911@13,seq74@16,0.9999999999999999
seq7911@13,seq3933@89,0.9999999999999999
seq7911@13,seq790@69,0.9999999999999999
seq7911@13,seq6125@27,0.9999999999999999
seq7911@13,seq6626@23,0.9999999999999999
seq7911@13,seq7288@20,0.9999999999999999
seq7911@13,seq7254@18,0.9999999999999999
seq7911@13,seq670@10,0.9999999999999999
seq7911@13,seq12982@9,0.9999999999999999
seq7911@13,seq9@51735,0.9999999999999999
seq7911@13,seq3601@23,0.9999999999999999
seq159@20,seq5425@26,0.9878787878787878
seq159@20,seq4655@20,0.9999999999999999
seq159@20,seq934@23,0.9999999999999999
seq159@20,seq1222@19,0.9999999999999999
seq159@20,seq2578@31,0.9999999999999999
seq159@20,seq11484@16,0.9878787878787878
seq159@20,seq4059@21,0.9999999999999999
seq159@20,seq2676@15,0.9999999999999999
seq159@20,seq35@90,0.9999999999999999
seq159@20,seq4216@15,0.9999999999999999
seq159@20,seq1327@97,0.9999999999999999
seq159@20,seq3307@13,0.9999999999999999
seq159@20,seq3657@50,0.9999999999999999
seq159@20,seq4412@13,0.9999999999999999
seq159@20,seq595@20,0.9999999999999999
seq159@20,seq4632@24,0.9878787878787878
seq159@20,seq36857@12,0.9999999999999999
seq159@20,seq6643@15,0.9999999999999999
seq159@20,seq195@142,0.9999999999999999
seq159@20,seq1726@11,0.9999999999999999
seq159@20,seq2678@23,0.9999999999999999
seq159@20,seq1243@25,0.9999999999999999
seq159@20,seq4533@11,0.9999999999999999
seq159@20,seq4891@23,0.9999999999999999
seq159@20,seq5591@11,0.9999999999999999
seq159@20,seq5647@12,0.9999999999999999
seq159@20,seq17063@11,0.9999999999999999
seq159@20,seq1848@13,0.9999999999999999
seq159@20,seq13121@10,0.9999999999999999
seq159@20,seq7392@31,0.9999999999999999
seq159@20,seq6817@9,0.9999999999999999
seq159@20,seq3605@31,0.9999999999999999
seq159@20,seq4236@10,0.9999999999999999
seq159@20,seq7701@13,0.9999999999999999
seq159@20,seq4459@90,0.9999999999999999
seq159@20,seq24400@9,0.9999999999999999
seq159@20,seq9773@24,0.9999999999999999
seq159@20,seq3653@8,0.9999999999999999
seq159@20,seq3547@17,0.9999999999999999
seq159@20,seq1672@72,0.9999999999999999
seq159@20,seq8107@8,0.9999999999999999
seq159@20,seq24590@12,0.9999999999999999
seq159@20,seq144@122,0.9999999999999999
seq159@20,seq21056@8,0.9999999999999999
seq159@20,seq7452@19,0.9999999999999999
seq159@20,seq37066@8,0.9999999999999999
seq159@20,seq909@28,0.9999999999999999
seq159@20,seq44903@8,0.9999999999999999
seq159@20,seq17409@11,0.9999999999999999
seq159@20,seq6330@45,0.9999999999999999
seq159@20,seq11363@7,0.9999999999999999
seq159@20,seq15488@13,0.9999999999999999
seq159@20,seq13789@7,0.9999999999999999
seq159@20,seq7049@10,0.9999999999999999
seq159@20,seq3986@17,0.9999999999999999
seq159@20,seq15985@7,0.9999999999999999
seq159@20,seq3550@9,0.9999999999999999
seq159@20,seq21318@7,0.9878787878787878
seq159@20,seq21995@11,0.9999999999999999
seq159@20,seq1557@73,0.9999999999999999
seq159@20,seq2962@30,0.9999999999999999
seq159@20,seq74@16,0.9999999999999999
seq159@20,seq3933@89,0.9999999999999999
seq159@20,seq790@69,0.9999999999999999
seq159@20,seq6125@27,0.9999999999999999
seq159@20,seq6626@23,0.9999999999999999
seq159@20,seq7288@20,0.9999999999999999
seq159@20,seq7254@18,0.9999999999999999
seq159@20,seq670@10,0.9999999999999999
seq159@20,seq12982@9,0.9999999999999999
seq159@20,seq9@51735,0.9999999999999999
seq159@20,seq3601@23,0.9999999999999999
seq5425@26,seq4655@20,0.9878787878787878
seq5425@26,seq934@23,0.9878787878787878
seq5425@26,seq1222@19,0.9878787878787878
seq5425@26,seq2578@31,0.9878787878787878
seq5425@26,seq11484@16,0.9999999999999999
seq5425@26,seq4059@21,0.9878787878787878
seq5425@26,seq2676@15,0.9878787878787878
seq5425@26,seq35@90,0.9878787878787878
seq5425@26,seq4216@15,0.9878787878787878
seq5425@26,seq1327@97,0.9878787878787878
seq5425@26,seq3307@13,0.9878787878787878
seq5425@26,seq3657@50,0.9878787878787878
seq5425@26,seq4412@13,0.9878787878787878
seq5425@26,seq595@20,0.9878787878787878
seq5425@26,seq4632@24,0.9999999999999999
seq5425@26,seq36857@12,0.9878787878787878
seq5425@26,seq6643@15,0.9878787878787878
seq5425@26,seq195@142,0.9878787878787878
seq5425@26,seq1726@11,0.9878787878787878
seq5425@26,seq2678@23,0.9878787878787878
seq5425@26,seq1243@25,0.9878787878787878
seq5425@26,seq4533@11,0.9878787878787878
seq5425@26,seq4891@23,0.9878787878787878
seq5425@26,seq5591@11,0.9878787878787878
seq5425@26,seq5647@12,0.9878787878787878
seq5425@26,seq17063@11,0.9878787878787878
seq5425@26,seq1848@13,0.9878787878787878
seq5425@26,seq13121@10,0.9878787878787878
seq5425@26,seq7392@31,0.9878787878787878
seq5425@26,seq6817@9,0.9878787878787878
seq5425@26,seq3605@31,0.9878787878787878
seq5425@26,seq4236@10,0.9878787878787878
seq5425@26,seq7701@13,0.9878787878787878
seq5425@26,seq4459@90,0.9878787878787878
seq5425@26,seq24400@9,0.9878787878787878
seq5425@26,seq9773@24,0.9878787878787878
seq5425@26,seq3653@8,0.9878787878787878
seq5425@26,seq3547@17,0.9878787878787878
seq5425@26,seq1672@72,0.9878787878787878
seq5425@26,seq8107@8,0.9878787878787878
seq5425@26,seq24590@12,0.9878787878787878
seq5425@26,seq144@122,0.9878787878787878
seq5425@26,seq21056@8,0.9878787878787878
seq5425@26,seq7452@19,0.9878787878787878
seq5425@26,seq37066@8,0.9878787878787878
seq5425@26,seq909@28,0.9878787878787878
seq5425@26,seq44903@8,0.9878787878787878
seq5425@26,seq17409@11,0.9878787878787878
seq5425@26,seq6330@45,0.9878787878787878
seq5425@26,seq11363@7,0.9878787878787878
seq5425@26,seq15488@13,0.9878787878787878
seq5425@26,seq13789@7,0.9878787878787878
seq5425@26,seq7049@10,0.9878787878787878
seq5425@26,seq3986@17,0.9878787878787878
seq5425@26,seq15985@7,0.9878787878787878
seq5425@26,seq3550@9,0.9878787878787878
seq5425@26,seq21318@7,0.9999999999999999
seq5425@26,seq21995@11,0.9878787878787878
seq5425@26,seq1557@73,0.9878787878787878
seq5425@26,seq2962@30,0.9878787878787878
seq5425@26,seq74@16,0.9878787878787878
seq5425@26,seq3933@89,0.9878787878787878
seq5425@26,seq790@69,0.9878787878787878
seq5425@26,seq6125@27,0.9878787878787878
seq5425@26,seq6626@23,0.9878787878787878
seq5425@26,seq7288@20,0.9878787878787878
seq5425@26,seq7254@18,0.9878787878787878
seq5425@26,seq670@10,0.9878787878787878
seq5425@26,seq12982@9,0.9878787878787878
seq5425@26,seq9@51735,0.9878787878787878
seq5425@26,seq3601@23,0.9878787878787878
seq4655@20,seq934@23,0.9999999999999999
seq4655@20,seq1222@19,0.9999999999999999
seq4655@20,seq2578@31,0.9999999999999999
seq4655@20,seq11484@16,0.9878787878787878
seq4655@20,seq4059@21,0.9999999999999999
seq4655@20,seq2676@15,0.9999999999999999
seq4655@20,seq35@90,0.9999999999999999
seq4655@20,seq4216@15,0.9999999999999999
seq4655@20,seq1327@97,0.9999999999999999
seq4655@20,seq3307@13,0.9999999999999999
seq4655@20,seq3657@50,0.9999999999999999
seq4655@20,seq4412@13,0.9999999999999999
seq4655@20,seq595@20,0.9999999999999999
seq4655@20,seq4632@24,0.9878787878787878
seq4655@20,seq36857@12,0.9999999999999999
seq4655@20,seq6643@15,0.9999999999999999
seq4655@20,seq195@142,0.9999999999999999
seq4655@20,seq1726@11,0.9999999999999999
seq4655@20,seq2678@23,0.9999999999999999
seq4655@20,seq1243@25,0.9999999999999999
seq4655@20,seq4533@11,0.9999999999999999
seq4655@20,seq4891@23,0.9999999999999999
seq4655@20,seq5591@11,0.9999999999999999
seq4655@20,seq5647@12,0.9999999999999999
seq4655@20,seq17063@11,0.9999999999999999
seq4655@20,seq1848@13,0.9999999999999999
seq4655@20,seq13121@10,0.9999999999999999
seq4655@20,seq7392@31,0.9999999999999999
seq4655@20,seq6817@9,0.9999999999999999
seq4655@20,seq3605@31,0.9999999999999999
seq4655@20,seq4236@10,0.9999999999999999
seq4655@20,seq7701@13,0.9999999999999999
seq4655@20,seq4459@90,0.9999999999999999
seq4655@20,seq24400@9,0.9999999999999999
seq4655@20,seq9773@24,0.9999999999999999
seq4655@20,seq3653@8,0.9999999999999999
seq4655@20,seq3547@17,0.9999999999999999
seq4655@20,seq1672@72,0.9999999999999999
seq4655@20,seq8107@8,0.9999999999999999
seq4655@20,seq24590@12,0.9999999999999999
seq4655@20,seq144@122,0.9999999999999999
seq4655@20,seq21056@8,0.9999999999999999
seq4655@20,seq7452@19,0.9999999999999999
seq4655@20,seq37066@8,0.9999999999999999
seq4655@20,seq909@28,0.9999999999999999
seq4655@20,seq44903@8,0.9999999999999999
seq4655@20,seq17409@11,0.9999999999999999
seq4655@20,seq6330@45,0.9999999999999999
seq4655@20,seq11363@7,0.9999999999999999
seq4655@20,seq15488@13,0.9999999999999999
seq4655@20,seq13789@7,0.9999999999999999
seq4655@20,seq7049@10,0.9999999999999999
seq4655@20,seq3986@17,0.9999999999999999
seq4655@20,seq15985@7,0.9999999999999999
seq4655@20,seq3550@9,0.9999999999999999
seq4655@20,seq21318@7,0.9878787878787878
seq4655@20,seq21995@11,0.9999999999999999
seq4655@20,seq1557@73,0.9999999999999999
seq4655@20,seq2962@30,0.9999999999999999
seq4655@20,seq74@16,0.9999999999999999
seq4655@20,seq3933@89,0.9999999999999999
seq4655@20,seq790@69,0.9999999999999999
seq4655@20,seq6125@27,0.9999999999999999
seq4655@20,seq6626@23,0.9999999999999999
seq4655@20,seq7288@20,0.9999999999999999
seq4655@20,seq7254@18,0.9999999999999999
seq4655@20,seq670@10,0.9999999999999999
seq4655@20,seq12982@9,0.9999999999999999
seq4655@20,seq9@51735,0.9999999999999999
seq4655@20,seq3601@23,0.9999999999999999
seq934@23,seq1222@19,0.9999999999999999
seq934@23,seq2578@31,0.9999999999999999
seq934@23,seq11484@16,0.9878787878787878
seq934@23,seq4059@21,0.9999999999999999
seq934@23,seq2676@15,0.9999999999999999
seq934@23,seq35@90,0.9999999999999999
seq934@23,seq4216@15,0.9999999999999999
seq934@23,seq1327@97,0.9999999999999999
seq934@23,seq3307@13,0.9999999999999999
seq934@23,seq3657@50,0.9999999999999999
seq934@23,seq4412@13,0.9999999999999999
seq934@23,seq595@20,0.9999999999999999
seq934@23,seq4632@24,0.9878787878787878
seq934@23,seq36857@12,0.9999999999999999
seq934@23,seq6643@15,0.9999999999999999
seq934@23,seq195@142,0.9999999999999999
seq934@23,seq1726@11,0.9999999999999999
seq934@23,seq2678@23,0.9999999999999999
seq934@23,seq1243@25,0.9999999999999999
seq934@23,seq4533@11,0.9999999999999999
seq934@23,seq4891@23,0.9999999999999999
seq934@23,seq5591@11,0.9999999999999999
seq934@23,seq5647@12,0.9999999999999999
seq934@23,seq17063@11,0.9999999999999999
seq934@23,seq1848@13,0.9999999999999999
seq934@23,seq13121@10,0.9999999999999999
seq934@23,seq7392@31,0.9999999999999999
seq934@23,seq6817@9,0.9999999999999999
seq934@23,seq3605@31,0.9999999999999999
seq934@23,seq4236@10,0.9999999999999999
seq934@23,seq7701@13,0.9999999999999999
seq934@23,seq4459@90,0.9999999999999999
seq934@23,seq24400@9,0.9999999999999999
seq934@23,seq9773@24,0.9999999999999999
seq934@23,seq3653@8,0.9999999999999999
seq934@23,seq3547@17,0.9999999999999999
seq934@23,seq1672@72,0.9999999999999999
seq934@23,seq8107@8,0.9999999999999999
seq934@23,seq24590@12,0.9999999999999999
seq934@23,seq144@122,0.9999999999999999
seq934@23,seq21056@8,0.9999999999999999
seq934@23,seq7452@19,0.9999999999999999
seq934@23,seq37066@8,0.9999999999999999
seq934@23,seq909@28,0.9999999999999999
seq934@23,seq44903@8,0.9999999999999999
seq934@23,seq17409@11,0.9999999999999999
seq934@23,seq6330@45,0.9999999999999999
seq934@23,seq11363@7,0.9999999999999999
seq934@23,seq15488@13,0.9999999999999999
seq934@23,seq13789@7,0.9999999999999999
seq934@23,seq7049@10,0.9999999999999999
seq934@23,seq3986@17,0.9999999999999999
seq934@23,seq15985@7,0.9999999999999999
seq934@23,seq3550@9,0.9999999999999999
seq934@23,seq21318@7,0.9878787878787878
seq934@23,seq21995@11,0.9999999999999999
seq934@23,seq1557@73,0.9999999999999999
seq934@23,seq2962@30,0.9999999999999999
seq934@23,seq74@16,0.9999999999999999
seq934@23,seq3933@89,0.9999999999999999
seq934@23,seq790@69,0.9999999999999999
seq934@23,seq6125@27,0.9999999999999999
seq934@23,seq6626@23,0.9999999999999999
seq934@23,seq7288@20,0.9999999999999999
seq934@23,seq7254@18,0.9999999999999999
seq934@23,seq670@10,0.9999999999999999
seq934@23,seq12982@9,0.9999999999999999
seq934@23,seq9@51735,0.9999999999999999
seq934@23,seq3601@23,0.9999999999999999
seq1222@19,seq2578@31,0.9999999999999999
seq1222@19,seq11484@16,0.9878787878787878
seq1222@19,seq4059@21,0.9999999999999999
seq1222@19,seq2676@15,0.9999999999999999
seq1222@19,seq35@90,0.9999999999999999
seq1222@19,seq4216@15,0.9999999999999999
seq1222@19,seq1327@97,0.9999999999999999
seq1222@19,seq3307@13,0.9999999999999999
seq1222@19,seq3657@50,0.9999999999999999
seq1222@19,seq4412@13,0.9999999999999999
seq1222@19,seq595@20,0.9999999999999999
seq1222@19,seq4632@24,0.9878787878787878
seq1222@19,seq36857@12,0.9999999999999999
seq1222@19,seq6643@15,0.9999999999999999
seq1222@19,seq195@142,0.9999999999999999
seq1222@19,seq1726@11,0.9999999999999999
seq1222@19,seq2678@23,0.9999999999999999
seq1222@19,seq1243@25,0.9999999999999999
seq1222@19,seq4533@11,0.9999999999999999
seq1222@19,seq4891@23,0.9999999999999999
seq1222@19,seq5591@11,0.9999999999999999
seq1222@19,seq5647@12,0.9999999999999999
seq1222@19,seq17063@11,0.9999999999999999
seq1222@19,seq1848@13,0.9999999999999999
seq1222@19,seq13121@10,0.9999999999999999
seq1222@19,seq7392@31,0.9999999999999999
seq1222@19,seq6817@9,0.9999999999999999
seq1222@19,seq3605@31,0.9999999999999999
seq1222@19,seq4236@10,0.9999999999999999
seq1222@19,seq7701@13,0.9999999999999999
seq1222@19,seq4459@90,0.9999999999999999
seq1222@19,seq24400@9,0.9999999999999999
seq1222@19,seq9773@24,0.9999999999999999
seq1222@19,seq3653@8,0.9999999999999999
seq1222@19,seq3547@17,0.9999999999999999
seq1222@19,seq1672@72,0.9999999999999999
seq1222@19,seq8107@8,0.9999999999999999
seq1222@19,seq24590@12,0.9999999999999999
seq1222@19,seq144@122,0.9999999999999999
seq1222@19,seq21056@8,0.9999999999999999
seq1222@19,seq7452@19,0.9999999999999999
seq1222@19,seq37066@8,0.9999999999999999
seq1222@19,seq909@28,0.9999999999999999
seq1222@19,seq44903@8,0.9999999999999999
seq1222@19,seq17409@11,0.9999999999999999
seq1222@19,seq6330@45,0.9999999999999999
seq1222@19,seq11363@7,0.9999999999999999
seq1222@19,seq15488@13,0.9999999999999999
seq1222@19,seq13789@7,0.9999999999999999
seq1222@19,seq7049@10,0.9999999999999999
seq1222@19,seq3986@17,0.9999999999999999
seq1222@19,seq15985@7,0.9999999999999999
seq1222@19,seq3550@9,0.9999999999999999
seq1222@19,seq21318@7,0.9878787878787878
seq1222@19,seq21995@11,0.9999999999999999
seq1222@19,seq1557@73,0.9999999999999999
seq1222@19,seq2962@30,0.9999999999999999
seq1222@19,seq74@16,0.9999999999999999
seq1222@19,seq3933@89,0.9999999999999999
seq1222@19,seq790@69,0.9999999999999999
seq1222@19,seq6125@27,0.9999999999999999
seq1222@19,seq6626@23,0.9999999999999999
seq1222@19,seq7288@20,0.9999999999999999
seq1222@19,seq7254@18,0.9999999999999999
seq1222@19,seq670@10,0.9999999999999999
seq1222@19,seq12982@9,0.9999999999999999
seq1222@19,seq9@51735,0.9999999999999999
seq1222@19,seq3601@23,0.9999999999999999
seq2578@31,seq11484@16,0.9878787878787878
seq2578@31,seq4059@21,0.9999999999999999
seq2578@31,seq2676@15,0.9999999999999999
seq2578@31,seq35@90,0.9999999999999999
seq2578@31,seq4216@15,0.9999999999999999
seq2578@31,seq1327@97,0.9999999999999999
seq2578@31,seq3307@13,0.9999999999999999
seq2578@31,seq3657@50,0.9999999999999999
seq2578@31,seq4412@13,0.9999999999999999
seq2578@31,seq595@20,0.9999999999999999
seq2578@31,seq4632@24,0.9878787878787878
seq2578@31,seq36857@12,0.9999999999999999
seq2578@31,seq6643@15,0.9999999999999999
seq2578@31,seq195@142,0.9999999999999999
seq2578@31,seq1726@11,0.9999999999999999
seq2578@31,seq2678@23,0.9999999999999999
seq2578@31,seq1243@25,0.9999999999999999
seq2578@31,seq4533@11,0.9999999999999999
seq2578@31,seq4891@23,0.9999999999999999
seq2578@31,seq5591@11,0.9999999999999999
seq2578@31,seq5647@12,0.9999999999999999
seq2578@31,seq17063@11,0.9999999999999999
seq2578@31,seq1848@13,0.9999999999999999
seq2578@31,seq13121@10,0.9999999999999999
seq2578@31,seq7392@31,0.9999999999999999
seq2578@31,seq6817@9,0.9999999999999999
seq2578@31,seq3605@31,0.9999999999999999
seq2578@31,seq4236@10,0.9999999999999999
seq2578@31,seq7701@13,0.9999999999999999
seq2578@31,seq4459@90,0.9999999999999999
seq2578@31,seq24400@9,0.9999999999999999
seq2578@31,seq9773@24,0.9999999999999999
seq2578@31,seq3653@8,0.9999999999999999
seq2578@31,seq3547@17,0.9999999999999999
seq2578@31,seq1672@72,0.9999999999999999
seq2578@31,seq8107@8,0.9999999999999999
seq2578@31,seq24590@12,0.9999999999999999
seq2578@31,seq144@122,0.9999999999999999
seq2578@31,seq21056@8,0.9999999999999999
seq2578@31,seq7452@19,0.9999999999999999
seq2578@31,seq37066@8,0.9999999999999999
seq2578@31,seq909@28,0.9999999999999999
seq2578@31,seq44903@8,0.9999999999999999
seq2578@31,seq17409@11,0.9999999999999999
seq2578@31,seq6330@45,0.9999999999999999
seq2578@31,seq11363@7,0.9999999999999999
seq2578@31,seq15488@13,0.9999999999999999
seq2578@31,seq13789@7,0.9999999999999999
seq2578@31,seq7049@10,0.9999999999999999
seq2578@31,seq3986@17,0.9999999999999999
seq2578@31,seq15985@7,0.9999999999999999
seq2578@31,seq3550@9,0.9999999999999999
seq2578@31,seq21318@7,0.9878787878787878
seq2578@31,seq21995@11,0.9999999999999999
seq2578@31,seq1557@73,0.9999999999999999
seq2578@31,seq2962@30,0.9999999999999999
seq2578@31,seq74@16,0.9999999999999999
seq2578@31,seq3933@89,0.9999999999999999
seq2578@31,seq790@69,0.9999999999999999
seq2578@31,seq6125@27,0.9999999999999999
seq2578@31,seq6626@23,0.9999999999999999
seq2578@31,seq7288@20,0.9999999999999999
seq2578@31,seq7254@18,0.9999999999999999
seq2578@31,seq670@10,0.9999999999999999
seq2578@31,seq12982@9,0.9999999999999999
seq2578@31,seq9@51735,0.9999999999999999
seq2578@31,seq3601@23,0.9999999999999999
seq11484@16,seq4059@21,0.9878787878787878
seq11484@16,seq2676@15,0.9878787878787878
seq11484@16,seq35@90,0.9878787878787878
seq11484@16,seq4216@15,0.9878787878787878
seq11484@16,seq1327@97,0.9878787878787878
seq11484@16,seq3307@13,0.9878787878787878
seq11484@16,seq3657@50,0.9878787878787878
seq11484@16,seq4412@13,0.9878787878787878
seq11484@16,seq595@20,0.9878787878787878
seq11484@16,seq4632@24,0.9999999999999999
seq11484@16,seq36857@12,0.9878787878787878
seq11484@16,seq6643@15,0.9878787878787878
seq11484@16,seq195@142,0.9878787878787878
seq11484@16,seq1726@11,0.9878787878787878
seq11484@16,seq2678@23,0.9878787878787878
seq11484@16,seq1243@25,0.9878787878787878
seq11484@16,seq4533@11,0.9878787878787878
seq11484@16,seq4891@23,0.9878787878787878
seq11484@16,seq5591@11,0.9878787878787878
seq11484@16,seq5647@12,0.9878787878787878
seq11484@16,seq17063@11,0.9878787878787878
seq11484@16,seq1848@13,0.9878787878787878
seq11484@16,seq13121@10,0.9878787878787878
seq11484@16,seq7392@31,0.9878787878787878
seq11484@16,seq6817@9,0.9878787878787878
seq11484@16,seq3605@31,0.9878787878787878
seq11484@16,seq4236@10,0.9878787878787878
seq11484@16,seq7701@13,0.9878787878787878
seq11484@16,seq4459@90,0.9878787878787878
seq11484@16,seq24400@9,0.9878787878787878
seq11484@16,seq9773@24,0.9878787878787878
seq11484@16,seq3653@8,0.9878787878787878
seq11484@16,seq3547@17,0.9878787878787878
seq11484@16,seq1672@72,0.9878787878787878
seq11484@16,seq8107@8,0.9878787878787878
seq11484@16,seq24590@12,0.9878787878787878
seq11484@16,seq144@122,0.9878787878787878
seq11484@16,seq21056@8,0.9878787878787878
seq11484@16,seq7452@19,0.9878787878787878
seq11484@16,seq37066@8,0.9878787878787878
seq11484@16,seq909@28,0.9878787878787878
seq11484@16,seq44903@8,0.9878787878787878
seq11484@16,seq17409@11,0.9878787878787878
seq11484@16,seq6330@45,0.9878787878787878
seq11484@16,seq11363@7,0.9878787878787878
seq11484@16,seq15488@13,0.9878787878787878
seq11484@16,seq13789@7,0.9878787878787878
seq11484@16,seq7049@10,0.9878787878787878
seq11484@16,seq3986@17,0.9878787878787878
seq11484@16,seq15985@7,0.9878787878787878
seq11484@16,seq3550@9,0.9878787878787878
seq11484@16,seq21318@7,0.9999999999999999
seq11484@16,seq21995@11,0.9878787878787878
seq11484@16,seq1557@73,0.9878787878787878
seq11484@16,seq2962@30,0.9878787878787878
seq11484@16,seq74@16,0.9878787878787878
seq11484@16,seq3933@89,0.9878787878787878
seq11484@16,seq790@69,0.9878787878787878
seq11484@16,seq6125@27,0.9878787878787878
seq11484@16,seq6626@23,0.9878787878787878
seq11484@16,seq7288@20,0.9878787878787878
seq11484@16,seq7254@18,0.9878787878787878
seq11484@16,seq670@10,0.9878787878787878
seq11484@16,seq12982@9,0.9878787878787878
seq11484@16,seq9@51735,0.9878787878787878
seq11484@16,seq3601@23,0.9878787878787878
seq4059@21,seq2676@15,0.9999999999999999
seq4059@21,seq35@90,0.9999999999999999
seq4059@21,seq4216@15,0.9999999999999999
seq4059@21,seq1327@97,0.9999999999999999
seq4059@21,seq3307@13,0.9999999999999999
seq4059@21,seq3657@50,0.9999999999999999
seq4059@21,seq4412@13,0.9999999999999999
seq4059@21,seq595@20,0.9999999999999999
seq4059@21,seq4632@24,0.9878787878787878
seq4059@21,seq36857@12,0.9999999999999999
seq4059@21,seq6643@15,0.9999999999999999
seq4059@21,seq195@142,0.9999999999999999
seq4059@21,seq1726@11,0.9999999999999999
seq4059@21,seq2678@23,0.9999999999999999
seq4059@21,seq1243@25,0.9999999999999999
seq4059@21,seq4533@11,0.9999999999999999
seq4059@21,seq4891@23,0.9999999999999999
seq4059@21,seq5591@11,0.9999999999999999
seq4059@21,seq5647@12,0.9999999999999999
seq4059@21,seq17063@11,0.9999999999999999
seq4059@21,seq1848@13,0.9999999999999999
seq4059@21,seq13121@10,0.9999999999999999
seq4059@21,seq7392@31,0.9999999999999999
seq4059@21,seq6817@9,0.9999999999999999
seq4059@21,seq3605@31,0.9999999999999999
seq4059@21,seq4236@10,0.9999999999999999
seq4059@21,seq7701@13,0.9999999999999999
seq4059@21,seq4459@90,0.9999999999999999
seq4059@21,seq24400@9,0.9999999999999999
seq4059@21,seq9773@24,0.9999999999999999
seq4059@21,seq3653@8,0.9999999999999999
seq4059@21,seq3547@17,0.9999999999999999
seq4059@21,seq1672@72,0.9999999999999999
seq4059@21,seq8107@8,0.9999999999999999
seq4059@21,seq24590@12,0.9999999999999999
seq4059@21,seq144@122,0.9999999999999999
seq4059@21,seq21056@8,0.9999999999999999
seq4059@21,seq7452@19,0.9999999999999999
seq4059@21,seq37066@8,0.9999999999999999
seq4059@21,seq909@28,0.9999999999999999
seq4059@21,seq44903@8,0.9999999999999999
seq4059@21,seq17409@11,0.9999999999999999
seq4059@21,seq6330@45,0.9999999999999999
seq4059@21,seq11363@7,0.9999999999999999
seq4059@21,seq15488@13,0.9999999999999999
seq4059@21,seq13789@7,0.9999999999999999
seq4059@21,seq7049@10,0.9999999999999999
seq4059@21,seq3986@17,0.9999999999999999
seq4059@21,seq15985@7,0.9999999999999999
seq4059@21,seq3550@9,0.9999999999999999
seq4059@21,seq21318@7,0.9878787878787878
seq4059@21,seq21995@11,0.9999999999999999
seq4059@21,seq1557@73,0.9999999999999999
seq4059@21,seq2962@30,0.9999999999999999
seq4059@21,seq74@16,0.9999999999999999
seq4059@21,seq3933@89,0.9999999999999999
seq4059@21,seq790@69,0.9999999999999999
seq4059@21,seq6125@27,0.9999999999999999
seq4059@21,seq6626@23,0.9999999999999999
seq4059@21,seq7288@20,0.9999999999999999
seq4059@21,seq7254@18,0.9999999999999999
seq4059@21,seq670@10,0.9999999999999999
seq4059@21,seq12982@9,0.9999999999999999
seq4059@21,seq9@51735,0.9999999999999999
seq4059@21,seq3601@23,0.9999999999999999
seq2676@15,seq35@90,0.9999999999999999
seq2676@15,seq4216@15,0.9999999999999999
seq2676@15,seq1327@97,0.9999999999999999
seq2676@15,seq3307@13,0.9999999999999999
seq2676@15,seq3657@50,0.9999999999999999
seq2676@15,seq4412@13,0.9999999999999999
seq2676@15,seq595@20,0.9999999999999999
seq2676@15,seq4632@24,0.9878787878787878
seq2676@15,seq36857@12,0.9999999999999999
seq2676@15,seq6643@15,0.9999999999999999
seq2676@15,seq195@142,0.9999999999999999
seq2676@15,seq1726@11,0.9999999999999999
seq2676@15,seq2678@23,0.9999999999999999
seq2676@15,seq1243@25,0.9999999999999999
seq2676@15,seq4533@11,0.9999999999999999
seq2676@15,seq4891@23,0.9999999999999999
seq2676@15,seq5591@11,0.9999999999999999
seq2676@15,seq5647@12,0.9999999999999999
seq2676@15,seq17063@11,0.9999999999999999
seq2676@15,seq1848@13,0.9999999999999999
seq2676@15,seq13121@10,0.9999999999999999
seq2676@15,seq7392@31,0.9999999999999999
seq2676@15,seq6817@9,0.9999999999999999
seq2676@15,seq3605@31,0.9999999999999999
seq2676@15,seq4236@10,0.9999999999999999
seq2676@15,seq7701@13,0.9999999999999999
seq2676@15,seq4459@90,0.9999999999999999
seq2676@15,seq24400@9,0.9999999999999999
seq2676@15,seq9773@24,0.9999999999999999
seq2676@15,seq3653@8,0.9999999999999999
seq2676@15,seq3547@17,0.9999999999999999
seq2676@15,seq1672@72,0.9999999999999999
seq2676@15,seq8107@8,0.9999999999999999
seq2676@15,seq24590@12,0.9999999999999999
seq2676@15,seq144@122,0.9999999999999999
seq2676@15,seq21056@8,0.9999999999999999
seq2676@15,seq7452@19,0.9999999999999999
seq2676@15,seq37066@8,0.9999999999999999
seq2676@15,seq909@28,0.9999999999999999
seq2676@15,seq44903@8,0.9999999999999999
seq2676@15,seq17409@11,0.9999999999999999
seq2676@15,seq6330@45,0.9999999999999999
seq2676@15,seq11363@7,0.9999999999999999
seq2676@15,seq15488@13,0.9999999999999999
seq2676@15,seq13789@7,0.9999999999999999
seq2676@15,seq7049@10,0.9999999999999999
seq2676@15,seq3986@17,0.9999999999999999
seq2676@15,seq15985@7,0.9999999999999999
seq2676@15,seq3550@9,0.9999999999999999
seq2676@15,seq21318@7,0.9878787878787878
seq2676@15,seq21995@11,0.9999999999999999
seq2676@15,seq1557@73,0.9999999999999999
seq2676@15,seq2962@30,0.9999999999999999
seq2676@15,seq74@16,0.9999999999999999
seq2676@15,seq3933@89,0.9999999999999999
seq2676@15,seq790@69,0.9999999999999999
seq2676@15,seq6125@27,0.9999999999999999
seq2676@15,seq6626@23,0.9999999999999999
seq2676@15,seq7288@20,0.9999999999999999
seq2676@15,seq7254@18,0.9999999999999999
seq2676@15,seq670@10,0.9999999999999999
seq2676@15,seq12982@9,0.9999999999999999
seq2676@15,seq9@51735,0.9999999999999999
seq2676@15,seq3601@23,0.9999999999999999
seq35@90,seq4216@15,0.9999999999999999
seq35@90,seq1327@97,0.9999999999999999
seq35@90,seq3307@13,0.9999999999999999
seq35@90,seq3657@50,0.9999999999999999
seq35@90,seq4412@13,0.9999999999999999
seq35@90,seq595@20,0.9999999999999999
seq35@90,seq4632@24,0.9878787878787878
seq35@90,seq36857@12,0.9999999999999999
seq35@90,seq6643@15,0.9999999999999999
seq35@90,seq195@142,0.9999999999999999
seq35@90,seq1726@11,0.9999999999999999
seq35@90,seq2678@23,0.9999999999999999
seq35@90,seq1243@25,0.9999999999999999
seq35@90,seq4533@11,0.9999999999999999
seq35@90,seq4891@23,0.9999999999999999
seq35@90,seq5591@11,0.9999999999999999
seq35@90,seq5647@12,0.9999999999999999
seq35@90,seq17063@11,0.9999999999999999
seq35@90,seq1848@13,0.9999999999999999
seq35@90,seq13121@10,0.9999999999999999
seq35@90,seq7392@31,0.9999999999999999
seq35@90,seq6817@9,0.9999999999999999
seq35@90,seq3605@31,0.9999999999999999
seq35@90,seq4236@10,0.9999999999999999
seq35@90,seq7701@13,0.9999999999999999
seq35@90,seq4459@90,0.9999999999999999
seq35@90,seq24400@9,0.9999999999999999
seq35@90,seq9773@24,0.9999999999999999
seq35@90,seq3653@8,0.9999999999999999
seq35@90,seq3547@17,0.9999999999999999
seq35@90,seq1672@72,0.9999999999999999
seq35@90,seq8107@8,0.9999999999999999
seq35@90,seq24590@12,0.9999999999999999
seq35@90,seq144@122,0.9999999999999999
seq35@90,seq21056@8,0.9999999999999999
seq35@90,seq7452@19,0.9999999999999999
seq35@90,seq37066@8,0.9999999999999999
seq35@90,seq909@28,0.9999999999999999
seq35@90,seq44903@8,0.9999999999999999
seq35@90,seq17409@11,0.9999999999999999
seq35@90,seq6330@45,0.9999999999999999
seq35@90,seq11363@7,0.9999999999999999
seq35@90,seq15488@13,0.9999999999999999
seq35@90,seq13789@7,0.9999999999999999
seq35@90,seq7049@10,0.9999999999999999
seq35@90,seq3986@17,0.9999999999999999
seq35@90,seq15985@7,0.9999999999999999
seq35@90,seq3550@9,0.9999999999999999
seq35@90,seq21318@7,0.9878787878787878
seq35@90,seq21995@11,0.9999999999999999
seq35@90,seq1557@73,0.9999999999999999
seq35@90,seq2962@30,0.9999999999999999
seq35@90,seq74@16,0.9999999999999999
seq35@90,seq3933@89,0.9999999999999999
seq35@90,seq790@69,0.9999999999999999
seq35@90,seq6125@27,0.9999999999999999
seq35@90,seq6626@23,0.9999999999999999
seq35@90,seq7288@20,0.9999999999999999
seq35@90,seq7254@18,0.9999999999999999
seq35@90,seq670@10,0.9999999999999999
seq35@90,seq12982@9,0.9999999999999999
seq35@90,seq9@51735,0.9999999999999999
seq35@90,seq3601@23,0.9999999999999999
seq4216@15,seq1327@97,0.9999999999999999
seq4216@15,seq3307@13,0.9999999999999999
seq4216@15,seq3657@50,0.9999999999999999
seq4216@15,seq4412@13,0.9999999999999999
seq4216@15,seq595@20,0.9999999999999999
seq4216@15,seq4632@24,0.9878787878787878
seq4216@15,seq36857@12,0.9999999999999999
seq4216@15,seq6643@15,0.9999999999999999
seq4216@15,seq195@142,0.9999999999999999
seq4216@15,seq1726@11,0.9999999999999999
seq4216@15,seq2678@23,0.9999999999999999
seq4216@15,seq1243@25,0.9999999999999999
seq4216@15,seq4533@11,0.9999999999999999
seq4216@15,seq4891@23,0.9999999999999999
seq4216@15,seq5591@11,0.9999999999999999
seq4216@15,seq5647@12,0.9999999999999999
seq4216@15,seq17063@11,0.9999999999999999
seq4216@15,seq1848@13,0.9999999999999999
seq4216@15,seq13121@10,0.9999999999999999
seq4216@15,seq7392@31,0.9999999999999999
seq4216@15,seq6817@9,0.9999999999999999
seq4216@15,seq3605@31,0.9999999999999999
seq4216@15,seq4236@10,0.9999999999999999
seq4216@15,seq7701@13,0.9999999999999999
seq4216@15,seq4459@90,0.9999999999999999
seq4216@15,seq24400@9,0.9999999999999999
seq4216@15,seq9773@24,0.9999999999999999
seq4216@15,seq3653@8,0.9999999999999999
seq4216@15,seq3547@17,0.9999999999999999
seq4216@15,seq1672@72,0.9999999999999999
seq4216@15,seq8107@8,0.9999999999999999
seq4216@15,seq24590@12,0.9999999999999999
seq4216@15,seq144@122,0.9999999999999999
seq4216@15,seq21056@8,0.9999999999999999
seq4216@15,seq7452@19,0.9999999999999999
seq4216@15,seq37066@8,0.9999999999999999
seq4216@15,seq909@28,0.9999999999999999
seq4216@15,seq44903@8,0.9999999999999999
seq4216@15,seq17409@11,0.9999999999999999
seq4216@15,seq6330@45,0.9999999999999999
seq4216@15,seq11363@7,0.9999999999999999
seq4216@15,seq15488@13,0.9999999999999999
seq4216@15,seq13789@7,0.9999999999999999
seq4216@15,seq7049@10,0.9999999999999999
seq4216@15,seq3986@17,0.9999999999999999
seq4216@15,seq15985@7,0.9999999999999999
seq4216@15,seq3550@9,0.9999999999999999
seq4216@15,seq21318@7,0.9878787878787878
seq4216@15,seq21995@11,0.9999999999999999
seq4216@15,seq1557@73,0.9999999999999999
seq4216@15,seq2962@30,0.9999999999999999
seq4216@15,seq74@16,0.9999999999999999
seq4216@15,seq3933@89,0.9999999999999999
seq4216@15,seq790@69,0.9999999999999999
seq4216@15,seq6125@27,0.9999999999999999
seq4216@15,seq6626@23,0.9999999999999999
seq4216@15,seq7288@20,0.9999999999999999
seq4216@15,seq7254@18,0.9999999999999999
seq4216@15,seq670@10,0.9999999999999999
seq4216@15,seq12982@9,0.9999999999999999
seq4216@15,seq9@51735,0.9999999999999999
seq4216@15,seq3601@23,0.9999999999999999
seq1327@97,seq3307@13,0.9999999999999999
seq1327@97,seq3657@50,0.9999999999999999
seq1327@97,seq4412@13,0.9999999999999999
seq1327@97,seq595@20,0.9999999999999999
seq1327@97,seq4632@24,0.9878787878787878
seq1327@97,seq36857@12,0.9999999999999999
seq1327@97,seq6643@15,0.9999999999999999
seq1327@97,seq195@142,0.9999999999999999
seq1327@97,seq1726@11,0.9999999999999999
seq1327@97,seq2678@23,0.9999999999999999
seq1327@97,seq1243@25,0.9999999999999999
seq1327@97,seq4533@11,0.9999999999999999
seq1327@97,seq4891@23,0.9999999999999999
seq1327@97,seq5591@11,0.9999999999999999
seq1327@97,seq5647@12,0.9999999999999999
seq1327@97,seq17063@11,0.9999999999999999
seq1327@97,seq1848@13,0.9999999999999999
seq1327@97,seq13121@10,0.9999999999999999
seq1327@97,seq7392@31,0.9999999999999999
seq1327@97,seq6817@9,0.9999999999999999
seq1327@97,seq3605@31,0.9999999999999999
seq1327@97,seq4236@10,0.9999999999999999
seq1327@97,seq7701@13,0.9999999999999999
seq1327@97,seq4459@90,0.9999999999999999
seq1327@97,seq24400@9,0.9999999999999999
seq1327@97,seq9773@24,0.9999999999999999
seq1327@97,seq3653@8,0.9999999999999999
seq1327@97,seq3547@17,0.9999999999999999
seq1327@97,seq1672@72,0.9999999999999999
seq1327@97,seq8107@8,0.9999999999999999
seq1327@97,seq24590@12,0.9999999999999999
seq1327@97,seq144@122,0.9999999999999999
seq1327@97,seq21056@8,0.9999999999999999
seq1327@97,seq7452@19,0.9999999999999999
seq1327@97,seq37066@8,0.9999999999999999
seq1327@97,seq909@28,0.9999999999999999
seq1327@97,seq44903@8,0.9999999999999999
seq1327@97,seq17409@11,0.9999999999999999
seq1327@97,seq6330@45,0.9999999999999999
seq1327@97,seq11363@7,0.9999999999999999
seq1327@97,seq15488@13,0.9999999999999999
seq1327@97,seq13789@7,0.9999999999999999
seq1327@97,seq7049@10,0.9999999999999999
seq1327@97,seq3986@17,0.9999999999999999
seq1327@97,seq15985@7,0.9999999999999999
seq1327@97,seq3550@9,0.9999999999999999
seq1327@97,seq21318@7,0.9878787878787878
seq1327@97,seq21995@11,0.9999999999999999
seq1327@97,seq1557@73,0.9999999999999999
seq1327@97,seq2962@30,0.9999999999999999
seq1327@97,seq74@16,0.9999999999999999
seq1327@97,seq3933@89,0.9999999999999999
seq1327@97,seq790@69,0.9999999999999999
seq1327@97,seq6125@27,0.9999999999999999
seq1327@97,seq6626@23,0.9999999999999999
seq1327@97,seq7288@20,0.9999999999999999
seq1327@97,seq7254@18,0.9999999999999999
seq1327@97,seq670@10,0.9999999999999999
seq1327@97,seq12982@9,0.9999999999999999
seq1327@97,seq9@51735,0.9999999999999999
seq1327@97,seq3601@23,0.9999999999999999
seq3307@13,seq3657@50,0.9999999999999999
seq3307@13,seq4412@13,0.9999999999999999
seq3307@13,seq595@20,0.9999999999999999
seq3307@13,seq4632@24,0.9878787878787878
seq3307@13,seq36857@12,0.9999999999999999
seq3307@13,seq6643@15,0.9999999999999999
seq3307@13,seq195@142,0.9999999999999999
seq3307@13,seq1726@11,0.9999999999999999
seq3307@13,seq2678@23,0.9999999999999999
seq3307@13,seq1243@25,0.9999999999999999
seq3307@13,seq4533@11,0.9999999999999999
seq3307@13,seq4891@23,0.9999999999999999
seq3307@13,seq5591@11,0.9999999999999999
seq3307@13,seq5647@12,0.9999999999999999
seq3307@13,seq17063@11,0.9999999999999999
seq3307@13,seq1848@13,0.9999999999999999
seq3307@13,seq13121@10,0.9999999999999999
seq3307@13,seq7392@31,0.9999999999999999
seq3307@13,seq6817@9,0.9999999999999999
seq3307@13,seq3605@31,0.9999999999999999
seq3307@13,seq4236@10,0.9999999999999999
seq3307@13,seq7701@13,0.9999999999999999
seq3307@13,seq4459@90,0.9999999999999999
seq3307@13,seq24400@9,0.9999999999999999
seq3307@13,seq9773@24,0.9999999999999999
seq3307@13,seq3653@8,0.9999999999999999
seq3307@13,seq3547@17,0.9999999999999999
seq3307@13,seq1672@72,0.9999999999999999
seq3307@13,seq8107@8,0.9999999999999999
seq3307@13,seq24590@12,0.9999999999999999
seq3307@13,seq144@122,0.9999999999999999
seq3307@13,seq21056@8,0.9999999999999999
seq3307@13,seq7452@19,0.9999999999999999
seq3307@13,seq37066@8,0.9999999999999999
seq3307@13,seq909@28,0.9999999999999999
seq3307@13,seq44903@8,0.9999999999999999
seq3307@13,seq17409@11,0.9999999999999999
seq3307@13,seq6330@45,0.9999999999999999
seq3307@13,seq11363@7,0.9999999999999999
seq3307@13,seq15488@13,0.9999999999999999
seq3307@13,seq13789@7,0.9999999999999999
seq3307@13,seq7049@10,0.9999999999999999
seq3307@13,seq3986@17,0.9999999999999999
seq3307@13,seq15985@7,0.9999999999999999
seq3307@13,seq3550@9,0.9999999999999999
seq3307@13,seq21318@7,0.9878787878787878
seq3307@13,seq21995@11,0.9999999999999999
seq3307@13,seq1557@73,0.9999999999999999
seq3307@13,seq2962@30,0.9999999999999999
seq3307@13,seq74@16,0.9999999999999999
seq3307@13,seq3933@89,0.9999999999999999
seq3307@13,seq790@69,0.9999999999999999
seq3307@13,seq6125@27,0.9999999999999999
seq3307@13,seq6626@23,0.9999999999999999
seq3307@13,seq7288@20,0.9999999999999999
seq3307@13,seq7254@18,0.9999999999999999
seq3307@13,seq670@10,0.9999999999999999
seq3307@13,seq12982@9,0.9999999999999999
seq3307@13,seq9@51735,0.9999999999999999
seq3307@13,seq3601@23,0.9999999999999999
seq3657@50,seq4412@13,0.9999999999999999
seq3657@50,seq595@20,0.9999999999999999
seq3657@50,seq4632@24,0.9878787878787878
seq3657@50,seq36857@12,0.9999999999999999
seq3657@50,seq6643@15,0.9999999999999999
seq3657@50,seq195@142,0.9999999999999999
seq3657@50,seq1726@11,0.9999999999999999
seq3657@50,seq2678@23,0.9999999999999999
seq3657@50,seq1243@25,0.9999999999999999
seq3657@50,seq4533@11,0.9999999999999999
seq3657@50,seq4891@23,0.9999999999999999
seq3657@50,seq5591@11,0.9999999999999999
seq3657@50,seq5647@12,0.9999999999999999
seq3657@50,seq17063@11,0.9999999999999999
seq3657@50,seq1848@13,0.9999999999999999
seq3657@50,seq13121@10,0.9999999999999999
seq3657@50,seq7392@31,0.9999999999999999
seq3657@50,seq6817@9,0.9999999999999999
seq3657@50,seq3605@31,0.9999999999999999
seq3657@50,seq4236@10,0.9999999999999999
seq3657@50,seq7701@13,0.9999999999999999
seq3657@50,seq4459@90,0.9999999999999999
seq3657@50,seq24400@9,0.9999999999999999
seq3657@50,seq9773@24,0.9999999999999999
seq3657@50,seq3653@8,0.9999999999999999
seq3657@50,seq3547@17,0.9999999999999999
seq3657@50,seq1672@72,0.9999999999999999
seq3657@50,seq8107@8,0.9999999999999999
seq3657@50,seq24590@12,0.9999999999999999
seq3657@50,seq144@122,0.9999999999999999
seq3657@50,seq21056@8,0.9999999999999999
seq3657@50,seq7452@19,0.9999999999999999
seq3657@50,seq37066@8,0.9999999999999999
seq3657@50,seq909@28,0.9999999999999999
seq3657@50,seq44903@8,0.9999999999999999
seq3657@50,seq17409@11,0.9999999999999999
seq3657@50,seq6330@45,0.9999999999999999
seq3657@50,seq11363@7,0.9999999999999999
seq3657@50,seq15488@13,0.9999999999999999
seq3657@50,seq13789@7,0.9999999999999999
seq3657@50,seq7049@10,0.9999999999999999
seq3657@50,seq3986@17,0.9999999999999999
seq3657@50,seq15985@7,0.9999999999999999
seq3657@50,seq3550@9,0.9999999999999999
seq3657@50,seq21318@7,0.9878787878787878
seq3657@50,seq21995@11,0.9999999999999999
seq3657@50,seq1557@73,0.9999999999999999
seq3657@50,seq2962@30,0.9999999999999999
seq3657@50,seq74@16,0.9999999999999999
seq3657@50,seq3933@89,0.9999999999999999
seq3657@50,seq790@69,0.9999999999999999
seq3657@50,seq6125@27,0.9999999999999999
seq3657@50,seq6626@23,0.9999999999999999
seq3657@50,seq7288@20,0.9999999999999999
seq3657@50,seq7254@18,0.9999999999999999
seq3657@50,seq670@10,0.9999999999999999
seq3657@50,seq12982@9,0.9999999999999999
seq3657@50,seq9@51735,0.9999999999999999
seq3657@50,seq3601@23,0.9999999999999999
seq4412@13,seq595@20,0.9999999999999999
seq4412@13,seq4632@24,0.9878787878787878
seq4412@13,seq36857@12,0.9999999999999999
seq4412@13,seq6643@15,0.9999999999999999
seq4412@13,seq195@142,0.9999999999999999
seq4412@13,seq1726@11,0.9999999999999999
seq4412@13,seq2678@23,0.9999999999999999
seq4412@13,seq1243@25,0.9999999999999999
seq4412@13,seq4533@11,0.9999999999999999
seq4412@13,seq4891@23,0.9999999999999999
seq4412@13,seq5591@11,0.9999999999999999
seq4412@13,seq5647@12,0.9999999999999999
seq4412@13,seq17063@11,0.9999999999999999
seq4412@13,seq1848@13,0.9999999999999999
seq4412@13,seq13121@10,0.9999999999999999
seq4412@13,seq7392@31,0.9999999999999999
seq4412@13,seq6817@9,0.9999999999999999
seq4412@13,seq3605@31,0.9999999999999999
seq4412@13,seq4236@10,0.9999999999999999
seq4412@13,seq7701@13,0.9999999999999999
seq4412@13,seq4459@90,0.9999999999999999
seq4412@13,seq24400@9,0.9999999999999999
seq4412@13,seq9773@24,0.9999999999999999
seq4412@13,seq3653@8,0.9999999999999999
seq4412@13,seq3547@17,0.9999999999999999
seq4412@13,seq1672@72,0.9999999999999999
seq4412@13,seq8107@8,0.9999999999999999
seq4412@13,seq24590@12,0.9999999999999999
seq4412@13,seq144@122,0.9999999999999999
seq4412@13,seq21056@8,0.9999999999999999
seq4412@13,seq7452@19,0.9999999999999999
seq4412@13,seq37066@8,0.9999999999999999
seq4412@13,seq909@28,0.9999999999999999
seq4412@13,seq44903@8,0.9999999999999999
seq4412@13,seq17409@11,0.9999999999999999
seq4412@13,seq6330@45,0.9999999999999999
seq4412@13,seq11363@7,0.9999999999999999
seq4412@13,seq15488@13,0.9999999999999999
seq4412@13,seq13789@7,0.9999999999999999
seq4412@13,seq7049@10,0.9999999999999999
seq4412@13,seq3986@17,0.9999999999999999
seq4412@13,seq15985@7,0.9999999999999999
seq4412@13,seq3550@9,0.9999999999999999
seq4412@13,seq21318@7,0.9878787878787878
seq4412@13,seq21995@11,0.9999999999999999
seq4412@13,seq1557@73,0.9999999999999999
seq4412@13,seq2962@30,0.9999999999999999
seq4412@13,seq74@16,0.9999999999999999
seq4412@13,seq3933@89,0.9999999999999999
seq4412@13,seq790@69,0.9999999999999999
seq4412@13,seq6125@27,0.9999999999999999
seq4412@13,seq6626@23,0.9999999999999999
seq4412@13,seq7288@20,0.9999999999999999
seq4412@13,seq7254@18,0.9999999999999999
seq4412@13,seq670@10,0.9999999999999999
seq4412@13,seq12982@9,0.9999999999999999
seq4412@13,seq9@51735,0.9999999999999999
seq4412@13,seq3601@23,0.9999999999999999
seq595@20,seq4632@24,0.9878787878787878
seq595@20,seq36857@12,0.9999999999999999
seq595@20,seq6643@15,0.9999999999999999
seq595@20,seq195@142,0.9999999999999999
seq595@20,seq1726@11,0.9999999999999999
seq595@20,seq2678@23,0.9999999999999999
seq595@20,seq1243@25,0.9999999999999999
seq595@20,seq4533@11,0.9999999999999999
seq595@20,seq4891@23,0.9999999999999999
seq595@20,seq5591@11,0.9999999999999999
seq595@20,seq5647@12,0.9999999999999999
seq595@20,seq17063@11,0.9999999999999999
seq595@20,seq1848@13,0.9999999999999999
seq595@20,seq13121@10,0.9999999999999999
seq595@20,seq7392@31,0.9999999999999999
seq595@20,seq6817@9,0.9999999999999999
seq595@20,seq3605@31,0.9999999999999999
seq595@20,seq4236@10,0.9999999999999999
seq595@20,seq7701@13,0.9999999999999999
seq595@20,seq4459@90,0.9999999999999999
seq595@20,seq24400@9,0.9999999999999999
seq595@20,seq9773@24,0.9999999999999999
seq595@20,seq3653@8,0.9999999999999999
seq595@20,seq3547@17,0.9999999999999999
seq595@20,seq1672@72,0.9999999999999999
seq595@20,seq8107@8,0.9999999999999999
seq595@20,seq24590@12,0.9999999999999999
seq595@20,seq144@122,0.9999999999999999
seq595@20,seq21056@8,0.9999999999999999
seq595@20,seq7452@19,0.9999999999999999
seq595@20,seq37066@8,0.9999999999999999
seq595@20,seq909@28,0.9999999999999999
seq595@20,seq44903@8,0.9999999999999999
seq595@20,seq17409@11,0.9999999999999999
seq595@20,seq6330@45,0.9999999999999999
seq595@20,seq11363@7,0.9999999999999999
seq595@20,seq15488@13,0.9999999999999999
seq595@20,seq13789@7,0.9999999999999999
seq595@20,seq7049@10,0.9999999999999999
seq595@20,seq3986@17,0.9999999999999999
seq595@20,seq15985@7,0.9999999999999999
seq595@20,seq3550@9,0.9999999999999999
seq595@20,seq21318@7,0.9878787878787878
seq595@20,seq21995@11,0.9999999999999999
seq595@20,seq1557@73,0.9999999999999999
seq595@20,seq2962@30,0.9999999999999999
seq595@20,seq74@16,0.9999999999999999
seq595@20,seq3933@89,0.9999999999999999
seq595@20,seq790@69,0.9999999999999999
seq595@20,seq6125@27,0.9999999999999999
seq595@20,seq6626@23,0.9999999999999999
seq595@20,seq7288@20,0.9999999999999999
seq595@20,seq7254@18,0.9999999999999999
seq595@20,seq670@10,0.9999999999999999
seq595@20,seq12982@9,0.9999999999999999
seq595@20,seq9@51735,0.9999999999999999
seq595@20,seq3601@23,0.9999999999999999
seq4632@24,seq36857@12,0.9878787878787878
seq4632@24,seq6643@15,0.9878787878787878
seq4632@24,seq195@142,0.9878787878787878
seq4632@24,seq1726@11,0.9878787878787878
seq4632@24,seq2678@23,0.9878787878787878
seq4632@24,seq1243@25,0.9878787878787878
seq4632@24,seq4533@11,0.9878787878787878
seq4632@24,seq4891@23,0.9878787878787878
seq4632@24,seq5591@11,0.9878787878787878
seq4632@24,seq5647@12,0.9878787878787878
seq4632@24,seq17063@11,0.9878787878787878
seq4632@24,seq1848@13,0.9878787878787878
seq4632@24,seq13121@10,0.9878787878787878
seq4632@24,seq7392@31,0.9878787878787878
seq4632@24,seq6817@9,0.9878787878787878
seq4632@24,seq3605@31,0.9878787878787878
seq4632@24,seq4236@10,0.9878787878787878
seq4632@24,seq7701@13,0.9878787878787878
seq4632@24,seq4459@90,0.9878787878787878
seq4632@24,seq24400@9,0.9878787878787878
seq4632@24,seq9773@24,0.9878787878787878
seq4632@24,seq3653@8,0.9878787878787878
seq4632@24,seq3547@17,0.9878787878787878
seq4632@24,seq1672@72,0.9878787878787878
seq4632@24,seq8107@8,0.9878787878787878
seq4632@24,seq24590@12,0.9878787878787878
seq4632@24,seq144@122,0.9878787878787878
seq4632@24,seq21056@8,0.9878787878787878
seq4632@24,seq7452@19,0.9878787878787878
seq4632@24,seq37066@8,0.9878787878787878
seq4632@24,seq909@28,0.9878787878787878
seq4632@24,seq44903@8,0.9878787878787878
seq4632@24,seq17409@11,0.9878787878787878
seq4632@24,seq6330@45,0.9878787878787878
seq4632@24,seq11363@7,0.9878787878787878
seq4632@24,seq15488@13,0.9878787878787878
seq4632@24,seq13789@7,0.9878787878787878
seq4632@24,seq7049@10,0.9878787878787878
seq4632@24,seq3986@17,0.9878787878787878
seq4632@24,seq15985@7,0.9878787878787878
seq4632@24,seq3550@9,0.9878787878787878
seq4632@24,seq21318@7,0.9999999999999999
seq4632@24,seq21995@11,0.9878787878787878
seq4632@24,seq1557@73,0.9878787878787878
seq4632@24,seq2962@30,0.9878787878787878
seq4632@24,seq74@16,0.9878787878787878
seq4632@24,seq3933@89,0.9878787878787878
seq4632@24,seq790@69,0.9878787878787878
seq4632@24,seq6125@27,0.9878787878787878
seq4632@24,seq6626@23,0.9878787878787878
seq4632@24,seq7288@20,0.9878787878787878
seq4632@24,seq7254@18,0.9878787878787878
seq4632@24,seq670@10,0.9878787878787878
seq4632@24,seq12982@9,0.9878787878787878
seq4632@24,seq9@51735,0.9878787878787878
seq4632@24,seq3601@23,0.9878787878787878
seq36857@12,seq6643@15,0.9999999999999999
seq36857@12,seq195@142,0.9999999999999999
seq36857@12,seq1726@11,0.9999999999999999
seq36857@12,seq2678@23,0.9999999999999999
seq36857@12,seq1243@25,0.9999999999999999
seq36857@12,seq4533@11,0.9999999999999999
seq36857@12,seq4891@23,0.9999999999999999
seq36857@12,seq5591@11,0.9999999999999999
seq36857@12,seq5647@12,0.9999999999999999
seq36857@12,seq17063@11,0.9999999999999999
seq36857@12,seq1848@13,0.9999999999999999
seq36857@12,seq13121@10,0.9999999999999999
seq36857@12,seq7392@31,0.9999999999999999
seq36857@12,seq6817@9,0.9999999999999999
seq36857@12,seq3605@31,0.9999999999999999
seq36857@12,seq4236@10,0.9999999999999999
seq36857@12,seq7701@13,0.9999999999999999
seq36857@12,seq4459@90,0.9999999999999999
seq36857@12,seq24400@9,0.9999999999999999
seq36857@12,seq9773@24,0.9999999999999999
seq36857@12,seq3653@8,0.9999999999999999
seq36857@12,seq3547@17,0.9999999999999999
seq36857@12,seq1672@72,0.9999999999999999
seq36857@12,seq8107@8,0.9999999999999999
seq36857@12,seq24590@12,0.9999999999999999
seq36857@12,seq144@122,0.9999999999999999
seq36857@12,seq21056@8,0.9999999999999999
seq36857@12,seq7452@19,0.9999999999999999
seq36857@12,seq37066@8,0.9999999999999999
seq36857@12,seq909@28,0.9999999999999999
seq36857@12,seq44903@8,0.9999999999999999
seq36857@12,seq17409@11,0.9999999999999999
seq36857@12,seq6330@45,0.9999999999999999
seq36857@12,seq11363@7,0.9999999999999999
seq36857@12,seq15488@13,0.9999999999999999
seq36857@12,seq13789@7,0.9999999999999999
seq36857@12,seq7049@10,0.9999999999999999
seq36857@12,seq3986@17,0.9999999999999999
seq36857@12,seq15985@7,0.9999999999999999
seq36857@12,seq3550@9,0.9999999999999999
seq36857@12,seq21318@7,0.9878787878787878
seq36857@12,seq21995@11,0.9999999999999999
seq36857@12,seq1557@73,0.9999999999999999
seq36857@12,seq2962@30,0.9999999999999999
seq36857@12,seq74@16,0.9999999999999999
seq36857@12,seq3933@89,0.9999999999999999
seq36857@12,seq790@69,0.9999999999999999
seq36857@12,seq6125@27,0.9999999999999999
seq36857@12,seq6626@23,0.9999999999999999
seq36857@12,seq7288@20,0.9999999999999999
seq36857@12,seq7254@18,0.9999999999999999
seq36857@12,seq670@10,0.9999999999999999
seq36857@12,seq12982@9,0.9999999999999999
seq36857@12,seq9@51735,0.9999999999999999
seq36857@12,seq3601@23,0.9999999999999999
seq6643@15,seq195@142,0.9999999999999999
seq6643@15,seq1726@11,0.9999999999999999
seq6643@15,seq2678@23,0.9999999999999999
seq6643@15,seq1243@25,0.9999999999999999
seq6643@15,seq4533@11,0.9999999999999999
seq6643@15,seq4891@23,0.9999999999999999
seq6643@15,seq5591@11,0.9999999999999999
seq6643@15,seq5647@12,0.9999999999999999
seq6643@15,seq17063@11,0.9999999999999999
seq6643@15,seq1848@13,0.9999999999999999
seq6643@15,seq13121@10,0.9999999999999999
seq6643@15,seq7392@31,0.9999999999999999
seq6643@15,seq6817@9,0.9999999999999999
seq6643@15,seq3605@31,0.9999999999999999
seq6643@15,seq4236@10,0.9999999999999999
seq6643@15,seq7701@13,0.9999999999999999
seq6643@15,seq4459@90,0.9999999999999999
seq6643@15,seq24400@9,0.9999999999999999
seq6643@15,seq9773@24,0.9999999999999999
seq6643@15,seq3653@8,0.9999999999999999
seq6643@15,seq3547@17,0.9999999999999999
seq6643@15,seq1672@72,0.9999999999999999
seq6643@15,seq8107@8,0.9999999999999999
seq6643@15,seq24590@12,0.9999999999999999
seq6643@15,seq144@122,0.9999999999999999
seq6643@15,seq21056@8,0.9999999999999999
seq6643@15,seq7452@19,0.9999999999999999
seq6643@15,seq37066@8,0.9999999999999999
seq6643@15,seq909@28,0.9999999999999999
seq6643@15,seq44903@8,0.9999999999999999
seq6643@15,seq17409@11,0.9999999999999999
seq6643@15,seq6330@45,0.9999999999999999
seq6643@15,seq11363@7,0.9999999999999999
seq6643@15,seq15488@13,0.9999999999999999
seq6643@15,seq13789@7,0.9999999999999999
seq6643@15,seq7049@10,0.9999999999999999
seq6643@15,seq3986@17,0.9999999999999999
seq6643@15,seq15985@7,0.9999999999999999
seq6643@15,seq3550@9,0.9999999999999999
seq6643@15,seq21318@7,0.9878787878787878
seq6643@15,seq21995@11,0.9999999999999999
seq6643@15,seq1557@73,0.9999999999999999
seq6643@15,seq2962@30,0.9999999999999999
seq6643@15,seq74@16,0.9999999999999999
seq6643@15,seq3933@89,0.9999999999999999
seq6643@15,seq790@69,0.9999999999999999
seq6643@15,seq6125@27,0.9999999999999999
seq6643@15,seq6626@23,0.9999999999999999
seq6643@15,seq7288@20,0.9999999999999999
seq6643@15,seq7254@18,0.9999999999999999
seq6643@15,seq670@10,0.9999999999999999
seq6643@15,seq12982@9,0.9999999999999999
seq6643@15,seq9@51735,0.9999999999999999
seq6643@15,seq3601@23,0.9999999999999999
seq195@142,seq1726@11,0.9999999999999999
seq195@142,seq2678@23,0.9999999999999999
seq195@142,seq1243@25,0.9999999999999999
seq195@142,seq4533@11,0.9999999999999999
seq195@142,seq4891@23,0.9999999999999999
seq195@142,seq5591@11,0.9999999999999999
seq195@142,seq5647@12,0.9999999999999999
seq195@142,seq17063@11,0.9999999999999999
seq195@142,seq1848@13,0.9999999999999999
seq195@142,seq13121@10,0.9999999999999999
seq195@142,seq7392@31,0.9999999999999999
seq195@142,seq6817@9,0.9999999999999999
seq195@142,seq3605@31,0.9999999999999999
seq195@142,seq4236@10,0.9999999999999999
seq195@142,seq7701@13,0.9999999999999999
seq195@142,seq4459@90,0.9999999999999999
seq195@142,seq24400@9,0.9999999999999999
seq195@142,seq9773@24,0.9999999999999999
seq195@142,seq3653@8,0.9999999999999999
seq195@142,seq3547@17,0.9999999999999999
seq195@142,seq1672@72,0.9999999999999999
seq195@142,seq8107@8,0.9999999999999999
seq195@142,seq24590@12,0.9999999999999999
seq195@142,seq144@122,0.9999999999999999
seq195@142,seq21056@8,0.9999999999999999
seq195@142,seq7452@19,0.9999999999999999
seq195@142,seq37066@8,0.9999999999999999
seq195@142,seq909@28,0.9999999999999999
seq195@142,seq44903@8,0.9999999999999999
seq195@142,seq17409@11,0.9999999999999999
seq195@142,seq6330@45,0.9999999999999999
seq195@142,seq11363@7,0.9999999999999999
seq195@142,seq15488@13,0.9999999999999999
seq195@142,seq13789@7,0.9999999999999999
seq195@142,seq7049@10,0.9999999999999999
seq195@142,seq3986@17,0.9999999999999999
seq195@142,seq15985@7,0.9999999999999999
seq195@142,seq3550@9,0.9999999999999999
seq195@142,seq21318@7,0.9878787878787878
seq195@142,seq21995@11,0.9999999999999999
seq195@142,seq1557@73,0.9999999999999999
seq195@142,seq2962@30,0.9999999999999999
seq195@142,seq74@16,0.9999999999999999
seq195@142,seq3933@89,0.9999999999999999
seq195@142,seq790@69,0.9999999999999999
seq195@142,seq6125@27,0.9999999999999999
seq195@142,seq6626@23,0.9999999999999999
seq195@142,seq7288@20,0.9999999999999999
seq195@142,seq7254@18,0.9999999999999999
seq195@142,seq670@10,0.9999999999999999
seq195@142,seq12982@9,0.9999999999999999
seq195@142,seq9@51735,0.9999999999999999
seq195@142,seq3601@23,0.9999999999999999
seq1726@11,seq2678@23,0.9999999999999999
seq1726@11,seq1243@25,0.9999999999999999
seq1726@11,seq4533@11,0.9999999999999999
seq1726@11,seq4891@23,0.9999999999999999
seq1726@11,seq5591@11,0.9999999999999999
seq1726@11,seq5647@12,0.9999999999999999
seq1726@11,seq17063@11,0.9999999999999999
seq1726@11,seq1848@13,0.9999999999999999
seq1726@11,seq13121@10,0.9999999999999999
seq1726@11,seq7392@31,0.9999999999999999
seq1726@11,seq6817@9,0.9999999999999999
seq1726@11,seq3605@31,0.9999999999999999
seq1726@11,seq4236@10,0.9999999999999999
seq1726@11,seq7701@13,0.9999999999999999
seq1726@11,seq4459@90,0.9999999999999999
seq1726@11,seq24400@9,0.9999999999999999
seq1726@11,seq9773@24,0.9999999999999999
seq1726@11,seq3653@8,0.9999999999999999
seq1726@11,seq3547@17,0.9999999999999999
seq1726@11,seq1672@72,0.9999999999999999
seq1726@11,seq8107@8,0.9999999999999999
seq1726@11,seq24590@12,0.9999999999999999
seq1726@11,seq144@122,0.9999999999999999
seq1726@11,seq21056@8,0.9999999999999999
seq1726@11,seq7452@19,0.9999999999999999
seq1726@11,seq37066@8,0.9999999999999999
seq1726@11,seq909@28,0.9999999999999999
seq1726@11,seq44903@8,0.9999999999999999
seq1726@11,seq17409@11,0.9999999999999999
seq1726@11,seq6330@45,0.9999999999999999
seq1726@11,seq11363@7,0.9999999999999999
seq1726@11,seq15488@13,0.9999999999999999
seq1726@11,seq13789@7,0.9999999999999999
seq1726@11,seq7049@10,0.9999999999999999
seq1726@11,seq3986@17,0.9999999999999999
seq1726@11,seq15985@7,0.9999999999999999
seq1726@11,seq3550@9,0.9999999999999999
seq1726@11,seq21318@7,0.9878787878787878
seq1726@11,seq21995@11,0.9999999999999999
seq1726@11,seq1557@73,0.9999999999999999
seq1726@11,seq2962@30,0.9999999999999999
seq1726@11,seq74@16,0.9999999999999999
seq1726@11,seq3933@89,0.9999999999999999
seq1726@11,seq790@69,0.9999999999999999
seq1726@11,seq6125@27,0.9999999999999999
seq1726@11,seq6626@23,0.9999999999999999
seq1726@11,seq7288@20,0.9999999999999999
seq1726@11,seq7254@18,0.9999999999999999
seq1726@11,seq670@10,0.9999999999999999
seq1726@11,seq12982@9,0.9999999999999999
seq1726@11,seq9@51735,0.9999999999999999
seq1726@11,seq3601@23,0.9999999999999999
seq2678@23,seq1243@25,0.9999999999999999
seq2678@23,seq4533@11,0.9999999999999999
seq2678@23,seq4891@23,0.9999999999999999
seq2678@23,seq5591@11,0.9999999999999999
seq2678@23,seq5647@12,0.9999999999999999
seq2678@23,seq17063@11,0.9999999999999999
seq2678@23,seq1848@13,0.9999999999999999
seq2678@23,seq13121@10,0.9999999999999999
seq2678@23,seq7392@31,0.9999999999999999
seq2678@23,seq6817@9,0.9999999999999999
seq2678@23,seq3605@31,0.9999999999999999
seq2678@23,seq4236@10,0.9999999999999999
seq2678@23,seq7701@13,0.9999999999999999
seq2678@23,seq4459@90,0.9999999999999999
seq2678@23,seq24400@9,0.9999999999999999
seq2678@23,seq9773@24,0.9999999999999999
seq2678@23,seq3653@8,0.9999999999999999
seq2678@23,seq3547@17,0.9999999999999999
seq2678@23,seq1672@72,0.9999999999999999
seq2678@23,seq8107@8,0.9999999999999999
seq2678@23,seq24590@12,0.9999999999999999
seq2678@23,seq144@122,0.9999999999999999
seq2678@23,seq21056@8,0.9999999999999999
seq2678@23,seq7452@19,0.9999999999999999
seq2678@23,seq37066@8,0.9999999999999999
seq2678@23,seq909@28,0.9999999999999999
seq2678@23,seq44903@8,0.9999999999999999
seq2678@23,seq17409@11,0.9999999999999999
seq2678@23,seq6330@45,0.9999999999999999
seq2678@23,seq11363@7,0.9999999999999999
seq2678@23,seq15488@13,0.9999999999999999
seq2678@23,seq13789@7,0.9999999999999999
seq2678@23,seq7049@10,0.9999999999999999
seq2678@23,seq3986@17,0.9999999999999999
seq2678@23,seq15985@7,0.9999999999999999
seq2678@23,seq3550@9,0.9999999999999999
seq2678@23,seq21318@7,0.9878787878787878
seq2678@23,seq21995@11,0.9999999999999999
seq2678@23,seq1557@73,0.9999999999999999
seq2678@23,seq2962@30,0.9999999999999999
seq2678@23,seq74@16,0.9999999999999999
seq2678@23,seq3933@89,0.9999999999999999
seq2678@23,seq790@69,0.9999999999999999
seq2678@23,seq6125@27,0.9999999999999999
seq2678@23,seq6626@23,0.9999999999999999
seq2678@23,seq7288@20,0.9999999999999999
seq2678@23,seq7254@18,0.9999999999999999
seq2678@23,seq670@10,0.9999999999999999
seq2678@23,seq12982@9,0.9999999999999999
seq2678@23,seq9@51735,0.9999999999999999
seq2678@23,seq3601@23,0.9999999999999999
seq1243@25,seq4533@11,0.9999999999999999
seq1243@25,seq4891@23,0.9999999999999999
seq1243@25,seq5591@11,0.9999999999999999
seq1243@25,seq5647@12,0.9999999999999999
seq1243@25,seq17063@11,0.9999999999999999
seq1243@25,seq1848@13,0.9999999999999999
seq1243@25,seq13121@10,0.9999999999999999
seq1243@25,seq7392@31,0.9999999999999999
seq1243@25,seq6817@9,0.9999999999999999
seq1243@25,seq3605@31,0.9999999999999999
seq1243@25,seq4236@10,0.9999999999999999
seq1243@25,seq7701@13,0.9999999999999999
seq1243@25,seq4459@90,0.9999999999999999
seq1243@25,seq24400@9,0.9999999999999999
seq1243@25,seq9773@24,0.9999999999999999
seq1243@25,seq3653@8,0.9999999999999999
seq1243@25,seq3547@17,0.9999999999999999
seq1243@25,seq1672@72,0.9999999999999999
seq1243@25,seq8107@8,0.9999999999999999
seq1243@25,seq24590@12,0.9999999999999999
seq1243@25,seq144@122,0.9999999999999999
seq1243@25,seq21056@8,0.9999999999999999
seq1243@25,seq7452@19,0.9999999999999999
seq1243@25,seq37066@8,0.9999999999999999
seq1243@25,seq909@28,0.9999999999999999
seq1243@25,seq44903@8,0.9999999999999999
seq1243@25,seq17409@11,0.9999999999999999
seq1243@25,seq6330@45,0.9999999999999999
seq1243@25,seq11363@7,0.9999999999999999
seq1243@25,seq15488@13,0.9999999999999999
seq1243@25,seq13789@7,0.9999999999999999
seq1243@25,seq7049@10,0.9999999999999999
seq1243@25,seq3986@17,0.9999999999999999
seq1243@25,seq15985@7,0.9999999999999999
seq1243@25,seq3550@9,0.9999999999999999
seq1243@25,seq21318@7,0.9878787878787878
seq1243@25,seq21995@11,0.9999999999999999
seq1243@25,seq1557@73,0.9999999999999999
seq1243@25,seq2962@30,0.9999999999999999
seq1243@25,seq74@16,0.9999999999999999
seq1243@25,seq3933@89,0.9999999999999999
seq1243@25,seq790@69,0.9999999999999999
seq1243@25,seq6125@27,0.9999999999999999
seq1243@25,seq6626@23,0.9999999999999999
seq1243@25,seq7288@20,0.9999999999999999
seq1243@25,seq7254@18,0.9999999999999999
seq1243@25,seq670@10,0.9999999999999999
seq1243@25,seq12982@9,0.9999999999999999
seq1243@25,seq9@51735,0.9999999999999999
seq1243@25,seq3601@23,0.9999999999999999
seq4533@11,seq4891@23,0.9999999999999999
seq4533@11,seq5591@11,0.9999999999999999
seq4533@11,seq5647@12,0.9999999999999999
seq4533@11,seq17063@11,0.9999999999999999
seq4533@11,seq1848@13,0.9999999999999999
seq4533@11,seq13121@10,0.9999999999999999
seq4533@11,seq7392@31,0.9999999999999999
seq4533@11,seq6817@9,0.9999999999999999
seq4533@11,seq3605@31,0.9999999999999999
seq4533@11,seq4236@10,0.9999999999999999
seq4533@11,seq7701@13,0.9999999999999999
seq4533@11,seq4459@90,0.9999999999999999
seq4533@11,seq24400@9,0.9999999999999999
seq4533@11,seq9773@24,0.9999999999999999
seq4533@11,seq3653@8,0.9999999999999999
seq4533@11,seq3547@17,0.9999999999999999
seq4533@11,seq1672@72,0.9999999999999999
seq4533@11,seq8107@8,0.9999999999999999
seq4533@11,seq24590@12,0.9999999999999999
seq4533@11,seq144@122,0.9999999999999999
seq4533@11,seq21056@8,0.9999999999999999
seq4533@11,seq7452@19,0.9999999999999999
seq4533@11,seq37066@8,0.9999999999999999
seq4533@11,seq909@28,0.9999999999999999
seq4533@11,seq44903@8,0.9999999999999999
seq4533@11,seq17409@11,0.9999999999999999
seq4533@11,seq6330@45,0.9999999999999999
seq4533@11,seq11363@7,0.9999999999999999
seq4533@11,seq15488@13,0.9999999999999999
seq4533@11,seq13789@7,0.9999999999999999
seq4533@11,seq7049@10,0.9999999999999999
seq4533@11,seq3986@17,0.9999999999999999
seq4533@11,seq15985@7,0.9999999999999999
seq4533@11,seq3550@9,0.9999999999999999
seq4533@11,seq21318@7,0.9878787878787878
seq4533@11,seq21995@11,0.9999999999999999
seq4533@11,seq1557@73,0.9999999999999999
seq4533@11,seq2962@30,0.9999999999999999
seq4533@11,seq74@16,0.9999999999999999
seq4533@11,seq3933@89,0.9999999999999999
seq4533@11,seq790@69,0.9999999999999999
seq4533@11,seq6125@27,0.9999999999999999
seq4533@11,seq6626@23,0.9999999999999999
seq4533@11,seq7288@20,0.9999999999999999
seq4533@11,seq7254@18,0.9999999999999999
seq4533@11,seq670@10,0.9999999999999999
seq4533@11,seq12982@9,0.9999999999999999
seq4533@11,seq9@51735,0.9999999999999999
seq4533@11,seq3601@23,0.9999999999999999
seq4891@23,seq5591@11,0.9999999999999999
seq4891@23,seq5647@12,0.9999999999999999
seq4891@23,seq17063@11,0.9999999999999999
seq4891@23,seq1848@13,0.9999999999999999
seq4891@23,seq13121@10,0.9999999999999999
seq4891@23,seq7392@31,0.9999999999999999
seq4891@23,seq6817@9,0.9999999999999999
seq4891@23,seq3605@31,0.9999999999999999
seq4891@23,seq4236@10,0.9999999999999999
seq4891@23,seq7701@13,0.9999999999999999
seq4891@23,seq4459@90,0.9999999999999999
seq4891@23,seq24400@9,0.9999999999999999
seq4891@23,seq9773@24,0.9999999999999999
seq4891@23,seq3653@8,0.9999999999999999
seq4891@23,seq3547@17,0.9999999999999999
seq4891@23,seq1672@72,0.9999999999999999
seq4891@23,seq8107@8,0.9999999999999999
seq4891@23,seq24590@12,0.9999999999999999
seq4891@23,seq144@122,0.9999999999999999
seq4891@23,seq21056@8,0.9999999999999999
seq4891@23,seq7452@19,0.9999999999999999
seq4891@23,seq37066@8,0.9999999999999999
seq4891@23,seq909@28,0.9999999999999999
seq4891@23,seq44903@8,0.9999999999999999
seq4891@23,seq17409@11,0.9999999999999999
seq4891@23,seq6330@45,0.9999999999999999
seq4891@23,seq11363@7,0.9999999999999999
seq4891@23,seq15488@13,0.9999999999999999
seq4891@23,seq13789@7,0.9999999999999999
seq4891@23,seq7049@10,0.9999999999999999
seq4891@23,seq3986@17,0.9999999999999999
seq4891@23,seq15985@7,0.9999999999999999
seq4891@23,seq3550@9,0.9999999999999999
seq4891@23,seq21318@7,0.9878787878787878
seq4891@23,seq21995@11,0.9999999999999999
seq4891@23,seq1557@73,0.9999999999999999
seq4891@23,seq2962@30,0.9999999999999999
seq4891@23,seq74@16,0.9999999999999999
seq4891@23,seq3933@89,0.9999999999999999
seq4891@23,seq790@69,0.9999999999999999
seq4891@23,seq6125@27,0.9999999999999999
seq4891@23,seq6626@23,0.9999999999999999
seq4891@23,seq7288@20,0.9999999999999999
seq4891@23,seq7254@18,0.9999999999999999
seq4891@23,seq670@10,0.9999999999999999
seq4891@23,seq12982@9,0.9999999999999999
seq4891@23,seq9@51735,0.9999999999999999
seq4891@23,seq3601@23,0.9999999999999999
seq5591@11,seq5647@12,0.9999999999999999
seq5591@11,seq17063@11,0.9999999999999999
seq5591@11,seq1848@13,0.9999999999999999
seq5591@11,seq13121@10,0.9999999999999999
seq5591@11,seq7392@31,0.9999999999999999
seq5591@11,seq6817@9,0.9999999999999999
seq5591@11,seq3605@31,0.9999999999999999
seq5591@11,seq4236@10,0.9999999999999999
seq5591@11,seq7701@13,0.9999999999999999
seq5591@11,seq4459@90,0.9999999999999999
seq5591@11,seq24400@9,0.9999999999999999
seq5591@11,seq9773@24,0.9999999999999999
seq5591@11,seq3653@8,0.9999999999999999
seq5591@11,seq3547@17,0.9999999999999999
seq5591@11,seq1672@72,0.9999999999999999
seq5591@11,seq8107@8,0.9999999999999999
seq5591@11,seq24590@12,0.9999999999999999
seq5591@11,seq144@122,0.9999999999999999
seq5591@11,seq21056@8,0.9999999999999999
seq5591@11,seq7452@19,0.9999999999999999
seq5591@11,seq37066@8,0.9999999999999999
seq5591@11,seq909@28,0.9999999999999999
seq5591@11,seq44903@8,0.9999999999999999
seq5591@11,seq17409@11,0.9999999999999999
seq5591@11,seq6330@45,0.9999999999999999
seq5591@11,seq11363@7,0.9999999999999999
seq5591@11,seq15488@13,0.9999999999999999
seq5591@11,seq13789@7,0.9999999999999999
seq5591@11,seq7049@10,0.9999999999999999
seq5591@11,seq3986@17,0.9999999999999999
seq5591@11,seq15985@7,0.9999999999999999
seq5591@11,seq3550@9,0.9999999999999999
seq5591@11,seq21318@7,0.9878787878787878
seq5591@11,seq21995@11,0.9999999999999999
seq5591@11,seq1557@73,0.9999999999999999
seq5591@11,seq2962@30,0.9999999999999999
seq5591@11,seq74@16,0.9999999999999999
seq5591@11,seq3933@89,0.9999999999999999
seq5591@11,seq790@69,0.9999999999999999
seq5591@11,seq6125@27,0.9999999999999999
seq5591@11,seq6626@23,0.9999999999999999
seq5591@11,seq7288@20,0.9999999999999999
seq5591@11,seq7254@18,0.9999999999999999
seq5591@11,seq670@10,0.9999999999999999
seq5591@11,seq12982@9,0.9999999999999999
seq5591@11,seq9@51735,0.9999999999999999
seq5591@11,seq3601@23,0.9999999999999999
seq5647@12,seq17063@11,0.9999999999999999
seq5647@12,seq1848@13,0.9999999999999999
seq5647@12,seq13121@10,0.9999999999999999
seq5647@12,seq7392@31,0.9999999999999999
seq5647@12,seq6817@9,0.9999999999999999
seq5647@12,seq3605@31,0.9999999999999999
seq5647@12,seq4236@10,0.9999999999999999
seq5647@12,seq7701@13,0.9999999999999999
seq5647@12,seq4459@90,0.9999999999999999
seq5647@12,seq24400@9,0.9999999999999999
seq5647@12,seq9773@24,0.9999999999999999
seq5647@12,seq3653@8,0.9999999999999999
seq5647@12,seq3547@17,0.9999999999999999
seq5647@12,seq1672@72,0.9999999999999999
seq5647@12,seq8107@8,0.9999999999999999
seq5647@12,seq24590@12,0.9999999999999999
seq5647@12,seq144@122,0.9999999999999999
seq5647@12,seq21056@8,0.9999999999999999
seq5647@12,seq7452@19,0.9999999999999999
seq5647@12,seq37066@8,0.9999999999999999
seq5647@12,seq909@28,0.9999999999999999
seq5647@12,seq44903@8,0.9999999999999999
seq5647@12,seq17409@11,0.9999999999999999
seq5647@12,seq6330@45,0.9999999999999999
seq5647@12,seq11363@7,0.9999999999999999
seq5647@12,seq15488@13,0.9999999999999999
seq5647@12,seq13789@7,0.9999999999999999
seq5647@12,seq7049@10,0.9999999999999999
seq5647@12,seq3986@17,0.9999999999999999
seq5647@12,seq15985@7,0.9999999999999999
seq5647@12,seq3550@9,0.9999999999999999
seq5647@12,seq21318@7,0.9878787878787878
seq5647@12,seq21995@11,0.9999999999999999
seq5647@12,seq1557@73,0.9999999999999999
seq5647@12,seq2962@30,0.9999999999999999
seq5647@12,seq74@16,0.9999999999999999
seq5647@12,seq3933@89,0.9999999999999999
seq5647@12,seq790@69,0.9999999999999999
seq5647@12,seq6125@27,0.9999999999999999
seq5647@12,seq6626@23,0.9999999999999999
seq5647@12,seq7288@20,0.9999999999999999
seq5647@12,seq7254@18,0.9999999999999999
seq5647@12,seq670@10,0.9999999999999999
seq5647@12,seq12982@9,0.9999999999999999
seq5647@12,seq9@51735,0.9999999999999999
seq5647@12,seq3601@23,0.9999999999999999
seq17063@11,seq1848@13,0.9999999999999999
seq17063@11,seq13121@10,0.9999999999999999
seq17063@11,seq7392@31,0.9999999999999999
seq17063@11,seq6817@9,0.9999999999999999
seq17063@11,seq3605@31,0.9999999999999999
seq17063@11,seq4236@10,0.9999999999999999
seq17063@11,seq7701@13,0.9999999999999999
seq17063@11,seq4459@90,0.9999999999999999
seq17063@11,seq24400@9,0.9999999999999999
seq17063@11,seq9773@24,0.9999999999999999
seq17063@11,seq3653@8,0.9999999999999999
seq17063@11,seq3547@17,0.9999999999999999
seq17063@11,seq1672@72,0.9999999999999999
seq17063@11,seq8107@8,0.9999999999999999
seq17063@11,seq24590@12,0.9999999999999999
seq17063@11,seq144@122,0.9999999999999999
seq17063@11,seq21056@8,0.9999999999999999
seq17063@11,seq7452@19,0.9999999999999999
seq17063@11,seq37066@8,0.9999999999999999
seq17063@11,seq909@28,0.9999999999999999
seq17063@11,seq44903@8,0.9999999999999999
seq17063@11,seq17409@11,0.9999999999999999
seq17063@11,seq6330@45,0.9999999999999999
seq17063@11,seq11363@7,0.9999999999999999
seq17063@11,seq15488@13,0.9999999999999999
seq17063@11,seq13789@7,0.9999999999999999
seq17063@11,seq7049@10,0.9999999999999999
seq17063@11,seq3986@17,0.9999999999999999
seq17063@11,seq15985@7,0.9999999999999999
seq17063@11,seq3550@9,0.9999999999999999
seq17063@11,seq21318@7,0.9878787878787878
seq17063@11,seq21995@11,0.9999999999999999
seq17063@11,seq1557@73,0.9999999999999999
seq17063@11,seq2962@30,0.9999999999999999
seq17063@11,seq74@16,0.9999999999999999
seq17063@11,seq3933@89,0.9999999999999999
seq17063@11,seq790@69,0.9999999999999999
seq17063@11,seq6125@27,0.9999999999999999
seq17063@11,seq6626@23,0.9999999999999999
seq17063@11,seq7288@20,0.9999999999999999
seq17063@11,seq7254@18,0.9999999999999999
seq17063@11,seq670@10,0.9999999999999999
seq17063@11,seq12982@9,0.9999999999999999
seq17063@11,seq9@51735,0.9999999999999999
seq17063@11,seq3601@23,0.9999999999999999
seq1848@13,seq13121@10,0.9999999999999999
seq1848@13,seq7392@31,0.9999999999999999
seq1848@13,seq6817@9,0.9999999999999999
seq1848@13,seq3605@31,0.9999999999999999
seq1848@13,seq4236@10,0.9999999999999999
seq1848@13,seq7701@13,0.9999999999999999
seq1848@13,seq4459@90,0.9999999999999999
seq1848@13,seq24400@9,0.9999999999999999
seq1848@13,seq9773@24,0.9999999999999999
seq1848@13,seq3653@8,0.9999999999999999
seq1848@13,seq3547@17,0.9999999999999999
seq1848@13,seq1672@72,0.9999999999999999
seq1848@13,seq8107@8,0.9999999999999999
seq1848@13,seq24590@12,0.9999999999999999
seq1848@13,seq144@122,0.9999999999999999
seq1848@13,seq21056@8,0.9999999999999999
seq1848@13,seq7452@19,0.9999999999999999
seq1848@13,seq37066@8,0.9999999999999999
seq1848@13,seq909@28,0.9999999999999999
seq1848@13,seq44903@8,0.9999999999999999
seq1848@13,seq17409@11,0.9999999999999999
seq1848@13,seq6330@45,0.9999999999999999
seq1848@13,seq11363@7,0.9999999999999999
seq1848@13,seq15488@13,0.9999999999999999
seq1848@13,seq13789@7,0.9999999999999999
seq1848@13,seq7049@10,0.9999999999999999
seq1848@13,seq3986@17,0.9999999999999999
seq1848@13,seq15985@7,0.9999999999999999
seq1848@13,seq3550@9,0.9999999999999999
seq1848@13,seq21318@7,0.9878787878787878
seq1848@13,seq21995@11,0.9999999999999999
seq1848@13,seq1557@73,0.9999999999999999
seq1848@13,seq2962@30,0.9999999999999999
seq1848@13,seq74@16,0.9999999999999999
seq1848@13,seq3933@89,0.9999999999999999
seq1848@13,seq790@69,0.9999999999999999
seq1848@13,seq6125@27,0.9999999999999999
seq1848@13,seq6626@23,0.9999999999999999
seq1848@13,seq7288@20,0.9999999999999999
seq1848@13,seq7254@18,0.9999999999999999
seq1848@13,seq670@10,0.9999999999999999
seq1848@13,seq12982@9,0.9999999999999999
seq1848@13,seq9@51735,0.9999999999999999
seq1848@13,seq3601@23,0.9999999999999999
seq13121@10,seq7392@31,0.9999999999999999
seq13121@10,seq6817@9,0.9999999999999999
seq13121@10,seq3605@31,0.9999999999999999
seq13121@10,seq4236@10,0.9999999999999999
seq13121@10,seq7701@13,0.9999999999999999
seq13121@10,seq4459@90,0.9999999999999999
seq13121@10,seq24400@9,0.9999999999999999
seq13121@10,seq9773@24,0.9999999999999999
seq13121@10,seq3653@8,0.9999999999999999
seq13121@10,seq3547@17,0.9999999999999999
seq13121@10,seq1672@72,0.9999999999999999
seq13121@10,seq8107@8,0.9999999999999999
seq13121@10,seq24590@12,0.9999999999999999
seq13121@10,seq144@122,0.9999999999999999
seq13121@10,seq21056@8,0.9999999999999999
seq13121@10,seq7452@19,0.9999999999999999
seq13121@10,seq37066@8,0.9999999999999999
seq13121@10,seq909@28,0.9999999999999999
seq13121@10,seq44903@8,0.9999999999999999
seq13121@10,seq17409@11,0.9999999999999999
seq13121@10,seq6330@45,0.9999999999999999
seq13121@10,seq11363@7,0.9999999999999999
seq13121@10,seq15488@13,0.9999999999999999
seq13121@10,seq13789@7,0.9999999999999999
seq13121@10,seq7049@10,0.9999999999999999
seq13121@10,seq3986@17,0.9999999999999999
seq13121@10,seq15985@7,0.9999999999999999
seq13121@10,seq3550@9,0.9999999999999999
seq13121@10,seq21318@7,0.9878787878787878
seq13121@10,seq21995@11,0.9999999999999999
seq13121@10,seq1557@73,0.9999999999999999
seq13121@10,seq2962@30,0.9999999999999999
seq13121@10,seq74@16,0.9999999999999999
seq13121@10,seq3933@89,0.9999999999999999
seq13121@10,seq790@69,0.9999999999999999
seq13121@10,seq6125@27,0.9999999999999999
seq13121@10,seq6626@23,0.9999999999999999
seq13121@10,seq7288@20,0.9999999999999999
seq13121@10,seq7254@18,0.9999999999999999
seq13121@10,seq670@10,0.9999999999999999
seq13121@10,seq12982@9,0.9999999999999999
seq13121@10,seq9@51735,0.9999999999999999
seq13121@10,seq3601@23,0.9999999999999999
seq7392@31,seq6817@9,0.9999999999999999
seq7392@31,seq3605@31,0.9999999999999999
seq7392@31,seq4236@10,0.9999999999999999
seq7392@31,seq7701@13,0.9999999999999999
seq7392@31,seq4459@90,0.9999999999999999
seq7392@31,seq24400@9,0.9999999999999999
seq7392@31,seq9773@24,0.9999999999999999
seq7392@31,seq3653@8,0.9999999999999999
seq7392@31,seq3547@17,0.9999999999999999
seq7392@31,seq1672@72,0.9999999999999999
seq7392@31,seq8107@8,0.9999999999999999
seq7392@31,seq24590@12,0.9999999999999999
seq7392@31,seq144@122,0.9999999999999999
seq7392@31,seq21056@8,0.9999999999999999
seq7392@31,seq7452@19,0.9999999999999999
seq7392@31,seq37066@8,0.9999999999999999
seq7392@31,seq909@28,0.9999999999999999
seq7392@31,seq44903@8,0.9999999999999999
seq7392@31,seq17409@11,0.9999999999999999
seq7392@31,seq6330@45,0.9999999999999999
seq7392@31,seq11363@7,0.9999999999999999
seq7392@31,seq15488@13,0.9999999999999999
seq7392@31,seq13789@7,0.9999999999999999
seq7392@31,seq7049@10,0.9999999999999999
seq7392@31,seq3986@17,0.9999999999999999
seq7392@31,seq15985@7,0.9999999999999999
seq7392@31,seq3550@9,0.9999999999999999
seq7392@31,seq21318@7,0.9878787878787878
seq7392@31,seq21995@11,0.9999999999999999
seq7392@31,seq1557@73,0.9999999999999999
seq7392@31,seq2962@30,0.9999999999999999
seq7392@31,seq74@16,0.9999999999999999
seq7392@31,seq3933@89,0.9999999999999999
seq7392@31,seq790@69,0.9999999999999999
seq7392@31,seq6125@27,0.9999999999999999
seq7392@31,seq6626@23,0.9999999999999999
seq7392@31,seq7288@20,0.9999999999999999
seq7392@31,seq7254@18,0.9999999999999999
seq7392@31,seq670@10,0.9999999999999999
seq7392@31,seq12982@9,0.9999999999999999
seq7392@31,seq9@51735,0.9999999999999999
seq7392@31,seq3601@23,0.9999999999999999
seq6817@9,seq3605@31,0.9999999999999999
seq6817@9,seq4236@10,0.9999999999999999
seq6817@9,seq7701@13,0.9999999999999999
seq6817@9,seq4459@90,0.9999999999999999
seq6817@9,seq24400@9,0.9999999999999999
seq6817@9,seq9773@24,0.9999999999999999
seq6817@9,seq3653@8,0.9999999999999999
seq6817@9,seq3547@17,0.9999999999999999
seq6817@9,seq1672@72,0.9999999999999999
seq6817@9,seq8107@8,0.9999999999999999
seq6817@9,seq24590@12,0.9999999999999999
seq6817@9,seq144@122,0.9999999999999999
seq6817@9,seq21056@8,0.9999999999999999
seq6817@9,seq7452@19,0.9999999999999999
seq6817@9,seq37066@8,0.9999999999999999
seq6817@9,seq909@28,0.9999999999999999
seq6817@9,seq44903@8,0.9999999999999999
seq6817@9,seq17409@11,0.9999999999999999
seq6817@9,seq6330@45,0.9999999999999999
seq6817@9,seq11363@7,0.9999999999999999
seq6817@9,seq15488@13,0.9999999999999999
seq6817@9,seq13789@7,0.9999999999999999
seq6817@9,seq7049@10,0.9999999999999999
seq6817@9,seq3986@17,0.9999999999999999
seq6817@9,seq15985@7,0.9999999999999999
seq6817@9,seq3550@9,0.9999999999999999
seq6817@9,seq21318@7,0.9878787878787878
seq6817@9,seq21995@11,0.9999999999999999
seq6817@9,seq1557@73,0.9999999999999999
seq6817@9,seq2962@30,0.9999999999999999
seq6817@9,seq74@16,0.9999999999999999
seq6817@9,seq3933@89,0.9999999999999999
seq6817@9,seq790@69,0.9999999999999999
seq6817@9,seq6125@27,0.9999999999999999
seq6817@9,seq6626@23,0.9999999999999999
seq6817@9,seq7288@20,0.9999999999999999
seq6817@9,seq7254@18,0.9999999999999999
seq6817@9,seq670@10,0.9999999999999999
seq6817@9,seq12982@9,0.9999999999999999
seq6817@9,seq9@51735,0.9999999999999999
seq6817@9,seq3601@23,0.9999999999999999
seq3605@31,seq4236@10,0.9999999999999999
seq3605@31,seq7701@13,0.9999999999999999
seq3605@31,seq4459@90,0.9999999999999999
seq3605@31,seq24400@9,0.9999999999999999
seq3605@31,seq9773@24,0.9999999999999999
seq3605@31,seq3653@8,0.9999999999999999
seq3605@31,seq3547@17,0.9999999999999999
seq3605@31,seq1672@72,0.9999999999999999
seq3605@31,seq8107@8,0.9999999999999999
seq3605@31,seq24590@12,0.9999999999999999
seq3605@31,seq144@122,0.9999999999999999
seq3605@31,seq21056@8,0.9999999999999999
seq3605@31,seq7452@19,0.9999999999999999
seq3605@31,seq37066@8,0.9999999999999999
seq3605@31,seq909@28,0.9999999999999999
seq3605@31,seq44903@8,0.9999999999999999
seq3605@31,seq17409@11,0.9999999999999999
seq3605@31,seq6330@45,0.9999999999999999
seq3605@31,seq11363@7,0.9999999999999999
seq3605@31,seq15488@13,0.9999999999999999
seq3605@31,seq13789@7,0.9999999999999999
seq3605@31,seq7049@10,0.9999999999999999
seq3605@31,seq3986@17,0.9999999999999999
seq3605@31,seq15985@7,0.9999999999999999
seq3605@31,seq3550@9,0.9999999999999999
seq3605@31,seq21318@7,0.9878787878787878
seq3605@31,seq21995@11,0.9999999999999999
seq3605@31,seq1557@73,0.9999999999999999
seq3605@31,seq2962@30,0.9999999999999999
seq3605@31,seq74@16,0.9999999999999999
seq3605@31,seq3933@89,0.9999999999999999
seq3605@31,seq790@69,0.9999999999999999
seq3605@31,seq6125@27,0.9999999999999999
seq3605@31,seq6626@23,0.9999999999999999
seq3605@31,seq7288@20,0.9999999999999999
seq3605@31,seq7254@18,0.9999999999999999
seq3605@31,seq670@10,0.9999999999999999
seq3605@31,seq12982@9,0.9999999999999999
seq3605@31,seq9@51735,0.9999999999999999
seq3605@31,seq3601@23,0.9999999999999999
seq4236@10,seq7701@13,0.9999999999999999
seq4236@10,seq4459@90,0.9999999999999999
seq4236@10,seq24400@9,0.9999999999999999
seq4236@10,seq9773@24,0.9999999999999999
seq4236@10,seq3653@8,0.9999999999999999
seq4236@10,seq3547@17,0.9999999999999999
seq4236@10,seq1672@72,0.9999999999999999
seq4236@10,seq8107@8,0.9999999999999999
seq4236@10,seq24590@12,0.9999999999999999
seq4236@10,seq144@122,0.9999999999999999
seq4236@10,seq21056@8,0.9999999999999999
seq4236@10,seq7452@19,0.9999999999999999
seq4236@10,seq37066@8,0.9999999999999999
seq4236@10,seq909@28,0.9999999999999999
seq4236@10,seq44903@8,0.9999999999999999
seq4236@10,seq17409@11,0.9999999999999999
seq4236@10,seq6330@45,0.9999999999999999
seq4236@10,seq11363@7,0.9999999999999999
seq4236@10,seq15488@13,0.9999999999999999
seq4236@10,seq13789@7,0.9999999999999999
seq4236@10,seq7049@10,0.9999999999999999
seq4236@10,seq3986@17,0.9999999999999999
seq4236@10,seq15985@7,0.9999999999999999
seq4236@10,seq3550@9,0.9999999999999999
seq4236@10,seq21318@7,0.9878787878787878
seq4236@10,seq21995@11,0.9999999999999999
seq4236@10,seq1557@73,0.9999999999999999
seq4236@10,seq2962@30,0.9999999999999999
seq4236@10,seq74@16,0.9999999999999999
seq4236@10,seq3933@89,0.9999999999999999
seq4236@10,seq790@69,0.9999999999999999
seq4236@10,seq6125@27,0.9999999999999999
seq4236@10,seq6626@23,0.9999999999999999
seq4236@10,seq7288@20,0.9999999999999999
seq4236@10,seq7254@18,0.9999999999999999
seq4236@10,seq670@10,0.9999999999999999
seq4236@10,seq12982@9,0.9999999999999999
seq4236@10,seq9@51735,0.9999999999999999
seq4236@10,seq3601@23,0.9999999999999999
seq7701@13,seq4459@90,0.9999999999999999
seq7701@13,seq24400@9,0.9999999999999999
seq7701@13,seq9773@24,0.9999999999999999
seq7701@13,seq3653@8,0.9999999999999999
seq7701@13,seq3547@17,0.9999999999999999
seq7701@13,seq1672@72,0.9999999999999999
seq7701@13,seq8107@8,0.9999999999999999
seq7701@13,seq24590@12,0.9999999999999999
seq7701@13,seq144@122,0.9999999999999999
seq7701@13,seq21056@8,0.9999999999999999
seq7701@13,seq7452@19,0.9999999999999999
seq7701@13,seq37066@8,0.9999999999999999
seq7701@13,seq909@28,0.9999999999999999
seq7701@13,seq44903@8,0.9999999999999999
seq7701@13,seq17409@11,0.9999999999999999
seq7701@13,seq6330@45,0.9999999999999999
seq7701@13,seq11363@7,0.9999999999999999
seq7701@13,seq15488@13,0.9999999999999999
seq7701@13,seq13789@7,0.9999999999999999
seq7701@13,seq7049@10,0.9999999999999999
seq7701@13,seq3986@17,0.9999999999999999
seq7701@13,seq15985@7,0.9999999999999999
seq7701@13,seq3550@9,0.9999999999999999
seq7701@13,seq21318@7,0.9878787878787878
seq7701@13,seq21995@11,0.9999999999999999
seq7701@13,seq1557@73,0.9999999999999999
seq7701@13,seq2962@30,0.9999999999999999
seq7701@13,seq74@16,0.9999999999999999
seq7701@13,seq3933@89,0.9999999999999999
seq7701@13,seq790@69,0.9999999999999999
seq7701@13,seq6125@27,0.9999999999999999
seq7701@13,seq6626@23,0.9999999999999999
seq7701@13,seq7288@20,0.9999999999999999
seq7701@13,seq7254@18,0.9999999999999999
seq7701@13,seq670@10,0.9999999999999999
seq7701@13,seq12982@9,0.9999999999999999
seq7701@13,seq9@51735,0.9999999999999999
seq7701@13,seq3601@23,0.9999999999999999
seq4459@90,seq24400@9,0.9999999999999999
seq4459@90,seq9773@24,0.9999999999999999
seq4459@90,seq3653@8,0.9999999999999999
seq4459@90,seq3547@17,0.9999999999999999
seq4459@90,seq1672@72,0.9999999999999999
seq4459@90,seq8107@8,0.9999999999999999
seq4459@90,seq24590@12,0.9999999999999999
seq4459@90,seq144@122,0.9999999999999999
seq4459@90,seq21056@8,0.9999999999999999
seq4459@90,seq7452@19,0.9999999999999999
seq4459@90,seq37066@8,0.9999999999999999
seq4459@90,seq909@28,0.9999999999999999
seq4459@90,seq44903@8,0.9999999999999999
seq4459@90,seq17409@11,0.9999999999999999
seq4459@90,seq6330@45,0.9999999999999999
seq4459@90,seq11363@7,0.9999999999999999
seq4459@90,seq15488@13,0.9999999999999999
seq4459@90,seq13789@7,0.9999999999999999
seq4459@90,seq7049@10,0.9999999999999999
seq4459@90,seq3986@17,0.9999999999999999
seq4459@90,seq15985@7,0.9999999999999999
seq4459@90,seq3550@9,0.9999999999999999
seq4459@90,seq21318@7,0.9878787878787878
seq4459@90,seq21995@11,0.9999999999999999
seq4459@90,seq1557@73,0.9999999999999999
seq4459@90,seq2962@30,0.9999999999999999
seq4459@90,seq74@16,0.9999999999999999
seq4459@90,seq3933@89,0.9999999999999999
seq4459@90,seq790@69,0.9999999999999999
seq4459@90,seq6125@27,0.9999999999999999
seq4459@90,seq6626@23,0.9999999999999999
seq4459@90,seq7288@20,0.9999999999999999
seq4459@90,seq7254@18,0.9999999999999999
seq4459@90,seq670@10,0.9999999999999999
seq4459@90,seq12982@9,0.9999999999999999
seq4459@90,seq9@51735,0.9999999999999999
seq4459@90,seq3601@23,0.9999999999999999
seq24400@9,seq9773@24,0.9999999999999999
seq24400@9,seq3653@8,0.9999999999999999
seq24400@9,seq3547@17,0.9999999999999999
seq24400@9,seq1672@72,0.9999999999999999
seq24400@9,seq8107@8,0.9999999999999999
seq24400@9,seq24590@12,0.9999999999999999
seq24400@9,seq144@122,0.9999999999999999
seq24400@9,seq21056@8,0.9999999999999999
seq24400@9,seq7452@19,0.9999999999999999
seq24400@9,seq37066@8,0.9999999999999999
seq24400@9,seq909@28,0.9999999999999999
seq24400@9,seq44903@8,0.9999999999999999
seq24400@9,seq17409@11,0.9999999999999999
seq24400@9,seq6330@45,0.9999999999999999
seq24400@9,seq11363@7,0.9999999999999999
seq24400@9,seq15488@13,0.9999999999999999
seq24400@9,seq13789@7,0.9999999999999999
seq24400@9,seq7049@10,0.9999999999999999
seq24400@9,seq3986@17,0.9999999999999999
seq24400@9,seq15985@7,0.9999999999999999
seq24400@9,seq3550@9,0.9999999999999999
seq24400@9,seq21318@7,0.9878787878787878
seq24400@9,seq21995@11,0.9999999999999999
seq24400@9,seq1557@73,0.9999999999999999
seq24400@9,seq2962@30,0.9999999999999999
seq24400@9,seq74@16,0.9999999999999999
seq24400@9,seq3933@89,0.9999999999999999
seq24400@9,seq790@69,0.9999999999999999
seq24400@9,seq6125@27,0.9999999999999999
seq24400@9,seq6626@23,0.9999999999999999
seq24400@9,seq7288@20,0.9999999999999999
seq24400@9,seq7254@18,0.9999999999999999
seq24400@9,seq670@10,0.9999999999999999
seq24400@9,seq12982@9,0.9999999999999999
seq24400@9,seq9@51735,0.9999999999999999
seq24400@9,seq3601@23,0.9999999999999999
seq9773@24,seq3653@8,0.9999999999999999
seq9773@24,seq3547@17,0.9999999999999999
seq9773@24,seq1672@72,0.9999999999999999
seq9773@24,seq8107@8,0.9999999999999999
seq9773@24,seq24590@12,0.9999999999999999
seq9773@24,seq144@122,0.9999999999999999
seq9773@24,seq21056@8,0.9999999999999999
seq9773@24,seq7452@19,0.9999999999999999
seq9773@24,seq37066@8,0.9999999999999999
seq9773@24,seq909@28,0.9999999999999999
seq9773@24,seq44903@8,0.9999999999999999
seq9773@24,seq17409@11,0.9999999999999999
seq9773@24,seq6330@45,0.9999999999999999
seq9773@24,seq11363@7,0.9999999999999999
seq9773@24,seq15488@13,0.9999999999999999
seq9773@24,seq13789@7,0.9999999999999999
seq9773@24,seq7049@10,0.9999999999999999
seq9773@24,seq3986@17,0.9999999999999999
seq9773@24,seq15985@7,0.9999999999999999
seq9773@24,seq3550@9,0.9999999999999999
seq9773@24,seq21318@7,0.9878787878787878
seq9773@24,seq21995@11,0.9999999999999999
seq9773@24,seq1557@73,0.9999999999999999
seq9773@24,seq2962@30,0.9999999999999999
seq9773@24,seq74@16,0.9999999999999999
seq9773@24,seq3933@89,0.9999999999999999
seq9773@24,seq790@69,0.9999999999999999
seq9773@24,seq6125@27,0.9999999999999999
seq9773@24,seq6626@23,0.9999999999999999
seq9773@24,seq7288@20,0.9999999999999999
seq9773@24,seq7254@18,0.9999999999999999
seq9773@24,seq670@10,0.9999999999999999
seq9773@24,seq12982@9,0.9999999999999999
seq9773@24,seq9@51735,0.9999999999999999
seq9773@24,seq3601@23,0.9999999999999999
seq3653@8,seq3547@17,0.9999999999999999
seq3653@8,seq1672@72,0.9999999999999999
seq3653@8,seq8107@8,0.9999999999999999
seq3653@8,seq24590@12,0.9999999999999999
seq3653@8,seq144@122,0.9999999999999999
seq3653@8,seq21056@8,0.9999999999999999
seq3653@8,seq7452@19,0.9999999999999999
seq3653@8,seq37066@8,0.9999999999999999
seq3653@8,seq909@28,0.9999999999999999
seq3653@8,seq44903@8,0.9999999999999999
seq3653@8,seq17409@11,0.9999999999999999
seq3653@8,seq6330@45,0.9999999999999999
seq3653@8,seq11363@7,0.9999999999999999
seq3653@8,seq15488@13,0.9999999999999999
seq3653@8,seq13789@7,0.9999999999999999
seq3653@8,seq7049@10,0.9999999999999999
seq3653@8,seq3986@17,0.9999999999999999
seq3653@8,seq15985@7,0.9999999999999999
seq3653@8,seq3550@9,0.9999999999999999
seq3653@8,seq21318@7,0.9878787878787878
seq3653@8,seq21995@11,0.9999999999999999
seq3653@8,seq1557@73,0.9999999999999999
seq3653@8,seq2962@30,0.9999999999999999
seq3653@8,seq74@16,0.9999999999999999
seq3653@8,seq3933@89,0.9999999999999999
seq3653@8,seq790@69,0.9999999999999999
seq3653@8,seq6125@27,0.9999999999999999
seq3653@8,seq6626@23,0.9999999999999999
seq3653@8,seq7288@20,0.9999999999999999
seq3653@8,seq7254@18,0.9999999999999999
seq3653@8,seq670@10,0.9999999999999999
seq3653@8,seq12982@9,0.9999999999999999
seq3653@8,seq9@51735,0.9999999999999999
seq3653@8,seq3601@23,0.9999999999999999
seq3547@17,seq1672@72,0.9999999999999999
seq3547@17,seq8107@8,0.9999999999999999
seq3547@17,seq24590@12,0.9999999999999999
seq3547@17,seq144@122,0.9999999999999999
seq3547@17,seq21056@8,0.9999999999999999
seq3547@17,seq7452@19,0.9999999999999999
seq3547@17,seq37066@8,0.9999999999999999
seq3547@17,seq909@28,0.9999999999999999
seq3547@17,seq44903@8,0.9999999999999999
seq3547@17,seq17409@11,0.9999999999999999
seq3547@17,seq6330@45,0.9999999999999999
seq3547@17,seq11363@7,0.9999999999999999
seq3547@17,seq15488@13,0.9999999999999999
seq3547@17,seq13789@7,0.9999999999999999
seq3547@17,seq7049@10,0.9999999999999999
seq3547@17,seq3986@17,0.9999999999999999
seq3547@17,seq15985@7,0.9999999999999999
seq3547@17,seq3550@9,0.9999999999999999
seq3547@17,seq21318@7,0.9878787878787878
seq3547@17,seq21995@11,0.9999999999999999
seq3547@17,seq1557@73,0.9999999999999999
seq3547@17,seq2962@30,0.9999999999999999
seq3547@17,seq74@16,0.9999999999999999
seq3547@17,seq3933@89,0.9999999999999999
seq3547@17,seq790@69,0.9999999999999999
seq3547@17,seq6125@27,0.9999999999999999
seq3547@17,seq6626@23,0.9999999999999999
seq3547@17,seq7288@20,0.9999999999999999
seq3547@17,seq7254@18,0.9999999999999999
seq3547@17,seq670@10,0.9999999999999999
seq3547@17,seq12982@9,0.9999999999999999
seq3547@17,seq9@51735,0.9999999999999999
seq3547@17,seq3601@23,0.9999999999999999
seq1672@72,seq8107@8,0.9999999999999999
seq1672@72,seq24590@12,0.9999999999999999
seq1672@72,seq144@122,0.9999999999999999
seq1672@72,seq21056@8,0.9999999999999999
seq1672@72,seq7452@19,0.9999999999999999
seq1672@72,seq37066@8,0.9999999999999999
seq1672@72,seq909@28,0.9999999999999999
seq1672@72,seq44903@8,0.9999999999999999
seq1672@72,seq17409@11,0.9999999999999999
seq1672@72,seq6330@45,0.9999999999999999
seq1672@72,seq11363@7,0.9999999999999999
seq1672@72,seq15488@13,0.9999999999999999
seq1672@72,seq13789@7,0.9999999999999999
seq1672@72,seq7049@10,0.9999999999999999
seq1672@72,seq3986@17,0.9999999999999999
seq1672@72,seq15985@7,0.9999999999999999
seq1672@72,seq3550@9,0.9999999999999999
seq1672@72,seq21318@7,0.9878787878787878
seq1672@72,seq21995@11,0.9999999999999999
seq1672@72,seq1557@73,0.9999999999999999
seq1672@72,seq2962@30,0.9999999999999999
seq1672@72,seq74@16,0.9999999999999999
seq1672@72,seq3933@89,0.9999999999999999
seq1672@72,seq790@69,0.9999999999999999
seq1672@72,seq6125@27,0.9999999999999999
seq1672@72,seq6626@23,0.9999999999999999
seq1672@72,seq7288@20,0.9999999999999999
seq1672@72,seq7254@18,0.9999999999999999
seq1672@72,seq670@10,0.9999999999999999
seq1672@72,seq12982@9,0.9999999999999999
seq1672@72,seq9@51735,0.9999999999999999
seq1672@72,seq3601@23,0.9999999999999999
seq8107@8,seq24590@12,0.9999999999999999
seq8107@8,seq144@122,0.9999999999999999
seq8107@8,seq21056@8,0.9999999999999999
seq8107@8,seq7452@19,0.9999999999999999
seq8107@8,seq37066@8,0.9999999999999999
seq8107@8,seq909@28,0.9999999999999999
seq8107@8,seq44903@8,0.9999999999999999
seq8107@8,seq17409@11,0.9999999999999999
seq8107@8,seq6330@45,0.9999999999999999
seq8107@8,seq11363@7,0.9999999999999999
seq8107@8,seq15488@13,0.9999999999999999
seq8107@8,seq13789@7,0.9999999999999999
seq8107@8,seq7049@10,0.9999999999999999
seq8107@8,seq3986@17,0.9999999999999999
seq8107@8,seq15985@7,0.9999999999999999
seq8107@8,seq3550@9,0.9999999999999999
seq8107@8,seq21318@7,0.9878787878787878
seq8107@8,seq21995@11,0.9999999999999999
seq8107@8,seq1557@73,0.9999999999999999
seq8107@8,seq2962@30,0.9999999999999999
seq8107@8,seq74@16,0.9999999999999999
seq8107@8,seq3933@89,0.9999999999999999
seq8107@8,seq790@69,0.9999999999999999
seq8107@8,seq6125@27,0.9999999999999999
seq8107@8,seq6626@23,0.9999999999999999
seq8107@8,seq7288@20,0.9999999999999999
seq8107@8,seq7254@18,0.9999999999999999
seq8107@8,seq670@10,0.9999999999999999
seq8107@8,seq12982@9,0.9999999999999999
seq8107@8,seq9@51735,0.9999999999999999
seq8107@8,seq3601@23,0.9999999999999999
seq24590@12,seq144@122,0.9999999999999999
seq24590@12,seq21056@8,0.9999999999999999
seq24590@12,seq7452@19,0.9999999999999999
seq24590@12,seq37066@8,0.9999999999999999
seq24590@12,seq909@28,0.9999999999999999
seq24590@12,seq44903@8,0.9999999999999999
seq24590@12,seq17409@11,0.9999999999999999
seq24590@12,seq6330@45,0.9999999999999999
seq24590@12,seq11363@7,0.9999999999999999
seq24590@12,seq15488@13,0.9999999999999999
seq24590@12,seq13789@7,0.9999999999999999
seq24590@12,seq7049@10,0.9999999999999999
seq24590@12,seq3986@17,0.9999999999999999
seq24590@12,seq15985@7,0.9999999999999999
seq24590@12,seq3550@9,0.9999999999999999
seq24590@12,seq21318@7,0.9878787878787878
seq24590@12,seq21995@11,0.9999999999999999
seq24590@12,seq1557@73,0.9999999999999999
seq24590@12,seq2962@30,0.9999999999999999
seq24590@12,seq74@16,0.9999999999999999
seq24590@12,seq3933@89,0.9999999999999999
seq24590@12,seq790@69,0.9999999999999999
seq24590@12,seq6125@27,0.9999999999999999
seq24590@12,seq6626@23,0.9999999999999999
seq24590@12,seq7288@20,0.9999999999999999
seq24590@12,seq7254@18,0.9999999999999999
seq24590@12,seq670@10,0.9999999999999999
seq24590@12,seq12982@9,0.9999999999999999
seq24590@12,seq9@51735,0.9999999999999999
seq24590@12,seq3601@23,0.9999999999999999
seq144@122,seq21056@8,0.9999999999999999
seq144@122,seq7452@19,0.9999999999999999
seq144@122,seq37066@8,0.9999999999999999
seq144@122,seq909@28,0.9999999999999999
seq144@122,seq44903@8,0.9999999999999999
seq144@122,seq17409@11,0.9999999999999999
seq144@122,seq6330@45,0.9999999999999999
seq144@122,seq11363@7,0.9999999999999999
seq144@122,seq15488@13,0.9999999999999999
seq144@122,seq13789@7,0.9999999999999999
seq144@122,seq7049@10,0.9999999999999999
seq144@122,seq3986@17,0.9999999999999999
seq144@122,seq15985@7,0.9999999999999999
seq144@122,seq3550@9,0.9999999999999999
seq144@122,seq21318@7,0.9878787878787878
seq144@122,seq21995@11,0.9999999999999999
seq144@122,seq1557@73,0.9999999999999999
seq144@122,seq2962@30,0.9999999999999999
seq144@122,seq74@16,0.9999999999999999
seq144@122,seq3933@89,0.9999999999999999
seq144@122,seq790@69,0.9999999999999999
seq144@122,seq6125@27,0.9999999999999999
seq144@122,seq6626@23,0.9999999999999999
seq144@122,seq7288@20,0.9999999999999999
seq144@122,seq7254@18,0.9999999999999999
seq144@122,seq670@10,0.9999999999999999
seq144@122,seq12982@9,0.9999999999999999
seq144@122,seq9@51735,0.9999999999999999
seq144@122,seq3601@23,0.9999999999999999
seq21056@8,seq7452@19,0.9999999999999999
seq21056@8,seq37066@8,0.9999999999999999
seq21056@8,seq909@28,0.9999999999999999
seq21056@8,seq44903@8,0.9999999999999999
seq21056@8,seq17409@11,0.9999999999999999
seq21056@8,seq6330@45,0.9999999999999999
seq21056@8,seq11363@7,0.9999999999999999
seq21056@8,seq15488@13,0.9999999999999999
seq21056@8,seq13789@7,0.9999999999999999
seq21056@8,seq7049@10,0.9999999999999999
seq21056@8,seq3986@17,0.9999999999999999
seq21056@8,seq15985@7,0.9999999999999999
seq21056@8,seq3550@9,0.9999999999999999
seq21056@8,seq21318@7,0.9878787878787878
seq21056@8,seq21995@11,0.9999999999999999
seq21056@8,seq1557@73,0.9999999999999999
seq21056@8,seq2962@30,0.9999999999999999
seq21056@8,seq74@16,0.9999999999999999
seq21056@8,seq3933@89,0.9999999999999999
seq21056@8,seq790@69,0.9999999999999999
seq21056@8,seq6125@27,0.9999999999999999
seq21056@8,seq6626@23,0.9999999999999999
seq21056@8,seq7288@20,0.9999999999999999
seq21056@8,seq7254@18,0.9999999999999999
seq21056@8,seq670@10,0.9999999999999999
seq21056@8,seq12982@9,0.9999999999999999
seq21056@8,seq9@51735,0.9999999999999999
seq21056@8,seq3601@23,0.9999999999999999
seq7452@19,seq37066@8,0.9999999999999999
seq7452@19,seq909@28,0.9999999999999999
seq7452@19,seq44903@8,0.9999999999999999
seq7452@19,seq17409@11,0.9999999999999999
seq7452@19,seq6330@45,0.9999999999999999
seq7452@19,seq11363@7,0.9999999999999999
seq7452@19,seq15488@13,0.9999999999999999
seq7452@19,seq13789@7,0.9999999999999999
seq7452@19,seq7049@10,0.9999999999999999
seq7452@19,seq3986@17,0.9999999999999999
seq7452@19,seq15985@7,0.9999999999999999
seq7452@19,seq3550@9,0.9999999999999999
seq7452@19,seq21318@7,0.9878787878787878
seq7452@19,seq21995@11,0.9999999999999999
seq7452@19,seq1557@73,0.9999999999999999
seq7452@19,seq2962@30,0.9999999999999999
seq7452@19,seq74@16,0.9999999999999999
seq7452@19,seq3933@89,0.9999999999999999
seq7452@19,seq790@69,0.9999999999999999
seq7452@19,seq6125@27,0.9999999999999999
seq7452@19,seq6626@23,0.9999999999999999
seq7452@19,seq7288@20,0.9999999999999999
seq7452@19,seq7254@18,0.9999999999999999
seq7452@19,seq670@10,0.9999999999999999
seq7452@19,seq12982@9,0.9999999999999999
seq7452@19,seq9@51735,0.9999999999999999
seq7452@19,seq3601@23,0.9999999999999999
seq37066@8,seq909@28,0.9999999999999999
seq37066@8,seq44903@8,0.9999999999999999
seq37066@8,seq17409@11,0.9999999999999999
seq37066@8,seq6330@45,0.9999999999999999
seq37066@8,seq11363@7,0.9999999999999999
seq37066@8,seq15488@13,0.9999999999999999
seq37066@8,seq13789@7,0.9999999999999999
seq37066@8,seq7049@10,0.9999999999999999
seq37066@8,seq3986@17,0.9999999999999999
seq37066@8,seq15985@7,0.9999999999999999
seq37066@8,seq3550@9,0.9999999999999999
seq37066@8,seq21318@7,0.9878787878787878
seq37066@8,seq21995@11,0.9999999999999999
seq37066@8,seq1557@73,0.9999999999999999
seq37066@8,seq2962@30,0.9999999999999999
seq37066@8,seq74@16,0.9999999999999999
seq37066@8,seq3933@89,0.9999999999999999
seq37066@8,seq790@69,0.9999999999999999
seq37066@8,seq6125@27,0.9999999999999999
seq37066@8,seq6626@23,0.9999999999999999
seq37066@8,seq7288@20,0.9999999999999999
seq37066@8,seq7254@18,0.9999999999999999
seq37066@8,seq670@10,0.9999999999999999
seq37066@8,seq12982@9,0.9999999999999999
seq37066@8,seq9@51735,0.9999999999999999
seq37066@8,seq3601@23,0.9999999999999999
seq909@28,seq44903@8,0.9999999999999999
seq909@28,seq17409@11,0.9999999999999999
seq909@28,seq6330@45,0.9999999999999999
seq909@28,seq11363@7,0.9999999999999999
seq909@28,seq15488@13,0.9999999999999999
seq909@28,seq13789@7,0.9999999999999999
seq909@28,seq7049@10,0.9999999999999999
seq909@28,seq3986@17,0.9999999999999999
seq909@28,seq15985@7,0.9999999999999999
seq909@28,seq3550@9,0.9999999999999999
seq909@28,seq21318@7,0.9878787878787878
seq909@28,seq21995@11,0.9999999999999999
seq909@28,seq1557@73,0.9999999999999999
seq909@28,seq2962@30,0.9999999999999999
seq909@28,seq74@16,0.9999999999999999
seq909@28,seq3933@89,0.9999999999999999
seq909@28,seq790@69,0.9999999999999999
seq909@28,seq6125@27,0.9999999999999999
seq909@28,seq6626@23,0.9999999999999999
seq909@28,seq7288@20,0.9999999999999999
seq909@28,seq7254@18,0.9999999999999999
seq909@28,seq670@10,0.9999999999999999
seq909@28,seq12982@9,0.9999999999999999
seq909@28,seq9@51735,0.9999999999999999
seq909@28,seq3601@23,0.9999999999999999
seq44903@8,seq17409@11,0.9999999999999999
seq44903@8,seq6330@45,0.9999999999999999
seq44903@8,seq11363@7,0.9999999999999999
seq44903@8,seq15488@13,0.9999999999999999
seq44903@8,seq13789@7,0.9999999999999999
seq44903@8,seq7049@10,0.9999999999999999
seq44903@8,seq3986@17,0.9999999999999999
seq44903@8,seq15985@7,0.9999999999999999
seq44903@8,seq3550@9,0.9999999999999999
seq44903@8,seq21318@7,0.9878787878787878
seq44903@8,seq21995@11,0.9999999999999999
seq44903@8,seq1557@73,0.9999999999999999
seq44903@8,seq2962@30,0.9999999999999999
seq44903@8,seq74@16,0.9999999999999999
seq44903@8,seq3933@89,0.9999999999999999
seq44903@8,seq790@69,0.9999999999999999
seq44903@8,seq6125@27,0.9999999999999999
seq44903@8,seq6626@23,0.9999999999999999
seq44903@8,seq7288@20,0.9999999999999999
seq44903@8,seq7254@18,0.9999999999999999
seq44903@8,seq670@10,0.9999999999999999
seq44903@8,seq12982@9,0.9999999999999999
seq44903@8,seq9@51735,0.9999999999999999
seq44903@8,seq3601@23,0.9999999999999999
seq17409@11,seq6330@45,0.9999999999999999
seq17409@11,seq11363@7,0.9999999999999999
seq17409@11,seq15488@13,0.9999999999999999
seq17409@11,seq13789@7,0.9999999999999999
seq17409@11,seq7049@10,0.9999999999999999
seq17409@11,seq3986@17,0.9999999999999999
seq17409@11,seq15985@7,0.9999999999999999
seq17409@11,seq3550@9,0.9999999999999999
seq17409@11,seq21318@7,0.9878787878787878
seq17409@11,seq21995@11,0.9999999999999999
seq17409@11,seq1557@73,0.9999999999999999
seq17409@11,seq2962@30,0.9999999999999999
seq17409@11,seq74@16,0.9999999999999999
seq17409@11,seq3933@89,0.9999999999999999
seq17409@11,seq790@69,0.9999999999999999
seq17409@11,seq6125@27,0.9999999999999999
seq17409@11,seq6626@23,0.9999999999999999
seq17409@11,seq7288@20,0.9999999999999999
seq17409@11,seq7254@18,0.9999999999999999
seq17409@11,seq670@10,0.9999999999999999
seq17409@11,seq12982@9,0.9999999999999999
seq17409@11,seq9@51735,0.9999999999999999
seq17409@11,seq3601@23,0.9999999999999999
seq6330@45,seq11363@7,0.9999999999999999
seq6330@45,seq15488@13,0.9999999999999999
seq6330@45,seq13789@7,0.9999999999999999
seq6330@45,seq7049@10,0.9999999999999999
seq6330@45,seq3986@17,0.9999999999999999
seq6330@45,seq15985@7,0.9999999999999999
seq6330@45,seq3550@9,0.9999999999999999
seq6330@45,seq21318@7,0.9878787878787878
seq6330@45,seq21995@11,0.9999999999999999
seq6330@45,seq1557@73,0.9999999999999999
seq6330@45,seq2962@30,0.9999999999999999
seq6330@45,seq74@16,0.9999999999999999
seq6330@45,seq3933@89,0.9999999999999999
seq6330@45,seq790@69,0.9999999999999999
seq6330@45,seq6125@27,0.9999999999999999
seq6330@45,seq6626@23,0.9999999999999999
seq6330@45,seq7288@20,0.9999999999999999
seq6330@45,seq7254@18,0.9999999999999999
seq6330@45,seq670@10,0.9999999999999999
seq6330@45,seq12982@9,0.9999999999999999
seq6330@45,seq9@51735,0.9999999999999999
seq6330@45,seq3601@23,0.9999999999999999
seq11363@7,seq15488@13,0.9999999999999999
seq11363@7,seq13789@7,0.9999999999999999
seq11363@7,seq7049@10,0.9999999999999999
seq11363@7,seq3986@17,0.9999999999999999
seq11363@7,seq15985@7,0.9999999999999999
seq11363@7,seq3550@9,0.9999999999999999
seq11363@7,seq21318@7,0.9878787878787878
seq11363@7,seq21995@11,0.9999999999999999
seq11363@7,seq1557@73,0.9999999999999999
seq11363@7,seq2962@30,0.9999999999999999
seq11363@7,seq74@16,0.9999999999999999
seq11363@7,seq3933@89,0.9999999999999999
seq11363@7,seq790@69,0.9999999999999999
seq11363@7,seq6125@27,0.9999999999999999
seq11363@7,seq6626@23,0.9999999999999999
seq11363@7,seq7288@20,0.9999999999999999
seq11363@7,seq7254@18,0.9999999999999999
seq11363@7,seq670@10,0.9999999999999999
seq11363@7,seq12982@9,0.9999999999999999
seq11363@7,seq9@51735,0.9999999999999999
seq11363@7,seq3601@23,0.9999999999999999
seq15488@13,seq13789@7,0.9999999999999999
seq15488@13,seq7049@10,0.9999999999999999
seq15488@13,seq3986@17,0.9999999999999999
seq15488@13,seq15985@7,0.9999999999999999
seq15488@13,seq3550@9,0.9999999999999999
seq15488@13,seq21318@7,0.9878787878787878
seq15488@13,seq21995@11,0.9999999999999999
seq15488@13,seq1557@73,0.9999999999999999
seq15488@13,seq2962@30,0.9999999999999999
seq15488@13,seq74@16,0.9999999999999999
seq15488@13,seq3933@89,0.9999999999999999
seq15488@13,seq790@69,0.9999999999999999
seq15488@13,seq6125@27,0.9999999999999999
seq15488@13,seq6626@23,0.9999999999999999
seq15488@13,seq7288@20,0.9999999999999999
seq15488@13,seq7254@18,0.9999999999999999
seq15488@13,seq670@10,0.9999999999999999
seq15488@13,seq12982@9,0.9999999999999999
seq15488@13,seq9@51735,0.9999999999999999
seq15488@13,seq3601@23,0.9999999999999999
seq13789@7,seq7049@10,0.9999999999999999
seq13789@7,seq3986@17,0.9999999999999999
seq13789@7,seq15985@7,0.9999999999999999
seq13789@7,seq3550@9,0.9999999999999999
seq13789@7,seq21318@7,0.9878787878787878
seq13789@7,seq21995@11,0.9999999999999999
seq13789@7,seq1557@73,0.9999999999999999
seq13789@7,seq2962@30,0.9999999999999999
seq13789@7,seq74@16,0.9999999999999999
seq13789@7,seq3933@89,0.9999999999999999
seq13789@7,seq790@69,0.9999999999999999
seq13789@7,seq6125@27,0.9999999999999999
seq13789@7,seq6626@23,0.9999999999999999
seq13789@7,seq7288@20,0.9999999999999999
seq13789@7,seq7254@18,0.9999999999999999
seq13789@7,seq670@10,0.9999999999999999
seq13789@7,seq12982@9,0.9999999999999999
seq13789@7,seq9@51735,0.9999999999999999
seq13789@7,seq3601@23,0.9999999999999999
seq7049@10,seq3986@17,0.9999999999999999
seq7049@10,seq15985@7,0.9999999999999999
seq7049@10,seq3550@9,0.9999999999999999
seq7049@10,seq21318@7,0.9878787878787878
seq7049@10,seq21995@11,0.9999999999999999
seq7049@10,seq1557@73,0.9999999999999999
seq7049@10,seq2962@30,0.9999999999999999
seq7049@10,seq74@16,0.9999999999999999
seq7049@10,seq3933@89,0.9999999999999999
seq7049@10,seq790@69,0.9999999999999999
seq7049@10,seq6125@27,0.9999999999999999
seq7049@10,seq6626@23,0.9999999999999999
seq7049@10,seq7288@20,0.9999999999999999
seq7049@10,seq7254@18,0.9999999999999999
seq7049@10,seq670@10,0.9999999999999999
seq7049@10,seq12982@9,0.9999999999999999
seq7049@10,seq9@51735,0.9999999999999999
seq7049@10,seq3601@23,0.9999999999999999
seq3986@17,seq15985@7,0.9999999999999999
seq3986@17,seq3550@9,0.9999999999999999
seq3986@17,seq21318@7,0.9878787878787878
seq3986@17,seq21995@11,0.9999999999999999
seq3986@17,seq1557@73,0.9999999999999999
seq3986@17,seq2962@30,0.9999999999999999
seq3986@17,seq74@16,0.9999999999999999
seq3986@17,seq3933@89,0.9999999999999999
seq3986@17,seq790@69,0.9999999999999999
seq3986@17,seq6125@27,0.9999999999999999
seq3986@17,seq6626@23,0.9999999999999999
seq3986@17,seq7288@20,0.9999999999999999
seq3986@17,seq7254@18,0.9999999999999999
seq3986@17,seq670@10,0.9999999999999999
seq3986@17,seq12982@9,0.9999999999999999
seq3986@17,seq9@51735,0.9999999999999999
seq3986@17,seq3601@23,0.9999999999999999
seq15985@7,seq3550@9,0.9999999999999999
seq15985@7,seq21318@7,0.9878787878787878
seq15985@7,seq21995@11,0.9999999999999999
seq15985@7,seq1557@73,0.9999999999999999
seq15985@7,seq2962@30,0.9999999999999999
seq15985@7,seq74@16,0.9999999999999999
seq15985@7,seq3933@89,0.9999999999999999
seq15985@7,seq790@69,0.9999999999999999
seq15985@7,seq6125@27,0.9999999999999999
seq15985@7,seq6626@23,0.9999999999999999
seq15985@7,seq7288@20,0.9999999999999999
seq15985@7,seq7254@18,0.9999999999999999
seq15985@7,seq670@10,0.9999999999999999
seq15985@7,seq12982@9,0.9999999999999999
seq15985@7,seq9@51735,0.9999999999999999
seq15985@7,seq3601@23,0.9999999999999999
seq3550@9,seq21318@7,0.9878787878787878
seq3550@9,seq21995@11,0.9999999999999999
seq3550@9,seq1557@73,0.9999999999999999
seq3550@9,seq2962@30,0.9999999999999999
seq3550@9,seq74@16,0.9999999999999999
seq3550@9,seq3933@89,0.9999999999999999
seq3550@9,seq790@69,0.9999999999999999
seq3550@9,seq6125@27,0.9999999999999999
seq3550@9,seq6626@23,0.9999999999999999
seq3550@9,seq7288@20,0.9999999999999999
seq3550@9,seq7254@18,0.9999999999999999
seq3550@9,seq670@10,0.9999999999999999
seq3550@9,seq12982@9,0.9999999999999999
seq3550@9,seq9@51735,0.9999999999999999
seq3550@9,seq3601@23,0.9999999999999999
seq21318@7,seq21995@11,0.9878787878787878
seq21318@7,seq1557@73,0.9878787878787878
seq21318@7,seq2962@30,0.9878787878787878
seq21318@7,seq74@16,0.9878787878787878
seq21318@7,seq3933@89,0.9878787878787878
seq21318@7,seq790@69,0.9878787878787878
seq21318@7,seq6125@27,0.9878787878787878
seq21318@7,seq6626@23,0.9878787878787878
seq21318@7,seq7288@20,0.9878787878787878
seq21318@7,seq7254@18,0.9878787878787878
seq21318@7,seq670@10,0.9878787878787878
seq21318@7,seq12982@9,0.9878787878787878
seq21318@7,seq9@51735,0.9878787878787878
seq21318@7,seq3601@23,0.9878787878787878
seq21995@11,seq1557@73,0.9999999999999999
seq21995@11,seq2962@30,0.9999999999999999
seq21995@11,seq74@16,0.9999999999999999
seq21995@11,seq3933@89,0.9999999999999999
seq21995@11,seq790@69,0.9999999999999999
seq21995@11,seq6125@27,0.9999999999999999
seq21995@11,seq6626@23,0.9999999999999999
seq21995@11,seq7288@20,0.9999999999999999
seq21995@11,seq7254@18,0.9999999999999999
seq21995@11,seq670@10,0.9999999999999999
seq21995@11,seq12982@9,0.9999999999999999
seq21995@11,seq9@51735,0.9999999999999999
seq21995@11,seq3601@23,0.9999999999999999
seq1557@73,seq2962@30,0.9999999999999999
seq1557@73,seq74@16,0.9999999999999999
seq1557@73,seq3933@89,0.9999999999999999
seq1557@73,seq790@69,0.9999999999999999
seq1557@73,seq6125@27,0.9999999999999999
seq1557@73,seq6626@23,0.9999999999999999
seq1557@73,seq7288@20,0.9999999999999999
seq1557@73,seq7254@18,0.9999999999999999
seq1557@73,seq670@10,0.9999999999999999
seq1557@73,seq12982@9,0.9999999999999999
seq1557@73,seq9@51735,0.9999999999999999
seq1557@73,seq3601@23,0.9999999999999999
seq2962@30,seq74@16,0.9999999999999999
seq2962@30,seq3933@89,0.9999999999999999
seq2962@30,seq790@69,0.9999999999999999
seq2962@30,seq6125@27,0.9999999999999999
seq2962@30,seq6626@23,0.9999999999999999
seq2962@30,seq7288@20,0.9999999999999999
seq2962@30,seq7254@18,0.9999999999999999
seq2962@30,seq670@10,0.9999999999999999
seq2962@30,seq12982@9,0.9999999999999999
seq2962@30,seq9@51735,0.9999999999999999
seq2962@30,seq3601@23,0.9999999999999999
seq74@16,seq3933@89,0.9999999999999999
seq74@16,seq790@69,0.9999999999999999
seq74@16,seq6125@27,0.9999999999999999
seq74@16,seq6626@23,0.9999999999999999
seq74@16,seq7288@20,0.9999999999999999
seq74@16,seq7254@18,0.9999999999999999
seq74@16,seq670@10,0.9999999999999999
seq74@16,seq12982@9,0.9999999999999999
seq74@16,seq9@51735,0.9999999999999999
seq74@16,seq3601@23,0.9999999999999999
seq3933@89,seq790@69,0.9999999999999999
seq3933@89,seq6125@27,0.9999999999999999
seq3933@89,seq6626@23,0.9999999999999999
seq3933@89,seq7288@20,0.9999999999999999
seq3933@89,seq7254@18,0.9999999999999999
seq3933@89,seq670@10,0.9999999999999999
seq3933@89,seq12982@9,0.9999999999999999
seq3933@89,seq9@51735,0.9999999999999999
seq3933@89,seq3601@23,0.9999999999999999
seq790@69,seq6125@27,0.9999999999999999
seq790@69,seq6626@23,0.9999999999999999
seq790@69,seq7288@20,0.9999999999999999
seq790@69,seq7254@18,0.9999999999999999
seq790@69,seq670@10,0.9999999999999999
seq790@69,seq12982@9,0.9999999999999999
seq790@69,seq9@51735,0.9999999999999999
seq790@69,seq3601@23,0.9999999999999999
seq6125@27,seq6626@23,0.9999999999999999
seq6125@27,seq7288@20,0.9999999999999999
seq6125@27,seq7254@18,0.9999999999999999
seq6125@27,seq670@10,0.9999999999999999
seq6125@27,seq12982@9,0.9999999999999999
seq6125@27,seq9@51735,0.9999999999999999
seq6125@27,seq3601@23,0.9999999999999999
seq6626@23,seq7288@20,0.9999999999999999
seq6626@23,seq7254@18,0.9999999999999999
seq6626@23,seq670@10,0.9999999999999999
seq6626@23,seq12982@9,0.9999999999999999
seq6626@23,seq9@51735,0.9999999999999999
seq6626@23,seq3601@23,0.9999999999999999
seq7288@20,seq7254@18,0.9999999999999999
seq7288@20,seq670@10,0.9999999999999999
seq7288@20,seq12982@9,0.9999999999999999
seq7288@20,seq9@51735,0.9999999999999999
seq7288@20,seq3601@23,0.9999999999999999
seq7254@18,seq670@10,0.9999999999999999
seq7254@18,seq12982@9,0.9999999999999999
seq7254@18,seq9@51735,0.9999999999999999
seq7254@18,seq3601@23,0.9999999999999999
seq670@10,seq12982@9,0.9999999999999999
seq670@10,seq9@51735,0.9999999999999999
seq670@10,seq3601@23,0.9999999999999999
seq12982@9,seq9@51735,0.9999999999999999
seq12982@9,seq3601@23,0.9999999999999999
seq9@51735,seq3601@23,0.9999999999999999
