Protein1,Protein2,SpearmanSimilarity
seq7427@71,seq1233@87,0.9999999999999999
seq7427@71,naive,0.9999999999999999
seq7427@71,seq61245@9,0.9878787878787878
seq7427@71,seq68@13304,0.9999999999999999
seq7427@71,seq4410@15,0.9999999999999999
seq7427@71,seq18335@38,0.9999999999999999
seq7427@71,seq5743@24,0.9999999999999999
seq7427@71,seq28851@8,0.9999999999999999
seq7427@71,seq1329@22,0.9878787878787878
seq7427@71,seq19781@7,0.9999999999999999
seq7427@71,seq1258@14,0.9999999999999999
seq7427@71,seq1898@10,0.9999999999999999
seq7427@71,seq15455@8,0.9999999999999999
seq7427@71,seq7@1691,0.9999999999999999
seq7427@71,seq1228@138,0.9999999999999999
seq7427@71,seq545@25,0.9999999999999999
seq7427@71,seq20716@7,0.9999999999999999
seq7427@71,seq7214@20,0.9999999999999999
seq7427@71,seq8306@8,0.9999999999999999
seq7427@71,seq391@21,0.9999999999999999
seq7427@71,seq444@299,0.9999999999999999
seq7427@71,seq245@297,0.9999999999999999
seq7427@71,seq20275@7,0.9999999999999999
seq7427@71,seq527@25,0.9999999999999999
seq7427@71,seq11146@28,0.9999999999999999
seq7427@71,seq855@17,0.9878787878787878
seq7427@71,seq1813@95,0.9999999999999999
seq7427@71,seq11828@13,0.9999999999999999
seq7427@71,seq24695@20,0.9999999999999999
seq7427@71,seq3336@8,0.9999999999999999
seq7427@71,seq1826@24,0.9878787878787878
seq7427@71,seq28133@8,0.9999999999999999
seq7427@71,seq6101@16,0.9999999999999999
seq7427@71,seq7922@7,0.9999999999999999
seq7427@71,seq1583@7,0.9999999999999999
seq7427@71,seq1838@20,0.9999999999999999
seq7427@71,seq336@7,0.9999999999999999
seq7427@71,seq2965@11,0.9999999999999999
seq7427@71,seq456@44,0.9999999999999999
seq7427@71,seq295@71,0.9999999999999999
seq7427@71,seq578@56,0.9999999999999999
seq7427@71,seq16975@37,0.9999999999999999
seq7427@71,seq98@28,0.9999999999999999
seq7427@71,seq2098@24,0.9999999999999999
seq7427@71,seq8485@18,0.9999999999999999
seq7427@71,seq2603@17,0.9999999999999999
seq7427@71,seq29568@15,0.9999999999999999
seq7427@71,seq12704@11,0.9999999999999999
seq7427@71,seq6072@10,0.9999999999999999
seq7427@71,seq14608@9,0.9999999999999999
seq7427@71,seq16280@8,0.9999999999999999
seq7427@71,seq21536@8,0.996965091635306
seq7427@71,seq9319@7,0.9999999999999999
seq7427@71,seq11034@8,0.9999999999999999
seq7427@71,seq4757@19,0.9999999999999999
seq7427@71,seq5510@8,0.9999999999999999
seq7427@71,seq11@25930,0.9999999999999999
seq7427@71,seq2144@61,0.9999999999999999
seq7427@71,seq2848@18,0.9999999999999999
seq7427@71,seq195@22,0.9999999999999999
seq7427@71,seq1101@13,0.9999999999999999
seq7427@71,seq16645@27,0.9999999999999999
seq7427@71,seq14175@11,0.9999999999999999
seq7427@71,seq4640@14,0.9999999999999999
seq7427@71,seq14017@10,0.9999999999999999
seq7427@71,seq4307@13,0.9999999999999999
seq7427@71,seq9443@8,0.9999999999999999
seq7427@71,seq3255@18,0.9999999999999999
seq7427@71,seq4118@7,0.9999999999999999
seq7427@71,seq9960@8,0.9999999999999999
seq7427@71,seq29659@7,0.9999999999999999
seq7427@71,seq3722@14,0.9999999999999999
seq7427@71,seq1724@14,0.9999999999999999
seq7427@71,seq835@22,0.9999999999999999
seq7427@71,seq12537@11,0.9999999999999999
seq7427@71,seq1869@18,0.9999999999999999
seq7427@71,seq2266@81,0.9999999999999999
seq7427@71,seq2854@74,0.9999999999999999
seq7427@71,seq1236@51,0.9999999999999999
seq7427@71,seq118@39,0.9999999999999999
seq7427@71,seq484@38,0.9999999999999999
seq7427@71,seq2697@34,0.9999999999999999
seq7427@71,seq2760@31,0.9999999999999999
seq7427@71,seq2319@27,0.9999999999999999
seq7427@71,seq186@24,0.9999999999999999
seq7427@71,seq2227@18,0.9878787878787878
seq7427@71,seq2908@15,0.9999999999999999
seq7427@71,seq11864@11,0.9999999999999999
seq7427@71,seq9055@9,0.9999999999999999
seq7427@71,seq14635@7,0.9999999999999999
seq7427@71,seq17661@7,0.9999999999999999
seq7427@71,seq26691@7,0.9999999999999999
seq7427@71,seq5@26577,0.9999999999999999
seq7427@71,seq8147@25,0.9999999999999999
seq1233@87,naive,0.9999999999999999
seq1233@87,seq61245@9,0.9878787878787878
seq1233@87,seq68@13304,0.9999999999999999
seq1233@87,seq4410@15,0.9999999999999999
seq1233@87,seq18335@38,0.9999999999999999
seq1233@87,seq5743@24,0.9999999999999999
seq1233@87,seq28851@8,0.9999999999999999
seq1233@87,seq1329@22,0.9878787878787878
seq1233@87,seq19781@7,0.9999999999999999
seq1233@87,seq1258@14,0.9999999999999999
seq1233@87,seq1898@10,0.9999999999999999
seq1233@87,seq15455@8,0.9999999999999999
seq1233@87,seq7@1691,0.9999999999999999
seq1233@87,seq1228@138,0.9999999999999999
seq1233@87,seq545@25,0.9999999999999999
seq1233@87,seq20716@7,0.9999999999999999
seq1233@87,seq7214@20,0.9999999999999999
seq1233@87,seq8306@8,0.9999999999999999
seq1233@87,seq391@21,0.9999999999999999
seq1233@87,seq444@299,0.9999999999999999
seq1233@87,seq245@297,0.9999999999999999
seq1233@87,seq20275@7,0.9999999999999999
seq1233@87,seq527@25,0.9999999999999999
seq1233@87,seq11146@28,0.9999999999999999
seq1233@87,seq855@17,0.9878787878787878
seq1233@87,seq1813@95,0.9999999999999999
seq1233@87,seq11828@13,0.9999999999999999
seq1233@87,seq24695@20,0.9999999999999999
seq1233@87,seq3336@8,0.9999999999999999
seq1233@87,seq1826@24,0.9878787878787878
seq1233@87,seq28133@8,0.9999999999999999
seq1233@87,seq6101@16,0.9999999999999999
seq1233@87,seq7922@7,0.9999999999999999
seq1233@87,seq1583@7,0.9999999999999999
seq1233@87,seq1838@20,0.9999999999999999
seq1233@87,seq336@7,0.9999999999999999
seq1233@87,seq2965@11,0.9999999999999999
seq1233@87,seq456@44,0.9999999999999999
seq1233@87,seq295@71,0.9999999999999999
seq1233@87,seq578@56,0.9999999999999999
seq1233@87,seq16975@37,0.9999999999999999
seq1233@87,seq98@28,0.9999999999999999
seq1233@87,seq2098@24,0.9999999999999999
seq1233@87,seq8485@18,0.9999999999999999
seq1233@87,seq2603@17,0.9999999999999999
seq1233@87,seq29568@15,0.9999999999999999
seq1233@87,seq12704@11,0.9999999999999999
seq1233@87,seq6072@10,0.9999999999999999
seq1233@87,seq14608@9,0.9999999999999999
seq1233@87,seq16280@8,0.9999999999999999
seq1233@87,seq21536@8,0.996965091635306
seq1233@87,seq9319@7,0.9999999999999999
seq1233@87,seq11034@8,0.9999999999999999
seq1233@87,seq4757@19,0.9999999999999999
seq1233@87,seq5510@8,0.9999999999999999
seq1233@87,seq11@25930,0.9999999999999999
seq1233@87,seq2144@61,0.9999999999999999
seq1233@87,seq2848@18,0.9999999999999999
seq1233@87,seq195@22,0.9999999999999999
seq1233@87,seq1101@13,0.9999999999999999
seq1233@87,seq16645@27,0.9999999999999999
seq1233@87,seq14175@11,0.9999999999999999
seq1233@87,seq4640@14,0.9999999999999999
seq1233@87,seq14017@10,0.9999999999999999
seq1233@87,seq4307@13,0.9999999999999999
seq1233@87,seq9443@8,0.9999999999999999
seq1233@87,seq3255@18,0.9999999999999999
seq1233@87,seq4118@7,0.9999999999999999
seq1233@87,seq9960@8,0.9999999999999999
seq1233@87,seq29659@7,0.9999999999999999
seq1233@87,seq3722@14,0.9999999999999999
seq1233@87,seq1724@14,0.9999999999999999
seq1233@87,seq835@22,0.9999999999999999
seq1233@87,seq12537@11,0.9999999999999999
seq1233@87,seq1869@18,0.9999999999999999
seq1233@87,seq2266@81,0.9999999999999999
seq1233@87,seq2854@74,0.9999999999999999
seq1233@87,seq1236@51,0.9999999999999999
seq1233@87,seq118@39,0.9999999999999999
seq1233@87,seq484@38,0.9999999999999999
seq1233@87,seq2697@34,0.9999999999999999
seq1233@87,seq2760@31,0.9999999999999999
seq1233@87,seq2319@27,0.9999999999999999
seq1233@87,seq186@24,0.9999999999999999
seq1233@87,seq2227@18,0.9878787878787878
seq1233@87,seq2908@15,0.9999999999999999
seq1233@87,seq11864@11,0.9999999999999999
seq1233@87,seq9055@9,0.9999999999999999
seq1233@87,seq14635@7,0.9999999999999999
seq1233@87,seq17661@7,0.9999999999999999
seq1233@87,seq26691@7,0.9999999999999999
seq1233@87,seq5@26577,0.9999999999999999
seq1233@87,seq8147@25,0.9999999999999999
naive,seq61245@9,0.9878787878787878
naive,seq68@13304,0.9999999999999999
naive,seq4410@15,0.9999999999999999
naive,seq18335@38,0.9999999999999999
naive,seq5743@24,0.9999999999999999
naive,seq28851@8,0.9999999999999999
naive,seq1329@22,0.9878787878787878
naive,seq19781@7,0.9999999999999999
naive,seq1258@14,0.9999999999999999
naive,seq1898@10,0.9999999999999999
naive,seq15455@8,0.9999999999999999
naive,seq7@1691,0.9999999999999999
naive,seq1228@138,0.9999999999999999
naive,seq545@25,0.9999999999999999
naive,seq20716@7,0.9999999999999999
naive,seq7214@20,0.9999999999999999
naive,seq8306@8,0.9999999999999999
naive,seq391@21,0.9999999999999999
naive,seq444@299,0.9999999999999999
naive,seq245@297,0.9999999999999999
naive,seq20275@7,0.9999999999999999
naive,seq527@25,0.9999999999999999
naive,seq11146@28,0.9999999999999999
naive,seq855@17,0.9878787878787878
naive,seq1813@95,0.9999999999999999
naive,seq11828@13,0.9999999999999999
naive,seq24695@20,0.9999999999999999
naive,seq3336@8,0.9999999999999999
naive,seq1826@24,0.9878787878787878
naive,seq28133@8,0.9999999999999999
naive,seq6101@16,0.9999999999999999
naive,seq7922@7,0.9999999999999999
naive,seq1583@7,0.9999999999999999
naive,seq1838@20,0.9999999999999999
naive,seq336@7,0.9999999999999999
naive,seq2965@11,0.9999999999999999
naive,seq456@44,0.9999999999999999
naive,seq295@71,0.9999999999999999
naive,seq578@56,0.9999999999999999
naive,seq16975@37,0.9999999999999999
naive,seq98@28,0.9999999999999999
naive,seq2098@24,0.9999999999999999
naive,seq8485@18,0.9999999999999999
naive,seq2603@17,0.9999999999999999
naive,seq29568@15,0.9999999999999999
naive,seq12704@11,0.9999999999999999
naive,seq6072@10,0.9999999999999999
naive,seq14608@9,0.9999999999999999
naive,seq16280@8,0.9999999999999999
naive,seq21536@8,0.996965091635306
naive,seq9319@7,0.9999999999999999
naive,seq11034@8,0.9999999999999999
naive,seq4757@19,0.9999999999999999
naive,seq5510@8,0.9999999999999999
naive,seq11@25930,0.9999999999999999
naive,seq2144@61,0.9999999999999999
naive,seq2848@18,0.9999999999999999
naive,seq195@22,0.9999999999999999
naive,seq1101@13,0.9999999999999999
naive,seq16645@27,0.9999999999999999
naive,seq14175@11,0.9999999999999999
naive,seq4640@14,0.9999999999999999
naive,seq14017@10,0.9999999999999999
naive,seq4307@13,0.9999999999999999
naive,seq9443@8,0.9999999999999999
naive,seq3255@18,0.9999999999999999
naive,seq4118@7,0.9999999999999999
naive,seq9960@8,0.9999999999999999
naive,seq29659@7,0.9999999999999999
naive,seq3722@14,0.9999999999999999
naive,seq1724@14,0.9999999999999999
naive,seq835@22,0.9999999999999999
naive,seq12537@11,0.9999999999999999
naive,seq1869@18,0.9999999999999999
naive,seq2266@81,0.9999999999999999
naive,seq2854@74,0.9999999999999999
naive,seq1236@51,0.9999999999999999
naive,seq118@39,0.9999999999999999
naive,seq484@38,0.9999999999999999
naive,seq2697@34,0.9999999999999999
naive,seq2760@31,0.9999999999999999
naive,seq2319@27,0.9999999999999999
naive,seq186@24,0.9999999999999999
naive,seq2227@18,0.9878787878787878
naive,seq2908@15,0.9999999999999999
naive,seq11864@11,0.9999999999999999
naive,seq9055@9,0.9999999999999999
naive,seq14635@7,0.9999999999999999
naive,seq17661@7,0.9999999999999999
naive,seq26691@7,0.9999999999999999
naive,seq5@26577,0.9999999999999999
naive,seq8147@25,0.9999999999999999
seq61245@9,seq68@13304,0.9878787878787878
seq61245@9,seq4410@15,0.9878787878787878
seq61245@9,seq18335@38,0.9878787878787878
seq61245@9,seq5743@24,0.9878787878787878
seq61245@9,seq28851@8,0.9878787878787878
seq61245@9,seq1329@22,0.9999999999999999
seq61245@9,seq19781@7,0.9878787878787878
seq61245@9,seq1258@14,0.9878787878787878
seq61245@9,seq1898@10,0.9878787878787878
seq61245@9,seq15455@8,0.9878787878787878
seq61245@9,seq7@1691,0.9878787878787878
seq61245@9,seq1228@138,0.9878787878787878
seq61245@9,seq545@25,0.9878787878787878
seq61245@9,seq20716@7,0.9878787878787878
seq61245@9,seq7214@20,0.9878787878787878
seq61245@9,seq8306@8,0.9878787878787878
seq61245@9,seq391@21,0.9878787878787878
seq61245@9,seq444@299,0.9878787878787878
seq61245@9,seq245@297,0.9878787878787878
seq61245@9,seq20275@7,0.9878787878787878
seq61245@9,seq527@25,0.9878787878787878
seq61245@9,seq11146@28,0.9878787878787878
seq61245@9,seq855@17,0.9999999999999999
seq61245@9,seq1813@95,0.9878787878787878
seq61245@9,seq11828@13,0.9878787878787878
seq61245@9,seq24695@20,0.9878787878787878
seq61245@9,seq3336@8,0.9878787878787878
seq61245@9,seq1826@24,0.9636363636363635
seq61245@9,seq28133@8,0.9878787878787878
seq61245@9,seq6101@16,0.9878787878787878
seq61245@9,seq7922@7,0.9878787878787878
seq61245@9,seq1583@7,0.9878787878787878
seq61245@9,seq1838@20,0.9878787878787878
seq61245@9,seq336@7,0.9878787878787878
seq61245@9,seq2965@11,0.9878787878787878
seq61245@9,seq456@44,0.9878787878787878
seq61245@9,seq295@71,0.9878787878787878
seq61245@9,seq578@56,0.9878787878787878
seq61245@9,seq16975@37,0.9878787878787878
seq61245@9,seq98@28,0.9878787878787878
seq61245@9,seq2098@24,0.9878787878787878
seq61245@9,seq8485@18,0.9878787878787878
seq61245@9,seq2603@17,0.9878787878787878
seq61245@9,seq29568@15,0.9878787878787878
seq61245@9,seq12704@11,0.9878787878787878
seq61245@9,seq6072@10,0.9878787878787878
seq61245@9,seq14608@9,0.9878787878787878
seq61245@9,seq16280@8,0.9878787878787878
seq61245@9,seq21536@8,0.996965091635306
seq61245@9,seq9319@7,0.9878787878787878
seq61245@9,seq11034@8,0.9878787878787878
seq61245@9,seq4757@19,0.9878787878787878
seq61245@9,seq5510@8,0.9878787878787878
seq61245@9,seq11@25930,0.9878787878787878
seq61245@9,seq2144@61,0.9878787878787878
seq61245@9,seq2848@18,0.9878787878787878
seq61245@9,seq195@22,0.9878787878787878
seq61245@9,seq1101@13,0.9878787878787878
seq61245@9,seq16645@27,0.9878787878787878
seq61245@9,seq14175@11,0.9878787878787878
seq61245@9,seq4640@14,0.9878787878787878
seq61245@9,seq14017@10,0.9878787878787878
seq61245@9,seq4307@13,0.9878787878787878
seq61245@9,seq9443@8,0.9878787878787878
seq61245@9,seq3255@18,0.9878787878787878
seq61245@9,seq4118@7,0.9878787878787878
seq61245@9,seq9960@8,0.9878787878787878
seq61245@9,seq29659@7,0.9878787878787878
seq61245@9,seq3722@14,0.9878787878787878
seq61245@9,seq1724@14,0.9878787878787878
seq61245@9,seq835@22,0.9878787878787878
seq61245@9,seq12537@11,0.9878787878787878
seq61245@9,seq1869@18,0.9878787878787878
seq61245@9,seq2266@81,0.9878787878787878
seq61245@9,seq2854@74,0.9878787878787878
seq61245@9,seq1236@51,0.9878787878787878
seq61245@9,seq118@39,0.9878787878787878
seq61245@9,seq484@38,0.9878787878787878
seq61245@9,seq2697@34,0.9878787878787878
seq61245@9,seq2760@31,0.9878787878787878
seq61245@9,seq2319@27,0.9878787878787878
seq61245@9,seq186@24,0.9878787878787878
seq61245@9,seq2227@18,0.9999999999999999
seq61245@9,seq2908@15,0.9878787878787878
seq61245@9,seq11864@11,0.9878787878787878
seq61245@9,seq9055@9,0.9878787878787878
seq61245@9,seq14635@7,0.9878787878787878
seq61245@9,seq17661@7,0.9878787878787878
seq61245@9,seq26691@7,0.9878787878787878
seq61245@9,seq5@26577,0.9878787878787878
seq61245@9,seq8147@25,0.9878787878787878
seq68@13304,seq4410@15,0.9999999999999999
seq68@13304,seq18335@38,0.9999999999999999
seq68@13304,seq5743@24,0.9999999999999999
seq68@13304,seq28851@8,0.9999999999999999
seq68@13304,seq1329@22,0.9878787878787878
seq68@13304,seq19781@7,0.9999999999999999
seq68@13304,seq1258@14,0.9999999999999999
seq68@13304,seq1898@10,0.9999999999999999
seq68@13304,seq15455@8,0.9999999999999999
seq68@13304,seq7@1691,0.9999999999999999
seq68@13304,seq1228@138,0.9999999999999999
seq68@13304,seq545@25,0.9999999999999999
seq68@13304,seq20716@7,0.9999999999999999
seq68@13304,seq7214@20,0.9999999999999999
seq68@13304,seq8306@8,0.9999999999999999
seq68@13304,seq391@21,0.9999999999999999
seq68@13304,seq444@299,0.9999999999999999
seq68@13304,seq245@297,0.9999999999999999
seq68@13304,seq20275@7,0.9999999999999999
seq68@13304,seq527@25,0.9999999999999999
seq68@13304,seq11146@28,0.9999999999999999
seq68@13304,seq855@17,0.9878787878787878
seq68@13304,seq1813@95,0.9999999999999999
seq68@13304,seq11828@13,0.9999999999999999
seq68@13304,seq24695@20,0.9999999999999999
seq68@13304,seq3336@8,0.9999999999999999
seq68@13304,seq1826@24,0.9878787878787878
seq68@13304,seq28133@8,0.9999999999999999
seq68@13304,seq6101@16,0.9999999999999999
seq68@13304,seq7922@7,0.9999999999999999
seq68@13304,seq1583@7,0.9999999999999999
seq68@13304,seq1838@20,0.9999999999999999
seq68@13304,seq336@7,0.9999999999999999
seq68@13304,seq2965@11,0.9999999999999999
seq68@13304,seq456@44,0.9999999999999999
seq68@13304,seq295@71,0.9999999999999999
seq68@13304,seq578@56,0.9999999999999999
seq68@13304,seq16975@37,0.9999999999999999
seq68@13304,seq98@28,0.9999999999999999
seq68@13304,seq2098@24,0.9999999999999999
seq68@13304,seq8485@18,0.9999999999999999
seq68@13304,seq2603@17,0.9999999999999999
seq68@13304,seq29568@15,0.9999999999999999
seq68@13304,seq12704@11,0.9999999999999999
seq68@13304,seq6072@10,0.9999999999999999
seq68@13304,seq14608@9,0.9999999999999999
seq68@13304,seq16280@8,0.9999999999999999
seq68@13304,seq21536@8,0.996965091635306
seq68@13304,seq9319@7,0.9999999999999999
seq68@13304,seq11034@8,0.9999999999999999
seq68@13304,seq4757@19,0.9999999999999999
seq68@13304,seq5510@8,0.9999999999999999
seq68@13304,seq11@25930,0.9999999999999999
seq68@13304,seq2144@61,0.9999999999999999
seq68@13304,seq2848@18,0.9999999999999999
seq68@13304,seq195@22,0.9999999999999999
seq68@13304,seq1101@13,0.9999999999999999
seq68@13304,seq16645@27,0.9999999999999999
seq68@13304,seq14175@11,0.9999999999999999
seq68@13304,seq4640@14,0.9999999999999999
seq68@13304,seq14017@10,0.9999999999999999
seq68@13304,seq4307@13,0.9999999999999999
seq68@13304,seq9443@8,0.9999999999999999
seq68@13304,seq3255@18,0.9999999999999999
seq68@13304,seq4118@7,0.9999999999999999
seq68@13304,seq9960@8,0.9999999999999999
seq68@13304,seq29659@7,0.9999999999999999
seq68@13304,seq3722@14,0.9999999999999999
seq68@13304,seq1724@14,0.9999999999999999
seq68@13304,seq835@22,0.9999999999999999
seq68@13304,seq12537@11,0.9999999999999999
seq68@13304,seq1869@18,0.9999999999999999
seq68@13304,seq2266@81,0.9999999999999999
seq68@13304,seq2854@74,0.9999999999999999
seq68@13304,seq1236@51,0.9999999999999999
seq68@13304,seq118@39,0.9999999999999999
seq68@13304,seq484@38,0.9999999999999999
seq68@13304,seq2697@34,0.9999999999999999
seq68@13304,seq2760@31,0.9999999999999999
seq68@13304,seq2319@27,0.9999999999999999
seq68@13304,seq186@24,0.9999999999999999
seq68@13304,seq2227@18,0.9878787878787878
seq68@13304,seq2908@15,0.9999999999999999
seq68@13304,seq11864@11,0.9999999999999999
seq68@13304,seq9055@9,0.9999999999999999
seq68@13304,seq14635@7,0.9999999999999999
seq68@13304,seq17661@7,0.9999999999999999
seq68@13304,seq26691@7,0.9999999999999999
seq68@13304,seq5@26577,0.9999999999999999
seq68@13304,seq8147@25,0.9999999999999999
seq4410@15,seq18335@38,0.9999999999999999
seq4410@15,seq5743@24,0.9999999999999999
seq4410@15,seq28851@8,0.9999999999999999
seq4410@15,seq1329@22,0.9878787878787878
seq4410@15,seq19781@7,0.9999999999999999
seq4410@15,seq1258@14,0.9999999999999999
seq4410@15,seq1898@10,0.9999999999999999
seq4410@15,seq15455@8,0.9999999999999999
seq4410@15,seq7@1691,0.9999999999999999
seq4410@15,seq1228@138,0.9999999999999999
seq4410@15,seq545@25,0.9999999999999999
seq4410@15,seq20716@7,0.9999999999999999
seq4410@15,seq7214@20,0.9999999999999999
seq4410@15,seq8306@8,0.9999999999999999
seq4410@15,seq391@21,0.9999999999999999
seq4410@15,seq444@299,0.9999999999999999
seq4410@15,seq245@297,0.9999999999999999
seq4410@15,seq20275@7,0.9999999999999999
seq4410@15,seq527@25,0.9999999999999999
seq4410@15,seq11146@28,0.9999999999999999
seq4410@15,seq855@17,0.9878787878787878
seq4410@15,seq1813@95,0.9999999999999999
seq4410@15,seq11828@13,0.9999999999999999
seq4410@15,seq24695@20,0.9999999999999999
seq4410@15,seq3336@8,0.9999999999999999
seq4410@15,seq1826@24,0.9878787878787878
seq4410@15,seq28133@8,0.9999999999999999
seq4410@15,seq6101@16,0.9999999999999999
seq4410@15,seq7922@7,0.9999999999999999
seq4410@15,seq1583@7,0.9999999999999999
seq4410@15,seq1838@20,0.9999999999999999
seq4410@15,seq336@7,0.9999999999999999
seq4410@15,seq2965@11,0.9999999999999999
seq4410@15,seq456@44,0.9999999999999999
seq4410@15,seq295@71,0.9999999999999999
seq4410@15,seq578@56,0.9999999999999999
seq4410@15,seq16975@37,0.9999999999999999
seq4410@15,seq98@28,0.9999999999999999
seq4410@15,seq2098@24,0.9999999999999999
seq4410@15,seq8485@18,0.9999999999999999
seq4410@15,seq2603@17,0.9999999999999999
seq4410@15,seq29568@15,0.9999999999999999
seq4410@15,seq12704@11,0.9999999999999999
seq4410@15,seq6072@10,0.9999999999999999
seq4410@15,seq14608@9,0.9999999999999999
seq4410@15,seq16280@8,0.9999999999999999
seq4410@15,seq21536@8,0.996965091635306
seq4410@15,seq9319@7,0.9999999999999999
seq4410@15,seq11034@8,0.9999999999999999
seq4410@15,seq4757@19,0.9999999999999999
seq4410@15,seq5510@8,0.9999999999999999
seq4410@15,seq11@25930,0.9999999999999999
seq4410@15,seq2144@61,0.9999999999999999
seq4410@15,seq2848@18,0.9999999999999999
seq4410@15,seq195@22,0.9999999999999999
seq4410@15,seq1101@13,0.9999999999999999
seq4410@15,seq16645@27,0.9999999999999999
seq4410@15,seq14175@11,0.9999999999999999
seq4410@15,seq4640@14,0.9999999999999999
seq4410@15,seq14017@10,0.9999999999999999
seq4410@15,seq4307@13,0.9999999999999999
seq4410@15,seq9443@8,0.9999999999999999
seq4410@15,seq3255@18,0.9999999999999999
seq4410@15,seq4118@7,0.9999999999999999
seq4410@15,seq9960@8,0.9999999999999999
seq4410@15,seq29659@7,0.9999999999999999
seq4410@15,seq3722@14,0.9999999999999999
seq4410@15,seq1724@14,0.9999999999999999
seq4410@15,seq835@22,0.9999999999999999
seq4410@15,seq12537@11,0.9999999999999999
seq4410@15,seq1869@18,0.9999999999999999
seq4410@15,seq2266@81,0.9999999999999999
seq4410@15,seq2854@74,0.9999999999999999
seq4410@15,seq1236@51,0.9999999999999999
seq4410@15,seq118@39,0.9999999999999999
seq4410@15,seq484@38,0.9999999999999999
seq4410@15,seq2697@34,0.9999999999999999
seq4410@15,seq2760@31,0.9999999999999999
seq4410@15,seq2319@27,0.9999999999999999
seq4410@15,seq186@24,0.9999999999999999
seq4410@15,seq2227@18,0.9878787878787878
seq4410@15,seq2908@15,0.9999999999999999
seq4410@15,seq11864@11,0.9999999999999999
seq4410@15,seq9055@9,0.9999999999999999
seq4410@15,seq14635@7,0.9999999999999999
seq4410@15,seq17661@7,0.9999999999999999
seq4410@15,seq26691@7,0.9999999999999999
seq4410@15,seq5@26577,0.9999999999999999
seq4410@15,seq8147@25,0.9999999999999999
seq18335@38,seq5743@24,0.9999999999999999
seq18335@38,seq28851@8,0.9999999999999999
seq18335@38,seq1329@22,0.9878787878787878
seq18335@38,seq19781@7,0.9999999999999999
seq18335@38,seq1258@14,0.9999999999999999
seq18335@38,seq1898@10,0.9999999999999999
seq18335@38,seq15455@8,0.9999999999999999
seq18335@38,seq7@1691,0.9999999999999999
seq18335@38,seq1228@138,0.9999999999999999
seq18335@38,seq545@25,0.9999999999999999
seq18335@38,seq20716@7,0.9999999999999999
seq18335@38,seq7214@20,0.9999999999999999
seq18335@38,seq8306@8,0.9999999999999999
seq18335@38,seq391@21,0.9999999999999999
seq18335@38,seq444@299,0.9999999999999999
seq18335@38,seq245@297,0.9999999999999999
seq18335@38,seq20275@7,0.9999999999999999
seq18335@38,seq527@25,0.9999999999999999
seq18335@38,seq11146@28,0.9999999999999999
seq18335@38,seq855@17,0.9878787878787878
seq18335@38,seq1813@95,0.9999999999999999
seq18335@38,seq11828@13,0.9999999999999999
seq18335@38,seq24695@20,0.9999999999999999
seq18335@38,seq3336@8,0.9999999999999999
seq18335@38,seq1826@24,0.9878787878787878
seq18335@38,seq28133@8,0.9999999999999999
seq18335@38,seq6101@16,0.9999999999999999
seq18335@38,seq7922@7,0.9999999999999999
seq18335@38,seq1583@7,0.9999999999999999
seq18335@38,seq1838@20,0.9999999999999999
seq18335@38,seq336@7,0.9999999999999999
seq18335@38,seq2965@11,0.9999999999999999
seq18335@38,seq456@44,0.9999999999999999
seq18335@38,seq295@71,0.9999999999999999
seq18335@38,seq578@56,0.9999999999999999
seq18335@38,seq16975@37,0.9999999999999999
seq18335@38,seq98@28,0.9999999999999999
seq18335@38,seq2098@24,0.9999999999999999
seq18335@38,seq8485@18,0.9999999999999999
seq18335@38,seq2603@17,0.9999999999999999
seq18335@38,seq29568@15,0.9999999999999999
seq18335@38,seq12704@11,0.9999999999999999
seq18335@38,seq6072@10,0.9999999999999999
seq18335@38,seq14608@9,0.9999999999999999
seq18335@38,seq16280@8,0.9999999999999999
seq18335@38,seq21536@8,0.996965091635306
seq18335@38,seq9319@7,0.9999999999999999
seq18335@38,seq11034@8,0.9999999999999999
seq18335@38,seq4757@19,0.9999999999999999
seq18335@38,seq5510@8,0.9999999999999999
seq18335@38,seq11@25930,0.9999999999999999
seq18335@38,seq2144@61,0.9999999999999999
seq18335@38,seq2848@18,0.9999999999999999
seq18335@38,seq195@22,0.9999999999999999
seq18335@38,seq1101@13,0.9999999999999999
seq18335@38,seq16645@27,0.9999999999999999
seq18335@38,seq14175@11,0.9999999999999999
seq18335@38,seq4640@14,0.9999999999999999
seq18335@38,seq14017@10,0.9999999999999999
seq18335@38,seq4307@13,0.9999999999999999
seq18335@38,seq9443@8,0.9999999999999999
seq18335@38,seq3255@18,0.9999999999999999
seq18335@38,seq4118@7,0.9999999999999999
seq18335@38,seq9960@8,0.9999999999999999
seq18335@38,seq29659@7,0.9999999999999999
seq18335@38,seq3722@14,0.9999999999999999
seq18335@38,seq1724@14,0.9999999999999999
seq18335@38,seq835@22,0.9999999999999999
seq18335@38,seq12537@11,0.9999999999999999
seq18335@38,seq1869@18,0.9999999999999999
seq18335@38,seq2266@81,0.9999999999999999
seq18335@38,seq2854@74,0.9999999999999999
seq18335@38,seq1236@51,0.9999999999999999
seq18335@38,seq118@39,0.9999999999999999
seq18335@38,seq484@38,0.9999999999999999
seq18335@38,seq2697@34,0.9999999999999999
seq18335@38,seq2760@31,0.9999999999999999
seq18335@38,seq2319@27,0.9999999999999999
seq18335@38,seq186@24,0.9999999999999999
seq18335@38,seq2227@18,0.9878787878787878
seq18335@38,seq2908@15,0.9999999999999999
seq18335@38,seq11864@11,0.9999999999999999
seq18335@38,seq9055@9,0.9999999999999999
seq18335@38,seq14635@7,0.9999999999999999
seq18335@38,seq17661@7,0.9999999999999999
seq18335@38,seq26691@7,0.9999999999999999
seq18335@38,seq5@26577,0.9999999999999999
seq18335@38,seq8147@25,0.9999999999999999
seq5743@24,seq28851@8,0.9999999999999999
seq5743@24,seq1329@22,0.9878787878787878
seq5743@24,seq19781@7,0.9999999999999999
seq5743@24,seq1258@14,0.9999999999999999
seq5743@24,seq1898@10,0.9999999999999999
seq5743@24,seq15455@8,0.9999999999999999
seq5743@24,seq7@1691,0.9999999999999999
seq5743@24,seq1228@138,0.9999999999999999
seq5743@24,seq545@25,0.9999999999999999
seq5743@24,seq20716@7,0.9999999999999999
seq5743@24,seq7214@20,0.9999999999999999
seq5743@24,seq8306@8,0.9999999999999999
seq5743@24,seq391@21,0.9999999999999999
seq5743@24,seq444@299,0.9999999999999999
seq5743@24,seq245@297,0.9999999999999999
seq5743@24,seq20275@7,0.9999999999999999
seq5743@24,seq527@25,0.9999999999999999
seq5743@24,seq11146@28,0.9999999999999999
seq5743@24,seq855@17,0.9878787878787878
seq5743@24,seq1813@95,0.9999999999999999
seq5743@24,seq11828@13,0.9999999999999999
seq5743@24,seq24695@20,0.9999999999999999
seq5743@24,seq3336@8,0.9999999999999999
seq5743@24,seq1826@24,0.9878787878787878
seq5743@24,seq28133@8,0.9999999999999999
seq5743@24,seq6101@16,0.9999999999999999
seq5743@24,seq7922@7,0.9999999999999999
seq5743@24,seq1583@7,0.9999999999999999
seq5743@24,seq1838@20,0.9999999999999999
seq5743@24,seq336@7,0.9999999999999999
seq5743@24,seq2965@11,0.9999999999999999
seq5743@24,seq456@44,0.9999999999999999
seq5743@24,seq295@71,0.9999999999999999
seq5743@24,seq578@56,0.9999999999999999
seq5743@24,seq16975@37,0.9999999999999999
seq5743@24,seq98@28,0.9999999999999999
seq5743@24,seq2098@24,0.9999999999999999
seq5743@24,seq8485@18,0.9999999999999999
seq5743@24,seq2603@17,0.9999999999999999
seq5743@24,seq29568@15,0.9999999999999999
seq5743@24,seq12704@11,0.9999999999999999
seq5743@24,seq6072@10,0.9999999999999999
seq5743@24,seq14608@9,0.9999999999999999
seq5743@24,seq16280@8,0.9999999999999999
seq5743@24,seq21536@8,0.996965091635306
seq5743@24,seq9319@7,0.9999999999999999
seq5743@24,seq11034@8,0.9999999999999999
seq5743@24,seq4757@19,0.9999999999999999
seq5743@24,seq5510@8,0.9999999999999999
seq5743@24,seq11@25930,0.9999999999999999
seq5743@24,seq2144@61,0.9999999999999999
seq5743@24,seq2848@18,0.9999999999999999
seq5743@24,seq195@22,0.9999999999999999
seq5743@24,seq1101@13,0.9999999999999999
seq5743@24,seq16645@27,0.9999999999999999
seq5743@24,seq14175@11,0.9999999999999999
seq5743@24,seq4640@14,0.9999999999999999
seq5743@24,seq14017@10,0.9999999999999999
seq5743@24,seq4307@13,0.9999999999999999
seq5743@24,seq9443@8,0.9999999999999999
seq5743@24,seq3255@18,0.9999999999999999
seq5743@24,seq4118@7,0.9999999999999999
seq5743@24,seq9960@8,0.9999999999999999
seq5743@24,seq29659@7,0.9999999999999999
seq5743@24,seq3722@14,0.9999999999999999
seq5743@24,seq1724@14,0.9999999999999999
seq5743@24,seq835@22,0.9999999999999999
seq5743@24,seq12537@11,0.9999999999999999
seq5743@24,seq1869@18,0.9999999999999999
seq5743@24,seq2266@81,0.9999999999999999
seq5743@24,seq2854@74,0.9999999999999999
seq5743@24,seq1236@51,0.9999999999999999
seq5743@24,seq118@39,0.9999999999999999
seq5743@24,seq484@38,0.9999999999999999
seq5743@24,seq2697@34,0.9999999999999999
seq5743@24,seq2760@31,0.9999999999999999
seq5743@24,seq2319@27,0.9999999999999999
seq5743@24,seq186@24,0.9999999999999999
seq5743@24,seq2227@18,0.9878787878787878
seq5743@24,seq2908@15,0.9999999999999999
seq5743@24,seq11864@11,0.9999999999999999
seq5743@24,seq9055@9,0.9999999999999999
seq5743@24,seq14635@7,0.9999999999999999
seq5743@24,seq17661@7,0.9999999999999999
seq5743@24,seq26691@7,0.9999999999999999
seq5743@24,seq5@26577,0.9999999999999999
seq5743@24,seq8147@25,0.9999999999999999
seq28851@8,seq1329@22,0.9878787878787878
seq28851@8,seq19781@7,0.9999999999999999
seq28851@8,seq1258@14,0.9999999999999999
seq28851@8,seq1898@10,0.9999999999999999
seq28851@8,seq15455@8,0.9999999999999999
seq28851@8,seq7@1691,0.9999999999999999
seq28851@8,seq1228@138,0.9999999999999999
seq28851@8,seq545@25,0.9999999999999999
seq28851@8,seq20716@7,0.9999999999999999
seq28851@8,seq7214@20,0.9999999999999999
seq28851@8,seq8306@8,0.9999999999999999
seq28851@8,seq391@21,0.9999999999999999
seq28851@8,seq444@299,0.9999999999999999
seq28851@8,seq245@297,0.9999999999999999
seq28851@8,seq20275@7,0.9999999999999999
seq28851@8,seq527@25,0.9999999999999999
seq28851@8,seq11146@28,0.9999999999999999
seq28851@8,seq855@17,0.9878787878787878
seq28851@8,seq1813@95,0.9999999999999999
seq28851@8,seq11828@13,0.9999999999999999
seq28851@8,seq24695@20,0.9999999999999999
seq28851@8,seq3336@8,0.9999999999999999
seq28851@8,seq1826@24,0.9878787878787878
seq28851@8,seq28133@8,0.9999999999999999
seq28851@8,seq6101@16,0.9999999999999999
seq28851@8,seq7922@7,0.9999999999999999
seq28851@8,seq1583@7,0.9999999999999999
seq28851@8,seq1838@20,0.9999999999999999
seq28851@8,seq336@7,0.9999999999999999
seq28851@8,seq2965@11,0.9999999999999999
seq28851@8,seq456@44,0.9999999999999999
seq28851@8,seq295@71,0.9999999999999999
seq28851@8,seq578@56,0.9999999999999999
seq28851@8,seq16975@37,0.9999999999999999
seq28851@8,seq98@28,0.9999999999999999
seq28851@8,seq2098@24,0.9999999999999999
seq28851@8,seq8485@18,0.9999999999999999
seq28851@8,seq2603@17,0.9999999999999999
seq28851@8,seq29568@15,0.9999999999999999
seq28851@8,seq12704@11,0.9999999999999999
seq28851@8,seq6072@10,0.9999999999999999
seq28851@8,seq14608@9,0.9999999999999999
seq28851@8,seq16280@8,0.9999999999999999
seq28851@8,seq21536@8,0.996965091635306
seq28851@8,seq9319@7,0.9999999999999999
seq28851@8,seq11034@8,0.9999999999999999
seq28851@8,seq4757@19,0.9999999999999999
seq28851@8,seq5510@8,0.9999999999999999
seq28851@8,seq11@25930,0.9999999999999999
seq28851@8,seq2144@61,0.9999999999999999
seq28851@8,seq2848@18,0.9999999999999999
seq28851@8,seq195@22,0.9999999999999999
seq28851@8,seq1101@13,0.9999999999999999
seq28851@8,seq16645@27,0.9999999999999999
seq28851@8,seq14175@11,0.9999999999999999
seq28851@8,seq4640@14,0.9999999999999999
seq28851@8,seq14017@10,0.9999999999999999
seq28851@8,seq4307@13,0.9999999999999999
seq28851@8,seq9443@8,0.9999999999999999
seq28851@8,seq3255@18,0.9999999999999999
seq28851@8,seq4118@7,0.9999999999999999
seq28851@8,seq9960@8,0.9999999999999999
seq28851@8,seq29659@7,0.9999999999999999
seq28851@8,seq3722@14,0.9999999999999999
seq28851@8,seq1724@14,0.9999999999999999
seq28851@8,seq835@22,0.9999999999999999
seq28851@8,seq12537@11,0.9999999999999999
seq28851@8,seq1869@18,0.9999999999999999
seq28851@8,seq2266@81,0.9999999999999999
seq28851@8,seq2854@74,0.9999999999999999
seq28851@8,seq1236@51,0.9999999999999999
seq28851@8,seq118@39,0.9999999999999999
seq28851@8,seq484@38,0.9999999999999999
seq28851@8,seq2697@34,0.9999999999999999
seq28851@8,seq2760@31,0.9999999999999999
seq28851@8,seq2319@27,0.9999999999999999
seq28851@8,seq186@24,0.9999999999999999
seq28851@8,seq2227@18,0.9878787878787878
seq28851@8,seq2908@15,0.9999999999999999
seq28851@8,seq11864@11,0.9999999999999999
seq28851@8,seq9055@9,0.9999999999999999
seq28851@8,seq14635@7,0.9999999999999999
seq28851@8,seq17661@7,0.9999999999999999
seq28851@8,seq26691@7,0.9999999999999999
seq28851@8,seq5@26577,0.9999999999999999
seq28851@8,seq8147@25,0.9999999999999999
seq1329@22,seq19781@7,0.9878787878787878
seq1329@22,seq1258@14,0.9878787878787878
seq1329@22,seq1898@10,0.9878787878787878
seq1329@22,seq15455@8,0.9878787878787878
seq1329@22,seq7@1691,0.9878787878787878
seq1329@22,seq1228@138,0.9878787878787878
seq1329@22,seq545@25,0.9878787878787878
seq1329@22,seq20716@7,0.9878787878787878
seq1329@22,seq7214@20,0.9878787878787878
seq1329@22,seq8306@8,0.9878787878787878
seq1329@22,seq391@21,0.9878787878787878
seq1329@22,seq444@299,0.9878787878787878
seq1329@22,seq245@297,0.9878787878787878
seq1329@22,seq20275@7,0.9878787878787878
seq1329@22,seq527@25,0.9878787878787878
seq1329@22,seq11146@28,0.9878787878787878
seq1329@22,seq855@17,0.9999999999999999
seq1329@22,seq1813@95,0.9878787878787878
seq1329@22,seq11828@13,0.9878787878787878
seq1329@22,seq24695@20,0.9878787878787878
seq1329@22,seq3336@8,0.9878787878787878
seq1329@22,seq1826@24,0.9636363636363635
seq1329@22,seq28133@8,0.9878787878787878
seq1329@22,seq6101@16,0.9878787878787878
seq1329@22,seq7922@7,0.9878787878787878
seq1329@22,seq1583@7,0.9878787878787878
seq1329@22,seq1838@20,0.9878787878787878
seq1329@22,seq336@7,0.9878787878787878
seq1329@22,seq2965@11,0.9878787878787878
seq1329@22,seq456@44,0.9878787878787878
seq1329@22,seq295@71,0.9878787878787878
seq1329@22,seq578@56,0.9878787878787878
seq1329@22,seq16975@37,0.9878787878787878
seq1329@22,seq98@28,0.9878787878787878
seq1329@22,seq2098@24,0.9878787878787878
seq1329@22,seq8485@18,0.9878787878787878
seq1329@22,seq2603@17,0.9878787878787878
seq1329@22,seq29568@15,0.9878787878787878
seq1329@22,seq12704@11,0.9878787878787878
seq1329@22,seq6072@10,0.9878787878787878
seq1329@22,seq14608@9,0.9878787878787878
seq1329@22,seq16280@8,0.9878787878787878
seq1329@22,seq21536@8,0.996965091635306
seq1329@22,seq9319@7,0.9878787878787878
seq1329@22,seq11034@8,0.9878787878787878
seq1329@22,seq4757@19,0.9878787878787878
seq1329@22,seq5510@8,0.9878787878787878
seq1329@22,seq11@25930,0.9878787878787878
seq1329@22,seq2144@61,0.9878787878787878
seq1329@22,seq2848@18,0.9878787878787878
seq1329@22,seq195@22,0.9878787878787878
seq1329@22,seq1101@13,0.9878787878787878
seq1329@22,seq16645@27,0.9878787878787878
seq1329@22,seq14175@11,0.9878787878787878
seq1329@22,seq4640@14,0.9878787878787878
seq1329@22,seq14017@10,0.9878787878787878
seq1329@22,seq4307@13,0.9878787878787878
seq1329@22,seq9443@8,0.9878787878787878
seq1329@22,seq3255@18,0.9878787878787878
seq1329@22,seq4118@7,0.9878787878787878
seq1329@22,seq9960@8,0.9878787878787878
seq1329@22,seq29659@7,0.9878787878787878
seq1329@22,seq3722@14,0.9878787878787878
seq1329@22,seq1724@14,0.9878787878787878
seq1329@22,seq835@22,0.9878787878787878
seq1329@22,seq12537@11,0.9878787878787878
seq1329@22,seq1869@18,0.9878787878787878
seq1329@22,seq2266@81,0.9878787878787878
seq1329@22,seq2854@74,0.9878787878787878
seq1329@22,seq1236@51,0.9878787878787878
seq1329@22,seq118@39,0.9878787878787878
seq1329@22,seq484@38,0.9878787878787878
seq1329@22,seq2697@34,0.9878787878787878
seq1329@22,seq2760@31,0.9878787878787878
seq1329@22,seq2319@27,0.9878787878787878
seq1329@22,seq186@24,0.9878787878787878
seq1329@22,seq2227@18,0.9999999999999999
seq1329@22,seq2908@15,0.9878787878787878
seq1329@22,seq11864@11,0.9878787878787878
seq1329@22,seq9055@9,0.9878787878787878
seq1329@22,seq14635@7,0.9878787878787878
seq1329@22,seq17661@7,0.9878787878787878
seq1329@22,seq26691@7,0.9878787878787878
seq1329@22,seq5@26577,0.9878787878787878
seq1329@22,seq8147@25,0.9878787878787878
seq19781@7,seq1258@14,0.9999999999999999
seq19781@7,seq1898@10,0.9999999999999999
seq19781@7,seq15455@8,0.9999999999999999
seq19781@7,seq7@1691,0.9999999999999999
seq19781@7,seq1228@138,0.9999999999999999
seq19781@7,seq545@25,0.9999999999999999
seq19781@7,seq20716@7,0.9999999999999999
seq19781@7,seq7214@20,0.9999999999999999
seq19781@7,seq8306@8,0.9999999999999999
seq19781@7,seq391@21,0.9999999999999999
seq19781@7,seq444@299,0.9999999999999999
seq19781@7,seq245@297,0.9999999999999999
seq19781@7,seq20275@7,0.9999999999999999
seq19781@7,seq527@25,0.9999999999999999
seq19781@7,seq11146@28,0.9999999999999999
seq19781@7,seq855@17,0.9878787878787878
seq19781@7,seq1813@95,0.9999999999999999
seq19781@7,seq11828@13,0.9999999999999999
seq19781@7,seq24695@20,0.9999999999999999
seq19781@7,seq3336@8,0.9999999999999999
seq19781@7,seq1826@24,0.9878787878787878
seq19781@7,seq28133@8,0.9999999999999999
seq19781@7,seq6101@16,0.9999999999999999
seq19781@7,seq7922@7,0.9999999999999999
seq19781@7,seq1583@7,0.9999999999999999
seq19781@7,seq1838@20,0.9999999999999999
seq19781@7,seq336@7,0.9999999999999999
seq19781@7,seq2965@11,0.9999999999999999
seq19781@7,seq456@44,0.9999999999999999
seq19781@7,seq295@71,0.9999999999999999
seq19781@7,seq578@56,0.9999999999999999
seq19781@7,seq16975@37,0.9999999999999999
seq19781@7,seq98@28,0.9999999999999999
seq19781@7,seq2098@24,0.9999999999999999
seq19781@7,seq8485@18,0.9999999999999999
seq19781@7,seq2603@17,0.9999999999999999
seq19781@7,seq29568@15,0.9999999999999999
seq19781@7,seq12704@11,0.9999999999999999
seq19781@7,seq6072@10,0.9999999999999999
seq19781@7,seq14608@9,0.9999999999999999
seq19781@7,seq16280@8,0.9999999999999999
seq19781@7,seq21536@8,0.996965091635306
seq19781@7,seq9319@7,0.9999999999999999
seq19781@7,seq11034@8,0.9999999999999999
seq19781@7,seq4757@19,0.9999999999999999
seq19781@7,seq5510@8,0.9999999999999999
seq19781@7,seq11@25930,0.9999999999999999
seq19781@7,seq2144@61,0.9999999999999999
seq19781@7,seq2848@18,0.9999999999999999
seq19781@7,seq195@22,0.9999999999999999
seq19781@7,seq1101@13,0.9999999999999999
seq19781@7,seq16645@27,0.9999999999999999
seq19781@7,seq14175@11,0.9999999999999999
seq19781@7,seq4640@14,0.9999999999999999
seq19781@7,seq14017@10,0.9999999999999999
seq19781@7,seq4307@13,0.9999999999999999
seq19781@7,seq9443@8,0.9999999999999999
seq19781@7,seq3255@18,0.9999999999999999
seq19781@7,seq4118@7,0.9999999999999999
seq19781@7,seq9960@8,0.9999999999999999
seq19781@7,seq29659@7,0.9999999999999999
seq19781@7,seq3722@14,0.9999999999999999
seq19781@7,seq1724@14,0.9999999999999999
seq19781@7,seq835@22,0.9999999999999999
seq19781@7,seq12537@11,0.9999999999999999
seq19781@7,seq1869@18,0.9999999999999999
seq19781@7,seq2266@81,0.9999999999999999
seq19781@7,seq2854@74,0.9999999999999999
seq19781@7,seq1236@51,0.9999999999999999
seq19781@7,seq118@39,0.9999999999999999
seq19781@7,seq484@38,0.9999999999999999
seq19781@7,seq2697@34,0.9999999999999999
seq19781@7,seq2760@31,0.9999999999999999
seq19781@7,seq2319@27,0.9999999999999999
seq19781@7,seq186@24,0.9999999999999999
seq19781@7,seq2227@18,0.9878787878787878
seq19781@7,seq2908@15,0.9999999999999999
seq19781@7,seq11864@11,0.9999999999999999
seq19781@7,seq9055@9,0.9999999999999999
seq19781@7,seq14635@7,0.9999999999999999
seq19781@7,seq17661@7,0.9999999999999999
seq19781@7,seq26691@7,0.9999999999999999
seq19781@7,seq5@26577,0.9999999999999999
seq19781@7,seq8147@25,0.9999999999999999
seq1258@14,seq1898@10,0.9999999999999999
seq1258@14,seq15455@8,0.9999999999999999
seq1258@14,seq7@1691,0.9999999999999999
seq1258@14,seq1228@138,0.9999999999999999
seq1258@14,seq545@25,0.9999999999999999
seq1258@14,seq20716@7,0.9999999999999999
seq1258@14,seq7214@20,0.9999999999999999
seq1258@14,seq8306@8,0.9999999999999999
seq1258@14,seq391@21,0.9999999999999999
seq1258@14,seq444@299,0.9999999999999999
seq1258@14,seq245@297,0.9999999999999999
seq1258@14,seq20275@7,0.9999999999999999
seq1258@14,seq527@25,0.9999999999999999
seq1258@14,seq11146@28,0.9999999999999999
seq1258@14,seq855@17,0.9878787878787878
seq1258@14,seq1813@95,0.9999999999999999
seq1258@14,seq11828@13,0.9999999999999999
seq1258@14,seq24695@20,0.9999999999999999
seq1258@14,seq3336@8,0.9999999999999999
seq1258@14,seq1826@24,0.9878787878787878
seq1258@14,seq28133@8,0.9999999999999999
seq1258@14,seq6101@16,0.9999999999999999
seq1258@14,seq7922@7,0.9999999999999999
seq1258@14,seq1583@7,0.9999999999999999
seq1258@14,seq1838@20,0.9999999999999999
seq1258@14,seq336@7,0.9999999999999999
seq1258@14,seq2965@11,0.9999999999999999
seq1258@14,seq456@44,0.9999999999999999
seq1258@14,seq295@71,0.9999999999999999
seq1258@14,seq578@56,0.9999999999999999
seq1258@14,seq16975@37,0.9999999999999999
seq1258@14,seq98@28,0.9999999999999999
seq1258@14,seq2098@24,0.9999999999999999
seq1258@14,seq8485@18,0.9999999999999999
seq1258@14,seq2603@17,0.9999999999999999
seq1258@14,seq29568@15,0.9999999999999999
seq1258@14,seq12704@11,0.9999999999999999
seq1258@14,seq6072@10,0.9999999999999999
seq1258@14,seq14608@9,0.9999999999999999
seq1258@14,seq16280@8,0.9999999999999999
seq1258@14,seq21536@8,0.996965091635306
seq1258@14,seq9319@7,0.9999999999999999
seq1258@14,seq11034@8,0.9999999999999999
seq1258@14,seq4757@19,0.9999999999999999
seq1258@14,seq5510@8,0.9999999999999999
seq1258@14,seq11@25930,0.9999999999999999
seq1258@14,seq2144@61,0.9999999999999999
seq1258@14,seq2848@18,0.9999999999999999
seq1258@14,seq195@22,0.9999999999999999
seq1258@14,seq1101@13,0.9999999999999999
seq1258@14,seq16645@27,0.9999999999999999
seq1258@14,seq14175@11,0.9999999999999999
seq1258@14,seq4640@14,0.9999999999999999
seq1258@14,seq14017@10,0.9999999999999999
seq1258@14,seq4307@13,0.9999999999999999
seq1258@14,seq9443@8,0.9999999999999999
seq1258@14,seq3255@18,0.9999999999999999
seq1258@14,seq4118@7,0.9999999999999999
seq1258@14,seq9960@8,0.9999999999999999
seq1258@14,seq29659@7,0.9999999999999999
seq1258@14,seq3722@14,0.9999999999999999
seq1258@14,seq1724@14,0.9999999999999999
seq1258@14,seq835@22,0.9999999999999999
seq1258@14,seq12537@11,0.9999999999999999
seq1258@14,seq1869@18,0.9999999999999999
seq1258@14,seq2266@81,0.9999999999999999
seq1258@14,seq2854@74,0.9999999999999999
seq1258@14,seq1236@51,0.9999999999999999
seq1258@14,seq118@39,0.9999999999999999
seq1258@14,seq484@38,0.9999999999999999
seq1258@14,seq2697@34,0.9999999999999999
seq1258@14,seq2760@31,0.9999999999999999
seq1258@14,seq2319@27,0.9999999999999999
seq1258@14,seq186@24,0.9999999999999999
seq1258@14,seq2227@18,0.9878787878787878
seq1258@14,seq2908@15,0.9999999999999999
seq1258@14,seq11864@11,0.9999999999999999
seq1258@14,seq9055@9,0.9999999999999999
seq1258@14,seq14635@7,0.9999999999999999
seq1258@14,seq17661@7,0.9999999999999999
seq1258@14,seq26691@7,0.9999999999999999
seq1258@14,seq5@26577,0.9999999999999999
seq1258@14,seq8147@25,0.9999999999999999
seq1898@10,seq15455@8,0.9999999999999999
seq1898@10,seq7@1691,0.9999999999999999
seq1898@10,seq1228@138,0.9999999999999999
seq1898@10,seq545@25,0.9999999999999999
seq1898@10,seq20716@7,0.9999999999999999
seq1898@10,seq7214@20,0.9999999999999999
seq1898@10,seq8306@8,0.9999999999999999
seq1898@10,seq391@21,0.9999999999999999
seq1898@10,seq444@299,0.9999999999999999
seq1898@10,seq245@297,0.9999999999999999
seq1898@10,seq20275@7,0.9999999999999999
seq1898@10,seq527@25,0.9999999999999999
seq1898@10,seq11146@28,0.9999999999999999
seq1898@10,seq855@17,0.9878787878787878
seq1898@10,seq1813@95,0.9999999999999999
seq1898@10,seq11828@13,0.9999999999999999
seq1898@10,seq24695@20,0.9999999999999999
seq1898@10,seq3336@8,0.9999999999999999
seq1898@10,seq1826@24,0.9878787878787878
seq1898@10,seq28133@8,0.9999999999999999
seq1898@10,seq6101@16,0.9999999999999999
seq1898@10,seq7922@7,0.9999999999999999
seq1898@10,seq1583@7,0.9999999999999999
seq1898@10,seq1838@20,0.9999999999999999
seq1898@10,seq336@7,0.9999999999999999
seq1898@10,seq2965@11,0.9999999999999999
seq1898@10,seq456@44,0.9999999999999999
seq1898@10,seq295@71,0.9999999999999999
seq1898@10,seq578@56,0.9999999999999999
seq1898@10,seq16975@37,0.9999999999999999
seq1898@10,seq98@28,0.9999999999999999
seq1898@10,seq2098@24,0.9999999999999999
seq1898@10,seq8485@18,0.9999999999999999
seq1898@10,seq2603@17,0.9999999999999999
seq1898@10,seq29568@15,0.9999999999999999
seq1898@10,seq12704@11,0.9999999999999999
seq1898@10,seq6072@10,0.9999999999999999
seq1898@10,seq14608@9,0.9999999999999999
seq1898@10,seq16280@8,0.9999999999999999
seq1898@10,seq21536@8,0.996965091635306
seq1898@10,seq9319@7,0.9999999999999999
seq1898@10,seq11034@8,0.9999999999999999
seq1898@10,seq4757@19,0.9999999999999999
seq1898@10,seq5510@8,0.9999999999999999
seq1898@10,seq11@25930,0.9999999999999999
seq1898@10,seq2144@61,0.9999999999999999
seq1898@10,seq2848@18,0.9999999999999999
seq1898@10,seq195@22,0.9999999999999999
seq1898@10,seq1101@13,0.9999999999999999
seq1898@10,seq16645@27,0.9999999999999999
seq1898@10,seq14175@11,0.9999999999999999
seq1898@10,seq4640@14,0.9999999999999999
seq1898@10,seq14017@10,0.9999999999999999
seq1898@10,seq4307@13,0.9999999999999999
seq1898@10,seq9443@8,0.9999999999999999
seq1898@10,seq3255@18,0.9999999999999999
seq1898@10,seq4118@7,0.9999999999999999
seq1898@10,seq9960@8,0.9999999999999999
seq1898@10,seq29659@7,0.9999999999999999
seq1898@10,seq3722@14,0.9999999999999999
seq1898@10,seq1724@14,0.9999999999999999
seq1898@10,seq835@22,0.9999999999999999
seq1898@10,seq12537@11,0.9999999999999999
seq1898@10,seq1869@18,0.9999999999999999
seq1898@10,seq2266@81,0.9999999999999999
seq1898@10,seq2854@74,0.9999999999999999
seq1898@10,seq1236@51,0.9999999999999999
seq1898@10,seq118@39,0.9999999999999999
seq1898@10,seq484@38,0.9999999999999999
seq1898@10,seq2697@34,0.9999999999999999
seq1898@10,seq2760@31,0.9999999999999999
seq1898@10,seq2319@27,0.9999999999999999
seq1898@10,seq186@24,0.9999999999999999
seq1898@10,seq2227@18,0.9878787878787878
seq1898@10,seq2908@15,0.9999999999999999
seq1898@10,seq11864@11,0.9999999999999999
seq1898@10,seq9055@9,0.9999999999999999
seq1898@10,seq14635@7,0.9999999999999999
seq1898@10,seq17661@7,0.9999999999999999
seq1898@10,seq26691@7,0.9999999999999999
seq1898@10,seq5@26577,0.9999999999999999
seq1898@10,seq8147@25,0.9999999999999999
seq15455@8,seq7@1691,0.9999999999999999
seq15455@8,seq1228@138,0.9999999999999999
seq15455@8,seq545@25,0.9999999999999999
seq15455@8,seq20716@7,0.9999999999999999
seq15455@8,seq7214@20,0.9999999999999999
seq15455@8,seq8306@8,0.9999999999999999
seq15455@8,seq391@21,0.9999999999999999
seq15455@8,seq444@299,0.9999999999999999
seq15455@8,seq245@297,0.9999999999999999
seq15455@8,seq20275@7,0.9999999999999999
seq15455@8,seq527@25,0.9999999999999999
seq15455@8,seq11146@28,0.9999999999999999
seq15455@8,seq855@17,0.9878787878787878
seq15455@8,seq1813@95,0.9999999999999999
seq15455@8,seq11828@13,0.9999999999999999
seq15455@8,seq24695@20,0.9999999999999999
seq15455@8,seq3336@8,0.9999999999999999
seq15455@8,seq1826@24,0.9878787878787878
seq15455@8,seq28133@8,0.9999999999999999
seq15455@8,seq6101@16,0.9999999999999999
seq15455@8,seq7922@7,0.9999999999999999
seq15455@8,seq1583@7,0.9999999999999999
seq15455@8,seq1838@20,0.9999999999999999
seq15455@8,seq336@7,0.9999999999999999
seq15455@8,seq2965@11,0.9999999999999999
seq15455@8,seq456@44,0.9999999999999999
seq15455@8,seq295@71,0.9999999999999999
seq15455@8,seq578@56,0.9999999999999999
seq15455@8,seq16975@37,0.9999999999999999
seq15455@8,seq98@28,0.9999999999999999
seq15455@8,seq2098@24,0.9999999999999999
seq15455@8,seq8485@18,0.9999999999999999
seq15455@8,seq2603@17,0.9999999999999999
seq15455@8,seq29568@15,0.9999999999999999
seq15455@8,seq12704@11,0.9999999999999999
seq15455@8,seq6072@10,0.9999999999999999
seq15455@8,seq14608@9,0.9999999999999999
seq15455@8,seq16280@8,0.9999999999999999
seq15455@8,seq21536@8,0.996965091635306
seq15455@8,seq9319@7,0.9999999999999999
seq15455@8,seq11034@8,0.9999999999999999
seq15455@8,seq4757@19,0.9999999999999999
seq15455@8,seq5510@8,0.9999999999999999
seq15455@8,seq11@25930,0.9999999999999999
seq15455@8,seq2144@61,0.9999999999999999
seq15455@8,seq2848@18,0.9999999999999999
seq15455@8,seq195@22,0.9999999999999999
seq15455@8,seq1101@13,0.9999999999999999
seq15455@8,seq16645@27,0.9999999999999999
seq15455@8,seq14175@11,0.9999999999999999
seq15455@8,seq4640@14,0.9999999999999999
seq15455@8,seq14017@10,0.9999999999999999
seq15455@8,seq4307@13,0.9999999999999999
seq15455@8,seq9443@8,0.9999999999999999
seq15455@8,seq3255@18,0.9999999999999999
seq15455@8,seq4118@7,0.9999999999999999
seq15455@8,seq9960@8,0.9999999999999999
seq15455@8,seq29659@7,0.9999999999999999
seq15455@8,seq3722@14,0.9999999999999999
seq15455@8,seq1724@14,0.9999999999999999
seq15455@8,seq835@22,0.9999999999999999
seq15455@8,seq12537@11,0.9999999999999999
seq15455@8,seq1869@18,0.9999999999999999
seq15455@8,seq2266@81,0.9999999999999999
seq15455@8,seq2854@74,0.9999999999999999
seq15455@8,seq1236@51,0.9999999999999999
seq15455@8,seq118@39,0.9999999999999999
seq15455@8,seq484@38,0.9999999999999999
seq15455@8,seq2697@34,0.9999999999999999
seq15455@8,seq2760@31,0.9999999999999999
seq15455@8,seq2319@27,0.9999999999999999
seq15455@8,seq186@24,0.9999999999999999
seq15455@8,seq2227@18,0.9878787878787878
seq15455@8,seq2908@15,0.9999999999999999
seq15455@8,seq11864@11,0.9999999999999999
seq15455@8,seq9055@9,0.9999999999999999
seq15455@8,seq14635@7,0.9999999999999999
seq15455@8,seq17661@7,0.9999999999999999
seq15455@8,seq26691@7,0.9999999999999999
seq15455@8,seq5@26577,0.9999999999999999
seq15455@8,seq8147@25,0.9999999999999999
seq7@1691,seq1228@138,0.9999999999999999
seq7@1691,seq545@25,0.9999999999999999
seq7@1691,seq20716@7,0.9999999999999999
seq7@1691,seq7214@20,0.9999999999999999
seq7@1691,seq8306@8,0.9999999999999999
seq7@1691,seq391@21,0.9999999999999999
seq7@1691,seq444@299,0.9999999999999999
seq7@1691,seq245@297,0.9999999999999999
seq7@1691,seq20275@7,0.9999999999999999
seq7@1691,seq527@25,0.9999999999999999
seq7@1691,seq11146@28,0.9999999999999999
seq7@1691,seq855@17,0.9878787878787878
seq7@1691,seq1813@95,0.9999999999999999
seq7@1691,seq11828@13,0.9999999999999999
seq7@1691,seq24695@20,0.9999999999999999
seq7@1691,seq3336@8,0.9999999999999999
seq7@1691,seq1826@24,0.9878787878787878
seq7@1691,seq28133@8,0.9999999999999999
seq7@1691,seq6101@16,0.9999999999999999
seq7@1691,seq7922@7,0.9999999999999999
seq7@1691,seq1583@7,0.9999999999999999
seq7@1691,seq1838@20,0.9999999999999999
seq7@1691,seq336@7,0.9999999999999999
seq7@1691,seq2965@11,0.9999999999999999
seq7@1691,seq456@44,0.9999999999999999
seq7@1691,seq295@71,0.9999999999999999
seq7@1691,seq578@56,0.9999999999999999
seq7@1691,seq16975@37,0.9999999999999999
seq7@1691,seq98@28,0.9999999999999999
seq7@1691,seq2098@24,0.9999999999999999
seq7@1691,seq8485@18,0.9999999999999999
seq7@1691,seq2603@17,0.9999999999999999
seq7@1691,seq29568@15,0.9999999999999999
seq7@1691,seq12704@11,0.9999999999999999
seq7@1691,seq6072@10,0.9999999999999999
seq7@1691,seq14608@9,0.9999999999999999
seq7@1691,seq16280@8,0.9999999999999999
seq7@1691,seq21536@8,0.996965091635306
seq7@1691,seq9319@7,0.9999999999999999
seq7@1691,seq11034@8,0.9999999999999999
seq7@1691,seq4757@19,0.9999999999999999
seq7@1691,seq5510@8,0.9999999999999999
seq7@1691,seq11@25930,0.9999999999999999
seq7@1691,seq2144@61,0.9999999999999999
seq7@1691,seq2848@18,0.9999999999999999
seq7@1691,seq195@22,0.9999999999999999
seq7@1691,seq1101@13,0.9999999999999999
seq7@1691,seq16645@27,0.9999999999999999
seq7@1691,seq14175@11,0.9999999999999999
seq7@1691,seq4640@14,0.9999999999999999
seq7@1691,seq14017@10,0.9999999999999999
seq7@1691,seq4307@13,0.9999999999999999
seq7@1691,seq9443@8,0.9999999999999999
seq7@1691,seq3255@18,0.9999999999999999
seq7@1691,seq4118@7,0.9999999999999999
seq7@1691,seq9960@8,0.9999999999999999
seq7@1691,seq29659@7,0.9999999999999999
seq7@1691,seq3722@14,0.9999999999999999
seq7@1691,seq1724@14,0.9999999999999999
seq7@1691,seq835@22,0.9999999999999999
seq7@1691,seq12537@11,0.9999999999999999
seq7@1691,seq1869@18,0.9999999999999999
seq7@1691,seq2266@81,0.9999999999999999
seq7@1691,seq2854@74,0.9999999999999999
seq7@1691,seq1236@51,0.9999999999999999
seq7@1691,seq118@39,0.9999999999999999
seq7@1691,seq484@38,0.9999999999999999
seq7@1691,seq2697@34,0.9999999999999999
seq7@1691,seq2760@31,0.9999999999999999
seq7@1691,seq2319@27,0.9999999999999999
seq7@1691,seq186@24,0.9999999999999999
seq7@1691,seq2227@18,0.9878787878787878
seq7@1691,seq2908@15,0.9999999999999999
seq7@1691,seq11864@11,0.9999999999999999
seq7@1691,seq9055@9,0.9999999999999999
seq7@1691,seq14635@7,0.9999999999999999
seq7@1691,seq17661@7,0.9999999999999999
seq7@1691,seq26691@7,0.9999999999999999
seq7@1691,seq5@26577,0.9999999999999999
seq7@1691,seq8147@25,0.9999999999999999
seq1228@138,seq545@25,0.9999999999999999
seq1228@138,seq20716@7,0.9999999999999999
seq1228@138,seq7214@20,0.9999999999999999
seq1228@138,seq8306@8,0.9999999999999999
seq1228@138,seq391@21,0.9999999999999999
seq1228@138,seq444@299,0.9999999999999999
seq1228@138,seq245@297,0.9999999999999999
seq1228@138,seq20275@7,0.9999999999999999
seq1228@138,seq527@25,0.9999999999999999
seq1228@138,seq11146@28,0.9999999999999999
seq1228@138,seq855@17,0.9878787878787878
seq1228@138,seq1813@95,0.9999999999999999
seq1228@138,seq11828@13,0.9999999999999999
seq1228@138,seq24695@20,0.9999999999999999
seq1228@138,seq3336@8,0.9999999999999999
seq1228@138,seq1826@24,0.9878787878787878
seq1228@138,seq28133@8,0.9999999999999999
seq1228@138,seq6101@16,0.9999999999999999
seq1228@138,seq7922@7,0.9999999999999999
seq1228@138,seq1583@7,0.9999999999999999
seq1228@138,seq1838@20,0.9999999999999999
seq1228@138,seq336@7,0.9999999999999999
seq1228@138,seq2965@11,0.9999999999999999
seq1228@138,seq456@44,0.9999999999999999
seq1228@138,seq295@71,0.9999999999999999
seq1228@138,seq578@56,0.9999999999999999
seq1228@138,seq16975@37,0.9999999999999999
seq1228@138,seq98@28,0.9999999999999999
seq1228@138,seq2098@24,0.9999999999999999
seq1228@138,seq8485@18,0.9999999999999999
seq1228@138,seq2603@17,0.9999999999999999
seq1228@138,seq29568@15,0.9999999999999999
seq1228@138,seq12704@11,0.9999999999999999
seq1228@138,seq6072@10,0.9999999999999999
seq1228@138,seq14608@9,0.9999999999999999
seq1228@138,seq16280@8,0.9999999999999999
seq1228@138,seq21536@8,0.996965091635306
seq1228@138,seq9319@7,0.9999999999999999
seq1228@138,seq11034@8,0.9999999999999999
seq1228@138,seq4757@19,0.9999999999999999
seq1228@138,seq5510@8,0.9999999999999999
seq1228@138,seq11@25930,0.9999999999999999
seq1228@138,seq2144@61,0.9999999999999999
seq1228@138,seq2848@18,0.9999999999999999
seq1228@138,seq195@22,0.9999999999999999
seq1228@138,seq1101@13,0.9999999999999999
seq1228@138,seq16645@27,0.9999999999999999
seq1228@138,seq14175@11,0.9999999999999999
seq1228@138,seq4640@14,0.9999999999999999
seq1228@138,seq14017@10,0.9999999999999999
seq1228@138,seq4307@13,0.9999999999999999
seq1228@138,seq9443@8,0.9999999999999999
seq1228@138,seq3255@18,0.9999999999999999
seq1228@138,seq4118@7,0.9999999999999999
seq1228@138,seq9960@8,0.9999999999999999
seq1228@138,seq29659@7,0.9999999999999999
seq1228@138,seq3722@14,0.9999999999999999
seq1228@138,seq1724@14,0.9999999999999999
seq1228@138,seq835@22,0.9999999999999999
seq1228@138,seq12537@11,0.9999999999999999
seq1228@138,seq1869@18,0.9999999999999999
seq1228@138,seq2266@81,0.9999999999999999
seq1228@138,seq2854@74,0.9999999999999999
seq1228@138,seq1236@51,0.9999999999999999
seq1228@138,seq118@39,0.9999999999999999
seq1228@138,seq484@38,0.9999999999999999
seq1228@138,seq2697@34,0.9999999999999999
seq1228@138,seq2760@31,0.9999999999999999
seq1228@138,seq2319@27,0.9999999999999999
seq1228@138,seq186@24,0.9999999999999999
seq1228@138,seq2227@18,0.9878787878787878
seq1228@138,seq2908@15,0.9999999999999999
seq1228@138,seq11864@11,0.9999999999999999
seq1228@138,seq9055@9,0.9999999999999999
seq1228@138,seq14635@7,0.9999999999999999
seq1228@138,seq17661@7,0.9999999999999999
seq1228@138,seq26691@7,0.9999999999999999
seq1228@138,seq5@26577,0.9999999999999999
seq1228@138,seq8147@25,0.9999999999999999
seq545@25,seq20716@7,0.9999999999999999
seq545@25,seq7214@20,0.9999999999999999
seq545@25,seq8306@8,0.9999999999999999
seq545@25,seq391@21,0.9999999999999999
seq545@25,seq444@299,0.9999999999999999
seq545@25,seq245@297,0.9999999999999999
seq545@25,seq20275@7,0.9999999999999999
seq545@25,seq527@25,0.9999999999999999
seq545@25,seq11146@28,0.9999999999999999
seq545@25,seq855@17,0.9878787878787878
seq545@25,seq1813@95,0.9999999999999999
seq545@25,seq11828@13,0.9999999999999999
seq545@25,seq24695@20,0.9999999999999999
seq545@25,seq3336@8,0.9999999999999999
seq545@25,seq1826@24,0.9878787878787878
seq545@25,seq28133@8,0.9999999999999999
seq545@25,seq6101@16,0.9999999999999999
seq545@25,seq7922@7,0.9999999999999999
seq545@25,seq1583@7,0.9999999999999999
seq545@25,seq1838@20,0.9999999999999999
seq545@25,seq336@7,0.9999999999999999
seq545@25,seq2965@11,0.9999999999999999
seq545@25,seq456@44,0.9999999999999999
seq545@25,seq295@71,0.9999999999999999
seq545@25,seq578@56,0.9999999999999999
seq545@25,seq16975@37,0.9999999999999999
seq545@25,seq98@28,0.9999999999999999
seq545@25,seq2098@24,0.9999999999999999
seq545@25,seq8485@18,0.9999999999999999
seq545@25,seq2603@17,0.9999999999999999
seq545@25,seq29568@15,0.9999999999999999
seq545@25,seq12704@11,0.9999999999999999
seq545@25,seq6072@10,0.9999999999999999
seq545@25,seq14608@9,0.9999999999999999
seq545@25,seq16280@8,0.9999999999999999
seq545@25,seq21536@8,0.996965091635306
seq545@25,seq9319@7,0.9999999999999999
seq545@25,seq11034@8,0.9999999999999999
seq545@25,seq4757@19,0.9999999999999999
seq545@25,seq5510@8,0.9999999999999999
seq545@25,seq11@25930,0.9999999999999999
seq545@25,seq2144@61,0.9999999999999999
seq545@25,seq2848@18,0.9999999999999999
seq545@25,seq195@22,0.9999999999999999
seq545@25,seq1101@13,0.9999999999999999
seq545@25,seq16645@27,0.9999999999999999
seq545@25,seq14175@11,0.9999999999999999
seq545@25,seq4640@14,0.9999999999999999
seq545@25,seq14017@10,0.9999999999999999
seq545@25,seq4307@13,0.9999999999999999
seq545@25,seq9443@8,0.9999999999999999
seq545@25,seq3255@18,0.9999999999999999
seq545@25,seq4118@7,0.9999999999999999
seq545@25,seq9960@8,0.9999999999999999
seq545@25,seq29659@7,0.9999999999999999
seq545@25,seq3722@14,0.9999999999999999
seq545@25,seq1724@14,0.9999999999999999
seq545@25,seq835@22,0.9999999999999999
seq545@25,seq12537@11,0.9999999999999999
seq545@25,seq1869@18,0.9999999999999999
seq545@25,seq2266@81,0.9999999999999999
seq545@25,seq2854@74,0.9999999999999999
seq545@25,seq1236@51,0.9999999999999999
seq545@25,seq118@39,0.9999999999999999
seq545@25,seq484@38,0.9999999999999999
seq545@25,seq2697@34,0.9999999999999999
seq545@25,seq2760@31,0.9999999999999999
seq545@25,seq2319@27,0.9999999999999999
seq545@25,seq186@24,0.9999999999999999
seq545@25,seq2227@18,0.9878787878787878
seq545@25,seq2908@15,0.9999999999999999
seq545@25,seq11864@11,0.9999999999999999
seq545@25,seq9055@9,0.9999999999999999
seq545@25,seq14635@7,0.9999999999999999
seq545@25,seq17661@7,0.9999999999999999
seq545@25,seq26691@7,0.9999999999999999
seq545@25,seq5@26577,0.9999999999999999
seq545@25,seq8147@25,0.9999999999999999
seq20716@7,seq7214@20,0.9999999999999999
seq20716@7,seq8306@8,0.9999999999999999
seq20716@7,seq391@21,0.9999999999999999
seq20716@7,seq444@299,0.9999999999999999
seq20716@7,seq245@297,0.9999999999999999
seq20716@7,seq20275@7,0.9999999999999999
seq20716@7,seq527@25,0.9999999999999999
seq20716@7,seq11146@28,0.9999999999999999
seq20716@7,seq855@17,0.9878787878787878
seq20716@7,seq1813@95,0.9999999999999999
seq20716@7,seq11828@13,0.9999999999999999
seq20716@7,seq24695@20,0.9999999999999999
seq20716@7,seq3336@8,0.9999999999999999
seq20716@7,seq1826@24,0.9878787878787878
seq20716@7,seq28133@8,0.9999999999999999
seq20716@7,seq6101@16,0.9999999999999999
seq20716@7,seq7922@7,0.9999999999999999
seq20716@7,seq1583@7,0.9999999999999999
seq20716@7,seq1838@20,0.9999999999999999
seq20716@7,seq336@7,0.9999999999999999
seq20716@7,seq2965@11,0.9999999999999999
seq20716@7,seq456@44,0.9999999999999999
seq20716@7,seq295@71,0.9999999999999999
seq20716@7,seq578@56,0.9999999999999999
seq20716@7,seq16975@37,0.9999999999999999
seq20716@7,seq98@28,0.9999999999999999
seq20716@7,seq2098@24,0.9999999999999999
seq20716@7,seq8485@18,0.9999999999999999
seq20716@7,seq2603@17,0.9999999999999999
seq20716@7,seq29568@15,0.9999999999999999
seq20716@7,seq12704@11,0.9999999999999999
seq20716@7,seq6072@10,0.9999999999999999
seq20716@7,seq14608@9,0.9999999999999999
seq20716@7,seq16280@8,0.9999999999999999
seq20716@7,seq21536@8,0.996965091635306
seq20716@7,seq9319@7,0.9999999999999999
seq20716@7,seq11034@8,0.9999999999999999
seq20716@7,seq4757@19,0.9999999999999999
seq20716@7,seq5510@8,0.9999999999999999
seq20716@7,seq11@25930,0.9999999999999999
seq20716@7,seq2144@61,0.9999999999999999
seq20716@7,seq2848@18,0.9999999999999999
seq20716@7,seq195@22,0.9999999999999999
seq20716@7,seq1101@13,0.9999999999999999
seq20716@7,seq16645@27,0.9999999999999999
seq20716@7,seq14175@11,0.9999999999999999
seq20716@7,seq4640@14,0.9999999999999999
seq20716@7,seq14017@10,0.9999999999999999
seq20716@7,seq4307@13,0.9999999999999999
seq20716@7,seq9443@8,0.9999999999999999
seq20716@7,seq3255@18,0.9999999999999999
seq20716@7,seq4118@7,0.9999999999999999
seq20716@7,seq9960@8,0.9999999999999999
seq20716@7,seq29659@7,0.9999999999999999
seq20716@7,seq3722@14,0.9999999999999999
seq20716@7,seq1724@14,0.9999999999999999
seq20716@7,seq835@22,0.9999999999999999
seq20716@7,seq12537@11,0.9999999999999999
seq20716@7,seq1869@18,0.9999999999999999
seq20716@7,seq2266@81,0.9999999999999999
seq20716@7,seq2854@74,0.9999999999999999
seq20716@7,seq1236@51,0.9999999999999999
seq20716@7,seq118@39,0.9999999999999999
seq20716@7,seq484@38,0.9999999999999999
seq20716@7,seq2697@34,0.9999999999999999
seq20716@7,seq2760@31,0.9999999999999999
seq20716@7,seq2319@27,0.9999999999999999
seq20716@7,seq186@24,0.9999999999999999
seq20716@7,seq2227@18,0.9878787878787878
seq20716@7,seq2908@15,0.9999999999999999
seq20716@7,seq11864@11,0.9999999999999999
seq20716@7,seq9055@9,0.9999999999999999
seq20716@7,seq14635@7,0.9999999999999999
seq20716@7,seq17661@7,0.9999999999999999
seq20716@7,seq26691@7,0.9999999999999999
seq20716@7,seq5@26577,0.9999999999999999
seq20716@7,seq8147@25,0.9999999999999999
seq7214@20,seq8306@8,0.9999999999999999
seq7214@20,seq391@21,0.9999999999999999
seq7214@20,seq444@299,0.9999999999999999
seq7214@20,seq245@297,0.9999999999999999
seq7214@20,seq20275@7,0.9999999999999999
seq7214@20,seq527@25,0.9999999999999999
seq7214@20,seq11146@28,0.9999999999999999
seq7214@20,seq855@17,0.9878787878787878
seq7214@20,seq1813@95,0.9999999999999999
seq7214@20,seq11828@13,0.9999999999999999
seq7214@20,seq24695@20,0.9999999999999999
seq7214@20,seq3336@8,0.9999999999999999
seq7214@20,seq1826@24,0.9878787878787878
seq7214@20,seq28133@8,0.9999999999999999
seq7214@20,seq6101@16,0.9999999999999999
seq7214@20,seq7922@7,0.9999999999999999
seq7214@20,seq1583@7,0.9999999999999999
seq7214@20,seq1838@20,0.9999999999999999
seq7214@20,seq336@7,0.9999999999999999
seq7214@20,seq2965@11,0.9999999999999999
seq7214@20,seq456@44,0.9999999999999999
seq7214@20,seq295@71,0.9999999999999999
seq7214@20,seq578@56,0.9999999999999999
seq7214@20,seq16975@37,0.9999999999999999
seq7214@20,seq98@28,0.9999999999999999
seq7214@20,seq2098@24,0.9999999999999999
seq7214@20,seq8485@18,0.9999999999999999
seq7214@20,seq2603@17,0.9999999999999999
seq7214@20,seq29568@15,0.9999999999999999
seq7214@20,seq12704@11,0.9999999999999999
seq7214@20,seq6072@10,0.9999999999999999
seq7214@20,seq14608@9,0.9999999999999999
seq7214@20,seq16280@8,0.9999999999999999
seq7214@20,seq21536@8,0.996965091635306
seq7214@20,seq9319@7,0.9999999999999999
seq7214@20,seq11034@8,0.9999999999999999
seq7214@20,seq4757@19,0.9999999999999999
seq7214@20,seq5510@8,0.9999999999999999
seq7214@20,seq11@25930,0.9999999999999999
seq7214@20,seq2144@61,0.9999999999999999
seq7214@20,seq2848@18,0.9999999999999999
seq7214@20,seq195@22,0.9999999999999999
seq7214@20,seq1101@13,0.9999999999999999
seq7214@20,seq16645@27,0.9999999999999999
seq7214@20,seq14175@11,0.9999999999999999
seq7214@20,seq4640@14,0.9999999999999999
seq7214@20,seq14017@10,0.9999999999999999
seq7214@20,seq4307@13,0.9999999999999999
seq7214@20,seq9443@8,0.9999999999999999
seq7214@20,seq3255@18,0.9999999999999999
seq7214@20,seq4118@7,0.9999999999999999
seq7214@20,seq9960@8,0.9999999999999999
seq7214@20,seq29659@7,0.9999999999999999
seq7214@20,seq3722@14,0.9999999999999999
seq7214@20,seq1724@14,0.9999999999999999
seq7214@20,seq835@22,0.9999999999999999
seq7214@20,seq12537@11,0.9999999999999999
seq7214@20,seq1869@18,0.9999999999999999
seq7214@20,seq2266@81,0.9999999999999999
seq7214@20,seq2854@74,0.9999999999999999
seq7214@20,seq1236@51,0.9999999999999999
seq7214@20,seq118@39,0.9999999999999999
seq7214@20,seq484@38,0.9999999999999999
seq7214@20,seq2697@34,0.9999999999999999
seq7214@20,seq2760@31,0.9999999999999999
seq7214@20,seq2319@27,0.9999999999999999
seq7214@20,seq186@24,0.9999999999999999
seq7214@20,seq2227@18,0.9878787878787878
seq7214@20,seq2908@15,0.9999999999999999
seq7214@20,seq11864@11,0.9999999999999999
seq7214@20,seq9055@9,0.9999999999999999
seq7214@20,seq14635@7,0.9999999999999999
seq7214@20,seq17661@7,0.9999999999999999
seq7214@20,seq26691@7,0.9999999999999999
seq7214@20,seq5@26577,0.9999999999999999
seq7214@20,seq8147@25,0.9999999999999999
seq8306@8,seq391@21,0.9999999999999999
seq8306@8,seq444@299,0.9999999999999999
seq8306@8,seq245@297,0.9999999999999999
seq8306@8,seq20275@7,0.9999999999999999
seq8306@8,seq527@25,0.9999999999999999
seq8306@8,seq11146@28,0.9999999999999999
seq8306@8,seq855@17,0.9878787878787878
seq8306@8,seq1813@95,0.9999999999999999
seq8306@8,seq11828@13,0.9999999999999999
seq8306@8,seq24695@20,0.9999999999999999
seq8306@8,seq3336@8,0.9999999999999999
seq8306@8,seq1826@24,0.9878787878787878
seq8306@8,seq28133@8,0.9999999999999999
seq8306@8,seq6101@16,0.9999999999999999
seq8306@8,seq7922@7,0.9999999999999999
seq8306@8,seq1583@7,0.9999999999999999
seq8306@8,seq1838@20,0.9999999999999999
seq8306@8,seq336@7,0.9999999999999999
seq8306@8,seq2965@11,0.9999999999999999
seq8306@8,seq456@44,0.9999999999999999
seq8306@8,seq295@71,0.9999999999999999
seq8306@8,seq578@56,0.9999999999999999
seq8306@8,seq16975@37,0.9999999999999999
seq8306@8,seq98@28,0.9999999999999999
seq8306@8,seq2098@24,0.9999999999999999
seq8306@8,seq8485@18,0.9999999999999999
seq8306@8,seq2603@17,0.9999999999999999
seq8306@8,seq29568@15,0.9999999999999999
seq8306@8,seq12704@11,0.9999999999999999
seq8306@8,seq6072@10,0.9999999999999999
seq8306@8,seq14608@9,0.9999999999999999
seq8306@8,seq16280@8,0.9999999999999999
seq8306@8,seq21536@8,0.996965091635306
seq8306@8,seq9319@7,0.9999999999999999
seq8306@8,seq11034@8,0.9999999999999999
seq8306@8,seq4757@19,0.9999999999999999
seq8306@8,seq5510@8,0.9999999999999999
seq8306@8,seq11@25930,0.9999999999999999
seq8306@8,seq2144@61,0.9999999999999999
seq8306@8,seq2848@18,0.9999999999999999
seq8306@8,seq195@22,0.9999999999999999
seq8306@8,seq1101@13,0.9999999999999999
seq8306@8,seq16645@27,0.9999999999999999
seq8306@8,seq14175@11,0.9999999999999999
seq8306@8,seq4640@14,0.9999999999999999
seq8306@8,seq14017@10,0.9999999999999999
seq8306@8,seq4307@13,0.9999999999999999
seq8306@8,seq9443@8,0.9999999999999999
seq8306@8,seq3255@18,0.9999999999999999
seq8306@8,seq4118@7,0.9999999999999999
seq8306@8,seq9960@8,0.9999999999999999
seq8306@8,seq29659@7,0.9999999999999999
seq8306@8,seq3722@14,0.9999999999999999
seq8306@8,seq1724@14,0.9999999999999999
seq8306@8,seq835@22,0.9999999999999999
seq8306@8,seq12537@11,0.9999999999999999
seq8306@8,seq1869@18,0.9999999999999999
seq8306@8,seq2266@81,0.9999999999999999
seq8306@8,seq2854@74,0.9999999999999999
seq8306@8,seq1236@51,0.9999999999999999
seq8306@8,seq118@39,0.9999999999999999
seq8306@8,seq484@38,0.9999999999999999
seq8306@8,seq2697@34,0.9999999999999999
seq8306@8,seq2760@31,0.9999999999999999
seq8306@8,seq2319@27,0.9999999999999999
seq8306@8,seq186@24,0.9999999999999999
seq8306@8,seq2227@18,0.9878787878787878
seq8306@8,seq2908@15,0.9999999999999999
seq8306@8,seq11864@11,0.9999999999999999
seq8306@8,seq9055@9,0.9999999999999999
seq8306@8,seq14635@7,0.9999999999999999
seq8306@8,seq17661@7,0.9999999999999999
seq8306@8,seq26691@7,0.9999999999999999
seq8306@8,seq5@26577,0.9999999999999999
seq8306@8,seq8147@25,0.9999999999999999
seq391@21,seq444@299,0.9999999999999999
seq391@21,seq245@297,0.9999999999999999
seq391@21,seq20275@7,0.9999999999999999
seq391@21,seq527@25,0.9999999999999999
seq391@21,seq11146@28,0.9999999999999999
seq391@21,seq855@17,0.9878787878787878
seq391@21,seq1813@95,0.9999999999999999
seq391@21,seq11828@13,0.9999999999999999
seq391@21,seq24695@20,0.9999999999999999
seq391@21,seq3336@8,0.9999999999999999
seq391@21,seq1826@24,0.9878787878787878
seq391@21,seq28133@8,0.9999999999999999
seq391@21,seq6101@16,0.9999999999999999
seq391@21,seq7922@7,0.9999999999999999
seq391@21,seq1583@7,0.9999999999999999
seq391@21,seq1838@20,0.9999999999999999
seq391@21,seq336@7,0.9999999999999999
seq391@21,seq2965@11,0.9999999999999999
seq391@21,seq456@44,0.9999999999999999
seq391@21,seq295@71,0.9999999999999999
seq391@21,seq578@56,0.9999999999999999
seq391@21,seq16975@37,0.9999999999999999
seq391@21,seq98@28,0.9999999999999999
seq391@21,seq2098@24,0.9999999999999999
seq391@21,seq8485@18,0.9999999999999999
seq391@21,seq2603@17,0.9999999999999999
seq391@21,seq29568@15,0.9999999999999999
seq391@21,seq12704@11,0.9999999999999999
seq391@21,seq6072@10,0.9999999999999999
seq391@21,seq14608@9,0.9999999999999999
seq391@21,seq16280@8,0.9999999999999999
seq391@21,seq21536@8,0.996965091635306
seq391@21,seq9319@7,0.9999999999999999
seq391@21,seq11034@8,0.9999999999999999
seq391@21,seq4757@19,0.9999999999999999
seq391@21,seq5510@8,0.9999999999999999
seq391@21,seq11@25930,0.9999999999999999
seq391@21,seq2144@61,0.9999999999999999
seq391@21,seq2848@18,0.9999999999999999
seq391@21,seq195@22,0.9999999999999999
seq391@21,seq1101@13,0.9999999999999999
seq391@21,seq16645@27,0.9999999999999999
seq391@21,seq14175@11,0.9999999999999999
seq391@21,seq4640@14,0.9999999999999999
seq391@21,seq14017@10,0.9999999999999999
seq391@21,seq4307@13,0.9999999999999999
seq391@21,seq9443@8,0.9999999999999999
seq391@21,seq3255@18,0.9999999999999999
seq391@21,seq4118@7,0.9999999999999999
seq391@21,seq9960@8,0.9999999999999999
seq391@21,seq29659@7,0.9999999999999999
seq391@21,seq3722@14,0.9999999999999999
seq391@21,seq1724@14,0.9999999999999999
seq391@21,seq835@22,0.9999999999999999
seq391@21,seq12537@11,0.9999999999999999
seq391@21,seq1869@18,0.9999999999999999
seq391@21,seq2266@81,0.9999999999999999
seq391@21,seq2854@74,0.9999999999999999
seq391@21,seq1236@51,0.9999999999999999
seq391@21,seq118@39,0.9999999999999999
seq391@21,seq484@38,0.9999999999999999
seq391@21,seq2697@34,0.9999999999999999
seq391@21,seq2760@31,0.9999999999999999
seq391@21,seq2319@27,0.9999999999999999
seq391@21,seq186@24,0.9999999999999999
seq391@21,seq2227@18,0.9878787878787878
seq391@21,seq2908@15,0.9999999999999999
seq391@21,seq11864@11,0.9999999999999999
seq391@21,seq9055@9,0.9999999999999999
seq391@21,seq14635@7,0.9999999999999999
seq391@21,seq17661@7,0.9999999999999999
seq391@21,seq26691@7,0.9999999999999999
seq391@21,seq5@26577,0.9999999999999999
seq391@21,seq8147@25,0.9999999999999999
seq444@299,seq245@297,0.9999999999999999
seq444@299,seq20275@7,0.9999999999999999
seq444@299,seq527@25,0.9999999999999999
seq444@299,seq11146@28,0.9999999999999999
seq444@299,seq855@17,0.9878787878787878
seq444@299,seq1813@95,0.9999999999999999
seq444@299,seq11828@13,0.9999999999999999
seq444@299,seq24695@20,0.9999999999999999
seq444@299,seq3336@8,0.9999999999999999
seq444@299,seq1826@24,0.9878787878787878
seq444@299,seq28133@8,0.9999999999999999
seq444@299,seq6101@16,0.9999999999999999
seq444@299,seq7922@7,0.9999999999999999
seq444@299,seq1583@7,0.9999999999999999
seq444@299,seq1838@20,0.9999999999999999
seq444@299,seq336@7,0.9999999999999999
seq444@299,seq2965@11,0.9999999999999999
seq444@299,seq456@44,0.9999999999999999
seq444@299,seq295@71,0.9999999999999999
seq444@299,seq578@56,0.9999999999999999
seq444@299,seq16975@37,0.9999999999999999
seq444@299,seq98@28,0.9999999999999999
seq444@299,seq2098@24,0.9999999999999999
seq444@299,seq8485@18,0.9999999999999999
seq444@299,seq2603@17,0.9999999999999999
seq444@299,seq29568@15,0.9999999999999999
seq444@299,seq12704@11,0.9999999999999999
seq444@299,seq6072@10,0.9999999999999999
seq444@299,seq14608@9,0.9999999999999999
seq444@299,seq16280@8,0.9999999999999999
seq444@299,seq21536@8,0.996965091635306
seq444@299,seq9319@7,0.9999999999999999
seq444@299,seq11034@8,0.9999999999999999
seq444@299,seq4757@19,0.9999999999999999
seq444@299,seq5510@8,0.9999999999999999
seq444@299,seq11@25930,0.9999999999999999
seq444@299,seq2144@61,0.9999999999999999
seq444@299,seq2848@18,0.9999999999999999
seq444@299,seq195@22,0.9999999999999999
seq444@299,seq1101@13,0.9999999999999999
seq444@299,seq16645@27,0.9999999999999999
seq444@299,seq14175@11,0.9999999999999999
seq444@299,seq4640@14,0.9999999999999999
seq444@299,seq14017@10,0.9999999999999999
seq444@299,seq4307@13,0.9999999999999999
seq444@299,seq9443@8,0.9999999999999999
seq444@299,seq3255@18,0.9999999999999999
seq444@299,seq4118@7,0.9999999999999999
seq444@299,seq9960@8,0.9999999999999999
seq444@299,seq29659@7,0.9999999999999999
seq444@299,seq3722@14,0.9999999999999999
seq444@299,seq1724@14,0.9999999999999999
seq444@299,seq835@22,0.9999999999999999
seq444@299,seq12537@11,0.9999999999999999
seq444@299,seq1869@18,0.9999999999999999
seq444@299,seq2266@81,0.9999999999999999
seq444@299,seq2854@74,0.9999999999999999
seq444@299,seq1236@51,0.9999999999999999
seq444@299,seq118@39,0.9999999999999999
seq444@299,seq484@38,0.9999999999999999
seq444@299,seq2697@34,0.9999999999999999
seq444@299,seq2760@31,0.9999999999999999
seq444@299,seq2319@27,0.9999999999999999
seq444@299,seq186@24,0.9999999999999999
seq444@299,seq2227@18,0.9878787878787878
seq444@299,seq2908@15,0.9999999999999999
seq444@299,seq11864@11,0.9999999999999999
seq444@299,seq9055@9,0.9999999999999999
seq444@299,seq14635@7,0.9999999999999999
seq444@299,seq17661@7,0.9999999999999999
seq444@299,seq26691@7,0.9999999999999999
seq444@299,seq5@26577,0.9999999999999999
seq444@299,seq8147@25,0.9999999999999999
seq245@297,seq20275@7,0.9999999999999999
seq245@297,seq527@25,0.9999999999999999
seq245@297,seq11146@28,0.9999999999999999
seq245@297,seq855@17,0.9878787878787878
seq245@297,seq1813@95,0.9999999999999999
seq245@297,seq11828@13,0.9999999999999999
seq245@297,seq24695@20,0.9999999999999999
seq245@297,seq3336@8,0.9999999999999999
seq245@297,seq1826@24,0.9878787878787878
seq245@297,seq28133@8,0.9999999999999999
seq245@297,seq6101@16,0.9999999999999999
seq245@297,seq7922@7,0.9999999999999999
seq245@297,seq1583@7,0.9999999999999999
seq245@297,seq1838@20,0.9999999999999999
seq245@297,seq336@7,0.9999999999999999
seq245@297,seq2965@11,0.9999999999999999
seq245@297,seq456@44,0.9999999999999999
seq245@297,seq295@71,0.9999999999999999
seq245@297,seq578@56,0.9999999999999999
seq245@297,seq16975@37,0.9999999999999999
seq245@297,seq98@28,0.9999999999999999
seq245@297,seq2098@24,0.9999999999999999
seq245@297,seq8485@18,0.9999999999999999
seq245@297,seq2603@17,0.9999999999999999
seq245@297,seq29568@15,0.9999999999999999
seq245@297,seq12704@11,0.9999999999999999
seq245@297,seq6072@10,0.9999999999999999
seq245@297,seq14608@9,0.9999999999999999
seq245@297,seq16280@8,0.9999999999999999
seq245@297,seq21536@8,0.996965091635306
seq245@297,seq9319@7,0.9999999999999999
seq245@297,seq11034@8,0.9999999999999999
seq245@297,seq4757@19,0.9999999999999999
seq245@297,seq5510@8,0.9999999999999999
seq245@297,seq11@25930,0.9999999999999999
seq245@297,seq2144@61,0.9999999999999999
seq245@297,seq2848@18,0.9999999999999999
seq245@297,seq195@22,0.9999999999999999
seq245@297,seq1101@13,0.9999999999999999
seq245@297,seq16645@27,0.9999999999999999
seq245@297,seq14175@11,0.9999999999999999
seq245@297,seq4640@14,0.9999999999999999
seq245@297,seq14017@10,0.9999999999999999
seq245@297,seq4307@13,0.9999999999999999
seq245@297,seq9443@8,0.9999999999999999
seq245@297,seq3255@18,0.9999999999999999
seq245@297,seq4118@7,0.9999999999999999
seq245@297,seq9960@8,0.9999999999999999
seq245@297,seq29659@7,0.9999999999999999
seq245@297,seq3722@14,0.9999999999999999
seq245@297,seq1724@14,0.9999999999999999
seq245@297,seq835@22,0.9999999999999999
seq245@297,seq12537@11,0.9999999999999999
seq245@297,seq1869@18,0.9999999999999999
seq245@297,seq2266@81,0.9999999999999999
seq245@297,seq2854@74,0.9999999999999999
seq245@297,seq1236@51,0.9999999999999999
seq245@297,seq118@39,0.9999999999999999
seq245@297,seq484@38,0.9999999999999999
seq245@297,seq2697@34,0.9999999999999999
seq245@297,seq2760@31,0.9999999999999999
seq245@297,seq2319@27,0.9999999999999999
seq245@297,seq186@24,0.9999999999999999
seq245@297,seq2227@18,0.9878787878787878
seq245@297,seq2908@15,0.9999999999999999
seq245@297,seq11864@11,0.9999999999999999
seq245@297,seq9055@9,0.9999999999999999
seq245@297,seq14635@7,0.9999999999999999
seq245@297,seq17661@7,0.9999999999999999
seq245@297,seq26691@7,0.9999999999999999
seq245@297,seq5@26577,0.9999999999999999
seq245@297,seq8147@25,0.9999999999999999
seq20275@7,seq527@25,0.9999999999999999
seq20275@7,seq11146@28,0.9999999999999999
seq20275@7,seq855@17,0.9878787878787878
seq20275@7,seq1813@95,0.9999999999999999
seq20275@7,seq11828@13,0.9999999999999999
seq20275@7,seq24695@20,0.9999999999999999
seq20275@7,seq3336@8,0.9999999999999999
seq20275@7,seq1826@24,0.9878787878787878
seq20275@7,seq28133@8,0.9999999999999999
seq20275@7,seq6101@16,0.9999999999999999
seq20275@7,seq7922@7,0.9999999999999999
seq20275@7,seq1583@7,0.9999999999999999
seq20275@7,seq1838@20,0.9999999999999999
seq20275@7,seq336@7,0.9999999999999999
seq20275@7,seq2965@11,0.9999999999999999
seq20275@7,seq456@44,0.9999999999999999
seq20275@7,seq295@71,0.9999999999999999
seq20275@7,seq578@56,0.9999999999999999
seq20275@7,seq16975@37,0.9999999999999999
seq20275@7,seq98@28,0.9999999999999999
seq20275@7,seq2098@24,0.9999999999999999
seq20275@7,seq8485@18,0.9999999999999999
seq20275@7,seq2603@17,0.9999999999999999
seq20275@7,seq29568@15,0.9999999999999999
seq20275@7,seq12704@11,0.9999999999999999
seq20275@7,seq6072@10,0.9999999999999999
seq20275@7,seq14608@9,0.9999999999999999
seq20275@7,seq16280@8,0.9999999999999999
seq20275@7,seq21536@8,0.996965091635306
seq20275@7,seq9319@7,0.9999999999999999
seq20275@7,seq11034@8,0.9999999999999999
seq20275@7,seq4757@19,0.9999999999999999
seq20275@7,seq5510@8,0.9999999999999999
seq20275@7,seq11@25930,0.9999999999999999
seq20275@7,seq2144@61,0.9999999999999999
seq20275@7,seq2848@18,0.9999999999999999
seq20275@7,seq195@22,0.9999999999999999
seq20275@7,seq1101@13,0.9999999999999999
seq20275@7,seq16645@27,0.9999999999999999
seq20275@7,seq14175@11,0.9999999999999999
seq20275@7,seq4640@14,0.9999999999999999
seq20275@7,seq14017@10,0.9999999999999999
seq20275@7,seq4307@13,0.9999999999999999
seq20275@7,seq9443@8,0.9999999999999999
seq20275@7,seq3255@18,0.9999999999999999
seq20275@7,seq4118@7,0.9999999999999999
seq20275@7,seq9960@8,0.9999999999999999
seq20275@7,seq29659@7,0.9999999999999999
seq20275@7,seq3722@14,0.9999999999999999
seq20275@7,seq1724@14,0.9999999999999999
seq20275@7,seq835@22,0.9999999999999999
seq20275@7,seq12537@11,0.9999999999999999
seq20275@7,seq1869@18,0.9999999999999999
seq20275@7,seq2266@81,0.9999999999999999
seq20275@7,seq2854@74,0.9999999999999999
seq20275@7,seq1236@51,0.9999999999999999
seq20275@7,seq118@39,0.9999999999999999
seq20275@7,seq484@38,0.9999999999999999
seq20275@7,seq2697@34,0.9999999999999999
seq20275@7,seq2760@31,0.9999999999999999
seq20275@7,seq2319@27,0.9999999999999999
seq20275@7,seq186@24,0.9999999999999999
seq20275@7,seq2227@18,0.9878787878787878
seq20275@7,seq2908@15,0.9999999999999999
seq20275@7,seq11864@11,0.9999999999999999
seq20275@7,seq9055@9,0.9999999999999999
seq20275@7,seq14635@7,0.9999999999999999
seq20275@7,seq17661@7,0.9999999999999999
seq20275@7,seq26691@7,0.9999999999999999
seq20275@7,seq5@26577,0.9999999999999999
seq20275@7,seq8147@25,0.9999999999999999
seq527@25,seq11146@28,0.9999999999999999
seq527@25,seq855@17,0.9878787878787878
seq527@25,seq1813@95,0.9999999999999999
seq527@25,seq11828@13,0.9999999999999999
seq527@25,seq24695@20,0.9999999999999999
seq527@25,seq3336@8,0.9999999999999999
seq527@25,seq1826@24,0.9878787878787878
seq527@25,seq28133@8,0.9999999999999999
seq527@25,seq6101@16,0.9999999999999999
seq527@25,seq7922@7,0.9999999999999999
seq527@25,seq1583@7,0.9999999999999999
seq527@25,seq1838@20,0.9999999999999999
seq527@25,seq336@7,0.9999999999999999
seq527@25,seq2965@11,0.9999999999999999
seq527@25,seq456@44,0.9999999999999999
seq527@25,seq295@71,0.9999999999999999
seq527@25,seq578@56,0.9999999999999999
seq527@25,seq16975@37,0.9999999999999999
seq527@25,seq98@28,0.9999999999999999
seq527@25,seq2098@24,0.9999999999999999
seq527@25,seq8485@18,0.9999999999999999
seq527@25,seq2603@17,0.9999999999999999
seq527@25,seq29568@15,0.9999999999999999
seq527@25,seq12704@11,0.9999999999999999
seq527@25,seq6072@10,0.9999999999999999
seq527@25,seq14608@9,0.9999999999999999
seq527@25,seq16280@8,0.9999999999999999
seq527@25,seq21536@8,0.996965091635306
seq527@25,seq9319@7,0.9999999999999999
seq527@25,seq11034@8,0.9999999999999999
seq527@25,seq4757@19,0.9999999999999999
seq527@25,seq5510@8,0.9999999999999999
seq527@25,seq11@25930,0.9999999999999999
seq527@25,seq2144@61,0.9999999999999999
seq527@25,seq2848@18,0.9999999999999999
seq527@25,seq195@22,0.9999999999999999
seq527@25,seq1101@13,0.9999999999999999
seq527@25,seq16645@27,0.9999999999999999
seq527@25,seq14175@11,0.9999999999999999
seq527@25,seq4640@14,0.9999999999999999
seq527@25,seq14017@10,0.9999999999999999
seq527@25,seq4307@13,0.9999999999999999
seq527@25,seq9443@8,0.9999999999999999
seq527@25,seq3255@18,0.9999999999999999
seq527@25,seq4118@7,0.9999999999999999
seq527@25,seq9960@8,0.9999999999999999
seq527@25,seq29659@7,0.9999999999999999
seq527@25,seq3722@14,0.9999999999999999
seq527@25,seq1724@14,0.9999999999999999
seq527@25,seq835@22,0.9999999999999999
seq527@25,seq12537@11,0.9999999999999999
seq527@25,seq1869@18,0.9999999999999999
seq527@25,seq2266@81,0.9999999999999999
seq527@25,seq2854@74,0.9999999999999999
seq527@25,seq1236@51,0.9999999999999999
seq527@25,seq118@39,0.9999999999999999
seq527@25,seq484@38,0.9999999999999999
seq527@25,seq2697@34,0.9999999999999999
seq527@25,seq2760@31,0.9999999999999999
seq527@25,seq2319@27,0.9999999999999999
seq527@25,seq186@24,0.9999999999999999
seq527@25,seq2227@18,0.9878787878787878
seq527@25,seq2908@15,0.9999999999999999
seq527@25,seq11864@11,0.9999999999999999
seq527@25,seq9055@9,0.9999999999999999
seq527@25,seq14635@7,0.9999999999999999
seq527@25,seq17661@7,0.9999999999999999
seq527@25,seq26691@7,0.9999999999999999
seq527@25,seq5@26577,0.9999999999999999
seq527@25,seq8147@25,0.9999999999999999
seq11146@28,seq855@17,0.9878787878787878
seq11146@28,seq1813@95,0.9999999999999999
seq11146@28,seq11828@13,0.9999999999999999
seq11146@28,seq24695@20,0.9999999999999999
seq11146@28,seq3336@8,0.9999999999999999
seq11146@28,seq1826@24,0.9878787878787878
seq11146@28,seq28133@8,0.9999999999999999
seq11146@28,seq6101@16,0.9999999999999999
seq11146@28,seq7922@7,0.9999999999999999
seq11146@28,seq1583@7,0.9999999999999999
seq11146@28,seq1838@20,0.9999999999999999
seq11146@28,seq336@7,0.9999999999999999
seq11146@28,seq2965@11,0.9999999999999999
seq11146@28,seq456@44,0.9999999999999999
seq11146@28,seq295@71,0.9999999999999999
seq11146@28,seq578@56,0.9999999999999999
seq11146@28,seq16975@37,0.9999999999999999
seq11146@28,seq98@28,0.9999999999999999
seq11146@28,seq2098@24,0.9999999999999999
seq11146@28,seq8485@18,0.9999999999999999
seq11146@28,seq2603@17,0.9999999999999999
seq11146@28,seq29568@15,0.9999999999999999
seq11146@28,seq12704@11,0.9999999999999999
seq11146@28,seq6072@10,0.9999999999999999
seq11146@28,seq14608@9,0.9999999999999999
seq11146@28,seq16280@8,0.9999999999999999
seq11146@28,seq21536@8,0.996965091635306
seq11146@28,seq9319@7,0.9999999999999999
seq11146@28,seq11034@8,0.9999999999999999
seq11146@28,seq4757@19,0.9999999999999999
seq11146@28,seq5510@8,0.9999999999999999
seq11146@28,seq11@25930,0.9999999999999999
seq11146@28,seq2144@61,0.9999999999999999
seq11146@28,seq2848@18,0.9999999999999999
seq11146@28,seq195@22,0.9999999999999999
seq11146@28,seq1101@13,0.9999999999999999
seq11146@28,seq16645@27,0.9999999999999999
seq11146@28,seq14175@11,0.9999999999999999
seq11146@28,seq4640@14,0.9999999999999999
seq11146@28,seq14017@10,0.9999999999999999
seq11146@28,seq4307@13,0.9999999999999999
seq11146@28,seq9443@8,0.9999999999999999
seq11146@28,seq3255@18,0.9999999999999999
seq11146@28,seq4118@7,0.9999999999999999
seq11146@28,seq9960@8,0.9999999999999999
seq11146@28,seq29659@7,0.9999999999999999
seq11146@28,seq3722@14,0.9999999999999999
seq11146@28,seq1724@14,0.9999999999999999
seq11146@28,seq835@22,0.9999999999999999
seq11146@28,seq12537@11,0.9999999999999999
seq11146@28,seq1869@18,0.9999999999999999
seq11146@28,seq2266@81,0.9999999999999999
seq11146@28,seq2854@74,0.9999999999999999
seq11146@28,seq1236@51,0.9999999999999999
seq11146@28,seq118@39,0.9999999999999999
seq11146@28,seq484@38,0.9999999999999999
seq11146@28,seq2697@34,0.9999999999999999
seq11146@28,seq2760@31,0.9999999999999999
seq11146@28,seq2319@27,0.9999999999999999
seq11146@28,seq186@24,0.9999999999999999
seq11146@28,seq2227@18,0.9878787878787878
seq11146@28,seq2908@15,0.9999999999999999
seq11146@28,seq11864@11,0.9999999999999999
seq11146@28,seq9055@9,0.9999999999999999
seq11146@28,seq14635@7,0.9999999999999999
seq11146@28,seq17661@7,0.9999999999999999
seq11146@28,seq26691@7,0.9999999999999999
seq11146@28,seq5@26577,0.9999999999999999
seq11146@28,seq8147@25,0.9999999999999999
seq855@17,seq1813@95,0.9878787878787878
seq855@17,seq11828@13,0.9878787878787878
seq855@17,seq24695@20,0.9878787878787878
seq855@17,seq3336@8,0.9878787878787878
seq855@17,seq1826@24,0.9636363636363635
seq855@17,seq28133@8,0.9878787878787878
seq855@17,seq6101@16,0.9878787878787878
seq855@17,seq7922@7,0.9878787878787878
seq855@17,seq1583@7,0.9878787878787878
seq855@17,seq1838@20,0.9878787878787878
seq855@17,seq336@7,0.9878787878787878
seq855@17,seq2965@11,0.9878787878787878
seq855@17,seq456@44,0.9878787878787878
seq855@17,seq295@71,0.9878787878787878
seq855@17,seq578@56,0.9878787878787878
seq855@17,seq16975@37,0.9878787878787878
seq855@17,seq98@28,0.9878787878787878
seq855@17,seq2098@24,0.9878787878787878
seq855@17,seq8485@18,0.9878787878787878
seq855@17,seq2603@17,0.9878787878787878
seq855@17,seq29568@15,0.9878787878787878
seq855@17,seq12704@11,0.9878787878787878
seq855@17,seq6072@10,0.9878787878787878
seq855@17,seq14608@9,0.9878787878787878
seq855@17,seq16280@8,0.9878787878787878
seq855@17,seq21536@8,0.996965091635306
seq855@17,seq9319@7,0.9878787878787878
seq855@17,seq11034@8,0.9878787878787878
seq855@17,seq4757@19,0.9878787878787878
seq855@17,seq5510@8,0.9878787878787878
seq855@17,seq11@25930,0.9878787878787878
seq855@17,seq2144@61,0.9878787878787878
seq855@17,seq2848@18,0.9878787878787878
seq855@17,seq195@22,0.9878787878787878
seq855@17,seq1101@13,0.9878787878787878
seq855@17,seq16645@27,0.9878787878787878
seq855@17,seq14175@11,0.9878787878787878
seq855@17,seq4640@14,0.9878787878787878
seq855@17,seq14017@10,0.9878787878787878
seq855@17,seq4307@13,0.9878787878787878
seq855@17,seq9443@8,0.9878787878787878
seq855@17,seq3255@18,0.9878787878787878
seq855@17,seq4118@7,0.9878787878787878
seq855@17,seq9960@8,0.9878787878787878
seq855@17,seq29659@7,0.9878787878787878
seq855@17,seq3722@14,0.9878787878787878
seq855@17,seq1724@14,0.9878787878787878
seq855@17,seq835@22,0.9878787878787878
seq855@17,seq12537@11,0.9878787878787878
seq855@17,seq1869@18,0.9878787878787878
seq855@17,seq2266@81,0.9878787878787878
seq855@17,seq2854@74,0.9878787878787878
seq855@17,seq1236@51,0.9878787878787878
seq855@17,seq118@39,0.9878787878787878
seq855@17,seq484@38,0.9878787878787878
seq855@17,seq2697@34,0.9878787878787878
seq855@17,seq2760@31,0.9878787878787878
seq855@17,seq2319@27,0.9878787878787878
seq855@17,seq186@24,0.9878787878787878
seq855@17,seq2227@18,0.9999999999999999
seq855@17,seq2908@15,0.9878787878787878
seq855@17,seq11864@11,0.9878787878787878
seq855@17,seq9055@9,0.9878787878787878
seq855@17,seq14635@7,0.9878787878787878
seq855@17,seq17661@7,0.9878787878787878
seq855@17,seq26691@7,0.9878787878787878
seq855@17,seq5@26577,0.9878787878787878
seq855@17,seq8147@25,0.9878787878787878
seq1813@95,seq11828@13,0.9999999999999999
seq1813@95,seq24695@20,0.9999999999999999
seq1813@95,seq3336@8,0.9999999999999999
seq1813@95,seq1826@24,0.9878787878787878
seq1813@95,seq28133@8,0.9999999999999999
seq1813@95,seq6101@16,0.9999999999999999
seq1813@95,seq7922@7,0.9999999999999999
seq1813@95,seq1583@7,0.9999999999999999
seq1813@95,seq1838@20,0.9999999999999999
seq1813@95,seq336@7,0.9999999999999999
seq1813@95,seq2965@11,0.9999999999999999
seq1813@95,seq456@44,0.9999999999999999
seq1813@95,seq295@71,0.9999999999999999
seq1813@95,seq578@56,0.9999999999999999
seq1813@95,seq16975@37,0.9999999999999999
seq1813@95,seq98@28,0.9999999999999999
seq1813@95,seq2098@24,0.9999999999999999
seq1813@95,seq8485@18,0.9999999999999999
seq1813@95,seq2603@17,0.9999999999999999
seq1813@95,seq29568@15,0.9999999999999999
seq1813@95,seq12704@11,0.9999999999999999
seq1813@95,seq6072@10,0.9999999999999999
seq1813@95,seq14608@9,0.9999999999999999
seq1813@95,seq16280@8,0.9999999999999999
seq1813@95,seq21536@8,0.996965091635306
seq1813@95,seq9319@7,0.9999999999999999
seq1813@95,seq11034@8,0.9999999999999999
seq1813@95,seq4757@19,0.9999999999999999
seq1813@95,seq5510@8,0.9999999999999999
seq1813@95,seq11@25930,0.9999999999999999
seq1813@95,seq2144@61,0.9999999999999999
seq1813@95,seq2848@18,0.9999999999999999
seq1813@95,seq195@22,0.9999999999999999
seq1813@95,seq1101@13,0.9999999999999999
seq1813@95,seq16645@27,0.9999999999999999
seq1813@95,seq14175@11,0.9999999999999999
seq1813@95,seq4640@14,0.9999999999999999
seq1813@95,seq14017@10,0.9999999999999999
seq1813@95,seq4307@13,0.9999999999999999
seq1813@95,seq9443@8,0.9999999999999999
seq1813@95,seq3255@18,0.9999999999999999
seq1813@95,seq4118@7,0.9999999999999999
seq1813@95,seq9960@8,0.9999999999999999
seq1813@95,seq29659@7,0.9999999999999999
seq1813@95,seq3722@14,0.9999999999999999
seq1813@95,seq1724@14,0.9999999999999999
seq1813@95,seq835@22,0.9999999999999999
seq1813@95,seq12537@11,0.9999999999999999
seq1813@95,seq1869@18,0.9999999999999999
seq1813@95,seq2266@81,0.9999999999999999
seq1813@95,seq2854@74,0.9999999999999999
seq1813@95,seq1236@51,0.9999999999999999
seq1813@95,seq118@39,0.9999999999999999
seq1813@95,seq484@38,0.9999999999999999
seq1813@95,seq2697@34,0.9999999999999999
seq1813@95,seq2760@31,0.9999999999999999
seq1813@95,seq2319@27,0.9999999999999999
seq1813@95,seq186@24,0.9999999999999999
seq1813@95,seq2227@18,0.9878787878787878
seq1813@95,seq2908@15,0.9999999999999999
seq1813@95,seq11864@11,0.9999999999999999
seq1813@95,seq9055@9,0.9999999999999999
seq1813@95,seq14635@7,0.9999999999999999
seq1813@95,seq17661@7,0.9999999999999999
seq1813@95,seq26691@7,0.9999999999999999
seq1813@95,seq5@26577,0.9999999999999999
seq1813@95,seq8147@25,0.9999999999999999
seq11828@13,seq24695@20,0.9999999999999999
seq11828@13,seq3336@8,0.9999999999999999
seq11828@13,seq1826@24,0.9878787878787878
seq11828@13,seq28133@8,0.9999999999999999
seq11828@13,seq6101@16,0.9999999999999999
seq11828@13,seq7922@7,0.9999999999999999
seq11828@13,seq1583@7,0.9999999999999999
seq11828@13,seq1838@20,0.9999999999999999
seq11828@13,seq336@7,0.9999999999999999
seq11828@13,seq2965@11,0.9999999999999999
seq11828@13,seq456@44,0.9999999999999999
seq11828@13,seq295@71,0.9999999999999999
seq11828@13,seq578@56,0.9999999999999999
seq11828@13,seq16975@37,0.9999999999999999
seq11828@13,seq98@28,0.9999999999999999
seq11828@13,seq2098@24,0.9999999999999999
seq11828@13,seq8485@18,0.9999999999999999
seq11828@13,seq2603@17,0.9999999999999999
seq11828@13,seq29568@15,0.9999999999999999
seq11828@13,seq12704@11,0.9999999999999999
seq11828@13,seq6072@10,0.9999999999999999
seq11828@13,seq14608@9,0.9999999999999999
seq11828@13,seq16280@8,0.9999999999999999
seq11828@13,seq21536@8,0.996965091635306
seq11828@13,seq9319@7,0.9999999999999999
seq11828@13,seq11034@8,0.9999999999999999
seq11828@13,seq4757@19,0.9999999999999999
seq11828@13,seq5510@8,0.9999999999999999
seq11828@13,seq11@25930,0.9999999999999999
seq11828@13,seq2144@61,0.9999999999999999
seq11828@13,seq2848@18,0.9999999999999999
seq11828@13,seq195@22,0.9999999999999999
seq11828@13,seq1101@13,0.9999999999999999
seq11828@13,seq16645@27,0.9999999999999999
seq11828@13,seq14175@11,0.9999999999999999
seq11828@13,seq4640@14,0.9999999999999999
seq11828@13,seq14017@10,0.9999999999999999
seq11828@13,seq4307@13,0.9999999999999999
seq11828@13,seq9443@8,0.9999999999999999
seq11828@13,seq3255@18,0.9999999999999999
seq11828@13,seq4118@7,0.9999999999999999
seq11828@13,seq9960@8,0.9999999999999999
seq11828@13,seq29659@7,0.9999999999999999
seq11828@13,seq3722@14,0.9999999999999999
seq11828@13,seq1724@14,0.9999999999999999
seq11828@13,seq835@22,0.9999999999999999
seq11828@13,seq12537@11,0.9999999999999999
seq11828@13,seq1869@18,0.9999999999999999
seq11828@13,seq2266@81,0.9999999999999999
seq11828@13,seq2854@74,0.9999999999999999
seq11828@13,seq1236@51,0.9999999999999999
seq11828@13,seq118@39,0.9999999999999999
seq11828@13,seq484@38,0.9999999999999999
seq11828@13,seq2697@34,0.9999999999999999
seq11828@13,seq2760@31,0.9999999999999999
seq11828@13,seq2319@27,0.9999999999999999
seq11828@13,seq186@24,0.9999999999999999
seq11828@13,seq2227@18,0.9878787878787878
seq11828@13,seq2908@15,0.9999999999999999
seq11828@13,seq11864@11,0.9999999999999999
seq11828@13,seq9055@9,0.9999999999999999
seq11828@13,seq14635@7,0.9999999999999999
seq11828@13,seq17661@7,0.9999999999999999
seq11828@13,seq26691@7,0.9999999999999999
seq11828@13,seq5@26577,0.9999999999999999
seq11828@13,seq8147@25,0.9999999999999999
seq24695@20,seq3336@8,0.9999999999999999
seq24695@20,seq1826@24,0.9878787878787878
seq24695@20,seq28133@8,0.9999999999999999
seq24695@20,seq6101@16,0.9999999999999999
seq24695@20,seq7922@7,0.9999999999999999
seq24695@20,seq1583@7,0.9999999999999999
seq24695@20,seq1838@20,0.9999999999999999
seq24695@20,seq336@7,0.9999999999999999
seq24695@20,seq2965@11,0.9999999999999999
seq24695@20,seq456@44,0.9999999999999999
seq24695@20,seq295@71,0.9999999999999999
seq24695@20,seq578@56,0.9999999999999999
seq24695@20,seq16975@37,0.9999999999999999
seq24695@20,seq98@28,0.9999999999999999
seq24695@20,seq2098@24,0.9999999999999999
seq24695@20,seq8485@18,0.9999999999999999
seq24695@20,seq2603@17,0.9999999999999999
seq24695@20,seq29568@15,0.9999999999999999
seq24695@20,seq12704@11,0.9999999999999999
seq24695@20,seq6072@10,0.9999999999999999
seq24695@20,seq14608@9,0.9999999999999999
seq24695@20,seq16280@8,0.9999999999999999
seq24695@20,seq21536@8,0.996965091635306
seq24695@20,seq9319@7,0.9999999999999999
seq24695@20,seq11034@8,0.9999999999999999
seq24695@20,seq4757@19,0.9999999999999999
seq24695@20,seq5510@8,0.9999999999999999
seq24695@20,seq11@25930,0.9999999999999999
seq24695@20,seq2144@61,0.9999999999999999
seq24695@20,seq2848@18,0.9999999999999999
seq24695@20,seq195@22,0.9999999999999999
seq24695@20,seq1101@13,0.9999999999999999
seq24695@20,seq16645@27,0.9999999999999999
seq24695@20,seq14175@11,0.9999999999999999
seq24695@20,seq4640@14,0.9999999999999999
seq24695@20,seq14017@10,0.9999999999999999
seq24695@20,seq4307@13,0.9999999999999999
seq24695@20,seq9443@8,0.9999999999999999
seq24695@20,seq3255@18,0.9999999999999999
seq24695@20,seq4118@7,0.9999999999999999
seq24695@20,seq9960@8,0.9999999999999999
seq24695@20,seq29659@7,0.9999999999999999
seq24695@20,seq3722@14,0.9999999999999999
seq24695@20,seq1724@14,0.9999999999999999
seq24695@20,seq835@22,0.9999999999999999
seq24695@20,seq12537@11,0.9999999999999999
seq24695@20,seq1869@18,0.9999999999999999
seq24695@20,seq2266@81,0.9999999999999999
seq24695@20,seq2854@74,0.9999999999999999
seq24695@20,seq1236@51,0.9999999999999999
seq24695@20,seq118@39,0.9999999999999999
seq24695@20,seq484@38,0.9999999999999999
seq24695@20,seq2697@34,0.9999999999999999
seq24695@20,seq2760@31,0.9999999999999999
seq24695@20,seq2319@27,0.9999999999999999
seq24695@20,seq186@24,0.9999999999999999
seq24695@20,seq2227@18,0.9878787878787878
seq24695@20,seq2908@15,0.9999999999999999
seq24695@20,seq11864@11,0.9999999999999999
seq24695@20,seq9055@9,0.9999999999999999
seq24695@20,seq14635@7,0.9999999999999999
seq24695@20,seq17661@7,0.9999999999999999
seq24695@20,seq26691@7,0.9999999999999999
seq24695@20,seq5@26577,0.9999999999999999
seq24695@20,seq8147@25,0.9999999999999999
seq3336@8,seq1826@24,0.9878787878787878
seq3336@8,seq28133@8,0.9999999999999999
seq3336@8,seq6101@16,0.9999999999999999
seq3336@8,seq7922@7,0.9999999999999999
seq3336@8,seq1583@7,0.9999999999999999
seq3336@8,seq1838@20,0.9999999999999999
seq3336@8,seq336@7,0.9999999999999999
seq3336@8,seq2965@11,0.9999999999999999
seq3336@8,seq456@44,0.9999999999999999
seq3336@8,seq295@71,0.9999999999999999
seq3336@8,seq578@56,0.9999999999999999
seq3336@8,seq16975@37,0.9999999999999999
seq3336@8,seq98@28,0.9999999999999999
seq3336@8,seq2098@24,0.9999999999999999
seq3336@8,seq8485@18,0.9999999999999999
seq3336@8,seq2603@17,0.9999999999999999
seq3336@8,seq29568@15,0.9999999999999999
seq3336@8,seq12704@11,0.9999999999999999
seq3336@8,seq6072@10,0.9999999999999999
seq3336@8,seq14608@9,0.9999999999999999
seq3336@8,seq16280@8,0.9999999999999999
seq3336@8,seq21536@8,0.996965091635306
seq3336@8,seq9319@7,0.9999999999999999
seq3336@8,seq11034@8,0.9999999999999999
seq3336@8,seq4757@19,0.9999999999999999
seq3336@8,seq5510@8,0.9999999999999999
seq3336@8,seq11@25930,0.9999999999999999
seq3336@8,seq2144@61,0.9999999999999999
seq3336@8,seq2848@18,0.9999999999999999
seq3336@8,seq195@22,0.9999999999999999
seq3336@8,seq1101@13,0.9999999999999999
seq3336@8,seq16645@27,0.9999999999999999
seq3336@8,seq14175@11,0.9999999999999999
seq3336@8,seq4640@14,0.9999999999999999
seq3336@8,seq14017@10,0.9999999999999999
seq3336@8,seq4307@13,0.9999999999999999
seq3336@8,seq9443@8,0.9999999999999999
seq3336@8,seq3255@18,0.9999999999999999
seq3336@8,seq4118@7,0.9999999999999999
seq3336@8,seq9960@8,0.9999999999999999
seq3336@8,seq29659@7,0.9999999999999999
seq3336@8,seq3722@14,0.9999999999999999
seq3336@8,seq1724@14,0.9999999999999999
seq3336@8,seq835@22,0.9999999999999999
seq3336@8,seq12537@11,0.9999999999999999
seq3336@8,seq1869@18,0.9999999999999999
seq3336@8,seq2266@81,0.9999999999999999
seq3336@8,seq2854@74,0.9999999999999999
seq3336@8,seq1236@51,0.9999999999999999
seq3336@8,seq118@39,0.9999999999999999
seq3336@8,seq484@38,0.9999999999999999
seq3336@8,seq2697@34,0.9999999999999999
seq3336@8,seq2760@31,0.9999999999999999
seq3336@8,seq2319@27,0.9999999999999999
seq3336@8,seq186@24,0.9999999999999999
seq3336@8,seq2227@18,0.9878787878787878
seq3336@8,seq2908@15,0.9999999999999999
seq3336@8,seq11864@11,0.9999999999999999
seq3336@8,seq9055@9,0.9999999999999999
seq3336@8,seq14635@7,0.9999999999999999
seq3336@8,seq17661@7,0.9999999999999999
seq3336@8,seq26691@7,0.9999999999999999
seq3336@8,seq5@26577,0.9999999999999999
seq3336@8,seq8147@25,0.9999999999999999
seq1826@24,seq28133@8,0.9878787878787878
seq1826@24,seq6101@16,0.9878787878787878
seq1826@24,seq7922@7,0.9878787878787878
seq1826@24,seq1583@7,0.9878787878787878
seq1826@24,seq1838@20,0.9878787878787878
seq1826@24,seq336@7,0.9878787878787878
seq1826@24,seq2965@11,0.9878787878787878
seq1826@24,seq456@44,0.9878787878787878
seq1826@24,seq295@71,0.9878787878787878
seq1826@24,seq578@56,0.9878787878787878
seq1826@24,seq16975@37,0.9878787878787878
seq1826@24,seq98@28,0.9878787878787878
seq1826@24,seq2098@24,0.9878787878787878
seq1826@24,seq8485@18,0.9878787878787878
seq1826@24,seq2603@17,0.9878787878787878
seq1826@24,seq29568@15,0.9878787878787878
seq1826@24,seq12704@11,0.9878787878787878
seq1826@24,seq6072@10,0.9878787878787878
seq1826@24,seq14608@9,0.9878787878787878
seq1826@24,seq16280@8,0.9878787878787878
seq1826@24,seq21536@8,0.9787279253249042
seq1826@24,seq9319@7,0.9878787878787878
seq1826@24,seq11034@8,0.9878787878787878
seq1826@24,seq4757@19,0.9878787878787878
seq1826@24,seq5510@8,0.9878787878787878
seq1826@24,seq11@25930,0.9878787878787878
seq1826@24,seq2144@61,0.9878787878787878
seq1826@24,seq2848@18,0.9878787878787878
seq1826@24,seq195@22,0.9878787878787878
seq1826@24,seq1101@13,0.9878787878787878
seq1826@24,seq16645@27,0.9878787878787878
seq1826@24,seq14175@11,0.9878787878787878
seq1826@24,seq4640@14,0.9878787878787878
seq1826@24,seq14017@10,0.9878787878787878
seq1826@24,seq4307@13,0.9878787878787878
seq1826@24,seq9443@8,0.9878787878787878
seq1826@24,seq3255@18,0.9878787878787878
seq1826@24,seq4118@7,0.9878787878787878
seq1826@24,seq9960@8,0.9878787878787878
seq1826@24,seq29659@7,0.9878787878787878
seq1826@24,seq3722@14,0.9878787878787878
seq1826@24,seq1724@14,0.9878787878787878
seq1826@24,seq835@22,0.9878787878787878
seq1826@24,seq12537@11,0.9878787878787878
seq1826@24,seq1869@18,0.9878787878787878
seq1826@24,seq2266@81,0.9878787878787878
seq1826@24,seq2854@74,0.9878787878787878
seq1826@24,seq1236@51,0.9878787878787878
seq1826@24,seq118@39,0.9878787878787878
seq1826@24,seq484@38,0.9878787878787878
seq1826@24,seq2697@34,0.9878787878787878
seq1826@24,seq2760@31,0.9878787878787878
seq1826@24,seq2319@27,0.9878787878787878
seq1826@24,seq186@24,0.9878787878787878
seq1826@24,seq2227@18,0.9636363636363635
seq1826@24,seq2908@15,0.9878787878787878
seq1826@24,seq11864@11,0.9878787878787878
seq1826@24,seq9055@9,0.9878787878787878
seq1826@24,seq14635@7,0.9878787878787878
seq1826@24,seq17661@7,0.9878787878787878
seq1826@24,seq26691@7,0.9878787878787878
seq1826@24,seq5@26577,0.9878787878787878
seq1826@24,seq8147@25,0.9878787878787878
seq28133@8,seq6101@16,0.9999999999999999
seq28133@8,seq7922@7,0.9999999999999999
seq28133@8,seq1583@7,0.9999999999999999
seq28133@8,seq1838@20,0.9999999999999999
seq28133@8,seq336@7,0.9999999999999999
seq28133@8,seq2965@11,0.9999999999999999
seq28133@8,seq456@44,0.9999999999999999
seq28133@8,seq295@71,0.9999999999999999
seq28133@8,seq578@56,0.9999999999999999
seq28133@8,seq16975@37,0.9999999999999999
seq28133@8,seq98@28,0.9999999999999999
seq28133@8,seq2098@24,0.9999999999999999
seq28133@8,seq8485@18,0.9999999999999999
seq28133@8,seq2603@17,0.9999999999999999
seq28133@8,seq29568@15,0.9999999999999999
seq28133@8,seq12704@11,0.9999999999999999
seq28133@8,seq6072@10,0.9999999999999999
seq28133@8,seq14608@9,0.9999999999999999
seq28133@8,seq16280@8,0.9999999999999999
seq28133@8,seq21536@8,0.996965091635306
seq28133@8,seq9319@7,0.9999999999999999
seq28133@8,seq11034@8,0.9999999999999999
seq28133@8,seq4757@19,0.9999999999999999
seq28133@8,seq5510@8,0.9999999999999999
seq28133@8,seq11@25930,0.9999999999999999
seq28133@8,seq2144@61,0.9999999999999999
seq28133@8,seq2848@18,0.9999999999999999
seq28133@8,seq195@22,0.9999999999999999
seq28133@8,seq1101@13,0.9999999999999999
seq28133@8,seq16645@27,0.9999999999999999
seq28133@8,seq14175@11,0.9999999999999999
seq28133@8,seq4640@14,0.9999999999999999
seq28133@8,seq14017@10,0.9999999999999999
seq28133@8,seq4307@13,0.9999999999999999
seq28133@8,seq9443@8,0.9999999999999999
seq28133@8,seq3255@18,0.9999999999999999
seq28133@8,seq4118@7,0.9999999999999999
seq28133@8,seq9960@8,0.9999999999999999
seq28133@8,seq29659@7,0.9999999999999999
seq28133@8,seq3722@14,0.9999999999999999
seq28133@8,seq1724@14,0.9999999999999999
seq28133@8,seq835@22,0.9999999999999999
seq28133@8,seq12537@11,0.9999999999999999
seq28133@8,seq1869@18,0.9999999999999999
seq28133@8,seq2266@81,0.9999999999999999
seq28133@8,seq2854@74,0.9999999999999999
seq28133@8,seq1236@51,0.9999999999999999
seq28133@8,seq118@39,0.9999999999999999
seq28133@8,seq484@38,0.9999999999999999
seq28133@8,seq2697@34,0.9999999999999999
seq28133@8,seq2760@31,0.9999999999999999
seq28133@8,seq2319@27,0.9999999999999999
seq28133@8,seq186@24,0.9999999999999999
seq28133@8,seq2227@18,0.9878787878787878
seq28133@8,seq2908@15,0.9999999999999999
seq28133@8,seq11864@11,0.9999999999999999
seq28133@8,seq9055@9,0.9999999999999999
seq28133@8,seq14635@7,0.9999999999999999
seq28133@8,seq17661@7,0.9999999999999999
seq28133@8,seq26691@7,0.9999999999999999
seq28133@8,seq5@26577,0.9999999999999999
seq28133@8,seq8147@25,0.9999999999999999
seq6101@16,seq7922@7,0.9999999999999999
seq6101@16,seq1583@7,0.9999999999999999
seq6101@16,seq1838@20,0.9999999999999999
seq6101@16,seq336@7,0.9999999999999999
seq6101@16,seq2965@11,0.9999999999999999
seq6101@16,seq456@44,0.9999999999999999
seq6101@16,seq295@71,0.9999999999999999
seq6101@16,seq578@56,0.9999999999999999
seq6101@16,seq16975@37,0.9999999999999999
seq6101@16,seq98@28,0.9999999999999999
seq6101@16,seq2098@24,0.9999999999999999
seq6101@16,seq8485@18,0.9999999999999999
seq6101@16,seq2603@17,0.9999999999999999
seq6101@16,seq29568@15,0.9999999999999999
seq6101@16,seq12704@11,0.9999999999999999
seq6101@16,seq6072@10,0.9999999999999999
seq6101@16,seq14608@9,0.9999999999999999
seq6101@16,seq16280@8,0.9999999999999999
seq6101@16,seq21536@8,0.996965091635306
seq6101@16,seq9319@7,0.9999999999999999
seq6101@16,seq11034@8,0.9999999999999999
seq6101@16,seq4757@19,0.9999999999999999
seq6101@16,seq5510@8,0.9999999999999999
seq6101@16,seq11@25930,0.9999999999999999
seq6101@16,seq2144@61,0.9999999999999999
seq6101@16,seq2848@18,0.9999999999999999
seq6101@16,seq195@22,0.9999999999999999
seq6101@16,seq1101@13,0.9999999999999999
seq6101@16,seq16645@27,0.9999999999999999
seq6101@16,seq14175@11,0.9999999999999999
seq6101@16,seq4640@14,0.9999999999999999
seq6101@16,seq14017@10,0.9999999999999999
seq6101@16,seq4307@13,0.9999999999999999
seq6101@16,seq9443@8,0.9999999999999999
seq6101@16,seq3255@18,0.9999999999999999
seq6101@16,seq4118@7,0.9999999999999999
seq6101@16,seq9960@8,0.9999999999999999
seq6101@16,seq29659@7,0.9999999999999999
seq6101@16,seq3722@14,0.9999999999999999
seq6101@16,seq1724@14,0.9999999999999999
seq6101@16,seq835@22,0.9999999999999999
seq6101@16,seq12537@11,0.9999999999999999
seq6101@16,seq1869@18,0.9999999999999999
seq6101@16,seq2266@81,0.9999999999999999
seq6101@16,seq2854@74,0.9999999999999999
seq6101@16,seq1236@51,0.9999999999999999
seq6101@16,seq118@39,0.9999999999999999
seq6101@16,seq484@38,0.9999999999999999
seq6101@16,seq2697@34,0.9999999999999999
seq6101@16,seq2760@31,0.9999999999999999
seq6101@16,seq2319@27,0.9999999999999999
seq6101@16,seq186@24,0.9999999999999999
seq6101@16,seq2227@18,0.9878787878787878
seq6101@16,seq2908@15,0.9999999999999999
seq6101@16,seq11864@11,0.9999999999999999
seq6101@16,seq9055@9,0.9999999999999999
seq6101@16,seq14635@7,0.9999999999999999
seq6101@16,seq17661@7,0.9999999999999999
seq6101@16,seq26691@7,0.9999999999999999
seq6101@16,seq5@26577,0.9999999999999999
seq6101@16,seq8147@25,0.9999999999999999
seq7922@7,seq1583@7,0.9999999999999999
seq7922@7,seq1838@20,0.9999999999999999
seq7922@7,seq336@7,0.9999999999999999
seq7922@7,seq2965@11,0.9999999999999999
seq7922@7,seq456@44,0.9999999999999999
seq7922@7,seq295@71,0.9999999999999999
seq7922@7,seq578@56,0.9999999999999999
seq7922@7,seq16975@37,0.9999999999999999
seq7922@7,seq98@28,0.9999999999999999
seq7922@7,seq2098@24,0.9999999999999999
seq7922@7,seq8485@18,0.9999999999999999
seq7922@7,seq2603@17,0.9999999999999999
seq7922@7,seq29568@15,0.9999999999999999
seq7922@7,seq12704@11,0.9999999999999999
seq7922@7,seq6072@10,0.9999999999999999
seq7922@7,seq14608@9,0.9999999999999999
seq7922@7,seq16280@8,0.9999999999999999
seq7922@7,seq21536@8,0.996965091635306
seq7922@7,seq9319@7,0.9999999999999999
seq7922@7,seq11034@8,0.9999999999999999
seq7922@7,seq4757@19,0.9999999999999999
seq7922@7,seq5510@8,0.9999999999999999
seq7922@7,seq11@25930,0.9999999999999999
seq7922@7,seq2144@61,0.9999999999999999
seq7922@7,seq2848@18,0.9999999999999999
seq7922@7,seq195@22,0.9999999999999999
seq7922@7,seq1101@13,0.9999999999999999
seq7922@7,seq16645@27,0.9999999999999999
seq7922@7,seq14175@11,0.9999999999999999
seq7922@7,seq4640@14,0.9999999999999999
seq7922@7,seq14017@10,0.9999999999999999
seq7922@7,seq4307@13,0.9999999999999999
seq7922@7,seq9443@8,0.9999999999999999
seq7922@7,seq3255@18,0.9999999999999999
seq7922@7,seq4118@7,0.9999999999999999
seq7922@7,seq9960@8,0.9999999999999999
seq7922@7,seq29659@7,0.9999999999999999
seq7922@7,seq3722@14,0.9999999999999999
seq7922@7,seq1724@14,0.9999999999999999
seq7922@7,seq835@22,0.9999999999999999
seq7922@7,seq12537@11,0.9999999999999999
seq7922@7,seq1869@18,0.9999999999999999
seq7922@7,seq2266@81,0.9999999999999999
seq7922@7,seq2854@74,0.9999999999999999
seq7922@7,seq1236@51,0.9999999999999999
seq7922@7,seq118@39,0.9999999999999999
seq7922@7,seq484@38,0.9999999999999999
seq7922@7,seq2697@34,0.9999999999999999
seq7922@7,seq2760@31,0.9999999999999999
seq7922@7,seq2319@27,0.9999999999999999
seq7922@7,seq186@24,0.9999999999999999
seq7922@7,seq2227@18,0.9878787878787878
seq7922@7,seq2908@15,0.9999999999999999
seq7922@7,seq11864@11,0.9999999999999999
seq7922@7,seq9055@9,0.9999999999999999
seq7922@7,seq14635@7,0.9999999999999999
seq7922@7,seq17661@7,0.9999999999999999
seq7922@7,seq26691@7,0.9999999999999999
seq7922@7,seq5@26577,0.9999999999999999
seq7922@7,seq8147@25,0.9999999999999999
seq1583@7,seq1838@20,0.9999999999999999
seq1583@7,seq336@7,0.9999999999999999
seq1583@7,seq2965@11,0.9999999999999999
seq1583@7,seq456@44,0.9999999999999999
seq1583@7,seq295@71,0.9999999999999999
seq1583@7,seq578@56,0.9999999999999999
seq1583@7,seq16975@37,0.9999999999999999
seq1583@7,seq98@28,0.9999999999999999
seq1583@7,seq2098@24,0.9999999999999999
seq1583@7,seq8485@18,0.9999999999999999
seq1583@7,seq2603@17,0.9999999999999999
seq1583@7,seq29568@15,0.9999999999999999
seq1583@7,seq12704@11,0.9999999999999999
seq1583@7,seq6072@10,0.9999999999999999
seq1583@7,seq14608@9,0.9999999999999999
seq1583@7,seq16280@8,0.9999999999999999
seq1583@7,seq21536@8,0.996965091635306
seq1583@7,seq9319@7,0.9999999999999999
seq1583@7,seq11034@8,0.9999999999999999
seq1583@7,seq4757@19,0.9999999999999999
seq1583@7,seq5510@8,0.9999999999999999
seq1583@7,seq11@25930,0.9999999999999999
seq1583@7,seq2144@61,0.9999999999999999
seq1583@7,seq2848@18,0.9999999999999999
seq1583@7,seq195@22,0.9999999999999999
seq1583@7,seq1101@13,0.9999999999999999
seq1583@7,seq16645@27,0.9999999999999999
seq1583@7,seq14175@11,0.9999999999999999
seq1583@7,seq4640@14,0.9999999999999999
seq1583@7,seq14017@10,0.9999999999999999
seq1583@7,seq4307@13,0.9999999999999999
seq1583@7,seq9443@8,0.9999999999999999
seq1583@7,seq3255@18,0.9999999999999999
seq1583@7,seq4118@7,0.9999999999999999
seq1583@7,seq9960@8,0.9999999999999999
seq1583@7,seq29659@7,0.9999999999999999
seq1583@7,seq3722@14,0.9999999999999999
seq1583@7,seq1724@14,0.9999999999999999
seq1583@7,seq835@22,0.9999999999999999
seq1583@7,seq12537@11,0.9999999999999999
seq1583@7,seq1869@18,0.9999999999999999
seq1583@7,seq2266@81,0.9999999999999999
seq1583@7,seq2854@74,0.9999999999999999
seq1583@7,seq1236@51,0.9999999999999999
seq1583@7,seq118@39,0.9999999999999999
seq1583@7,seq484@38,0.9999999999999999
seq1583@7,seq2697@34,0.9999999999999999
seq1583@7,seq2760@31,0.9999999999999999
seq1583@7,seq2319@27,0.9999999999999999
seq1583@7,seq186@24,0.9999999999999999
seq1583@7,seq2227@18,0.9878787878787878
seq1583@7,seq2908@15,0.9999999999999999
seq1583@7,seq11864@11,0.9999999999999999
seq1583@7,seq9055@9,0.9999999999999999
seq1583@7,seq14635@7,0.9999999999999999
seq1583@7,seq17661@7,0.9999999999999999
seq1583@7,seq26691@7,0.9999999999999999
seq1583@7,seq5@26577,0.9999999999999999
seq1583@7,seq8147@25,0.9999999999999999
seq1838@20,seq336@7,0.9999999999999999
seq1838@20,seq2965@11,0.9999999999999999
seq1838@20,seq456@44,0.9999999999999999
seq1838@20,seq295@71,0.9999999999999999
seq1838@20,seq578@56,0.9999999999999999
seq1838@20,seq16975@37,0.9999999999999999
seq1838@20,seq98@28,0.9999999999999999
seq1838@20,seq2098@24,0.9999999999999999
seq1838@20,seq8485@18,0.9999999999999999
seq1838@20,seq2603@17,0.9999999999999999
seq1838@20,seq29568@15,0.9999999999999999
seq1838@20,seq12704@11,0.9999999999999999
seq1838@20,seq6072@10,0.9999999999999999
seq1838@20,seq14608@9,0.9999999999999999
seq1838@20,seq16280@8,0.9999999999999999
seq1838@20,seq21536@8,0.996965091635306
seq1838@20,seq9319@7,0.9999999999999999
seq1838@20,seq11034@8,0.9999999999999999
seq1838@20,seq4757@19,0.9999999999999999
seq1838@20,seq5510@8,0.9999999999999999
seq1838@20,seq11@25930,0.9999999999999999
seq1838@20,seq2144@61,0.9999999999999999
seq1838@20,seq2848@18,0.9999999999999999
seq1838@20,seq195@22,0.9999999999999999
seq1838@20,seq1101@13,0.9999999999999999
seq1838@20,seq16645@27,0.9999999999999999
seq1838@20,seq14175@11,0.9999999999999999
seq1838@20,seq4640@14,0.9999999999999999
seq1838@20,seq14017@10,0.9999999999999999
seq1838@20,seq4307@13,0.9999999999999999
seq1838@20,seq9443@8,0.9999999999999999
seq1838@20,seq3255@18,0.9999999999999999
seq1838@20,seq4118@7,0.9999999999999999
seq1838@20,seq9960@8,0.9999999999999999
seq1838@20,seq29659@7,0.9999999999999999
seq1838@20,seq3722@14,0.9999999999999999
seq1838@20,seq1724@14,0.9999999999999999
seq1838@20,seq835@22,0.9999999999999999
seq1838@20,seq12537@11,0.9999999999999999
seq1838@20,seq1869@18,0.9999999999999999
seq1838@20,seq2266@81,0.9999999999999999
seq1838@20,seq2854@74,0.9999999999999999
seq1838@20,seq1236@51,0.9999999999999999
seq1838@20,seq118@39,0.9999999999999999
seq1838@20,seq484@38,0.9999999999999999
seq1838@20,seq2697@34,0.9999999999999999
seq1838@20,seq2760@31,0.9999999999999999
seq1838@20,seq2319@27,0.9999999999999999
seq1838@20,seq186@24,0.9999999999999999
seq1838@20,seq2227@18,0.9878787878787878
seq1838@20,seq2908@15,0.9999999999999999
seq1838@20,seq11864@11,0.9999999999999999
seq1838@20,seq9055@9,0.9999999999999999
seq1838@20,seq14635@7,0.9999999999999999
seq1838@20,seq17661@7,0.9999999999999999
seq1838@20,seq26691@7,0.9999999999999999
seq1838@20,seq5@26577,0.9999999999999999
seq1838@20,seq8147@25,0.9999999999999999
seq336@7,seq2965@11,0.9999999999999999
seq336@7,seq456@44,0.9999999999999999
seq336@7,seq295@71,0.9999999999999999
seq336@7,seq578@56,0.9999999999999999
seq336@7,seq16975@37,0.9999999999999999
seq336@7,seq98@28,0.9999999999999999
seq336@7,seq2098@24,0.9999999999999999
seq336@7,seq8485@18,0.9999999999999999
seq336@7,seq2603@17,0.9999999999999999
seq336@7,seq29568@15,0.9999999999999999
seq336@7,seq12704@11,0.9999999999999999
seq336@7,seq6072@10,0.9999999999999999
seq336@7,seq14608@9,0.9999999999999999
seq336@7,seq16280@8,0.9999999999999999
seq336@7,seq21536@8,0.996965091635306
seq336@7,seq9319@7,0.9999999999999999
seq336@7,seq11034@8,0.9999999999999999
seq336@7,seq4757@19,0.9999999999999999
seq336@7,seq5510@8,0.9999999999999999
seq336@7,seq11@25930,0.9999999999999999
seq336@7,seq2144@61,0.9999999999999999
seq336@7,seq2848@18,0.9999999999999999
seq336@7,seq195@22,0.9999999999999999
seq336@7,seq1101@13,0.9999999999999999
seq336@7,seq16645@27,0.9999999999999999
seq336@7,seq14175@11,0.9999999999999999
seq336@7,seq4640@14,0.9999999999999999
seq336@7,seq14017@10,0.9999999999999999
seq336@7,seq4307@13,0.9999999999999999
seq336@7,seq9443@8,0.9999999999999999
seq336@7,seq3255@18,0.9999999999999999
seq336@7,seq4118@7,0.9999999999999999
seq336@7,seq9960@8,0.9999999999999999
seq336@7,seq29659@7,0.9999999999999999
seq336@7,seq3722@14,0.9999999999999999
seq336@7,seq1724@14,0.9999999999999999
seq336@7,seq835@22,0.9999999999999999
seq336@7,seq12537@11,0.9999999999999999
seq336@7,seq1869@18,0.9999999999999999
seq336@7,seq2266@81,0.9999999999999999
seq336@7,seq2854@74,0.9999999999999999
seq336@7,seq1236@51,0.9999999999999999
seq336@7,seq118@39,0.9999999999999999
seq336@7,seq484@38,0.9999999999999999
seq336@7,seq2697@34,0.9999999999999999
seq336@7,seq2760@31,0.9999999999999999
seq336@7,seq2319@27,0.9999999999999999
seq336@7,seq186@24,0.9999999999999999
seq336@7,seq2227@18,0.9878787878787878
seq336@7,seq2908@15,0.9999999999999999
seq336@7,seq11864@11,0.9999999999999999
seq336@7,seq9055@9,0.9999999999999999
seq336@7,seq14635@7,0.9999999999999999
seq336@7,seq17661@7,0.9999999999999999
seq336@7,seq26691@7,0.9999999999999999
seq336@7,seq5@26577,0.9999999999999999
seq336@7,seq8147@25,0.9999999999999999
seq2965@11,seq456@44,0.9999999999999999
seq2965@11,seq295@71,0.9999999999999999
seq2965@11,seq578@56,0.9999999999999999
seq2965@11,seq16975@37,0.9999999999999999
seq2965@11,seq98@28,0.9999999999999999
seq2965@11,seq2098@24,0.9999999999999999
seq2965@11,seq8485@18,0.9999999999999999
seq2965@11,seq2603@17,0.9999999999999999
seq2965@11,seq29568@15,0.9999999999999999
seq2965@11,seq12704@11,0.9999999999999999
seq2965@11,seq6072@10,0.9999999999999999
seq2965@11,seq14608@9,0.9999999999999999
seq2965@11,seq16280@8,0.9999999999999999
seq2965@11,seq21536@8,0.996965091635306
seq2965@11,seq9319@7,0.9999999999999999
seq2965@11,seq11034@8,0.9999999999999999
seq2965@11,seq4757@19,0.9999999999999999
seq2965@11,seq5510@8,0.9999999999999999
seq2965@11,seq11@25930,0.9999999999999999
seq2965@11,seq2144@61,0.9999999999999999
seq2965@11,seq2848@18,0.9999999999999999
seq2965@11,seq195@22,0.9999999999999999
seq2965@11,seq1101@13,0.9999999999999999
seq2965@11,seq16645@27,0.9999999999999999
seq2965@11,seq14175@11,0.9999999999999999
seq2965@11,seq4640@14,0.9999999999999999
seq2965@11,seq14017@10,0.9999999999999999
seq2965@11,seq4307@13,0.9999999999999999
seq2965@11,seq9443@8,0.9999999999999999
seq2965@11,seq3255@18,0.9999999999999999
seq2965@11,seq4118@7,0.9999999999999999
seq2965@11,seq9960@8,0.9999999999999999
seq2965@11,seq29659@7,0.9999999999999999
seq2965@11,seq3722@14,0.9999999999999999
seq2965@11,seq1724@14,0.9999999999999999
seq2965@11,seq835@22,0.9999999999999999
seq2965@11,seq12537@11,0.9999999999999999
seq2965@11,seq1869@18,0.9999999999999999
seq2965@11,seq2266@81,0.9999999999999999
seq2965@11,seq2854@74,0.9999999999999999
seq2965@11,seq1236@51,0.9999999999999999
seq2965@11,seq118@39,0.9999999999999999
seq2965@11,seq484@38,0.9999999999999999
seq2965@11,seq2697@34,0.9999999999999999
seq2965@11,seq2760@31,0.9999999999999999
seq2965@11,seq2319@27,0.9999999999999999
seq2965@11,seq186@24,0.9999999999999999
seq2965@11,seq2227@18,0.9878787878787878
seq2965@11,seq2908@15,0.9999999999999999
seq2965@11,seq11864@11,0.9999999999999999
seq2965@11,seq9055@9,0.9999999999999999
seq2965@11,seq14635@7,0.9999999999999999
seq2965@11,seq17661@7,0.9999999999999999
seq2965@11,seq26691@7,0.9999999999999999
seq2965@11,seq5@26577,0.9999999999999999
seq2965@11,seq8147@25,0.9999999999999999
seq456@44,seq295@71,0.9999999999999999
seq456@44,seq578@56,0.9999999999999999
seq456@44,seq16975@37,0.9999999999999999
seq456@44,seq98@28,0.9999999999999999
seq456@44,seq2098@24,0.9999999999999999
seq456@44,seq8485@18,0.9999999999999999
seq456@44,seq2603@17,0.9999999999999999
seq456@44,seq29568@15,0.9999999999999999
seq456@44,seq12704@11,0.9999999999999999
seq456@44,seq6072@10,0.9999999999999999
seq456@44,seq14608@9,0.9999999999999999
seq456@44,seq16280@8,0.9999999999999999
seq456@44,seq21536@8,0.996965091635306
seq456@44,seq9319@7,0.9999999999999999
seq456@44,seq11034@8,0.9999999999999999
seq456@44,seq4757@19,0.9999999999999999
seq456@44,seq5510@8,0.9999999999999999
seq456@44,seq11@25930,0.9999999999999999
seq456@44,seq2144@61,0.9999999999999999
seq456@44,seq2848@18,0.9999999999999999
seq456@44,seq195@22,0.9999999999999999
seq456@44,seq1101@13,0.9999999999999999
seq456@44,seq16645@27,0.9999999999999999
seq456@44,seq14175@11,0.9999999999999999
seq456@44,seq4640@14,0.9999999999999999
seq456@44,seq14017@10,0.9999999999999999
seq456@44,seq4307@13,0.9999999999999999
seq456@44,seq9443@8,0.9999999999999999
seq456@44,seq3255@18,0.9999999999999999
seq456@44,seq4118@7,0.9999999999999999
seq456@44,seq9960@8,0.9999999999999999
seq456@44,seq29659@7,0.9999999999999999
seq456@44,seq3722@14,0.9999999999999999
seq456@44,seq1724@14,0.9999999999999999
seq456@44,seq835@22,0.9999999999999999
seq456@44,seq12537@11,0.9999999999999999
seq456@44,seq1869@18,0.9999999999999999
seq456@44,seq2266@81,0.9999999999999999
seq456@44,seq2854@74,0.9999999999999999
seq456@44,seq1236@51,0.9999999999999999
seq456@44,seq118@39,0.9999999999999999
seq456@44,seq484@38,0.9999999999999999
seq456@44,seq2697@34,0.9999999999999999
seq456@44,seq2760@31,0.9999999999999999
seq456@44,seq2319@27,0.9999999999999999
seq456@44,seq186@24,0.9999999999999999
seq456@44,seq2227@18,0.9878787878787878
seq456@44,seq2908@15,0.9999999999999999
seq456@44,seq11864@11,0.9999999999999999
seq456@44,seq9055@9,0.9999999999999999
seq456@44,seq14635@7,0.9999999999999999
seq456@44,seq17661@7,0.9999999999999999
seq456@44,seq26691@7,0.9999999999999999
seq456@44,seq5@26577,0.9999999999999999
seq456@44,seq8147@25,0.9999999999999999
seq295@71,seq578@56,0.9999999999999999
seq295@71,seq16975@37,0.9999999999999999
seq295@71,seq98@28,0.9999999999999999
seq295@71,seq2098@24,0.9999999999999999
seq295@71,seq8485@18,0.9999999999999999
seq295@71,seq2603@17,0.9999999999999999
seq295@71,seq29568@15,0.9999999999999999
seq295@71,seq12704@11,0.9999999999999999
seq295@71,seq6072@10,0.9999999999999999
seq295@71,seq14608@9,0.9999999999999999
seq295@71,seq16280@8,0.9999999999999999
seq295@71,seq21536@8,0.996965091635306
seq295@71,seq9319@7,0.9999999999999999
seq295@71,seq11034@8,0.9999999999999999
seq295@71,seq4757@19,0.9999999999999999
seq295@71,seq5510@8,0.9999999999999999
seq295@71,seq11@25930,0.9999999999999999
seq295@71,seq2144@61,0.9999999999999999
seq295@71,seq2848@18,0.9999999999999999
seq295@71,seq195@22,0.9999999999999999
seq295@71,seq1101@13,0.9999999999999999
seq295@71,seq16645@27,0.9999999999999999
seq295@71,seq14175@11,0.9999999999999999
seq295@71,seq4640@14,0.9999999999999999
seq295@71,seq14017@10,0.9999999999999999
seq295@71,seq4307@13,0.9999999999999999
seq295@71,seq9443@8,0.9999999999999999
seq295@71,seq3255@18,0.9999999999999999
seq295@71,seq4118@7,0.9999999999999999
seq295@71,seq9960@8,0.9999999999999999
seq295@71,seq29659@7,0.9999999999999999
seq295@71,seq3722@14,0.9999999999999999
seq295@71,seq1724@14,0.9999999999999999
seq295@71,seq835@22,0.9999999999999999
seq295@71,seq12537@11,0.9999999999999999
seq295@71,seq1869@18,0.9999999999999999
seq295@71,seq2266@81,0.9999999999999999
seq295@71,seq2854@74,0.9999999999999999
seq295@71,seq1236@51,0.9999999999999999
seq295@71,seq118@39,0.9999999999999999
seq295@71,seq484@38,0.9999999999999999
seq295@71,seq2697@34,0.9999999999999999
seq295@71,seq2760@31,0.9999999999999999
seq295@71,seq2319@27,0.9999999999999999
seq295@71,seq186@24,0.9999999999999999
seq295@71,seq2227@18,0.9878787878787878
seq295@71,seq2908@15,0.9999999999999999
seq295@71,seq11864@11,0.9999999999999999
seq295@71,seq9055@9,0.9999999999999999
seq295@71,seq14635@7,0.9999999999999999
seq295@71,seq17661@7,0.9999999999999999
seq295@71,seq26691@7,0.9999999999999999
seq295@71,seq5@26577,0.9999999999999999
seq295@71,seq8147@25,0.9999999999999999
seq578@56,seq16975@37,0.9999999999999999
seq578@56,seq98@28,0.9999999999999999
seq578@56,seq2098@24,0.9999999999999999
seq578@56,seq8485@18,0.9999999999999999
seq578@56,seq2603@17,0.9999999999999999
seq578@56,seq29568@15,0.9999999999999999
seq578@56,seq12704@11,0.9999999999999999
seq578@56,seq6072@10,0.9999999999999999
seq578@56,seq14608@9,0.9999999999999999
seq578@56,seq16280@8,0.9999999999999999
seq578@56,seq21536@8,0.996965091635306
seq578@56,seq9319@7,0.9999999999999999
seq578@56,seq11034@8,0.9999999999999999
seq578@56,seq4757@19,0.9999999999999999
seq578@56,seq5510@8,0.9999999999999999
seq578@56,seq11@25930,0.9999999999999999
seq578@56,seq2144@61,0.9999999999999999
seq578@56,seq2848@18,0.9999999999999999
seq578@56,seq195@22,0.9999999999999999
seq578@56,seq1101@13,0.9999999999999999
seq578@56,seq16645@27,0.9999999999999999
seq578@56,seq14175@11,0.9999999999999999
seq578@56,seq4640@14,0.9999999999999999
seq578@56,seq14017@10,0.9999999999999999
seq578@56,seq4307@13,0.9999999999999999
seq578@56,seq9443@8,0.9999999999999999
seq578@56,seq3255@18,0.9999999999999999
seq578@56,seq4118@7,0.9999999999999999
seq578@56,seq9960@8,0.9999999999999999
seq578@56,seq29659@7,0.9999999999999999
seq578@56,seq3722@14,0.9999999999999999
seq578@56,seq1724@14,0.9999999999999999
seq578@56,seq835@22,0.9999999999999999
seq578@56,seq12537@11,0.9999999999999999
seq578@56,seq1869@18,0.9999999999999999
seq578@56,seq2266@81,0.9999999999999999
seq578@56,seq2854@74,0.9999999999999999
seq578@56,seq1236@51,0.9999999999999999
seq578@56,seq118@39,0.9999999999999999
seq578@56,seq484@38,0.9999999999999999
seq578@56,seq2697@34,0.9999999999999999
seq578@56,seq2760@31,0.9999999999999999
seq578@56,seq2319@27,0.9999999999999999
seq578@56,seq186@24,0.9999999999999999
seq578@56,seq2227@18,0.9878787878787878
seq578@56,seq2908@15,0.9999999999999999
seq578@56,seq11864@11,0.9999999999999999
seq578@56,seq9055@9,0.9999999999999999
seq578@56,seq14635@7,0.9999999999999999
seq578@56,seq17661@7,0.9999999999999999
seq578@56,seq26691@7,0.9999999999999999
seq578@56,seq5@26577,0.9999999999999999
seq578@56,seq8147@25,0.9999999999999999
seq16975@37,seq98@28,0.9999999999999999
seq16975@37,seq2098@24,0.9999999999999999
seq16975@37,seq8485@18,0.9999999999999999
seq16975@37,seq2603@17,0.9999999999999999
seq16975@37,seq29568@15,0.9999999999999999
seq16975@37,seq12704@11,0.9999999999999999
seq16975@37,seq6072@10,0.9999999999999999
seq16975@37,seq14608@9,0.9999999999999999
seq16975@37,seq16280@8,0.9999999999999999
seq16975@37,seq21536@8,0.996965091635306
seq16975@37,seq9319@7,0.9999999999999999
seq16975@37,seq11034@8,0.9999999999999999
seq16975@37,seq4757@19,0.9999999999999999
seq16975@37,seq5510@8,0.9999999999999999
seq16975@37,seq11@25930,0.9999999999999999
seq16975@37,seq2144@61,0.9999999999999999
seq16975@37,seq2848@18,0.9999999999999999
seq16975@37,seq195@22,0.9999999999999999
seq16975@37,seq1101@13,0.9999999999999999
seq16975@37,seq16645@27,0.9999999999999999
seq16975@37,seq14175@11,0.9999999999999999
seq16975@37,seq4640@14,0.9999999999999999
seq16975@37,seq14017@10,0.9999999999999999
seq16975@37,seq4307@13,0.9999999999999999
seq16975@37,seq9443@8,0.9999999999999999
seq16975@37,seq3255@18,0.9999999999999999
seq16975@37,seq4118@7,0.9999999999999999
seq16975@37,seq9960@8,0.9999999999999999
seq16975@37,seq29659@7,0.9999999999999999
seq16975@37,seq3722@14,0.9999999999999999
seq16975@37,seq1724@14,0.9999999999999999
seq16975@37,seq835@22,0.9999999999999999
seq16975@37,seq12537@11,0.9999999999999999
seq16975@37,seq1869@18,0.9999999999999999
seq16975@37,seq2266@81,0.9999999999999999
seq16975@37,seq2854@74,0.9999999999999999
seq16975@37,seq1236@51,0.9999999999999999
seq16975@37,seq118@39,0.9999999999999999
seq16975@37,seq484@38,0.9999999999999999
seq16975@37,seq2697@34,0.9999999999999999
seq16975@37,seq2760@31,0.9999999999999999
seq16975@37,seq2319@27,0.9999999999999999
seq16975@37,seq186@24,0.9999999999999999
seq16975@37,seq2227@18,0.9878787878787878
seq16975@37,seq2908@15,0.9999999999999999
seq16975@37,seq11864@11,0.9999999999999999
seq16975@37,seq9055@9,0.9999999999999999
seq16975@37,seq14635@7,0.9999999999999999
seq16975@37,seq17661@7,0.9999999999999999
seq16975@37,seq26691@7,0.9999999999999999
seq16975@37,seq5@26577,0.9999999999999999
seq16975@37,seq8147@25,0.9999999999999999
seq98@28,seq2098@24,0.9999999999999999
seq98@28,seq8485@18,0.9999999999999999
seq98@28,seq2603@17,0.9999999999999999
seq98@28,seq29568@15,0.9999999999999999
seq98@28,seq12704@11,0.9999999999999999
seq98@28,seq6072@10,0.9999999999999999
seq98@28,seq14608@9,0.9999999999999999
seq98@28,seq16280@8,0.9999999999999999
seq98@28,seq21536@8,0.996965091635306
seq98@28,seq9319@7,0.9999999999999999
seq98@28,seq11034@8,0.9999999999999999
seq98@28,seq4757@19,0.9999999999999999
seq98@28,seq5510@8,0.9999999999999999
seq98@28,seq11@25930,0.9999999999999999
seq98@28,seq2144@61,0.9999999999999999
seq98@28,seq2848@18,0.9999999999999999
seq98@28,seq195@22,0.9999999999999999
seq98@28,seq1101@13,0.9999999999999999
seq98@28,seq16645@27,0.9999999999999999
seq98@28,seq14175@11,0.9999999999999999
seq98@28,seq4640@14,0.9999999999999999
seq98@28,seq14017@10,0.9999999999999999
seq98@28,seq4307@13,0.9999999999999999
seq98@28,seq9443@8,0.9999999999999999
seq98@28,seq3255@18,0.9999999999999999
seq98@28,seq4118@7,0.9999999999999999
seq98@28,seq9960@8,0.9999999999999999
seq98@28,seq29659@7,0.9999999999999999
seq98@28,seq3722@14,0.9999999999999999
seq98@28,seq1724@14,0.9999999999999999
seq98@28,seq835@22,0.9999999999999999
seq98@28,seq12537@11,0.9999999999999999
seq98@28,seq1869@18,0.9999999999999999
seq98@28,seq2266@81,0.9999999999999999
seq98@28,seq2854@74,0.9999999999999999
seq98@28,seq1236@51,0.9999999999999999
seq98@28,seq118@39,0.9999999999999999
seq98@28,seq484@38,0.9999999999999999
seq98@28,seq2697@34,0.9999999999999999
seq98@28,seq2760@31,0.9999999999999999
seq98@28,seq2319@27,0.9999999999999999
seq98@28,seq186@24,0.9999999999999999
seq98@28,seq2227@18,0.9878787878787878
seq98@28,seq2908@15,0.9999999999999999
seq98@28,seq11864@11,0.9999999999999999
seq98@28,seq9055@9,0.9999999999999999
seq98@28,seq14635@7,0.9999999999999999
seq98@28,seq17661@7,0.9999999999999999
seq98@28,seq26691@7,0.9999999999999999
seq98@28,seq5@26577,0.9999999999999999
seq98@28,seq8147@25,0.9999999999999999
seq2098@24,seq8485@18,0.9999999999999999
seq2098@24,seq2603@17,0.9999999999999999
seq2098@24,seq29568@15,0.9999999999999999
seq2098@24,seq12704@11,0.9999999999999999
seq2098@24,seq6072@10,0.9999999999999999
seq2098@24,seq14608@9,0.9999999999999999
seq2098@24,seq16280@8,0.9999999999999999
seq2098@24,seq21536@8,0.996965091635306
seq2098@24,seq9319@7,0.9999999999999999
seq2098@24,seq11034@8,0.9999999999999999
seq2098@24,seq4757@19,0.9999999999999999
seq2098@24,seq5510@8,0.9999999999999999
seq2098@24,seq11@25930,0.9999999999999999
seq2098@24,seq2144@61,0.9999999999999999
seq2098@24,seq2848@18,0.9999999999999999
seq2098@24,seq195@22,0.9999999999999999
seq2098@24,seq1101@13,0.9999999999999999
seq2098@24,seq16645@27,0.9999999999999999
seq2098@24,seq14175@11,0.9999999999999999
seq2098@24,seq4640@14,0.9999999999999999
seq2098@24,seq14017@10,0.9999999999999999
seq2098@24,seq4307@13,0.9999999999999999
seq2098@24,seq9443@8,0.9999999999999999
seq2098@24,seq3255@18,0.9999999999999999
seq2098@24,seq4118@7,0.9999999999999999
seq2098@24,seq9960@8,0.9999999999999999
seq2098@24,seq29659@7,0.9999999999999999
seq2098@24,seq3722@14,0.9999999999999999
seq2098@24,seq1724@14,0.9999999999999999
seq2098@24,seq835@22,0.9999999999999999
seq2098@24,seq12537@11,0.9999999999999999
seq2098@24,seq1869@18,0.9999999999999999
seq2098@24,seq2266@81,0.9999999999999999
seq2098@24,seq2854@74,0.9999999999999999
seq2098@24,seq1236@51,0.9999999999999999
seq2098@24,seq118@39,0.9999999999999999
seq2098@24,seq484@38,0.9999999999999999
seq2098@24,seq2697@34,0.9999999999999999
seq2098@24,seq2760@31,0.9999999999999999
seq2098@24,seq2319@27,0.9999999999999999
seq2098@24,seq186@24,0.9999999999999999
seq2098@24,seq2227@18,0.9878787878787878
seq2098@24,seq2908@15,0.9999999999999999
seq2098@24,seq11864@11,0.9999999999999999
seq2098@24,seq9055@9,0.9999999999999999
seq2098@24,seq14635@7,0.9999999999999999
seq2098@24,seq17661@7,0.9999999999999999
seq2098@24,seq26691@7,0.9999999999999999
seq2098@24,seq5@26577,0.9999999999999999
seq2098@24,seq8147@25,0.9999999999999999
seq8485@18,seq2603@17,0.9999999999999999
seq8485@18,seq29568@15,0.9999999999999999
seq8485@18,seq12704@11,0.9999999999999999
seq8485@18,seq6072@10,0.9999999999999999
seq8485@18,seq14608@9,0.9999999999999999
seq8485@18,seq16280@8,0.9999999999999999
seq8485@18,seq21536@8,0.996965091635306
seq8485@18,seq9319@7,0.9999999999999999
seq8485@18,seq11034@8,0.9999999999999999
seq8485@18,seq4757@19,0.9999999999999999
seq8485@18,seq5510@8,0.9999999999999999
seq8485@18,seq11@25930,0.9999999999999999
seq8485@18,seq2144@61,0.9999999999999999
seq8485@18,seq2848@18,0.9999999999999999
seq8485@18,seq195@22,0.9999999999999999
seq8485@18,seq1101@13,0.9999999999999999
seq8485@18,seq16645@27,0.9999999999999999
seq8485@18,seq14175@11,0.9999999999999999
seq8485@18,seq4640@14,0.9999999999999999
seq8485@18,seq14017@10,0.9999999999999999
seq8485@18,seq4307@13,0.9999999999999999
seq8485@18,seq9443@8,0.9999999999999999
seq8485@18,seq3255@18,0.9999999999999999
seq8485@18,seq4118@7,0.9999999999999999
seq8485@18,seq9960@8,0.9999999999999999
seq8485@18,seq29659@7,0.9999999999999999
seq8485@18,seq3722@14,0.9999999999999999
seq8485@18,seq1724@14,0.9999999999999999
seq8485@18,seq835@22,0.9999999999999999
seq8485@18,seq12537@11,0.9999999999999999
seq8485@18,seq1869@18,0.9999999999999999
seq8485@18,seq2266@81,0.9999999999999999
seq8485@18,seq2854@74,0.9999999999999999
seq8485@18,seq1236@51,0.9999999999999999
seq8485@18,seq118@39,0.9999999999999999
seq8485@18,seq484@38,0.9999999999999999
seq8485@18,seq2697@34,0.9999999999999999
seq8485@18,seq2760@31,0.9999999999999999
seq8485@18,seq2319@27,0.9999999999999999
seq8485@18,seq186@24,0.9999999999999999
seq8485@18,seq2227@18,0.9878787878787878
seq8485@18,seq2908@15,0.9999999999999999
seq8485@18,seq11864@11,0.9999999999999999
seq8485@18,seq9055@9,0.9999999999999999
seq8485@18,seq14635@7,0.9999999999999999
seq8485@18,seq17661@7,0.9999999999999999
seq8485@18,seq26691@7,0.9999999999999999
seq8485@18,seq5@26577,0.9999999999999999
seq8485@18,seq8147@25,0.9999999999999999
seq2603@17,seq29568@15,0.9999999999999999
seq2603@17,seq12704@11,0.9999999999999999
seq2603@17,seq6072@10,0.9999999999999999
seq2603@17,seq14608@9,0.9999999999999999
seq2603@17,seq16280@8,0.9999999999999999
seq2603@17,seq21536@8,0.996965091635306
seq2603@17,seq9319@7,0.9999999999999999
seq2603@17,seq11034@8,0.9999999999999999
seq2603@17,seq4757@19,0.9999999999999999
seq2603@17,seq5510@8,0.9999999999999999
seq2603@17,seq11@25930,0.9999999999999999
seq2603@17,seq2144@61,0.9999999999999999
seq2603@17,seq2848@18,0.9999999999999999
seq2603@17,seq195@22,0.9999999999999999
seq2603@17,seq1101@13,0.9999999999999999
seq2603@17,seq16645@27,0.9999999999999999
seq2603@17,seq14175@11,0.9999999999999999
seq2603@17,seq4640@14,0.9999999999999999
seq2603@17,seq14017@10,0.9999999999999999
seq2603@17,seq4307@13,0.9999999999999999
seq2603@17,seq9443@8,0.9999999999999999
seq2603@17,seq3255@18,0.9999999999999999
seq2603@17,seq4118@7,0.9999999999999999
seq2603@17,seq9960@8,0.9999999999999999
seq2603@17,seq29659@7,0.9999999999999999
seq2603@17,seq3722@14,0.9999999999999999
seq2603@17,seq1724@14,0.9999999999999999
seq2603@17,seq835@22,0.9999999999999999
seq2603@17,seq12537@11,0.9999999999999999
seq2603@17,seq1869@18,0.9999999999999999
seq2603@17,seq2266@81,0.9999999999999999
seq2603@17,seq2854@74,0.9999999999999999
seq2603@17,seq1236@51,0.9999999999999999
seq2603@17,seq118@39,0.9999999999999999
seq2603@17,seq484@38,0.9999999999999999
seq2603@17,seq2697@34,0.9999999999999999
seq2603@17,seq2760@31,0.9999999999999999
seq2603@17,seq2319@27,0.9999999999999999
seq2603@17,seq186@24,0.9999999999999999
seq2603@17,seq2227@18,0.9878787878787878
seq2603@17,seq2908@15,0.9999999999999999
seq2603@17,seq11864@11,0.9999999999999999
seq2603@17,seq9055@9,0.9999999999999999
seq2603@17,seq14635@7,0.9999999999999999
seq2603@17,seq17661@7,0.9999999999999999
seq2603@17,seq26691@7,0.9999999999999999
seq2603@17,seq5@26577,0.9999999999999999
seq2603@17,seq8147@25,0.9999999999999999
seq29568@15,seq12704@11,0.9999999999999999
seq29568@15,seq6072@10,0.9999999999999999
seq29568@15,seq14608@9,0.9999999999999999
seq29568@15,seq16280@8,0.9999999999999999
seq29568@15,seq21536@8,0.996965091635306
seq29568@15,seq9319@7,0.9999999999999999
seq29568@15,seq11034@8,0.9999999999999999
seq29568@15,seq4757@19,0.9999999999999999
seq29568@15,seq5510@8,0.9999999999999999
seq29568@15,seq11@25930,0.9999999999999999
seq29568@15,seq2144@61,0.9999999999999999
seq29568@15,seq2848@18,0.9999999999999999
seq29568@15,seq195@22,0.9999999999999999
seq29568@15,seq1101@13,0.9999999999999999
seq29568@15,seq16645@27,0.9999999999999999
seq29568@15,seq14175@11,0.9999999999999999
seq29568@15,seq4640@14,0.9999999999999999
seq29568@15,seq14017@10,0.9999999999999999
seq29568@15,seq4307@13,0.9999999999999999
seq29568@15,seq9443@8,0.9999999999999999
seq29568@15,seq3255@18,0.9999999999999999
seq29568@15,seq4118@7,0.9999999999999999
seq29568@15,seq9960@8,0.9999999999999999
seq29568@15,seq29659@7,0.9999999999999999
seq29568@15,seq3722@14,0.9999999999999999
seq29568@15,seq1724@14,0.9999999999999999
seq29568@15,seq835@22,0.9999999999999999
seq29568@15,seq12537@11,0.9999999999999999
seq29568@15,seq1869@18,0.9999999999999999
seq29568@15,seq2266@81,0.9999999999999999
seq29568@15,seq2854@74,0.9999999999999999
seq29568@15,seq1236@51,0.9999999999999999
seq29568@15,seq118@39,0.9999999999999999
seq29568@15,seq484@38,0.9999999999999999
seq29568@15,seq2697@34,0.9999999999999999
seq29568@15,seq2760@31,0.9999999999999999
seq29568@15,seq2319@27,0.9999999999999999
seq29568@15,seq186@24,0.9999999999999999
seq29568@15,seq2227@18,0.9878787878787878
seq29568@15,seq2908@15,0.9999999999999999
seq29568@15,seq11864@11,0.9999999999999999
seq29568@15,seq9055@9,0.9999999999999999
seq29568@15,seq14635@7,0.9999999999999999
seq29568@15,seq17661@7,0.9999999999999999
seq29568@15,seq26691@7,0.9999999999999999
seq29568@15,seq5@26577,0.9999999999999999
seq29568@15,seq8147@25,0.9999999999999999
seq12704@11,seq6072@10,0.9999999999999999
seq12704@11,seq14608@9,0.9999999999999999
seq12704@11,seq16280@8,0.9999999999999999
seq12704@11,seq21536@8,0.996965091635306
seq12704@11,seq9319@7,0.9999999999999999
seq12704@11,seq11034@8,0.9999999999999999
seq12704@11,seq4757@19,0.9999999999999999
seq12704@11,seq5510@8,0.9999999999999999
seq12704@11,seq11@25930,0.9999999999999999
seq12704@11,seq2144@61,0.9999999999999999
seq12704@11,seq2848@18,0.9999999999999999
seq12704@11,seq195@22,0.9999999999999999
seq12704@11,seq1101@13,0.9999999999999999
seq12704@11,seq16645@27,0.9999999999999999
seq12704@11,seq14175@11,0.9999999999999999
seq12704@11,seq4640@14,0.9999999999999999
seq12704@11,seq14017@10,0.9999999999999999
seq12704@11,seq4307@13,0.9999999999999999
seq12704@11,seq9443@8,0.9999999999999999
seq12704@11,seq3255@18,0.9999999999999999
seq12704@11,seq4118@7,0.9999999999999999
seq12704@11,seq9960@8,0.9999999999999999
seq12704@11,seq29659@7,0.9999999999999999
seq12704@11,seq3722@14,0.9999999999999999
seq12704@11,seq1724@14,0.9999999999999999
seq12704@11,seq835@22,0.9999999999999999
seq12704@11,seq12537@11,0.9999999999999999
seq12704@11,seq1869@18,0.9999999999999999
seq12704@11,seq2266@81,0.9999999999999999
seq12704@11,seq2854@74,0.9999999999999999
seq12704@11,seq1236@51,0.9999999999999999
seq12704@11,seq118@39,0.9999999999999999
seq12704@11,seq484@38,0.9999999999999999
seq12704@11,seq2697@34,0.9999999999999999
seq12704@11,seq2760@31,0.9999999999999999
seq12704@11,seq2319@27,0.9999999999999999
seq12704@11,seq186@24,0.9999999999999999
seq12704@11,seq2227@18,0.9878787878787878
seq12704@11,seq2908@15,0.9999999999999999
seq12704@11,seq11864@11,0.9999999999999999
seq12704@11,seq9055@9,0.9999999999999999
seq12704@11,seq14635@7,0.9999999999999999
seq12704@11,seq17661@7,0.9999999999999999
seq12704@11,seq26691@7,0.9999999999999999
seq12704@11,seq5@26577,0.9999999999999999
seq12704@11,seq8147@25,0.9999999999999999
seq6072@10,seq14608@9,0.9999999999999999
seq6072@10,seq16280@8,0.9999999999999999
seq6072@10,seq21536@8,0.996965091635306
seq6072@10,seq9319@7,0.9999999999999999
seq6072@10,seq11034@8,0.9999999999999999
seq6072@10,seq4757@19,0.9999999999999999
seq6072@10,seq5510@8,0.9999999999999999
seq6072@10,seq11@25930,0.9999999999999999
seq6072@10,seq2144@61,0.9999999999999999
seq6072@10,seq2848@18,0.9999999999999999
seq6072@10,seq195@22,0.9999999999999999
seq6072@10,seq1101@13,0.9999999999999999
seq6072@10,seq16645@27,0.9999999999999999
seq6072@10,seq14175@11,0.9999999999999999
seq6072@10,seq4640@14,0.9999999999999999
seq6072@10,seq14017@10,0.9999999999999999
seq6072@10,seq4307@13,0.9999999999999999
seq6072@10,seq9443@8,0.9999999999999999
seq6072@10,seq3255@18,0.9999999999999999
seq6072@10,seq4118@7,0.9999999999999999
seq6072@10,seq9960@8,0.9999999999999999
seq6072@10,seq29659@7,0.9999999999999999
seq6072@10,seq3722@14,0.9999999999999999
seq6072@10,seq1724@14,0.9999999999999999
seq6072@10,seq835@22,0.9999999999999999
seq6072@10,seq12537@11,0.9999999999999999
seq6072@10,seq1869@18,0.9999999999999999
seq6072@10,seq2266@81,0.9999999999999999
seq6072@10,seq2854@74,0.9999999999999999
seq6072@10,seq1236@51,0.9999999999999999
seq6072@10,seq118@39,0.9999999999999999
seq6072@10,seq484@38,0.9999999999999999
seq6072@10,seq2697@34,0.9999999999999999
seq6072@10,seq2760@31,0.9999999999999999
seq6072@10,seq2319@27,0.9999999999999999
seq6072@10,seq186@24,0.9999999999999999
seq6072@10,seq2227@18,0.9878787878787878
seq6072@10,seq2908@15,0.9999999999999999
seq6072@10,seq11864@11,0.9999999999999999
seq6072@10,seq9055@9,0.9999999999999999
seq6072@10,seq14635@7,0.9999999999999999
seq6072@10,seq17661@7,0.9999999999999999
seq6072@10,seq26691@7,0.9999999999999999
seq6072@10,seq5@26577,0.9999999999999999
seq6072@10,seq8147@25,0.9999999999999999
seq14608@9,seq16280@8,0.9999999999999999
seq14608@9,seq21536@8,0.996965091635306
seq14608@9,seq9319@7,0.9999999999999999
seq14608@9,seq11034@8,0.9999999999999999
seq14608@9,seq4757@19,0.9999999999999999
seq14608@9,seq5510@8,0.9999999999999999
seq14608@9,seq11@25930,0.9999999999999999
seq14608@9,seq2144@61,0.9999999999999999
seq14608@9,seq2848@18,0.9999999999999999
seq14608@9,seq195@22,0.9999999999999999
seq14608@9,seq1101@13,0.9999999999999999
seq14608@9,seq16645@27,0.9999999999999999
seq14608@9,seq14175@11,0.9999999999999999
seq14608@9,seq4640@14,0.9999999999999999
seq14608@9,seq14017@10,0.9999999999999999
seq14608@9,seq4307@13,0.9999999999999999
seq14608@9,seq9443@8,0.9999999999999999
seq14608@9,seq3255@18,0.9999999999999999
seq14608@9,seq4118@7,0.9999999999999999
seq14608@9,seq9960@8,0.9999999999999999
seq14608@9,seq29659@7,0.9999999999999999
seq14608@9,seq3722@14,0.9999999999999999
seq14608@9,seq1724@14,0.9999999999999999
seq14608@9,seq835@22,0.9999999999999999
seq14608@9,seq12537@11,0.9999999999999999
seq14608@9,seq1869@18,0.9999999999999999
seq14608@9,seq2266@81,0.9999999999999999
seq14608@9,seq2854@74,0.9999999999999999
seq14608@9,seq1236@51,0.9999999999999999
seq14608@9,seq118@39,0.9999999999999999
seq14608@9,seq484@38,0.9999999999999999
seq14608@9,seq2697@34,0.9999999999999999
seq14608@9,seq2760@31,0.9999999999999999
seq14608@9,seq2319@27,0.9999999999999999
seq14608@9,seq186@24,0.9999999999999999
seq14608@9,seq2227@18,0.9878787878787878
seq14608@9,seq2908@15,0.9999999999999999
seq14608@9,seq11864@11,0.9999999999999999
seq14608@9,seq9055@9,0.9999999999999999
seq14608@9,seq14635@7,0.9999999999999999
seq14608@9,seq17661@7,0.9999999999999999
seq14608@9,seq26691@7,0.9999999999999999
seq14608@9,seq5@26577,0.9999999999999999
seq14608@9,seq8147@25,0.9999999999999999
seq16280@8,seq21536@8,0.996965091635306
seq16280@8,seq9319@7,0.9999999999999999
seq16280@8,seq11034@8,0.9999999999999999
seq16280@8,seq4757@19,0.9999999999999999
seq16280@8,seq5510@8,0.9999999999999999
seq16280@8,seq11@25930,0.9999999999999999
seq16280@8,seq2144@61,0.9999999999999999
seq16280@8,seq2848@18,0.9999999999999999
seq16280@8,seq195@22,0.9999999999999999
seq16280@8,seq1101@13,0.9999999999999999
seq16280@8,seq16645@27,0.9999999999999999
seq16280@8,seq14175@11,0.9999999999999999
seq16280@8,seq4640@14,0.9999999999999999
seq16280@8,seq14017@10,0.9999999999999999
seq16280@8,seq4307@13,0.9999999999999999
seq16280@8,seq9443@8,0.9999999999999999
seq16280@8,seq3255@18,0.9999999999999999
seq16280@8,seq4118@7,0.9999999999999999
seq16280@8,seq9960@8,0.9999999999999999
seq16280@8,seq29659@7,0.9999999999999999
seq16280@8,seq3722@14,0.9999999999999999
seq16280@8,seq1724@14,0.9999999999999999
seq16280@8,seq835@22,0.9999999999999999
seq16280@8,seq12537@11,0.9999999999999999
seq16280@8,seq1869@18,0.9999999999999999
seq16280@8,seq2266@81,0.9999999999999999
seq16280@8,seq2854@74,0.9999999999999999
seq16280@8,seq1236@51,0.9999999999999999
seq16280@8,seq118@39,0.9999999999999999
seq16280@8,seq484@38,0.9999999999999999
seq16280@8,seq2697@34,0.9999999999999999
seq16280@8,seq2760@31,0.9999999999999999
seq16280@8,seq2319@27,0.9999999999999999
seq16280@8,seq186@24,0.9999999999999999
seq16280@8,seq2227@18,0.9878787878787878
seq16280@8,seq2908@15,0.9999999999999999
seq16280@8,seq11864@11,0.9999999999999999
seq16280@8,seq9055@9,0.9999999999999999
seq16280@8,seq14635@7,0.9999999999999999
seq16280@8,seq17661@7,0.9999999999999999
seq16280@8,seq26691@7,0.9999999999999999
seq16280@8,seq5@26577,0.9999999999999999
seq16280@8,seq8147@25,0.9999999999999999
seq21536@8,seq9319@7,0.9969650916353059
seq21536@8,seq11034@8,0.9969650916353059
seq21536@8,seq4757@19,0.9969650916353059
seq21536@8,seq5510@8,0.9969650916353059
seq21536@8,seq11@25930,0.9969650916353059
seq21536@8,seq2144@61,0.9969650916353059
seq21536@8,seq2848@18,0.9969650916353059
seq21536@8,seq195@22,0.9969650916353059
seq21536@8,seq1101@13,0.9969650916353059
seq21536@8,seq16645@27,0.9969650916353059
seq21536@8,seq14175@11,0.9969650916353059
seq21536@8,seq4640@14,0.9969650916353059
seq21536@8,seq14017@10,0.9969650916353059
seq21536@8,seq4307@13,0.9969650916353059
seq21536@8,seq9443@8,0.9969650916353059
seq21536@8,seq3255@18,0.9969650916353059
seq21536@8,seq4118@7,0.9969650916353059
seq21536@8,seq9960@8,0.9969650916353059
seq21536@8,seq29659@7,0.9969650916353059
seq21536@8,seq3722@14,0.9969650916353059
seq21536@8,seq1724@14,0.9969650916353059
seq21536@8,seq835@22,0.9969650916353059
seq21536@8,seq12537@11,0.9969650916353059
seq21536@8,seq1869@18,0.9969650916353059
seq21536@8,seq2266@81,0.9969650916353059
seq21536@8,seq2854@74,0.9969650916353059
seq21536@8,seq1236@51,0.9969650916353059
seq21536@8,seq118@39,0.9969650916353059
seq21536@8,seq484@38,0.9969650916353059
seq21536@8,seq2697@34,0.9969650916353059
seq21536@8,seq2760@31,0.9969650916353059
seq21536@8,seq2319@27,0.9969650916353059
seq21536@8,seq186@24,0.9969650916353059
seq21536@8,seq2227@18,0.9969650916353059
seq21536@8,seq2908@15,0.9969650916353059
seq21536@8,seq11864@11,0.9969650916353059
seq21536@8,seq9055@9,0.9969650916353059
seq21536@8,seq14635@7,0.9969650916353059
seq21536@8,seq17661@7,0.9969650916353059
seq21536@8,seq26691@7,0.9969650916353059
seq21536@8,seq5@26577,0.9969650916353059
seq21536@8,seq8147@25,0.9969650916353059
seq9319@7,seq11034@8,0.9999999999999999
seq9319@7,seq4757@19,0.9999999999999999
seq9319@7,seq5510@8,0.9999999999999999
seq9319@7,seq11@25930,0.9999999999999999
seq9319@7,seq2144@61,0.9999999999999999
seq9319@7,seq2848@18,0.9999999999999999
seq9319@7,seq195@22,0.9999999999999999
seq9319@7,seq1101@13,0.9999999999999999
seq9319@7,seq16645@27,0.9999999999999999
seq9319@7,seq14175@11,0.9999999999999999
seq9319@7,seq4640@14,0.9999999999999999
seq9319@7,seq14017@10,0.9999999999999999
seq9319@7,seq4307@13,0.9999999999999999
seq9319@7,seq9443@8,0.9999999999999999
seq9319@7,seq3255@18,0.9999999999999999
seq9319@7,seq4118@7,0.9999999999999999
seq9319@7,seq9960@8,0.9999999999999999
seq9319@7,seq29659@7,0.9999999999999999
seq9319@7,seq3722@14,0.9999999999999999
seq9319@7,seq1724@14,0.9999999999999999
seq9319@7,seq835@22,0.9999999999999999
seq9319@7,seq12537@11,0.9999999999999999
seq9319@7,seq1869@18,0.9999999999999999
seq9319@7,seq2266@81,0.9999999999999999
seq9319@7,seq2854@74,0.9999999999999999
seq9319@7,seq1236@51,0.9999999999999999
seq9319@7,seq118@39,0.9999999999999999
seq9319@7,seq484@38,0.9999999999999999
seq9319@7,seq2697@34,0.9999999999999999
seq9319@7,seq2760@31,0.9999999999999999
seq9319@7,seq2319@27,0.9999999999999999
seq9319@7,seq186@24,0.9999999999999999
seq9319@7,seq2227@18,0.9878787878787878
seq9319@7,seq2908@15,0.9999999999999999
seq9319@7,seq11864@11,0.9999999999999999
seq9319@7,seq9055@9,0.9999999999999999
seq9319@7,seq14635@7,0.9999999999999999
seq9319@7,seq17661@7,0.9999999999999999
seq9319@7,seq26691@7,0.9999999999999999
seq9319@7,seq5@26577,0.9999999999999999
seq9319@7,seq8147@25,0.9999999999999999
seq11034@8,seq4757@19,0.9999999999999999
seq11034@8,seq5510@8,0.9999999999999999
seq11034@8,seq11@25930,0.9999999999999999
seq11034@8,seq2144@61,0.9999999999999999
seq11034@8,seq2848@18,0.9999999999999999
seq11034@8,seq195@22,0.9999999999999999
seq11034@8,seq1101@13,0.9999999999999999
seq11034@8,seq16645@27,0.9999999999999999
seq11034@8,seq14175@11,0.9999999999999999
seq11034@8,seq4640@14,0.9999999999999999
seq11034@8,seq14017@10,0.9999999999999999
seq11034@8,seq4307@13,0.9999999999999999
seq11034@8,seq9443@8,0.9999999999999999
seq11034@8,seq3255@18,0.9999999999999999
seq11034@8,seq4118@7,0.9999999999999999
seq11034@8,seq9960@8,0.9999999999999999
seq11034@8,seq29659@7,0.9999999999999999
seq11034@8,seq3722@14,0.9999999999999999
seq11034@8,seq1724@14,0.9999999999999999
seq11034@8,seq835@22,0.9999999999999999
seq11034@8,seq12537@11,0.9999999999999999
seq11034@8,seq1869@18,0.9999999999999999
seq11034@8,seq2266@81,0.9999999999999999
seq11034@8,seq2854@74,0.9999999999999999
seq11034@8,seq1236@51,0.9999999999999999
seq11034@8,seq118@39,0.9999999999999999
seq11034@8,seq484@38,0.9999999999999999
seq11034@8,seq2697@34,0.9999999999999999
seq11034@8,seq2760@31,0.9999999999999999
seq11034@8,seq2319@27,0.9999999999999999
seq11034@8,seq186@24,0.9999999999999999
seq11034@8,seq2227@18,0.9878787878787878
seq11034@8,seq2908@15,0.9999999999999999
seq11034@8,seq11864@11,0.9999999999999999
seq11034@8,seq9055@9,0.9999999999999999
seq11034@8,seq14635@7,0.9999999999999999
seq11034@8,seq17661@7,0.9999999999999999
seq11034@8,seq26691@7,0.9999999999999999
seq11034@8,seq5@26577,0.9999999999999999
seq11034@8,seq8147@25,0.9999999999999999
seq4757@19,seq5510@8,0.9999999999999999
seq4757@19,seq11@25930,0.9999999999999999
seq4757@19,seq2144@61,0.9999999999999999
seq4757@19,seq2848@18,0.9999999999999999
seq4757@19,seq195@22,0.9999999999999999
seq4757@19,seq1101@13,0.9999999999999999
seq4757@19,seq16645@27,0.9999999999999999
seq4757@19,seq14175@11,0.9999999999999999
seq4757@19,seq4640@14,0.9999999999999999
seq4757@19,seq14017@10,0.9999999999999999
seq4757@19,seq4307@13,0.9999999999999999
seq4757@19,seq9443@8,0.9999999999999999
seq4757@19,seq3255@18,0.9999999999999999
seq4757@19,seq4118@7,0.9999999999999999
seq4757@19,seq9960@8,0.9999999999999999
seq4757@19,seq29659@7,0.9999999999999999
seq4757@19,seq3722@14,0.9999999999999999
seq4757@19,seq1724@14,0.9999999999999999
seq4757@19,seq835@22,0.9999999999999999
seq4757@19,seq12537@11,0.9999999999999999
seq4757@19,seq1869@18,0.9999999999999999
seq4757@19,seq2266@81,0.9999999999999999
seq4757@19,seq2854@74,0.9999999999999999
seq4757@19,seq1236@51,0.9999999999999999
seq4757@19,seq118@39,0.9999999999999999
seq4757@19,seq484@38,0.9999999999999999
seq4757@19,seq2697@34,0.9999999999999999
seq4757@19,seq2760@31,0.9999999999999999
seq4757@19,seq2319@27,0.9999999999999999
seq4757@19,seq186@24,0.9999999999999999
seq4757@19,seq2227@18,0.9878787878787878
seq4757@19,seq2908@15,0.9999999999999999
seq4757@19,seq11864@11,0.9999999999999999
seq4757@19,seq9055@9,0.9999999999999999
seq4757@19,seq14635@7,0.9999999999999999
seq4757@19,seq17661@7,0.9999999999999999
seq4757@19,seq26691@7,0.9999999999999999
seq4757@19,seq5@26577,0.9999999999999999
seq4757@19,seq8147@25,0.9999999999999999
seq5510@8,seq11@25930,0.9999999999999999
seq5510@8,seq2144@61,0.9999999999999999
seq5510@8,seq2848@18,0.9999999999999999
seq5510@8,seq195@22,0.9999999999999999
seq5510@8,seq1101@13,0.9999999999999999
seq5510@8,seq16645@27,0.9999999999999999
seq5510@8,seq14175@11,0.9999999999999999
seq5510@8,seq4640@14,0.9999999999999999
seq5510@8,seq14017@10,0.9999999999999999
seq5510@8,seq4307@13,0.9999999999999999
seq5510@8,seq9443@8,0.9999999999999999
seq5510@8,seq3255@18,0.9999999999999999
seq5510@8,seq4118@7,0.9999999999999999
seq5510@8,seq9960@8,0.9999999999999999
seq5510@8,seq29659@7,0.9999999999999999
seq5510@8,seq3722@14,0.9999999999999999
seq5510@8,seq1724@14,0.9999999999999999
seq5510@8,seq835@22,0.9999999999999999
seq5510@8,seq12537@11,0.9999999999999999
seq5510@8,seq1869@18,0.9999999999999999
seq5510@8,seq2266@81,0.9999999999999999
seq5510@8,seq2854@74,0.9999999999999999
seq5510@8,seq1236@51,0.9999999999999999
seq5510@8,seq118@39,0.9999999999999999
seq5510@8,seq484@38,0.9999999999999999
seq5510@8,seq2697@34,0.9999999999999999
seq5510@8,seq2760@31,0.9999999999999999
seq5510@8,seq2319@27,0.9999999999999999
seq5510@8,seq186@24,0.9999999999999999
seq5510@8,seq2227@18,0.9878787878787878
seq5510@8,seq2908@15,0.9999999999999999
seq5510@8,seq11864@11,0.9999999999999999
seq5510@8,seq9055@9,0.9999999999999999
seq5510@8,seq14635@7,0.9999999999999999
seq5510@8,seq17661@7,0.9999999999999999
seq5510@8,seq26691@7,0.9999999999999999
seq5510@8,seq5@26577,0.9999999999999999
seq5510@8,seq8147@25,0.9999999999999999
seq11@25930,seq2144@61,0.9999999999999999
seq11@25930,seq2848@18,0.9999999999999999
seq11@25930,seq195@22,0.9999999999999999
seq11@25930,seq1101@13,0.9999999999999999
seq11@25930,seq16645@27,0.9999999999999999
seq11@25930,seq14175@11,0.9999999999999999
seq11@25930,seq4640@14,0.9999999999999999
seq11@25930,seq14017@10,0.9999999999999999
seq11@25930,seq4307@13,0.9999999999999999
seq11@25930,seq9443@8,0.9999999999999999
seq11@25930,seq3255@18,0.9999999999999999
seq11@25930,seq4118@7,0.9999999999999999
seq11@25930,seq9960@8,0.9999999999999999
seq11@25930,seq29659@7,0.9999999999999999
seq11@25930,seq3722@14,0.9999999999999999
seq11@25930,seq1724@14,0.9999999999999999
seq11@25930,seq835@22,0.9999999999999999
seq11@25930,seq12537@11,0.9999999999999999
seq11@25930,seq1869@18,0.9999999999999999
seq11@25930,seq2266@81,0.9999999999999999
seq11@25930,seq2854@74,0.9999999999999999
seq11@25930,seq1236@51,0.9999999999999999
seq11@25930,seq118@39,0.9999999999999999
seq11@25930,seq484@38,0.9999999999999999
seq11@25930,seq2697@34,0.9999999999999999
seq11@25930,seq2760@31,0.9999999999999999
seq11@25930,seq2319@27,0.9999999999999999
seq11@25930,seq186@24,0.9999999999999999
seq11@25930,seq2227@18,0.9878787878787878
seq11@25930,seq2908@15,0.9999999999999999
seq11@25930,seq11864@11,0.9999999999999999
seq11@25930,seq9055@9,0.9999999999999999
seq11@25930,seq14635@7,0.9999999999999999
seq11@25930,seq17661@7,0.9999999999999999
seq11@25930,seq26691@7,0.9999999999999999
seq11@25930,seq5@26577,0.9999999999999999
seq11@25930,seq8147@25,0.9999999999999999
seq2144@61,seq2848@18,0.9999999999999999
seq2144@61,seq195@22,0.9999999999999999
seq2144@61,seq1101@13,0.9999999999999999
seq2144@61,seq16645@27,0.9999999999999999
seq2144@61,seq14175@11,0.9999999999999999
seq2144@61,seq4640@14,0.9999999999999999
seq2144@61,seq14017@10,0.9999999999999999
seq2144@61,seq4307@13,0.9999999999999999
seq2144@61,seq9443@8,0.9999999999999999
seq2144@61,seq3255@18,0.9999999999999999
seq2144@61,seq4118@7,0.9999999999999999
seq2144@61,seq9960@8,0.9999999999999999
seq2144@61,seq29659@7,0.9999999999999999
seq2144@61,seq3722@14,0.9999999999999999
seq2144@61,seq1724@14,0.9999999999999999
seq2144@61,seq835@22,0.9999999999999999
seq2144@61,seq12537@11,0.9999999999999999
seq2144@61,seq1869@18,0.9999999999999999
seq2144@61,seq2266@81,0.9999999999999999
seq2144@61,seq2854@74,0.9999999999999999
seq2144@61,seq1236@51,0.9999999999999999
seq2144@61,seq118@39,0.9999999999999999
seq2144@61,seq484@38,0.9999999999999999
seq2144@61,seq2697@34,0.9999999999999999
seq2144@61,seq2760@31,0.9999999999999999
seq2144@61,seq2319@27,0.9999999999999999
seq2144@61,seq186@24,0.9999999999999999
seq2144@61,seq2227@18,0.9878787878787878
seq2144@61,seq2908@15,0.9999999999999999
seq2144@61,seq11864@11,0.9999999999999999
seq2144@61,seq9055@9,0.9999999999999999
seq2144@61,seq14635@7,0.9999999999999999
seq2144@61,seq17661@7,0.9999999999999999
seq2144@61,seq26691@7,0.9999999999999999
seq2144@61,seq5@26577,0.9999999999999999
seq2144@61,seq8147@25,0.9999999999999999
seq2848@18,seq195@22,0.9999999999999999
seq2848@18,seq1101@13,0.9999999999999999
seq2848@18,seq16645@27,0.9999999999999999
seq2848@18,seq14175@11,0.9999999999999999
seq2848@18,seq4640@14,0.9999999999999999
seq2848@18,seq14017@10,0.9999999999999999
seq2848@18,seq4307@13,0.9999999999999999
seq2848@18,seq9443@8,0.9999999999999999
seq2848@18,seq3255@18,0.9999999999999999
seq2848@18,seq4118@7,0.9999999999999999
seq2848@18,seq9960@8,0.9999999999999999
seq2848@18,seq29659@7,0.9999999999999999
seq2848@18,seq3722@14,0.9999999999999999
seq2848@18,seq1724@14,0.9999999999999999
seq2848@18,seq835@22,0.9999999999999999
seq2848@18,seq12537@11,0.9999999999999999
seq2848@18,seq1869@18,0.9999999999999999
seq2848@18,seq2266@81,0.9999999999999999
seq2848@18,seq2854@74,0.9999999999999999
seq2848@18,seq1236@51,0.9999999999999999
seq2848@18,seq118@39,0.9999999999999999
seq2848@18,seq484@38,0.9999999999999999
seq2848@18,seq2697@34,0.9999999999999999
seq2848@18,seq2760@31,0.9999999999999999
seq2848@18,seq2319@27,0.9999999999999999
seq2848@18,seq186@24,0.9999999999999999
seq2848@18,seq2227@18,0.9878787878787878
seq2848@18,seq2908@15,0.9999999999999999
seq2848@18,seq11864@11,0.9999999999999999
seq2848@18,seq9055@9,0.9999999999999999
seq2848@18,seq14635@7,0.9999999999999999
seq2848@18,seq17661@7,0.9999999999999999
seq2848@18,seq26691@7,0.9999999999999999
seq2848@18,seq5@26577,0.9999999999999999
seq2848@18,seq8147@25,0.9999999999999999
seq195@22,seq1101@13,0.9999999999999999
seq195@22,seq16645@27,0.9999999999999999
seq195@22,seq14175@11,0.9999999999999999
seq195@22,seq4640@14,0.9999999999999999
seq195@22,seq14017@10,0.9999999999999999
seq195@22,seq4307@13,0.9999999999999999
seq195@22,seq9443@8,0.9999999999999999
seq195@22,seq3255@18,0.9999999999999999
seq195@22,seq4118@7,0.9999999999999999
seq195@22,seq9960@8,0.9999999999999999
seq195@22,seq29659@7,0.9999999999999999
seq195@22,seq3722@14,0.9999999999999999
seq195@22,seq1724@14,0.9999999999999999
seq195@22,seq835@22,0.9999999999999999
seq195@22,seq12537@11,0.9999999999999999
seq195@22,seq1869@18,0.9999999999999999
seq195@22,seq2266@81,0.9999999999999999
seq195@22,seq2854@74,0.9999999999999999
seq195@22,seq1236@51,0.9999999999999999
seq195@22,seq118@39,0.9999999999999999
seq195@22,seq484@38,0.9999999999999999
seq195@22,seq2697@34,0.9999999999999999
seq195@22,seq2760@31,0.9999999999999999
seq195@22,seq2319@27,0.9999999999999999
seq195@22,seq186@24,0.9999999999999999
seq195@22,seq2227@18,0.9878787878787878
seq195@22,seq2908@15,0.9999999999999999
seq195@22,seq11864@11,0.9999999999999999
seq195@22,seq9055@9,0.9999999999999999
seq195@22,seq14635@7,0.9999999999999999
seq195@22,seq17661@7,0.9999999999999999
seq195@22,seq26691@7,0.9999999999999999
seq195@22,seq5@26577,0.9999999999999999
seq195@22,seq8147@25,0.9999999999999999
seq1101@13,seq16645@27,0.9999999999999999
seq1101@13,seq14175@11,0.9999999999999999
seq1101@13,seq4640@14,0.9999999999999999
seq1101@13,seq14017@10,0.9999999999999999
seq1101@13,seq4307@13,0.9999999999999999
seq1101@13,seq9443@8,0.9999999999999999
seq1101@13,seq3255@18,0.9999999999999999
seq1101@13,seq4118@7,0.9999999999999999
seq1101@13,seq9960@8,0.9999999999999999
seq1101@13,seq29659@7,0.9999999999999999
seq1101@13,seq3722@14,0.9999999999999999
seq1101@13,seq1724@14,0.9999999999999999
seq1101@13,seq835@22,0.9999999999999999
seq1101@13,seq12537@11,0.9999999999999999
seq1101@13,seq1869@18,0.9999999999999999
seq1101@13,seq2266@81,0.9999999999999999
seq1101@13,seq2854@74,0.9999999999999999
seq1101@13,seq1236@51,0.9999999999999999
seq1101@13,seq118@39,0.9999999999999999
seq1101@13,seq484@38,0.9999999999999999
seq1101@13,seq2697@34,0.9999999999999999
seq1101@13,seq2760@31,0.9999999999999999
seq1101@13,seq2319@27,0.9999999999999999
seq1101@13,seq186@24,0.9999999999999999
seq1101@13,seq2227@18,0.9878787878787878
seq1101@13,seq2908@15,0.9999999999999999
seq1101@13,seq11864@11,0.9999999999999999
seq1101@13,seq9055@9,0.9999999999999999
seq1101@13,seq14635@7,0.9999999999999999
seq1101@13,seq17661@7,0.9999999999999999
seq1101@13,seq26691@7,0.9999999999999999
seq1101@13,seq5@26577,0.9999999999999999
seq1101@13,seq8147@25,0.9999999999999999
seq16645@27,seq14175@11,0.9999999999999999
seq16645@27,seq4640@14,0.9999999999999999
seq16645@27,seq14017@10,0.9999999999999999
seq16645@27,seq4307@13,0.9999999999999999
seq16645@27,seq9443@8,0.9999999999999999
seq16645@27,seq3255@18,0.9999999999999999
seq16645@27,seq4118@7,0.9999999999999999
seq16645@27,seq9960@8,0.9999999999999999
seq16645@27,seq29659@7,0.9999999999999999
seq16645@27,seq3722@14,0.9999999999999999
seq16645@27,seq1724@14,0.9999999999999999
seq16645@27,seq835@22,0.9999999999999999
seq16645@27,seq12537@11,0.9999999999999999
seq16645@27,seq1869@18,0.9999999999999999
seq16645@27,seq2266@81,0.9999999999999999
seq16645@27,seq2854@74,0.9999999999999999
seq16645@27,seq1236@51,0.9999999999999999
seq16645@27,seq118@39,0.9999999999999999
seq16645@27,seq484@38,0.9999999999999999
seq16645@27,seq2697@34,0.9999999999999999
seq16645@27,seq2760@31,0.9999999999999999
seq16645@27,seq2319@27,0.9999999999999999
seq16645@27,seq186@24,0.9999999999999999
seq16645@27,seq2227@18,0.9878787878787878
seq16645@27,seq2908@15,0.9999999999999999
seq16645@27,seq11864@11,0.9999999999999999
seq16645@27,seq9055@9,0.9999999999999999
seq16645@27,seq14635@7,0.9999999999999999
seq16645@27,seq17661@7,0.9999999999999999
seq16645@27,seq26691@7,0.9999999999999999
seq16645@27,seq5@26577,0.9999999999999999
seq16645@27,seq8147@25,0.9999999999999999
seq14175@11,seq4640@14,0.9999999999999999
seq14175@11,seq14017@10,0.9999999999999999
seq14175@11,seq4307@13,0.9999999999999999
seq14175@11,seq9443@8,0.9999999999999999
seq14175@11,seq3255@18,0.9999999999999999
seq14175@11,seq4118@7,0.9999999999999999
seq14175@11,seq9960@8,0.9999999999999999
seq14175@11,seq29659@7,0.9999999999999999
seq14175@11,seq3722@14,0.9999999999999999
seq14175@11,seq1724@14,0.9999999999999999
seq14175@11,seq835@22,0.9999999999999999
seq14175@11,seq12537@11,0.9999999999999999
seq14175@11,seq1869@18,0.9999999999999999
seq14175@11,seq2266@81,0.9999999999999999
seq14175@11,seq2854@74,0.9999999999999999
seq14175@11,seq1236@51,0.9999999999999999
seq14175@11,seq118@39,0.9999999999999999
seq14175@11,seq484@38,0.9999999999999999
seq14175@11,seq2697@34,0.9999999999999999
seq14175@11,seq2760@31,0.9999999999999999
seq14175@11,seq2319@27,0.9999999999999999
seq14175@11,seq186@24,0.9999999999999999
seq14175@11,seq2227@18,0.9878787878787878
seq14175@11,seq2908@15,0.9999999999999999
seq14175@11,seq11864@11,0.9999999999999999
seq14175@11,seq9055@9,0.9999999999999999
seq14175@11,seq14635@7,0.9999999999999999
seq14175@11,seq17661@7,0.9999999999999999
seq14175@11,seq26691@7,0.9999999999999999
seq14175@11,seq5@26577,0.9999999999999999
seq14175@11,seq8147@25,0.9999999999999999
seq4640@14,seq14017@10,0.9999999999999999
seq4640@14,seq4307@13,0.9999999999999999
seq4640@14,seq9443@8,0.9999999999999999
seq4640@14,seq3255@18,0.9999999999999999
seq4640@14,seq4118@7,0.9999999999999999
seq4640@14,seq9960@8,0.9999999999999999
seq4640@14,seq29659@7,0.9999999999999999
seq4640@14,seq3722@14,0.9999999999999999
seq4640@14,seq1724@14,0.9999999999999999
seq4640@14,seq835@22,0.9999999999999999
seq4640@14,seq12537@11,0.9999999999999999
seq4640@14,seq1869@18,0.9999999999999999
seq4640@14,seq2266@81,0.9999999999999999
seq4640@14,seq2854@74,0.9999999999999999
seq4640@14,seq1236@51,0.9999999999999999
seq4640@14,seq118@39,0.9999999999999999
seq4640@14,seq484@38,0.9999999999999999
seq4640@14,seq2697@34,0.9999999999999999
seq4640@14,seq2760@31,0.9999999999999999
seq4640@14,seq2319@27,0.9999999999999999
seq4640@14,seq186@24,0.9999999999999999
seq4640@14,seq2227@18,0.9878787878787878
seq4640@14,seq2908@15,0.9999999999999999
seq4640@14,seq11864@11,0.9999999999999999
seq4640@14,seq9055@9,0.9999999999999999
seq4640@14,seq14635@7,0.9999999999999999
seq4640@14,seq17661@7,0.9999999999999999
seq4640@14,seq26691@7,0.9999999999999999
seq4640@14,seq5@26577,0.9999999999999999
seq4640@14,seq8147@25,0.9999999999999999
seq14017@10,seq4307@13,0.9999999999999999
seq14017@10,seq9443@8,0.9999999999999999
seq14017@10,seq3255@18,0.9999999999999999
seq14017@10,seq4118@7,0.9999999999999999
seq14017@10,seq9960@8,0.9999999999999999
seq14017@10,seq29659@7,0.9999999999999999
seq14017@10,seq3722@14,0.9999999999999999
seq14017@10,seq1724@14,0.9999999999999999
seq14017@10,seq835@22,0.9999999999999999
seq14017@10,seq12537@11,0.9999999999999999
seq14017@10,seq1869@18,0.9999999999999999
seq14017@10,seq2266@81,0.9999999999999999
seq14017@10,seq2854@74,0.9999999999999999
seq14017@10,seq1236@51,0.9999999999999999
seq14017@10,seq118@39,0.9999999999999999
seq14017@10,seq484@38,0.9999999999999999
seq14017@10,seq2697@34,0.9999999999999999
seq14017@10,seq2760@31,0.9999999999999999
seq14017@10,seq2319@27,0.9999999999999999
seq14017@10,seq186@24,0.9999999999999999
seq14017@10,seq2227@18,0.9878787878787878
seq14017@10,seq2908@15,0.9999999999999999
seq14017@10,seq11864@11,0.9999999999999999
seq14017@10,seq9055@9,0.9999999999999999
seq14017@10,seq14635@7,0.9999999999999999
seq14017@10,seq17661@7,0.9999999999999999
seq14017@10,seq26691@7,0.9999999999999999
seq14017@10,seq5@26577,0.9999999999999999
seq14017@10,seq8147@25,0.9999999999999999
seq4307@13,seq9443@8,0.9999999999999999
seq4307@13,seq3255@18,0.9999999999999999
seq4307@13,seq4118@7,0.9999999999999999
seq4307@13,seq9960@8,0.9999999999999999
seq4307@13,seq29659@7,0.9999999999999999
seq4307@13,seq3722@14,0.9999999999999999
seq4307@13,seq1724@14,0.9999999999999999
seq4307@13,seq835@22,0.9999999999999999
seq4307@13,seq12537@11,0.9999999999999999
seq4307@13,seq1869@18,0.9999999999999999
seq4307@13,seq2266@81,0.9999999999999999
seq4307@13,seq2854@74,0.9999999999999999
seq4307@13,seq1236@51,0.9999999999999999
seq4307@13,seq118@39,0.9999999999999999
seq4307@13,seq484@38,0.9999999999999999
seq4307@13,seq2697@34,0.9999999999999999
seq4307@13,seq2760@31,0.9999999999999999
seq4307@13,seq2319@27,0.9999999999999999
seq4307@13,seq186@24,0.9999999999999999
seq4307@13,seq2227@18,0.9878787878787878
seq4307@13,seq2908@15,0.9999999999999999
seq4307@13,seq11864@11,0.9999999999999999
seq4307@13,seq9055@9,0.9999999999999999
seq4307@13,seq14635@7,0.9999999999999999
seq4307@13,seq17661@7,0.9999999999999999
seq4307@13,seq26691@7,0.9999999999999999
seq4307@13,seq5@26577,0.9999999999999999
seq4307@13,seq8147@25,0.9999999999999999
seq9443@8,seq3255@18,0.9999999999999999
seq9443@8,seq4118@7,0.9999999999999999
seq9443@8,seq9960@8,0.9999999999999999
seq9443@8,seq29659@7,0.9999999999999999
seq9443@8,seq3722@14,0.9999999999999999
seq9443@8,seq1724@14,0.9999999999999999
seq9443@8,seq835@22,0.9999999999999999
seq9443@8,seq12537@11,0.9999999999999999
seq9443@8,seq1869@18,0.9999999999999999
seq9443@8,seq2266@81,0.9999999999999999
seq9443@8,seq2854@74,0.9999999999999999
seq9443@8,seq1236@51,0.9999999999999999
seq9443@8,seq118@39,0.9999999999999999
seq9443@8,seq484@38,0.9999999999999999
seq9443@8,seq2697@34,0.9999999999999999
seq9443@8,seq2760@31,0.9999999999999999
seq9443@8,seq2319@27,0.9999999999999999
seq9443@8,seq186@24,0.9999999999999999
seq9443@8,seq2227@18,0.9878787878787878
seq9443@8,seq2908@15,0.9999999999999999
seq9443@8,seq11864@11,0.9999999999999999
seq9443@8,seq9055@9,0.9999999999999999
seq9443@8,seq14635@7,0.9999999999999999
seq9443@8,seq17661@7,0.9999999999999999
seq9443@8,seq26691@7,0.9999999999999999
seq9443@8,seq5@26577,0.9999999999999999
seq9443@8,seq8147@25,0.9999999999999999
seq3255@18,seq4118@7,0.9999999999999999
seq3255@18,seq9960@8,0.9999999999999999
seq3255@18,seq29659@7,0.9999999999999999
seq3255@18,seq3722@14,0.9999999999999999
seq3255@18,seq1724@14,0.9999999999999999
seq3255@18,seq835@22,0.9999999999999999
seq3255@18,seq12537@11,0.9999999999999999
seq3255@18,seq1869@18,0.9999999999999999
seq3255@18,seq2266@81,0.9999999999999999
seq3255@18,seq2854@74,0.9999999999999999
seq3255@18,seq1236@51,0.9999999999999999
seq3255@18,seq118@39,0.9999999999999999
seq3255@18,seq484@38,0.9999999999999999
seq3255@18,seq2697@34,0.9999999999999999
seq3255@18,seq2760@31,0.9999999999999999
seq3255@18,seq2319@27,0.9999999999999999
seq3255@18,seq186@24,0.9999999999999999
seq3255@18,seq2227@18,0.9878787878787878
seq3255@18,seq2908@15,0.9999999999999999
seq3255@18,seq11864@11,0.9999999999999999
seq3255@18,seq9055@9,0.9999999999999999
seq3255@18,seq14635@7,0.9999999999999999
seq3255@18,seq17661@7,0.9999999999999999
seq3255@18,seq26691@7,0.9999999999999999
seq3255@18,seq5@26577,0.9999999999999999
seq3255@18,seq8147@25,0.9999999999999999
seq4118@7,seq9960@8,0.9999999999999999
seq4118@7,seq29659@7,0.9999999999999999
seq4118@7,seq3722@14,0.9999999999999999
seq4118@7,seq1724@14,0.9999999999999999
seq4118@7,seq835@22,0.9999999999999999
seq4118@7,seq12537@11,0.9999999999999999
seq4118@7,seq1869@18,0.9999999999999999
seq4118@7,seq2266@81,0.9999999999999999
seq4118@7,seq2854@74,0.9999999999999999
seq4118@7,seq1236@51,0.9999999999999999
seq4118@7,seq118@39,0.9999999999999999
seq4118@7,seq484@38,0.9999999999999999
seq4118@7,seq2697@34,0.9999999999999999
seq4118@7,seq2760@31,0.9999999999999999
seq4118@7,seq2319@27,0.9999999999999999
seq4118@7,seq186@24,0.9999999999999999
seq4118@7,seq2227@18,0.9878787878787878
seq4118@7,seq2908@15,0.9999999999999999
seq4118@7,seq11864@11,0.9999999999999999
seq4118@7,seq9055@9,0.9999999999999999
seq4118@7,seq14635@7,0.9999999999999999
seq4118@7,seq17661@7,0.9999999999999999
seq4118@7,seq26691@7,0.9999999999999999
seq4118@7,seq5@26577,0.9999999999999999
seq4118@7,seq8147@25,0.9999999999999999
seq9960@8,seq29659@7,0.9999999999999999
seq9960@8,seq3722@14,0.9999999999999999
seq9960@8,seq1724@14,0.9999999999999999
seq9960@8,seq835@22,0.9999999999999999
seq9960@8,seq12537@11,0.9999999999999999
seq9960@8,seq1869@18,0.9999999999999999
seq9960@8,seq2266@81,0.9999999999999999
seq9960@8,seq2854@74,0.9999999999999999
seq9960@8,seq1236@51,0.9999999999999999
seq9960@8,seq118@39,0.9999999999999999
seq9960@8,seq484@38,0.9999999999999999
seq9960@8,seq2697@34,0.9999999999999999
seq9960@8,seq2760@31,0.9999999999999999
seq9960@8,seq2319@27,0.9999999999999999
seq9960@8,seq186@24,0.9999999999999999
seq9960@8,seq2227@18,0.9878787878787878
seq9960@8,seq2908@15,0.9999999999999999
seq9960@8,seq11864@11,0.9999999999999999
seq9960@8,seq9055@9,0.9999999999999999
seq9960@8,seq14635@7,0.9999999999999999
seq9960@8,seq17661@7,0.9999999999999999
seq9960@8,seq26691@7,0.9999999999999999
seq9960@8,seq5@26577,0.9999999999999999
seq9960@8,seq8147@25,0.9999999999999999
seq29659@7,seq3722@14,0.9999999999999999
seq29659@7,seq1724@14,0.9999999999999999
seq29659@7,seq835@22,0.9999999999999999
seq29659@7,seq12537@11,0.9999999999999999
seq29659@7,seq1869@18,0.9999999999999999
seq29659@7,seq2266@81,0.9999999999999999
seq29659@7,seq2854@74,0.9999999999999999
seq29659@7,seq1236@51,0.9999999999999999
seq29659@7,seq118@39,0.9999999999999999
seq29659@7,seq484@38,0.9999999999999999
seq29659@7,seq2697@34,0.9999999999999999
seq29659@7,seq2760@31,0.9999999999999999
seq29659@7,seq2319@27,0.9999999999999999
seq29659@7,seq186@24,0.9999999999999999
seq29659@7,seq2227@18,0.9878787878787878
seq29659@7,seq2908@15,0.9999999999999999
seq29659@7,seq11864@11,0.9999999999999999
seq29659@7,seq9055@9,0.9999999999999999
seq29659@7,seq14635@7,0.9999999999999999
seq29659@7,seq17661@7,0.9999999999999999
seq29659@7,seq26691@7,0.9999999999999999
seq29659@7,seq5@26577,0.9999999999999999
seq29659@7,seq8147@25,0.9999999999999999
seq3722@14,seq1724@14,0.9999999999999999
seq3722@14,seq835@22,0.9999999999999999
seq3722@14,seq12537@11,0.9999999999999999
seq3722@14,seq1869@18,0.9999999999999999
seq3722@14,seq2266@81,0.9999999999999999
seq3722@14,seq2854@74,0.9999999999999999
seq3722@14,seq1236@51,0.9999999999999999
seq3722@14,seq118@39,0.9999999999999999
seq3722@14,seq484@38,0.9999999999999999
seq3722@14,seq2697@34,0.9999999999999999
seq3722@14,seq2760@31,0.9999999999999999
seq3722@14,seq2319@27,0.9999999999999999
seq3722@14,seq186@24,0.9999999999999999
seq3722@14,seq2227@18,0.9878787878787878
seq3722@14,seq2908@15,0.9999999999999999
seq3722@14,seq11864@11,0.9999999999999999
seq3722@14,seq9055@9,0.9999999999999999
seq3722@14,seq14635@7,0.9999999999999999
seq3722@14,seq17661@7,0.9999999999999999
seq3722@14,seq26691@7,0.9999999999999999
seq3722@14,seq5@26577,0.9999999999999999
seq3722@14,seq8147@25,0.9999999999999999
seq1724@14,seq835@22,0.9999999999999999
seq1724@14,seq12537@11,0.9999999999999999
seq1724@14,seq1869@18,0.9999999999999999
seq1724@14,seq2266@81,0.9999999999999999
seq1724@14,seq2854@74,0.9999999999999999
seq1724@14,seq1236@51,0.9999999999999999
seq1724@14,seq118@39,0.9999999999999999
seq1724@14,seq484@38,0.9999999999999999
seq1724@14,seq2697@34,0.9999999999999999
seq1724@14,seq2760@31,0.9999999999999999
seq1724@14,seq2319@27,0.9999999999999999
seq1724@14,seq186@24,0.9999999999999999
seq1724@14,seq2227@18,0.9878787878787878
seq1724@14,seq2908@15,0.9999999999999999
seq1724@14,seq11864@11,0.9999999999999999
seq1724@14,seq9055@9,0.9999999999999999
seq1724@14,seq14635@7,0.9999999999999999
seq1724@14,seq17661@7,0.9999999999999999
seq1724@14,seq26691@7,0.9999999999999999
seq1724@14,seq5@26577,0.9999999999999999
seq1724@14,seq8147@25,0.9999999999999999
seq835@22,seq12537@11,0.9999999999999999
seq835@22,seq1869@18,0.9999999999999999
seq835@22,seq2266@81,0.9999999999999999
seq835@22,seq2854@74,0.9999999999999999
seq835@22,seq1236@51,0.9999999999999999
seq835@22,seq118@39,0.9999999999999999
seq835@22,seq484@38,0.9999999999999999
seq835@22,seq2697@34,0.9999999999999999
seq835@22,seq2760@31,0.9999999999999999
seq835@22,seq2319@27,0.9999999999999999
seq835@22,seq186@24,0.9999999999999999
seq835@22,seq2227@18,0.9878787878787878
seq835@22,seq2908@15,0.9999999999999999
seq835@22,seq11864@11,0.9999999999999999
seq835@22,seq9055@9,0.9999999999999999
seq835@22,seq14635@7,0.9999999999999999
seq835@22,seq17661@7,0.9999999999999999
seq835@22,seq26691@7,0.9999999999999999
seq835@22,seq5@26577,0.9999999999999999
seq835@22,seq8147@25,0.9999999999999999
seq12537@11,seq1869@18,0.9999999999999999
seq12537@11,seq2266@81,0.9999999999999999
seq12537@11,seq2854@74,0.9999999999999999
seq12537@11,seq1236@51,0.9999999999999999
seq12537@11,seq118@39,0.9999999999999999
seq12537@11,seq484@38,0.9999999999999999
seq12537@11,seq2697@34,0.9999999999999999
seq12537@11,seq2760@31,0.9999999999999999
seq12537@11,seq2319@27,0.9999999999999999
seq12537@11,seq186@24,0.9999999999999999
seq12537@11,seq2227@18,0.9878787878787878
seq12537@11,seq2908@15,0.9999999999999999
seq12537@11,seq11864@11,0.9999999999999999
seq12537@11,seq9055@9,0.9999999999999999
seq12537@11,seq14635@7,0.9999999999999999
seq12537@11,seq17661@7,0.9999999999999999
seq12537@11,seq26691@7,0.9999999999999999
seq12537@11,seq5@26577,0.9999999999999999
seq12537@11,seq8147@25,0.9999999999999999
seq1869@18,seq2266@81,0.9999999999999999
seq1869@18,seq2854@74,0.9999999999999999
seq1869@18,seq1236@51,0.9999999999999999
seq1869@18,seq118@39,0.9999999999999999
seq1869@18,seq484@38,0.9999999999999999
seq1869@18,seq2697@34,0.9999999999999999
seq1869@18,seq2760@31,0.9999999999999999
seq1869@18,seq2319@27,0.9999999999999999
seq1869@18,seq186@24,0.9999999999999999
seq1869@18,seq2227@18,0.9878787878787878
seq1869@18,seq2908@15,0.9999999999999999
seq1869@18,seq11864@11,0.9999999999999999
seq1869@18,seq9055@9,0.9999999999999999
seq1869@18,seq14635@7,0.9999999999999999
seq1869@18,seq17661@7,0.9999999999999999
seq1869@18,seq26691@7,0.9999999999999999
seq1869@18,seq5@26577,0.9999999999999999
seq1869@18,seq8147@25,0.9999999999999999
seq2266@81,seq2854@74,0.9999999999999999
seq2266@81,seq1236@51,0.9999999999999999
seq2266@81,seq118@39,0.9999999999999999
seq2266@81,seq484@38,0.9999999999999999
seq2266@81,seq2697@34,0.9999999999999999
seq2266@81,seq2760@31,0.9999999999999999
seq2266@81,seq2319@27,0.9999999999999999
seq2266@81,seq186@24,0.9999999999999999
seq2266@81,seq2227@18,0.9878787878787878
seq2266@81,seq2908@15,0.9999999999999999
seq2266@81,seq11864@11,0.9999999999999999
seq2266@81,seq9055@9,0.9999999999999999
seq2266@81,seq14635@7,0.9999999999999999
seq2266@81,seq17661@7,0.9999999999999999
seq2266@81,seq26691@7,0.9999999999999999
seq2266@81,seq5@26577,0.9999999999999999
seq2266@81,seq8147@25,0.9999999999999999
seq2854@74,seq1236@51,0.9999999999999999
seq2854@74,seq118@39,0.9999999999999999
seq2854@74,seq484@38,0.9999999999999999
seq2854@74,seq2697@34,0.9999999999999999
seq2854@74,seq2760@31,0.9999999999999999
seq2854@74,seq2319@27,0.9999999999999999
seq2854@74,seq186@24,0.9999999999999999
seq2854@74,seq2227@18,0.9878787878787878
seq2854@74,seq2908@15,0.9999999999999999
seq2854@74,seq11864@11,0.9999999999999999
seq2854@74,seq9055@9,0.9999999999999999
seq2854@74,seq14635@7,0.9999999999999999
seq2854@74,seq17661@7,0.9999999999999999
seq2854@74,seq26691@7,0.9999999999999999
seq2854@74,seq5@26577,0.9999999999999999
seq2854@74,seq8147@25,0.9999999999999999
seq1236@51,seq118@39,0.9999999999999999
seq1236@51,seq484@38,0.9999999999999999
seq1236@51,seq2697@34,0.9999999999999999
seq1236@51,seq2760@31,0.9999999999999999
seq1236@51,seq2319@27,0.9999999999999999
seq1236@51,seq186@24,0.9999999999999999
seq1236@51,seq2227@18,0.9878787878787878
seq1236@51,seq2908@15,0.9999999999999999
seq1236@51,seq11864@11,0.9999999999999999
seq1236@51,seq9055@9,0.9999999999999999
seq1236@51,seq14635@7,0.9999999999999999
seq1236@51,seq17661@7,0.9999999999999999
seq1236@51,seq26691@7,0.9999999999999999
seq1236@51,seq5@26577,0.9999999999999999
seq1236@51,seq8147@25,0.9999999999999999
seq118@39,seq484@38,0.9999999999999999
seq118@39,seq2697@34,0.9999999999999999
seq118@39,seq2760@31,0.9999999999999999
seq118@39,seq2319@27,0.9999999999999999
seq118@39,seq186@24,0.9999999999999999
seq118@39,seq2227@18,0.9878787878787878
seq118@39,seq2908@15,0.9999999999999999
seq118@39,seq11864@11,0.9999999999999999
seq118@39,seq9055@9,0.9999999999999999
seq118@39,seq14635@7,0.9999999999999999
seq118@39,seq17661@7,0.9999999999999999
seq118@39,seq26691@7,0.9999999999999999
seq118@39,seq5@26577,0.9999999999999999
seq118@39,seq8147@25,0.9999999999999999
seq484@38,seq2697@34,0.9999999999999999
seq484@38,seq2760@31,0.9999999999999999
seq484@38,seq2319@27,0.9999999999999999
seq484@38,seq186@24,0.9999999999999999
seq484@38,seq2227@18,0.9878787878787878
seq484@38,seq2908@15,0.9999999999999999
seq484@38,seq11864@11,0.9999999999999999
seq484@38,seq9055@9,0.9999999999999999
seq484@38,seq14635@7,0.9999999999999999
seq484@38,seq17661@7,0.9999999999999999
seq484@38,seq26691@7,0.9999999999999999
seq484@38,seq5@26577,0.9999999999999999
seq484@38,seq8147@25,0.9999999999999999
seq2697@34,seq2760@31,0.9999999999999999
seq2697@34,seq2319@27,0.9999999999999999
seq2697@34,seq186@24,0.9999999999999999
seq2697@34,seq2227@18,0.9878787878787878
seq2697@34,seq2908@15,0.9999999999999999
seq2697@34,seq11864@11,0.9999999999999999
seq2697@34,seq9055@9,0.9999999999999999
seq2697@34,seq14635@7,0.9999999999999999
seq2697@34,seq17661@7,0.9999999999999999
seq2697@34,seq26691@7,0.9999999999999999
seq2697@34,seq5@26577,0.9999999999999999
seq2697@34,seq8147@25,0.9999999999999999
seq2760@31,seq2319@27,0.9999999999999999
seq2760@31,seq186@24,0.9999999999999999
seq2760@31,seq2227@18,0.9878787878787878
seq2760@31,seq2908@15,0.9999999999999999
seq2760@31,seq11864@11,0.9999999999999999
seq2760@31,seq9055@9,0.9999999999999999
seq2760@31,seq14635@7,0.9999999999999999
seq2760@31,seq17661@7,0.9999999999999999
seq2760@31,seq26691@7,0.9999999999999999
seq2760@31,seq5@26577,0.9999999999999999
seq2760@31,seq8147@25,0.9999999999999999
seq2319@27,seq186@24,0.9999999999999999
seq2319@27,seq2227@18,0.9878787878787878
seq2319@27,seq2908@15,0.9999999999999999
seq2319@27,seq11864@11,0.9999999999999999
seq2319@27,seq9055@9,0.9999999999999999
seq2319@27,seq14635@7,0.9999999999999999
seq2319@27,seq17661@7,0.9999999999999999
seq2319@27,seq26691@7,0.9999999999999999
seq2319@27,seq5@26577,0.9999999999999999
seq2319@27,seq8147@25,0.9999999999999999
seq186@24,seq2227@18,0.9878787878787878
seq186@24,seq2908@15,0.9999999999999999
seq186@24,seq11864@11,0.9999999999999999
seq186@24,seq9055@9,0.9999999999999999
seq186@24,seq14635@7,0.9999999999999999
seq186@24,seq17661@7,0.9999999999999999
seq186@24,seq26691@7,0.9999999999999999
seq186@24,seq5@26577,0.9999999999999999
seq186@24,seq8147@25,0.9999999999999999
seq2227@18,seq2908@15,0.9878787878787878
seq2227@18,seq11864@11,0.9878787878787878
seq2227@18,seq9055@9,0.9878787878787878
seq2227@18,seq14635@7,0.9878787878787878
seq2227@18,seq17661@7,0.9878787878787878
seq2227@18,seq26691@7,0.9878787878787878
seq2227@18,seq5@26577,0.9878787878787878
seq2227@18,seq8147@25,0.9878787878787878
seq2908@15,seq11864@11,0.9999999999999999
seq2908@15,seq9055@9,0.9999999999999999
seq2908@15,seq14635@7,0.9999999999999999
seq2908@15,seq17661@7,0.9999999999999999
seq2908@15,seq26691@7,0.9999999999999999
seq2908@15,seq5@26577,0.9999999999999999
seq2908@15,seq8147@25,0.9999999999999999
seq11864@11,seq9055@9,0.9999999999999999
seq11864@11,seq14635@7,0.9999999999999999
seq11864@11,seq17661@7,0.9999999999999999
seq11864@11,seq26691@7,0.9999999999999999
seq11864@11,seq5@26577,0.9999999999999999
seq11864@11,seq8147@25,0.9999999999999999
seq9055@9,seq14635@7,0.9999999999999999
seq9055@9,seq17661@7,0.9999999999999999
seq9055@9,seq26691@7,0.9999999999999999
seq9055@9,seq5@26577,0.9999999999999999
seq9055@9,seq8147@25,0.9999999999999999
seq14635@7,seq17661@7,0.9999999999999999
seq14635@7,seq26691@7,0.9999999999999999
seq14635@7,seq5@26577,0.9999999999999999
seq14635@7,seq8147@25,0.9999999999999999
seq17661@7,seq26691@7,0.9999999999999999
seq17661@7,seq5@26577,0.9999999999999999
seq17661@7,seq8147@25,0.9999999999999999
seq26691@7,seq5@26577,0.9999999999999999
seq26691@7,seq8147@25,0.9999999999999999
seq5@26577,seq8147@25,0.9999999999999999
