Protein1,Protein2,SpearmanSimilarity
seq1646@71,seq374@86,0.9999999999999999
seq1646@71,naive,0.9999999999999999
seq1646@71,seq4249@20,0.9999999999999999
seq1646@71,seq4004@22,0.9999999999999999
seq1646@71,seq8339@14,0.9999999999999999
seq1646@71,seq8886@17,0.9999999999999999
seq1646@71,seq20455@11,0.9999999999999999
seq1646@71,seq5786@12,0.9999999999999999
seq1646@71,seq2750@9,0.9999999999999999
seq1646@71,seq12648@29,0.9999999999999999
seq1646@71,seq11810@9,0.9999999999999999
seq1646@71,seq5419@11,0.9999999999999999
seq1646@71,seq4443@8,0.9878787878787878
seq1646@71,seq1737@29,0.9999999999999999
seq1646@71,seq17396@8,0.9999999999999999
seq1646@71,seq2288@10,0.9878787878787878
seq1646@71,seq23881@8,0.9999999999999999
seq1646@71,seq168@11,0.9878787878787878
seq1646@71,seq3491@11,0.9999999999999999
seq1646@71,seq13503@11,0.9999999999999999
seq1646@71,seq4003@10,0.9999999999999999
seq1646@71,seq21181@16,0.9999999999999999
seq1646@71,seq5063@13,0.9999999999999999
seq1646@71,seq5580@21,0.9999999999999999
seq1646@71,seq316@89,0.9999999999999999
seq1646@71,seq8144@58,0.9999999999999999
seq1646@71,seq3083@45,0.9999999999999999
seq1646@71,seq16298@27,0.9999999999999999
seq1646@71,seq1490@24,0.9999999999999999
seq1646@71,seq5316@17,0.9999999999999999
seq1646@71,seq5970@16,0.9999999999999999
seq1646@71,seq23895@12,0.9999999999999999
seq1646@71,seq8400@11,0.9999999999999999
seq1646@71,seq16921@11,0.9999999999999999
seq1646@71,seq24370@11,0.9999999999999999
seq1646@71,seq52231@9,0.9999999999999999
seq1646@71,seq13@27362,0.9999999999999999
seq1646@71,seq9318@30,0.9999999999999999
seq1646@71,seq642@18,0.9999999999999999
seq1646@71,seq3868@11,0.9999999999999999
seq1646@71,seq1079@16,0.9999999999999999
seq1646@71,seq868@16,0.9999999999999999
seq1646@71,seq17651@9,0.9999999999999999
seq1646@71,seq32770@8,0.9999999999999999
seq1646@71,seq2280@14,0.9999999999999999
seq1646@71,seq4243@15,0.9999999999999999
seq1646@71,seq3556@18,0.9999999999999999
seq1646@71,seq4354@93,0.9999999999999999
seq1646@71,seq4009@50,0.9999999999999999
seq1646@71,seq4206@31,0.9999999999999999
seq1646@71,seq1471@22,0.9999999999999999
seq1646@71,seq5130@21,0.9999999999999999
seq1646@71,seq3289@20,0.9999999999999999
seq1646@71,seq5797@15,0.9999999999999999
seq1646@71,seq1589@14,0.9999999999999999
seq1646@71,seq9084@13,0.9999999999999999
seq1646@71,seq7731@12,0.9999999999999999
seq1646@71,seq10871@11,0.9999999999999999
seq1646@71,seq12141@11,0.9999999999999999
seq1646@71,seq28278@11,0.9999999999999999
seq1646@71,seq7596@10,0.9999999999999999
seq1646@71,seq17640@8,0.9999999999999999
seq1646@71,seq5202@8,0.9999999999999999
seq1646@71,seq15853@10,0.9999999999999999
seq1646@71,seq18@27184,0.9999999999999999
seq1646@71,seq19689@27,0.9999999999999999
seq1646@71,seq2847@8,0.9999999999999999
seq1646@71,seq11@1141,0.9999999999999999
seq1646@71,seq3190@35,0.9999999999999999
seq1646@71,seq194@240,0.9999999999999999
seq1646@71,seq2461@10,0.9999999999999999
seq1646@71,seq447@297,0.9999999999999999
seq1646@71,seq30@12620,0.9878787878787878
seq1646@71,seq12222@8,0.9999999999999999
seq374@86,naive,0.9999999999999999
seq374@86,seq4249@20,0.9999999999999999
seq374@86,seq4004@22,0.9999999999999999
seq374@86,seq8339@14,0.9999999999999999
seq374@86,seq8886@17,0.9999999999999999
seq374@86,seq20455@11,0.9999999999999999
seq374@86,seq5786@12,0.9999999999999999
seq374@86,seq2750@9,0.9999999999999999
seq374@86,seq12648@29,0.9999999999999999
seq374@86,seq11810@9,0.9999999999999999
seq374@86,seq5419@11,0.9999999999999999
seq374@86,seq4443@8,0.9878787878787878
seq374@86,seq1737@29,0.9999999999999999
seq374@86,seq17396@8,0.9999999999999999
seq374@86,seq2288@10,0.9878787878787878
seq374@86,seq23881@8,0.9999999999999999
seq374@86,seq168@11,0.9878787878787878
seq374@86,seq3491@11,0.9999999999999999
seq374@86,seq13503@11,0.9999999999999999
seq374@86,seq4003@10,0.9999999999999999
seq374@86,seq21181@16,0.9999999999999999
seq374@86,seq5063@13,0.9999999999999999
seq374@86,seq5580@21,0.9999999999999999
seq374@86,seq316@89,0.9999999999999999
seq374@86,seq8144@58,0.9999999999999999
seq374@86,seq3083@45,0.9999999999999999
seq374@86,seq16298@27,0.9999999999999999
seq374@86,seq1490@24,0.9999999999999999
seq374@86,seq5316@17,0.9999999999999999
seq374@86,seq5970@16,0.9999999999999999
seq374@86,seq23895@12,0.9999999999999999
seq374@86,seq8400@11,0.9999999999999999
seq374@86,seq16921@11,0.9999999999999999
seq374@86,seq24370@11,0.9999999999999999
seq374@86,seq52231@9,0.9999999999999999
seq374@86,seq13@27362,0.9999999999999999
seq374@86,seq9318@30,0.9999999999999999
seq374@86,seq642@18,0.9999999999999999
seq374@86,seq3868@11,0.9999999999999999
seq374@86,seq1079@16,0.9999999999999999
seq374@86,seq868@16,0.9999999999999999
seq374@86,seq17651@9,0.9999999999999999
seq374@86,seq32770@8,0.9999999999999999
seq374@86,seq2280@14,0.9999999999999999
seq374@86,seq4243@15,0.9999999999999999
seq374@86,seq3556@18,0.9999999999999999
seq374@86,seq4354@93,0.9999999999999999
seq374@86,seq4009@50,0.9999999999999999
seq374@86,seq4206@31,0.9999999999999999
seq374@86,seq1471@22,0.9999999999999999
seq374@86,seq5130@21,0.9999999999999999
seq374@86,seq3289@20,0.9999999999999999
seq374@86,seq5797@15,0.9999999999999999
seq374@86,seq1589@14,0.9999999999999999
seq374@86,seq9084@13,0.9999999999999999
seq374@86,seq7731@12,0.9999999999999999
seq374@86,seq10871@11,0.9999999999999999
seq374@86,seq12141@11,0.9999999999999999
seq374@86,seq28278@11,0.9999999999999999
seq374@86,seq7596@10,0.9999999999999999
seq374@86,seq17640@8,0.9999999999999999
seq374@86,seq5202@8,0.9999999999999999
seq374@86,seq15853@10,0.9999999999999999
seq374@86,seq18@27184,0.9999999999999999
seq374@86,seq19689@27,0.9999999999999999
seq374@86,seq2847@8,0.9999999999999999
seq374@86,seq11@1141,0.9999999999999999
seq374@86,seq3190@35,0.9999999999999999
seq374@86,seq194@240,0.9999999999999999
seq374@86,seq2461@10,0.9999999999999999
seq374@86,seq447@297,0.9999999999999999
seq374@86,seq30@12620,0.9878787878787878
seq374@86,seq12222@8,0.9999999999999999
naive,seq4249@20,0.9999999999999999
naive,seq4004@22,0.9999999999999999
naive,seq8339@14,0.9999999999999999
naive,seq8886@17,0.9999999999999999
naive,seq20455@11,0.9999999999999999
naive,seq5786@12,0.9999999999999999
naive,seq2750@9,0.9999999999999999
naive,seq12648@29,0.9999999999999999
naive,seq11810@9,0.9999999999999999
naive,seq5419@11,0.9999999999999999
naive,seq4443@8,0.9878787878787878
naive,seq1737@29,0.9999999999999999
naive,seq17396@8,0.9999999999999999
naive,seq2288@10,0.9878787878787878
naive,seq23881@8,0.9999999999999999
naive,seq168@11,0.9878787878787878
naive,seq3491@11,0.9999999999999999
naive,seq13503@11,0.9999999999999999
naive,seq4003@10,0.9999999999999999
naive,seq21181@16,0.9999999999999999
naive,seq5063@13,0.9999999999999999
naive,seq5580@21,0.9999999999999999
naive,seq316@89,0.9999999999999999
naive,seq8144@58,0.9999999999999999
naive,seq3083@45,0.9999999999999999
naive,seq16298@27,0.9999999999999999
naive,seq1490@24,0.9999999999999999
naive,seq5316@17,0.9999999999999999
naive,seq5970@16,0.9999999999999999
naive,seq23895@12,0.9999999999999999
naive,seq8400@11,0.9999999999999999
naive,seq16921@11,0.9999999999999999
naive,seq24370@11,0.9999999999999999
naive,seq52231@9,0.9999999999999999
naive,seq13@27362,0.9999999999999999
naive,seq9318@30,0.9999999999999999
naive,seq642@18,0.9999999999999999
naive,seq3868@11,0.9999999999999999
naive,seq1079@16,0.9999999999999999
naive,seq868@16,0.9999999999999999
naive,seq17651@9,0.9999999999999999
naive,seq32770@8,0.9999999999999999
naive,seq2280@14,0.9999999999999999
naive,seq4243@15,0.9999999999999999
naive,seq3556@18,0.9999999999999999
naive,seq4354@93,0.9999999999999999
naive,seq4009@50,0.9999999999999999
naive,seq4206@31,0.9999999999999999
naive,seq1471@22,0.9999999999999999
naive,seq5130@21,0.9999999999999999
naive,seq3289@20,0.9999999999999999
naive,seq5797@15,0.9999999999999999
naive,seq1589@14,0.9999999999999999
naive,seq9084@13,0.9999999999999999
naive,seq7731@12,0.9999999999999999
naive,seq10871@11,0.9999999999999999
naive,seq12141@11,0.9999999999999999
naive,seq28278@11,0.9999999999999999
naive,seq7596@10,0.9999999999999999
naive,seq17640@8,0.9999999999999999
naive,seq5202@8,0.9999999999999999
naive,seq15853@10,0.9999999999999999
naive,seq18@27184,0.9999999999999999
naive,seq19689@27,0.9999999999999999
naive,seq2847@8,0.9999999999999999
naive,seq11@1141,0.9999999999999999
naive,seq3190@35,0.9999999999999999
naive,seq194@240,0.9999999999999999
naive,seq2461@10,0.9999999999999999
naive,seq447@297,0.9999999999999999
naive,seq30@12620,0.9878787878787878
naive,seq12222@8,0.9999999999999999
seq4249@20,seq4004@22,0.9999999999999999
seq4249@20,seq8339@14,0.9999999999999999
seq4249@20,seq8886@17,0.9999999999999999
seq4249@20,seq20455@11,0.9999999999999999
seq4249@20,seq5786@12,0.9999999999999999
seq4249@20,seq2750@9,0.9999999999999999
seq4249@20,seq12648@29,0.9999999999999999
seq4249@20,seq11810@9,0.9999999999999999
seq4249@20,seq5419@11,0.9999999999999999
seq4249@20,seq4443@8,0.9878787878787878
seq4249@20,seq1737@29,0.9999999999999999
seq4249@20,seq17396@8,0.9999999999999999
seq4249@20,seq2288@10,0.9878787878787878
seq4249@20,seq23881@8,0.9999999999999999
seq4249@20,seq168@11,0.9878787878787878
seq4249@20,seq3491@11,0.9999999999999999
seq4249@20,seq13503@11,0.9999999999999999
seq4249@20,seq4003@10,0.9999999999999999
seq4249@20,seq21181@16,0.9999999999999999
seq4249@20,seq5063@13,0.9999999999999999
seq4249@20,seq5580@21,0.9999999999999999
seq4249@20,seq316@89,0.9999999999999999
seq4249@20,seq8144@58,0.9999999999999999
seq4249@20,seq3083@45,0.9999999999999999
seq4249@20,seq16298@27,0.9999999999999999
seq4249@20,seq1490@24,0.9999999999999999
seq4249@20,seq5316@17,0.9999999999999999
seq4249@20,seq5970@16,0.9999999999999999
seq4249@20,seq23895@12,0.9999999999999999
seq4249@20,seq8400@11,0.9999999999999999
seq4249@20,seq16921@11,0.9999999999999999
seq4249@20,seq24370@11,0.9999999999999999
seq4249@20,seq52231@9,0.9999999999999999
seq4249@20,seq13@27362,0.9999999999999999
seq4249@20,seq9318@30,0.9999999999999999
seq4249@20,seq642@18,0.9999999999999999
seq4249@20,seq3868@11,0.9999999999999999
seq4249@20,seq1079@16,0.9999999999999999
seq4249@20,seq868@16,0.9999999999999999
seq4249@20,seq17651@9,0.9999999999999999
seq4249@20,seq32770@8,0.9999999999999999
seq4249@20,seq2280@14,0.9999999999999999
seq4249@20,seq4243@15,0.9999999999999999
seq4249@20,seq3556@18,0.9999999999999999
seq4249@20,seq4354@93,0.9999999999999999
seq4249@20,seq4009@50,0.9999999999999999
seq4249@20,seq4206@31,0.9999999999999999
seq4249@20,seq1471@22,0.9999999999999999
seq4249@20,seq5130@21,0.9999999999999999
seq4249@20,seq3289@20,0.9999999999999999
seq4249@20,seq5797@15,0.9999999999999999
seq4249@20,seq1589@14,0.9999999999999999
seq4249@20,seq9084@13,0.9999999999999999
seq4249@20,seq7731@12,0.9999999999999999
seq4249@20,seq10871@11,0.9999999999999999
seq4249@20,seq12141@11,0.9999999999999999
seq4249@20,seq28278@11,0.9999999999999999
seq4249@20,seq7596@10,0.9999999999999999
seq4249@20,seq17640@8,0.9999999999999999
seq4249@20,seq5202@8,0.9999999999999999
seq4249@20,seq15853@10,0.9999999999999999
seq4249@20,seq18@27184,0.9999999999999999
seq4249@20,seq19689@27,0.9999999999999999
seq4249@20,seq2847@8,0.9999999999999999
seq4249@20,seq11@1141,0.9999999999999999
seq4249@20,seq3190@35,0.9999999999999999
seq4249@20,seq194@240,0.9999999999999999
seq4249@20,seq2461@10,0.9999999999999999
seq4249@20,seq447@297,0.9999999999999999
seq4249@20,seq30@12620,0.9878787878787878
seq4249@20,seq12222@8,0.9999999999999999
seq4004@22,seq8339@14,0.9999999999999999
seq4004@22,seq8886@17,0.9999999999999999
seq4004@22,seq20455@11,0.9999999999999999
seq4004@22,seq5786@12,0.9999999999999999
seq4004@22,seq2750@9,0.9999999999999999
seq4004@22,seq12648@29,0.9999999999999999
seq4004@22,seq11810@9,0.9999999999999999
seq4004@22,seq5419@11,0.9999999999999999
seq4004@22,seq4443@8,0.9878787878787878
seq4004@22,seq1737@29,0.9999999999999999
seq4004@22,seq17396@8,0.9999999999999999
seq4004@22,seq2288@10,0.9878787878787878
seq4004@22,seq23881@8,0.9999999999999999
seq4004@22,seq168@11,0.9878787878787878
seq4004@22,seq3491@11,0.9999999999999999
seq4004@22,seq13503@11,0.9999999999999999
seq4004@22,seq4003@10,0.9999999999999999
seq4004@22,seq21181@16,0.9999999999999999
seq4004@22,seq5063@13,0.9999999999999999
seq4004@22,seq5580@21,0.9999999999999999
seq4004@22,seq316@89,0.9999999999999999
seq4004@22,seq8144@58,0.9999999999999999
seq4004@22,seq3083@45,0.9999999999999999
seq4004@22,seq16298@27,0.9999999999999999
seq4004@22,seq1490@24,0.9999999999999999
seq4004@22,seq5316@17,0.9999999999999999
seq4004@22,seq5970@16,0.9999999999999999
seq4004@22,seq23895@12,0.9999999999999999
seq4004@22,seq8400@11,0.9999999999999999
seq4004@22,seq16921@11,0.9999999999999999
seq4004@22,seq24370@11,0.9999999999999999
seq4004@22,seq52231@9,0.9999999999999999
seq4004@22,seq13@27362,0.9999999999999999
seq4004@22,seq9318@30,0.9999999999999999
seq4004@22,seq642@18,0.9999999999999999
seq4004@22,seq3868@11,0.9999999999999999
seq4004@22,seq1079@16,0.9999999999999999
seq4004@22,seq868@16,0.9999999999999999
seq4004@22,seq17651@9,0.9999999999999999
seq4004@22,seq32770@8,0.9999999999999999
seq4004@22,seq2280@14,0.9999999999999999
seq4004@22,seq4243@15,0.9999999999999999
seq4004@22,seq3556@18,0.9999999999999999
seq4004@22,seq4354@93,0.9999999999999999
seq4004@22,seq4009@50,0.9999999999999999
seq4004@22,seq4206@31,0.9999999999999999
seq4004@22,seq1471@22,0.9999999999999999
seq4004@22,seq5130@21,0.9999999999999999
seq4004@22,seq3289@20,0.9999999999999999
seq4004@22,seq5797@15,0.9999999999999999
seq4004@22,seq1589@14,0.9999999999999999
seq4004@22,seq9084@13,0.9999999999999999
seq4004@22,seq7731@12,0.9999999999999999
seq4004@22,seq10871@11,0.9999999999999999
seq4004@22,seq12141@11,0.9999999999999999
seq4004@22,seq28278@11,0.9999999999999999
seq4004@22,seq7596@10,0.9999999999999999
seq4004@22,seq17640@8,0.9999999999999999
seq4004@22,seq5202@8,0.9999999999999999
seq4004@22,seq15853@10,0.9999999999999999
seq4004@22,seq18@27184,0.9999999999999999
seq4004@22,seq19689@27,0.9999999999999999
seq4004@22,seq2847@8,0.9999999999999999
seq4004@22,seq11@1141,0.9999999999999999
seq4004@22,seq3190@35,0.9999999999999999
seq4004@22,seq194@240,0.9999999999999999
seq4004@22,seq2461@10,0.9999999999999999
seq4004@22,seq447@297,0.9999999999999999
seq4004@22,seq30@12620,0.9878787878787878
seq4004@22,seq12222@8,0.9999999999999999
seq8339@14,seq8886@17,0.9999999999999999
seq8339@14,seq20455@11,0.9999999999999999
seq8339@14,seq5786@12,0.9999999999999999
seq8339@14,seq2750@9,0.9999999999999999
seq8339@14,seq12648@29,0.9999999999999999
seq8339@14,seq11810@9,0.9999999999999999
seq8339@14,seq5419@11,0.9999999999999999
seq8339@14,seq4443@8,0.9878787878787878
seq8339@14,seq1737@29,0.9999999999999999
seq8339@14,seq17396@8,0.9999999999999999
seq8339@14,seq2288@10,0.9878787878787878
seq8339@14,seq23881@8,0.9999999999999999
seq8339@14,seq168@11,0.9878787878787878
seq8339@14,seq3491@11,0.9999999999999999
seq8339@14,seq13503@11,0.9999999999999999
seq8339@14,seq4003@10,0.9999999999999999
seq8339@14,seq21181@16,0.9999999999999999
seq8339@14,seq5063@13,0.9999999999999999
seq8339@14,seq5580@21,0.9999999999999999
seq8339@14,seq316@89,0.9999999999999999
seq8339@14,seq8144@58,0.9999999999999999
seq8339@14,seq3083@45,0.9999999999999999
seq8339@14,seq16298@27,0.9999999999999999
seq8339@14,seq1490@24,0.9999999999999999
seq8339@14,seq5316@17,0.9999999999999999
seq8339@14,seq5970@16,0.9999999999999999
seq8339@14,seq23895@12,0.9999999999999999
seq8339@14,seq8400@11,0.9999999999999999
seq8339@14,seq16921@11,0.9999999999999999
seq8339@14,seq24370@11,0.9999999999999999
seq8339@14,seq52231@9,0.9999999999999999
seq8339@14,seq13@27362,0.9999999999999999
seq8339@14,seq9318@30,0.9999999999999999
seq8339@14,seq642@18,0.9999999999999999
seq8339@14,seq3868@11,0.9999999999999999
seq8339@14,seq1079@16,0.9999999999999999
seq8339@14,seq868@16,0.9999999999999999
seq8339@14,seq17651@9,0.9999999999999999
seq8339@14,seq32770@8,0.9999999999999999
seq8339@14,seq2280@14,0.9999999999999999
seq8339@14,seq4243@15,0.9999999999999999
seq8339@14,seq3556@18,0.9999999999999999
seq8339@14,seq4354@93,0.9999999999999999
seq8339@14,seq4009@50,0.9999999999999999
seq8339@14,seq4206@31,0.9999999999999999
seq8339@14,seq1471@22,0.9999999999999999
seq8339@14,seq5130@21,0.9999999999999999
seq8339@14,seq3289@20,0.9999999999999999
seq8339@14,seq5797@15,0.9999999999999999
seq8339@14,seq1589@14,0.9999999999999999
seq8339@14,seq9084@13,0.9999999999999999
seq8339@14,seq7731@12,0.9999999999999999
seq8339@14,seq10871@11,0.9999999999999999
seq8339@14,seq12141@11,0.9999999999999999
seq8339@14,seq28278@11,0.9999999999999999
seq8339@14,seq7596@10,0.9999999999999999
seq8339@14,seq17640@8,0.9999999999999999
seq8339@14,seq5202@8,0.9999999999999999
seq8339@14,seq15853@10,0.9999999999999999
seq8339@14,seq18@27184,0.9999999999999999
seq8339@14,seq19689@27,0.9999999999999999
seq8339@14,seq2847@8,0.9999999999999999
seq8339@14,seq11@1141,0.9999999999999999
seq8339@14,seq3190@35,0.9999999999999999
seq8339@14,seq194@240,0.9999999999999999
seq8339@14,seq2461@10,0.9999999999999999
seq8339@14,seq447@297,0.9999999999999999
seq8339@14,seq30@12620,0.9878787878787878
seq8339@14,seq12222@8,0.9999999999999999
seq8886@17,seq20455@11,0.9999999999999999
seq8886@17,seq5786@12,0.9999999999999999
seq8886@17,seq2750@9,0.9999999999999999
seq8886@17,seq12648@29,0.9999999999999999
seq8886@17,seq11810@9,0.9999999999999999
seq8886@17,seq5419@11,0.9999999999999999
seq8886@17,seq4443@8,0.9878787878787878
seq8886@17,seq1737@29,0.9999999999999999
seq8886@17,seq17396@8,0.9999999999999999
seq8886@17,seq2288@10,0.9878787878787878
seq8886@17,seq23881@8,0.9999999999999999
seq8886@17,seq168@11,0.9878787878787878
seq8886@17,seq3491@11,0.9999999999999999
seq8886@17,seq13503@11,0.9999999999999999
seq8886@17,seq4003@10,0.9999999999999999
seq8886@17,seq21181@16,0.9999999999999999
seq8886@17,seq5063@13,0.9999999999999999
seq8886@17,seq5580@21,0.9999999999999999
seq8886@17,seq316@89,0.9999999999999999
seq8886@17,seq8144@58,0.9999999999999999
seq8886@17,seq3083@45,0.9999999999999999
seq8886@17,seq16298@27,0.9999999999999999
seq8886@17,seq1490@24,0.9999999999999999
seq8886@17,seq5316@17,0.9999999999999999
seq8886@17,seq5970@16,0.9999999999999999
seq8886@17,seq23895@12,0.9999999999999999
seq8886@17,seq8400@11,0.9999999999999999
seq8886@17,seq16921@11,0.9999999999999999
seq8886@17,seq24370@11,0.9999999999999999
seq8886@17,seq52231@9,0.9999999999999999
seq8886@17,seq13@27362,0.9999999999999999
seq8886@17,seq9318@30,0.9999999999999999
seq8886@17,seq642@18,0.9999999999999999
seq8886@17,seq3868@11,0.9999999999999999
seq8886@17,seq1079@16,0.9999999999999999
seq8886@17,seq868@16,0.9999999999999999
seq8886@17,seq17651@9,0.9999999999999999
seq8886@17,seq32770@8,0.9999999999999999
seq8886@17,seq2280@14,0.9999999999999999
seq8886@17,seq4243@15,0.9999999999999999
seq8886@17,seq3556@18,0.9999999999999999
seq8886@17,seq4354@93,0.9999999999999999
seq8886@17,seq4009@50,0.9999999999999999
seq8886@17,seq4206@31,0.9999999999999999
seq8886@17,seq1471@22,0.9999999999999999
seq8886@17,seq5130@21,0.9999999999999999
seq8886@17,seq3289@20,0.9999999999999999
seq8886@17,seq5797@15,0.9999999999999999
seq8886@17,seq1589@14,0.9999999999999999
seq8886@17,seq9084@13,0.9999999999999999
seq8886@17,seq7731@12,0.9999999999999999
seq8886@17,seq10871@11,0.9999999999999999
seq8886@17,seq12141@11,0.9999999999999999
seq8886@17,seq28278@11,0.9999999999999999
seq8886@17,seq7596@10,0.9999999999999999
seq8886@17,seq17640@8,0.9999999999999999
seq8886@17,seq5202@8,0.9999999999999999
seq8886@17,seq15853@10,0.9999999999999999
seq8886@17,seq18@27184,0.9999999999999999
seq8886@17,seq19689@27,0.9999999999999999
seq8886@17,seq2847@8,0.9999999999999999
seq8886@17,seq11@1141,0.9999999999999999
seq8886@17,seq3190@35,0.9999999999999999
seq8886@17,seq194@240,0.9999999999999999
seq8886@17,seq2461@10,0.9999999999999999
seq8886@17,seq447@297,0.9999999999999999
seq8886@17,seq30@12620,0.9878787878787878
seq8886@17,seq12222@8,0.9999999999999999
seq20455@11,seq5786@12,0.9999999999999999
seq20455@11,seq2750@9,0.9999999999999999
seq20455@11,seq12648@29,0.9999999999999999
seq20455@11,seq11810@9,0.9999999999999999
seq20455@11,seq5419@11,0.9999999999999999
seq20455@11,seq4443@8,0.9878787878787878
seq20455@11,seq1737@29,0.9999999999999999
seq20455@11,seq17396@8,0.9999999999999999
seq20455@11,seq2288@10,0.9878787878787878
seq20455@11,seq23881@8,0.9999999999999999
seq20455@11,seq168@11,0.9878787878787878
seq20455@11,seq3491@11,0.9999999999999999
seq20455@11,seq13503@11,0.9999999999999999
seq20455@11,seq4003@10,0.9999999999999999
seq20455@11,seq21181@16,0.9999999999999999
seq20455@11,seq5063@13,0.9999999999999999
seq20455@11,seq5580@21,0.9999999999999999
seq20455@11,seq316@89,0.9999999999999999
seq20455@11,seq8144@58,0.9999999999999999
seq20455@11,seq3083@45,0.9999999999999999
seq20455@11,seq16298@27,0.9999999999999999
seq20455@11,seq1490@24,0.9999999999999999
seq20455@11,seq5316@17,0.9999999999999999
seq20455@11,seq5970@16,0.9999999999999999
seq20455@11,seq23895@12,0.9999999999999999
seq20455@11,seq8400@11,0.9999999999999999
seq20455@11,seq16921@11,0.9999999999999999
seq20455@11,seq24370@11,0.9999999999999999
seq20455@11,seq52231@9,0.9999999999999999
seq20455@11,seq13@27362,0.9999999999999999
seq20455@11,seq9318@30,0.9999999999999999
seq20455@11,seq642@18,0.9999999999999999
seq20455@11,seq3868@11,0.9999999999999999
seq20455@11,seq1079@16,0.9999999999999999
seq20455@11,seq868@16,0.9999999999999999
seq20455@11,seq17651@9,0.9999999999999999
seq20455@11,seq32770@8,0.9999999999999999
seq20455@11,seq2280@14,0.9999999999999999
seq20455@11,seq4243@15,0.9999999999999999
seq20455@11,seq3556@18,0.9999999999999999
seq20455@11,seq4354@93,0.9999999999999999
seq20455@11,seq4009@50,0.9999999999999999
seq20455@11,seq4206@31,0.9999999999999999
seq20455@11,seq1471@22,0.9999999999999999
seq20455@11,seq5130@21,0.9999999999999999
seq20455@11,seq3289@20,0.9999999999999999
seq20455@11,seq5797@15,0.9999999999999999
seq20455@11,seq1589@14,0.9999999999999999
seq20455@11,seq9084@13,0.9999999999999999
seq20455@11,seq7731@12,0.9999999999999999
seq20455@11,seq10871@11,0.9999999999999999
seq20455@11,seq12141@11,0.9999999999999999
seq20455@11,seq28278@11,0.9999999999999999
seq20455@11,seq7596@10,0.9999999999999999
seq20455@11,seq17640@8,0.9999999999999999
seq20455@11,seq5202@8,0.9999999999999999
seq20455@11,seq15853@10,0.9999999999999999
seq20455@11,seq18@27184,0.9999999999999999
seq20455@11,seq19689@27,0.9999999999999999
seq20455@11,seq2847@8,0.9999999999999999
seq20455@11,seq11@1141,0.9999999999999999
seq20455@11,seq3190@35,0.9999999999999999
seq20455@11,seq194@240,0.9999999999999999
seq20455@11,seq2461@10,0.9999999999999999
seq20455@11,seq447@297,0.9999999999999999
seq20455@11,seq30@12620,0.9878787878787878
seq20455@11,seq12222@8,0.9999999999999999
seq5786@12,seq2750@9,0.9999999999999999
seq5786@12,seq12648@29,0.9999999999999999
seq5786@12,seq11810@9,0.9999999999999999
seq5786@12,seq5419@11,0.9999999999999999
seq5786@12,seq4443@8,0.9878787878787878
seq5786@12,seq1737@29,0.9999999999999999
seq5786@12,seq17396@8,0.9999999999999999
seq5786@12,seq2288@10,0.9878787878787878
seq5786@12,seq23881@8,0.9999999999999999
seq5786@12,seq168@11,0.9878787878787878
seq5786@12,seq3491@11,0.9999999999999999
seq5786@12,seq13503@11,0.9999999999999999
seq5786@12,seq4003@10,0.9999999999999999
seq5786@12,seq21181@16,0.9999999999999999
seq5786@12,seq5063@13,0.9999999999999999
seq5786@12,seq5580@21,0.9999999999999999
seq5786@12,seq316@89,0.9999999999999999
seq5786@12,seq8144@58,0.9999999999999999
seq5786@12,seq3083@45,0.9999999999999999
seq5786@12,seq16298@27,0.9999999999999999
seq5786@12,seq1490@24,0.9999999999999999
seq5786@12,seq5316@17,0.9999999999999999
seq5786@12,seq5970@16,0.9999999999999999
seq5786@12,seq23895@12,0.9999999999999999
seq5786@12,seq8400@11,0.9999999999999999
seq5786@12,seq16921@11,0.9999999999999999
seq5786@12,seq24370@11,0.9999999999999999
seq5786@12,seq52231@9,0.9999999999999999
seq5786@12,seq13@27362,0.9999999999999999
seq5786@12,seq9318@30,0.9999999999999999
seq5786@12,seq642@18,0.9999999999999999
seq5786@12,seq3868@11,0.9999999999999999
seq5786@12,seq1079@16,0.9999999999999999
seq5786@12,seq868@16,0.9999999999999999
seq5786@12,seq17651@9,0.9999999999999999
seq5786@12,seq32770@8,0.9999999999999999
seq5786@12,seq2280@14,0.9999999999999999
seq5786@12,seq4243@15,0.9999999999999999
seq5786@12,seq3556@18,0.9999999999999999
seq5786@12,seq4354@93,0.9999999999999999
seq5786@12,seq4009@50,0.9999999999999999
seq5786@12,seq4206@31,0.9999999999999999
seq5786@12,seq1471@22,0.9999999999999999
seq5786@12,seq5130@21,0.9999999999999999
seq5786@12,seq3289@20,0.9999999999999999
seq5786@12,seq5797@15,0.9999999999999999
seq5786@12,seq1589@14,0.9999999999999999
seq5786@12,seq9084@13,0.9999999999999999
seq5786@12,seq7731@12,0.9999999999999999
seq5786@12,seq10871@11,0.9999999999999999
seq5786@12,seq12141@11,0.9999999999999999
seq5786@12,seq28278@11,0.9999999999999999
seq5786@12,seq7596@10,0.9999999999999999
seq5786@12,seq17640@8,0.9999999999999999
seq5786@12,seq5202@8,0.9999999999999999
seq5786@12,seq15853@10,0.9999999999999999
seq5786@12,seq18@27184,0.9999999999999999
seq5786@12,seq19689@27,0.9999999999999999
seq5786@12,seq2847@8,0.9999999999999999
seq5786@12,seq11@1141,0.9999999999999999
seq5786@12,seq3190@35,0.9999999999999999
seq5786@12,seq194@240,0.9999999999999999
seq5786@12,seq2461@10,0.9999999999999999
seq5786@12,seq447@297,0.9999999999999999
seq5786@12,seq30@12620,0.9878787878787878
seq5786@12,seq12222@8,0.9999999999999999
seq2750@9,seq12648@29,0.9999999999999999
seq2750@9,seq11810@9,0.9999999999999999
seq2750@9,seq5419@11,0.9999999999999999
seq2750@9,seq4443@8,0.9878787878787878
seq2750@9,seq1737@29,0.9999999999999999
seq2750@9,seq17396@8,0.9999999999999999
seq2750@9,seq2288@10,0.9878787878787878
seq2750@9,seq23881@8,0.9999999999999999
seq2750@9,seq168@11,0.9878787878787878
seq2750@9,seq3491@11,0.9999999999999999
seq2750@9,seq13503@11,0.9999999999999999
seq2750@9,seq4003@10,0.9999999999999999
seq2750@9,seq21181@16,0.9999999999999999
seq2750@9,seq5063@13,0.9999999999999999
seq2750@9,seq5580@21,0.9999999999999999
seq2750@9,seq316@89,0.9999999999999999
seq2750@9,seq8144@58,0.9999999999999999
seq2750@9,seq3083@45,0.9999999999999999
seq2750@9,seq16298@27,0.9999999999999999
seq2750@9,seq1490@24,0.9999999999999999
seq2750@9,seq5316@17,0.9999999999999999
seq2750@9,seq5970@16,0.9999999999999999
seq2750@9,seq23895@12,0.9999999999999999
seq2750@9,seq8400@11,0.9999999999999999
seq2750@9,seq16921@11,0.9999999999999999
seq2750@9,seq24370@11,0.9999999999999999
seq2750@9,seq52231@9,0.9999999999999999
seq2750@9,seq13@27362,0.9999999999999999
seq2750@9,seq9318@30,0.9999999999999999
seq2750@9,seq642@18,0.9999999999999999
seq2750@9,seq3868@11,0.9999999999999999
seq2750@9,seq1079@16,0.9999999999999999
seq2750@9,seq868@16,0.9999999999999999
seq2750@9,seq17651@9,0.9999999999999999
seq2750@9,seq32770@8,0.9999999999999999
seq2750@9,seq2280@14,0.9999999999999999
seq2750@9,seq4243@15,0.9999999999999999
seq2750@9,seq3556@18,0.9999999999999999
seq2750@9,seq4354@93,0.9999999999999999
seq2750@9,seq4009@50,0.9999999999999999
seq2750@9,seq4206@31,0.9999999999999999
seq2750@9,seq1471@22,0.9999999999999999
seq2750@9,seq5130@21,0.9999999999999999
seq2750@9,seq3289@20,0.9999999999999999
seq2750@9,seq5797@15,0.9999999999999999
seq2750@9,seq1589@14,0.9999999999999999
seq2750@9,seq9084@13,0.9999999999999999
seq2750@9,seq7731@12,0.9999999999999999
seq2750@9,seq10871@11,0.9999999999999999
seq2750@9,seq12141@11,0.9999999999999999
seq2750@9,seq28278@11,0.9999999999999999
seq2750@9,seq7596@10,0.9999999999999999
seq2750@9,seq17640@8,0.9999999999999999
seq2750@9,seq5202@8,0.9999999999999999
seq2750@9,seq15853@10,0.9999999999999999
seq2750@9,seq18@27184,0.9999999999999999
seq2750@9,seq19689@27,0.9999999999999999
seq2750@9,seq2847@8,0.9999999999999999
seq2750@9,seq11@1141,0.9999999999999999
seq2750@9,seq3190@35,0.9999999999999999
seq2750@9,seq194@240,0.9999999999999999
seq2750@9,seq2461@10,0.9999999999999999
seq2750@9,seq447@297,0.9999999999999999
seq2750@9,seq30@12620,0.9878787878787878
seq2750@9,seq12222@8,0.9999999999999999
seq12648@29,seq11810@9,0.9999999999999999
seq12648@29,seq5419@11,0.9999999999999999
seq12648@29,seq4443@8,0.9878787878787878
seq12648@29,seq1737@29,0.9999999999999999
seq12648@29,seq17396@8,0.9999999999999999
seq12648@29,seq2288@10,0.9878787878787878
seq12648@29,seq23881@8,0.9999999999999999
seq12648@29,seq168@11,0.9878787878787878
seq12648@29,seq3491@11,0.9999999999999999
seq12648@29,seq13503@11,0.9999999999999999
seq12648@29,seq4003@10,0.9999999999999999
seq12648@29,seq21181@16,0.9999999999999999
seq12648@29,seq5063@13,0.9999999999999999
seq12648@29,seq5580@21,0.9999999999999999
seq12648@29,seq316@89,0.9999999999999999
seq12648@29,seq8144@58,0.9999999999999999
seq12648@29,seq3083@45,0.9999999999999999
seq12648@29,seq16298@27,0.9999999999999999
seq12648@29,seq1490@24,0.9999999999999999
seq12648@29,seq5316@17,0.9999999999999999
seq12648@29,seq5970@16,0.9999999999999999
seq12648@29,seq23895@12,0.9999999999999999
seq12648@29,seq8400@11,0.9999999999999999
seq12648@29,seq16921@11,0.9999999999999999
seq12648@29,seq24370@11,0.9999999999999999
seq12648@29,seq52231@9,0.9999999999999999
seq12648@29,seq13@27362,0.9999999999999999
seq12648@29,seq9318@30,0.9999999999999999
seq12648@29,seq642@18,0.9999999999999999
seq12648@29,seq3868@11,0.9999999999999999
seq12648@29,seq1079@16,0.9999999999999999
seq12648@29,seq868@16,0.9999999999999999
seq12648@29,seq17651@9,0.9999999999999999
seq12648@29,seq32770@8,0.9999999999999999
seq12648@29,seq2280@14,0.9999999999999999
seq12648@29,seq4243@15,0.9999999999999999
seq12648@29,seq3556@18,0.9999999999999999
seq12648@29,seq4354@93,0.9999999999999999
seq12648@29,seq4009@50,0.9999999999999999
seq12648@29,seq4206@31,0.9999999999999999
seq12648@29,seq1471@22,0.9999999999999999
seq12648@29,seq5130@21,0.9999999999999999
seq12648@29,seq3289@20,0.9999999999999999
seq12648@29,seq5797@15,0.9999999999999999
seq12648@29,seq1589@14,0.9999999999999999
seq12648@29,seq9084@13,0.9999999999999999
seq12648@29,seq7731@12,0.9999999999999999
seq12648@29,seq10871@11,0.9999999999999999
seq12648@29,seq12141@11,0.9999999999999999
seq12648@29,seq28278@11,0.9999999999999999
seq12648@29,seq7596@10,0.9999999999999999
seq12648@29,seq17640@8,0.9999999999999999
seq12648@29,seq5202@8,0.9999999999999999
seq12648@29,seq15853@10,0.9999999999999999
seq12648@29,seq18@27184,0.9999999999999999
seq12648@29,seq19689@27,0.9999999999999999
seq12648@29,seq2847@8,0.9999999999999999
seq12648@29,seq11@1141,0.9999999999999999
seq12648@29,seq3190@35,0.9999999999999999
seq12648@29,seq194@240,0.9999999999999999
seq12648@29,seq2461@10,0.9999999999999999
seq12648@29,seq447@297,0.9999999999999999
seq12648@29,seq30@12620,0.9878787878787878
seq12648@29,seq12222@8,0.9999999999999999
seq11810@9,seq5419@11,0.9999999999999999
seq11810@9,seq4443@8,0.9878787878787878
seq11810@9,seq1737@29,0.9999999999999999
seq11810@9,seq17396@8,0.9999999999999999
seq11810@9,seq2288@10,0.9878787878787878
seq11810@9,seq23881@8,0.9999999999999999
seq11810@9,seq168@11,0.9878787878787878
seq11810@9,seq3491@11,0.9999999999999999
seq11810@9,seq13503@11,0.9999999999999999
seq11810@9,seq4003@10,0.9999999999999999
seq11810@9,seq21181@16,0.9999999999999999
seq11810@9,seq5063@13,0.9999999999999999
seq11810@9,seq5580@21,0.9999999999999999
seq11810@9,seq316@89,0.9999999999999999
seq11810@9,seq8144@58,0.9999999999999999
seq11810@9,seq3083@45,0.9999999999999999
seq11810@9,seq16298@27,0.9999999999999999
seq11810@9,seq1490@24,0.9999999999999999
seq11810@9,seq5316@17,0.9999999999999999
seq11810@9,seq5970@16,0.9999999999999999
seq11810@9,seq23895@12,0.9999999999999999
seq11810@9,seq8400@11,0.9999999999999999
seq11810@9,seq16921@11,0.9999999999999999
seq11810@9,seq24370@11,0.9999999999999999
seq11810@9,seq52231@9,0.9999999999999999
seq11810@9,seq13@27362,0.9999999999999999
seq11810@9,seq9318@30,0.9999999999999999
seq11810@9,seq642@18,0.9999999999999999
seq11810@9,seq3868@11,0.9999999999999999
seq11810@9,seq1079@16,0.9999999999999999
seq11810@9,seq868@16,0.9999999999999999
seq11810@9,seq17651@9,0.9999999999999999
seq11810@9,seq32770@8,0.9999999999999999
seq11810@9,seq2280@14,0.9999999999999999
seq11810@9,seq4243@15,0.9999999999999999
seq11810@9,seq3556@18,0.9999999999999999
seq11810@9,seq4354@93,0.9999999999999999
seq11810@9,seq4009@50,0.9999999999999999
seq11810@9,seq4206@31,0.9999999999999999
seq11810@9,seq1471@22,0.9999999999999999
seq11810@9,seq5130@21,0.9999999999999999
seq11810@9,seq3289@20,0.9999999999999999
seq11810@9,seq5797@15,0.9999999999999999
seq11810@9,seq1589@14,0.9999999999999999
seq11810@9,seq9084@13,0.9999999999999999
seq11810@9,seq7731@12,0.9999999999999999
seq11810@9,seq10871@11,0.9999999999999999
seq11810@9,seq12141@11,0.9999999999999999
seq11810@9,seq28278@11,0.9999999999999999
seq11810@9,seq7596@10,0.9999999999999999
seq11810@9,seq17640@8,0.9999999999999999
seq11810@9,seq5202@8,0.9999999999999999
seq11810@9,seq15853@10,0.9999999999999999
seq11810@9,seq18@27184,0.9999999999999999
seq11810@9,seq19689@27,0.9999999999999999
seq11810@9,seq2847@8,0.9999999999999999
seq11810@9,seq11@1141,0.9999999999999999
seq11810@9,seq3190@35,0.9999999999999999
seq11810@9,seq194@240,0.9999999999999999
seq11810@9,seq2461@10,0.9999999999999999
seq11810@9,seq447@297,0.9999999999999999
seq11810@9,seq30@12620,0.9878787878787878
seq11810@9,seq12222@8,0.9999999999999999
seq5419@11,seq4443@8,0.9878787878787878
seq5419@11,seq1737@29,0.9999999999999999
seq5419@11,seq17396@8,0.9999999999999999
seq5419@11,seq2288@10,0.9878787878787878
seq5419@11,seq23881@8,0.9999999999999999
seq5419@11,seq168@11,0.9878787878787878
seq5419@11,seq3491@11,0.9999999999999999
seq5419@11,seq13503@11,0.9999999999999999
seq5419@11,seq4003@10,0.9999999999999999
seq5419@11,seq21181@16,0.9999999999999999
seq5419@11,seq5063@13,0.9999999999999999
seq5419@11,seq5580@21,0.9999999999999999
seq5419@11,seq316@89,0.9999999999999999
seq5419@11,seq8144@58,0.9999999999999999
seq5419@11,seq3083@45,0.9999999999999999
seq5419@11,seq16298@27,0.9999999999999999
seq5419@11,seq1490@24,0.9999999999999999
seq5419@11,seq5316@17,0.9999999999999999
seq5419@11,seq5970@16,0.9999999999999999
seq5419@11,seq23895@12,0.9999999999999999
seq5419@11,seq8400@11,0.9999999999999999
seq5419@11,seq16921@11,0.9999999999999999
seq5419@11,seq24370@11,0.9999999999999999
seq5419@11,seq52231@9,0.9999999999999999
seq5419@11,seq13@27362,0.9999999999999999
seq5419@11,seq9318@30,0.9999999999999999
seq5419@11,seq642@18,0.9999999999999999
seq5419@11,seq3868@11,0.9999999999999999
seq5419@11,seq1079@16,0.9999999999999999
seq5419@11,seq868@16,0.9999999999999999
seq5419@11,seq17651@9,0.9999999999999999
seq5419@11,seq32770@8,0.9999999999999999
seq5419@11,seq2280@14,0.9999999999999999
seq5419@11,seq4243@15,0.9999999999999999
seq5419@11,seq3556@18,0.9999999999999999
seq5419@11,seq4354@93,0.9999999999999999
seq5419@11,seq4009@50,0.9999999999999999
seq5419@11,seq4206@31,0.9999999999999999
seq5419@11,seq1471@22,0.9999999999999999
seq5419@11,seq5130@21,0.9999999999999999
seq5419@11,seq3289@20,0.9999999999999999
seq5419@11,seq5797@15,0.9999999999999999
seq5419@11,seq1589@14,0.9999999999999999
seq5419@11,seq9084@13,0.9999999999999999
seq5419@11,seq7731@12,0.9999999999999999
seq5419@11,seq10871@11,0.9999999999999999
seq5419@11,seq12141@11,0.9999999999999999
seq5419@11,seq28278@11,0.9999999999999999
seq5419@11,seq7596@10,0.9999999999999999
seq5419@11,seq17640@8,0.9999999999999999
seq5419@11,seq5202@8,0.9999999999999999
seq5419@11,seq15853@10,0.9999999999999999
seq5419@11,seq18@27184,0.9999999999999999
seq5419@11,seq19689@27,0.9999999999999999
seq5419@11,seq2847@8,0.9999999999999999
seq5419@11,seq11@1141,0.9999999999999999
seq5419@11,seq3190@35,0.9999999999999999
seq5419@11,seq194@240,0.9999999999999999
seq5419@11,seq2461@10,0.9999999999999999
seq5419@11,seq447@297,0.9999999999999999
seq5419@11,seq30@12620,0.9878787878787878
seq5419@11,seq12222@8,0.9999999999999999
seq4443@8,seq1737@29,0.9878787878787878
seq4443@8,seq17396@8,0.9878787878787878
seq4443@8,seq2288@10,0.9636363636363635
seq4443@8,seq23881@8,0.9878787878787878
seq4443@8,seq168@11,0.9636363636363635
seq4443@8,seq3491@11,0.9878787878787878
seq4443@8,seq13503@11,0.9878787878787878
seq4443@8,seq4003@10,0.9878787878787878
seq4443@8,seq21181@16,0.9878787878787878
seq4443@8,seq5063@13,0.9878787878787878
seq4443@8,seq5580@21,0.9878787878787878
seq4443@8,seq316@89,0.9878787878787878
seq4443@8,seq8144@58,0.9878787878787878
seq4443@8,seq3083@45,0.9878787878787878
seq4443@8,seq16298@27,0.9878787878787878
seq4443@8,seq1490@24,0.9878787878787878
seq4443@8,seq5316@17,0.9878787878787878
seq4443@8,seq5970@16,0.9878787878787878
seq4443@8,seq23895@12,0.9878787878787878
seq4443@8,seq8400@11,0.9878787878787878
seq4443@8,seq16921@11,0.9878787878787878
seq4443@8,seq24370@11,0.9878787878787878
seq4443@8,seq52231@9,0.9878787878787878
seq4443@8,seq13@27362,0.9878787878787878
seq4443@8,seq9318@30,0.9878787878787878
seq4443@8,seq642@18,0.9878787878787878
seq4443@8,seq3868@11,0.9878787878787878
seq4443@8,seq1079@16,0.9878787878787878
seq4443@8,seq868@16,0.9878787878787878
seq4443@8,seq17651@9,0.9878787878787878
seq4443@8,seq32770@8,0.9878787878787878
seq4443@8,seq2280@14,0.9878787878787878
seq4443@8,seq4243@15,0.9878787878787878
seq4443@8,seq3556@18,0.9878787878787878
seq4443@8,seq4354@93,0.9878787878787878
seq4443@8,seq4009@50,0.9878787878787878
seq4443@8,seq4206@31,0.9878787878787878
seq4443@8,seq1471@22,0.9878787878787878
seq4443@8,seq5130@21,0.9878787878787878
seq4443@8,seq3289@20,0.9878787878787878
seq4443@8,seq5797@15,0.9878787878787878
seq4443@8,seq1589@14,0.9878787878787878
seq4443@8,seq9084@13,0.9878787878787878
seq4443@8,seq7731@12,0.9878787878787878
seq4443@8,seq10871@11,0.9878787878787878
seq4443@8,seq12141@11,0.9878787878787878
seq4443@8,seq28278@11,0.9878787878787878
seq4443@8,seq7596@10,0.9878787878787878
seq4443@8,seq17640@8,0.9878787878787878
seq4443@8,seq5202@8,0.9878787878787878
seq4443@8,seq15853@10,0.9878787878787878
seq4443@8,seq18@27184,0.9878787878787878
seq4443@8,seq19689@27,0.9878787878787878
seq4443@8,seq2847@8,0.9878787878787878
seq4443@8,seq11@1141,0.9878787878787878
seq4443@8,seq3190@35,0.9878787878787878
seq4443@8,seq194@240,0.9878787878787878
seq4443@8,seq2461@10,0.9878787878787878
seq4443@8,seq447@297,0.9878787878787878
seq4443@8,seq30@12620,0.9636363636363635
seq4443@8,seq12222@8,0.9878787878787878
seq1737@29,seq17396@8,0.9999999999999999
seq1737@29,seq2288@10,0.9878787878787878
seq1737@29,seq23881@8,0.9999999999999999
seq1737@29,seq168@11,0.9878787878787878
seq1737@29,seq3491@11,0.9999999999999999
seq1737@29,seq13503@11,0.9999999999999999
seq1737@29,seq4003@10,0.9999999999999999
seq1737@29,seq21181@16,0.9999999999999999
seq1737@29,seq5063@13,0.9999999999999999
seq1737@29,seq5580@21,0.9999999999999999
seq1737@29,seq316@89,0.9999999999999999
seq1737@29,seq8144@58,0.9999999999999999
seq1737@29,seq3083@45,0.9999999999999999
seq1737@29,seq16298@27,0.9999999999999999
seq1737@29,seq1490@24,0.9999999999999999
seq1737@29,seq5316@17,0.9999999999999999
seq1737@29,seq5970@16,0.9999999999999999
seq1737@29,seq23895@12,0.9999999999999999
seq1737@29,seq8400@11,0.9999999999999999
seq1737@29,seq16921@11,0.9999999999999999
seq1737@29,seq24370@11,0.9999999999999999
seq1737@29,seq52231@9,0.9999999999999999
seq1737@29,seq13@27362,0.9999999999999999
seq1737@29,seq9318@30,0.9999999999999999
seq1737@29,seq642@18,0.9999999999999999
seq1737@29,seq3868@11,0.9999999999999999
seq1737@29,seq1079@16,0.9999999999999999
seq1737@29,seq868@16,0.9999999999999999
seq1737@29,seq17651@9,0.9999999999999999
seq1737@29,seq32770@8,0.9999999999999999
seq1737@29,seq2280@14,0.9999999999999999
seq1737@29,seq4243@15,0.9999999999999999
seq1737@29,seq3556@18,0.9999999999999999
seq1737@29,seq4354@93,0.9999999999999999
seq1737@29,seq4009@50,0.9999999999999999
seq1737@29,seq4206@31,0.9999999999999999
seq1737@29,seq1471@22,0.9999999999999999
seq1737@29,seq5130@21,0.9999999999999999
seq1737@29,seq3289@20,0.9999999999999999
seq1737@29,seq5797@15,0.9999999999999999
seq1737@29,seq1589@14,0.9999999999999999
seq1737@29,seq9084@13,0.9999999999999999
seq1737@29,seq7731@12,0.9999999999999999
seq1737@29,seq10871@11,0.9999999999999999
seq1737@29,seq12141@11,0.9999999999999999
seq1737@29,seq28278@11,0.9999999999999999
seq1737@29,seq7596@10,0.9999999999999999
seq1737@29,seq17640@8,0.9999999999999999
seq1737@29,seq5202@8,0.9999999999999999
seq1737@29,seq15853@10,0.9999999999999999
seq1737@29,seq18@27184,0.9999999999999999
seq1737@29,seq19689@27,0.9999999999999999
seq1737@29,seq2847@8,0.9999999999999999
seq1737@29,seq11@1141,0.9999999999999999
seq1737@29,seq3190@35,0.9999999999999999
seq1737@29,seq194@240,0.9999999999999999
seq1737@29,seq2461@10,0.9999999999999999
seq1737@29,seq447@297,0.9999999999999999
seq1737@29,seq30@12620,0.9878787878787878
seq1737@29,seq12222@8,0.9999999999999999
seq17396@8,seq2288@10,0.9878787878787878
seq17396@8,seq23881@8,0.9999999999999999
seq17396@8,seq168@11,0.9878787878787878
seq17396@8,seq3491@11,0.9999999999999999
seq17396@8,seq13503@11,0.9999999999999999
seq17396@8,seq4003@10,0.9999999999999999
seq17396@8,seq21181@16,0.9999999999999999
seq17396@8,seq5063@13,0.9999999999999999
seq17396@8,seq5580@21,0.9999999999999999
seq17396@8,seq316@89,0.9999999999999999
seq17396@8,seq8144@58,0.9999999999999999
seq17396@8,seq3083@45,0.9999999999999999
seq17396@8,seq16298@27,0.9999999999999999
seq17396@8,seq1490@24,0.9999999999999999
seq17396@8,seq5316@17,0.9999999999999999
seq17396@8,seq5970@16,0.9999999999999999
seq17396@8,seq23895@12,0.9999999999999999
seq17396@8,seq8400@11,0.9999999999999999
seq17396@8,seq16921@11,0.9999999999999999
seq17396@8,seq24370@11,0.9999999999999999
seq17396@8,seq52231@9,0.9999999999999999
seq17396@8,seq13@27362,0.9999999999999999
seq17396@8,seq9318@30,0.9999999999999999
seq17396@8,seq642@18,0.9999999999999999
seq17396@8,seq3868@11,0.9999999999999999
seq17396@8,seq1079@16,0.9999999999999999
seq17396@8,seq868@16,0.9999999999999999
seq17396@8,seq17651@9,0.9999999999999999
seq17396@8,seq32770@8,0.9999999999999999
seq17396@8,seq2280@14,0.9999999999999999
seq17396@8,seq4243@15,0.9999999999999999
seq17396@8,seq3556@18,0.9999999999999999
seq17396@8,seq4354@93,0.9999999999999999
seq17396@8,seq4009@50,0.9999999999999999
seq17396@8,seq4206@31,0.9999999999999999
seq17396@8,seq1471@22,0.9999999999999999
seq17396@8,seq5130@21,0.9999999999999999
seq17396@8,seq3289@20,0.9999999999999999
seq17396@8,seq5797@15,0.9999999999999999
seq17396@8,seq1589@14,0.9999999999999999
seq17396@8,seq9084@13,0.9999999999999999
seq17396@8,seq7731@12,0.9999999999999999
seq17396@8,seq10871@11,0.9999999999999999
seq17396@8,seq12141@11,0.9999999999999999
seq17396@8,seq28278@11,0.9999999999999999
seq17396@8,seq7596@10,0.9999999999999999
seq17396@8,seq17640@8,0.9999999999999999
seq17396@8,seq5202@8,0.9999999999999999
seq17396@8,seq15853@10,0.9999999999999999
seq17396@8,seq18@27184,0.9999999999999999
seq17396@8,seq19689@27,0.9999999999999999
seq17396@8,seq2847@8,0.9999999999999999
seq17396@8,seq11@1141,0.9999999999999999
seq17396@8,seq3190@35,0.9999999999999999
seq17396@8,seq194@240,0.9999999999999999
seq17396@8,seq2461@10,0.9999999999999999
seq17396@8,seq447@297,0.9999999999999999
seq17396@8,seq30@12620,0.9878787878787878
seq17396@8,seq12222@8,0.9999999999999999
seq2288@10,seq23881@8,0.9878787878787878
seq2288@10,seq168@11,0.9999999999999999
seq2288@10,seq3491@11,0.9878787878787878
seq2288@10,seq13503@11,0.9878787878787878
seq2288@10,seq4003@10,0.9878787878787878
seq2288@10,seq21181@16,0.9878787878787878
seq2288@10,seq5063@13,0.9878787878787878
seq2288@10,seq5580@21,0.9878787878787878
seq2288@10,seq316@89,0.9878787878787878
seq2288@10,seq8144@58,0.9878787878787878
seq2288@10,seq3083@45,0.9878787878787878
seq2288@10,seq16298@27,0.9878787878787878
seq2288@10,seq1490@24,0.9878787878787878
seq2288@10,seq5316@17,0.9878787878787878
seq2288@10,seq5970@16,0.9878787878787878
seq2288@10,seq23895@12,0.9878787878787878
seq2288@10,seq8400@11,0.9878787878787878
seq2288@10,seq16921@11,0.9878787878787878
seq2288@10,seq24370@11,0.9878787878787878
seq2288@10,seq52231@9,0.9878787878787878
seq2288@10,seq13@27362,0.9878787878787878
seq2288@10,seq9318@30,0.9878787878787878
seq2288@10,seq642@18,0.9878787878787878
seq2288@10,seq3868@11,0.9878787878787878
seq2288@10,seq1079@16,0.9878787878787878
seq2288@10,seq868@16,0.9878787878787878
seq2288@10,seq17651@9,0.9878787878787878
seq2288@10,seq32770@8,0.9878787878787878
seq2288@10,seq2280@14,0.9878787878787878
seq2288@10,seq4243@15,0.9878787878787878
seq2288@10,seq3556@18,0.9878787878787878
seq2288@10,seq4354@93,0.9878787878787878
seq2288@10,seq4009@50,0.9878787878787878
seq2288@10,seq4206@31,0.9878787878787878
seq2288@10,seq1471@22,0.9878787878787878
seq2288@10,seq5130@21,0.9878787878787878
seq2288@10,seq3289@20,0.9878787878787878
seq2288@10,seq5797@15,0.9878787878787878
seq2288@10,seq1589@14,0.9878787878787878
seq2288@10,seq9084@13,0.9878787878787878
seq2288@10,seq7731@12,0.9878787878787878
seq2288@10,seq10871@11,0.9878787878787878
seq2288@10,seq12141@11,0.9878787878787878
seq2288@10,seq28278@11,0.9878787878787878
seq2288@10,seq7596@10,0.9878787878787878
seq2288@10,seq17640@8,0.9878787878787878
seq2288@10,seq5202@8,0.9878787878787878
seq2288@10,seq15853@10,0.9878787878787878
seq2288@10,seq18@27184,0.9878787878787878
seq2288@10,seq19689@27,0.9878787878787878
seq2288@10,seq2847@8,0.9878787878787878
seq2288@10,seq11@1141,0.9878787878787878
seq2288@10,seq3190@35,0.9878787878787878
seq2288@10,seq194@240,0.9878787878787878
seq2288@10,seq2461@10,0.9878787878787878
seq2288@10,seq447@297,0.9878787878787878
seq2288@10,seq30@12620,0.9999999999999999
seq2288@10,seq12222@8,0.9878787878787878
seq23881@8,seq168@11,0.9878787878787878
seq23881@8,seq3491@11,0.9999999999999999
seq23881@8,seq13503@11,0.9999999999999999
seq23881@8,seq4003@10,0.9999999999999999
seq23881@8,seq21181@16,0.9999999999999999
seq23881@8,seq5063@13,0.9999999999999999
seq23881@8,seq5580@21,0.9999999999999999
seq23881@8,seq316@89,0.9999999999999999
seq23881@8,seq8144@58,0.9999999999999999
seq23881@8,seq3083@45,0.9999999999999999
seq23881@8,seq16298@27,0.9999999999999999
seq23881@8,seq1490@24,0.9999999999999999
seq23881@8,seq5316@17,0.9999999999999999
seq23881@8,seq5970@16,0.9999999999999999
seq23881@8,seq23895@12,0.9999999999999999
seq23881@8,seq8400@11,0.9999999999999999
seq23881@8,seq16921@11,0.9999999999999999
seq23881@8,seq24370@11,0.9999999999999999
seq23881@8,seq52231@9,0.9999999999999999
seq23881@8,seq13@27362,0.9999999999999999
seq23881@8,seq9318@30,0.9999999999999999
seq23881@8,seq642@18,0.9999999999999999
seq23881@8,seq3868@11,0.9999999999999999
seq23881@8,seq1079@16,0.9999999999999999
seq23881@8,seq868@16,0.9999999999999999
seq23881@8,seq17651@9,0.9999999999999999
seq23881@8,seq32770@8,0.9999999999999999
seq23881@8,seq2280@14,0.9999999999999999
seq23881@8,seq4243@15,0.9999999999999999
seq23881@8,seq3556@18,0.9999999999999999
seq23881@8,seq4354@93,0.9999999999999999
seq23881@8,seq4009@50,0.9999999999999999
seq23881@8,seq4206@31,0.9999999999999999
seq23881@8,seq1471@22,0.9999999999999999
seq23881@8,seq5130@21,0.9999999999999999
seq23881@8,seq3289@20,0.9999999999999999
seq23881@8,seq5797@15,0.9999999999999999
seq23881@8,seq1589@14,0.9999999999999999
seq23881@8,seq9084@13,0.9999999999999999
seq23881@8,seq7731@12,0.9999999999999999
seq23881@8,seq10871@11,0.9999999999999999
seq23881@8,seq12141@11,0.9999999999999999
seq23881@8,seq28278@11,0.9999999999999999
seq23881@8,seq7596@10,0.9999999999999999
seq23881@8,seq17640@8,0.9999999999999999
seq23881@8,seq5202@8,0.9999999999999999
seq23881@8,seq15853@10,0.9999999999999999
seq23881@8,seq18@27184,0.9999999999999999
seq23881@8,seq19689@27,0.9999999999999999
seq23881@8,seq2847@8,0.9999999999999999
seq23881@8,seq11@1141,0.9999999999999999
seq23881@8,seq3190@35,0.9999999999999999
seq23881@8,seq194@240,0.9999999999999999
seq23881@8,seq2461@10,0.9999999999999999
seq23881@8,seq447@297,0.9999999999999999
seq23881@8,seq30@12620,0.9878787878787878
seq23881@8,seq12222@8,0.9999999999999999
seq168@11,seq3491@11,0.9878787878787878
seq168@11,seq13503@11,0.9878787878787878
seq168@11,seq4003@10,0.9878787878787878
seq168@11,seq21181@16,0.9878787878787878
seq168@11,seq5063@13,0.9878787878787878
seq168@11,seq5580@21,0.9878787878787878
seq168@11,seq316@89,0.9878787878787878
seq168@11,seq8144@58,0.9878787878787878
seq168@11,seq3083@45,0.9878787878787878
seq168@11,seq16298@27,0.9878787878787878
seq168@11,seq1490@24,0.9878787878787878
seq168@11,seq5316@17,0.9878787878787878
seq168@11,seq5970@16,0.9878787878787878
seq168@11,seq23895@12,0.9878787878787878
seq168@11,seq8400@11,0.9878787878787878
seq168@11,seq16921@11,0.9878787878787878
seq168@11,seq24370@11,0.9878787878787878
seq168@11,seq52231@9,0.9878787878787878
seq168@11,seq13@27362,0.9878787878787878
seq168@11,seq9318@30,0.9878787878787878
seq168@11,seq642@18,0.9878787878787878
seq168@11,seq3868@11,0.9878787878787878
seq168@11,seq1079@16,0.9878787878787878
seq168@11,seq868@16,0.9878787878787878
seq168@11,seq17651@9,0.9878787878787878
seq168@11,seq32770@8,0.9878787878787878
seq168@11,seq2280@14,0.9878787878787878
seq168@11,seq4243@15,0.9878787878787878
seq168@11,seq3556@18,0.9878787878787878
seq168@11,seq4354@93,0.9878787878787878
seq168@11,seq4009@50,0.9878787878787878
seq168@11,seq4206@31,0.9878787878787878
seq168@11,seq1471@22,0.9878787878787878
seq168@11,seq5130@21,0.9878787878787878
seq168@11,seq3289@20,0.9878787878787878
seq168@11,seq5797@15,0.9878787878787878
seq168@11,seq1589@14,0.9878787878787878
seq168@11,seq9084@13,0.9878787878787878
seq168@11,seq7731@12,0.9878787878787878
seq168@11,seq10871@11,0.9878787878787878
seq168@11,seq12141@11,0.9878787878787878
seq168@11,seq28278@11,0.9878787878787878
seq168@11,seq7596@10,0.9878787878787878
seq168@11,seq17640@8,0.9878787878787878
seq168@11,seq5202@8,0.9878787878787878
seq168@11,seq15853@10,0.9878787878787878
seq168@11,seq18@27184,0.9878787878787878
seq168@11,seq19689@27,0.9878787878787878
seq168@11,seq2847@8,0.9878787878787878
seq168@11,seq11@1141,0.9878787878787878
seq168@11,seq3190@35,0.9878787878787878
seq168@11,seq194@240,0.9878787878787878
seq168@11,seq2461@10,0.9878787878787878
seq168@11,seq447@297,0.9878787878787878
seq168@11,seq30@12620,0.9999999999999999
seq168@11,seq12222@8,0.9878787878787878
seq3491@11,seq13503@11,0.9999999999999999
seq3491@11,seq4003@10,0.9999999999999999
seq3491@11,seq21181@16,0.9999999999999999
seq3491@11,seq5063@13,0.9999999999999999
seq3491@11,seq5580@21,0.9999999999999999
seq3491@11,seq316@89,0.9999999999999999
seq3491@11,seq8144@58,0.9999999999999999
seq3491@11,seq3083@45,0.9999999999999999
seq3491@11,seq16298@27,0.9999999999999999
seq3491@11,seq1490@24,0.9999999999999999
seq3491@11,seq5316@17,0.9999999999999999
seq3491@11,seq5970@16,0.9999999999999999
seq3491@11,seq23895@12,0.9999999999999999
seq3491@11,seq8400@11,0.9999999999999999
seq3491@11,seq16921@11,0.9999999999999999
seq3491@11,seq24370@11,0.9999999999999999
seq3491@11,seq52231@9,0.9999999999999999
seq3491@11,seq13@27362,0.9999999999999999
seq3491@11,seq9318@30,0.9999999999999999
seq3491@11,seq642@18,0.9999999999999999
seq3491@11,seq3868@11,0.9999999999999999
seq3491@11,seq1079@16,0.9999999999999999
seq3491@11,seq868@16,0.9999999999999999
seq3491@11,seq17651@9,0.9999999999999999
seq3491@11,seq32770@8,0.9999999999999999
seq3491@11,seq2280@14,0.9999999999999999
seq3491@11,seq4243@15,0.9999999999999999
seq3491@11,seq3556@18,0.9999999999999999
seq3491@11,seq4354@93,0.9999999999999999
seq3491@11,seq4009@50,0.9999999999999999
seq3491@11,seq4206@31,0.9999999999999999
seq3491@11,seq1471@22,0.9999999999999999
seq3491@11,seq5130@21,0.9999999999999999
seq3491@11,seq3289@20,0.9999999999999999
seq3491@11,seq5797@15,0.9999999999999999
seq3491@11,seq1589@14,0.9999999999999999
seq3491@11,seq9084@13,0.9999999999999999
seq3491@11,seq7731@12,0.9999999999999999
seq3491@11,seq10871@11,0.9999999999999999
seq3491@11,seq12141@11,0.9999999999999999
seq3491@11,seq28278@11,0.9999999999999999
seq3491@11,seq7596@10,0.9999999999999999
seq3491@11,seq17640@8,0.9999999999999999
seq3491@11,seq5202@8,0.9999999999999999
seq3491@11,seq15853@10,0.9999999999999999
seq3491@11,seq18@27184,0.9999999999999999
seq3491@11,seq19689@27,0.9999999999999999
seq3491@11,seq2847@8,0.9999999999999999
seq3491@11,seq11@1141,0.9999999999999999
seq3491@11,seq3190@35,0.9999999999999999
seq3491@11,seq194@240,0.9999999999999999
seq3491@11,seq2461@10,0.9999999999999999
seq3491@11,seq447@297,0.9999999999999999
seq3491@11,seq30@12620,0.9878787878787878
seq3491@11,seq12222@8,0.9999999999999999
seq13503@11,seq4003@10,0.9999999999999999
seq13503@11,seq21181@16,0.9999999999999999
seq13503@11,seq5063@13,0.9999999999999999
seq13503@11,seq5580@21,0.9999999999999999
seq13503@11,seq316@89,0.9999999999999999
seq13503@11,seq8144@58,0.9999999999999999
seq13503@11,seq3083@45,0.9999999999999999
seq13503@11,seq16298@27,0.9999999999999999
seq13503@11,seq1490@24,0.9999999999999999
seq13503@11,seq5316@17,0.9999999999999999
seq13503@11,seq5970@16,0.9999999999999999
seq13503@11,seq23895@12,0.9999999999999999
seq13503@11,seq8400@11,0.9999999999999999
seq13503@11,seq16921@11,0.9999999999999999
seq13503@11,seq24370@11,0.9999999999999999
seq13503@11,seq52231@9,0.9999999999999999
seq13503@11,seq13@27362,0.9999999999999999
seq13503@11,seq9318@30,0.9999999999999999
seq13503@11,seq642@18,0.9999999999999999
seq13503@11,seq3868@11,0.9999999999999999
seq13503@11,seq1079@16,0.9999999999999999
seq13503@11,seq868@16,0.9999999999999999
seq13503@11,seq17651@9,0.9999999999999999
seq13503@11,seq32770@8,0.9999999999999999
seq13503@11,seq2280@14,0.9999999999999999
seq13503@11,seq4243@15,0.9999999999999999
seq13503@11,seq3556@18,0.9999999999999999
seq13503@11,seq4354@93,0.9999999999999999
seq13503@11,seq4009@50,0.9999999999999999
seq13503@11,seq4206@31,0.9999999999999999
seq13503@11,seq1471@22,0.9999999999999999
seq13503@11,seq5130@21,0.9999999999999999
seq13503@11,seq3289@20,0.9999999999999999
seq13503@11,seq5797@15,0.9999999999999999
seq13503@11,seq1589@14,0.9999999999999999
seq13503@11,seq9084@13,0.9999999999999999
seq13503@11,seq7731@12,0.9999999999999999
seq13503@11,seq10871@11,0.9999999999999999
seq13503@11,seq12141@11,0.9999999999999999
seq13503@11,seq28278@11,0.9999999999999999
seq13503@11,seq7596@10,0.9999999999999999
seq13503@11,seq17640@8,0.9999999999999999
seq13503@11,seq5202@8,0.9999999999999999
seq13503@11,seq15853@10,0.9999999999999999
seq13503@11,seq18@27184,0.9999999999999999
seq13503@11,seq19689@27,0.9999999999999999
seq13503@11,seq2847@8,0.9999999999999999
seq13503@11,seq11@1141,0.9999999999999999
seq13503@11,seq3190@35,0.9999999999999999
seq13503@11,seq194@240,0.9999999999999999
seq13503@11,seq2461@10,0.9999999999999999
seq13503@11,seq447@297,0.9999999999999999
seq13503@11,seq30@12620,0.9878787878787878
seq13503@11,seq12222@8,0.9999999999999999
seq4003@10,seq21181@16,0.9999999999999999
seq4003@10,seq5063@13,0.9999999999999999
seq4003@10,seq5580@21,0.9999999999999999
seq4003@10,seq316@89,0.9999999999999999
seq4003@10,seq8144@58,0.9999999999999999
seq4003@10,seq3083@45,0.9999999999999999
seq4003@10,seq16298@27,0.9999999999999999
seq4003@10,seq1490@24,0.9999999999999999
seq4003@10,seq5316@17,0.9999999999999999
seq4003@10,seq5970@16,0.9999999999999999
seq4003@10,seq23895@12,0.9999999999999999
seq4003@10,seq8400@11,0.9999999999999999
seq4003@10,seq16921@11,0.9999999999999999
seq4003@10,seq24370@11,0.9999999999999999
seq4003@10,seq52231@9,0.9999999999999999
seq4003@10,seq13@27362,0.9999999999999999
seq4003@10,seq9318@30,0.9999999999999999
seq4003@10,seq642@18,0.9999999999999999
seq4003@10,seq3868@11,0.9999999999999999
seq4003@10,seq1079@16,0.9999999999999999
seq4003@10,seq868@16,0.9999999999999999
seq4003@10,seq17651@9,0.9999999999999999
seq4003@10,seq32770@8,0.9999999999999999
seq4003@10,seq2280@14,0.9999999999999999
seq4003@10,seq4243@15,0.9999999999999999
seq4003@10,seq3556@18,0.9999999999999999
seq4003@10,seq4354@93,0.9999999999999999
seq4003@10,seq4009@50,0.9999999999999999
seq4003@10,seq4206@31,0.9999999999999999
seq4003@10,seq1471@22,0.9999999999999999
seq4003@10,seq5130@21,0.9999999999999999
seq4003@10,seq3289@20,0.9999999999999999
seq4003@10,seq5797@15,0.9999999999999999
seq4003@10,seq1589@14,0.9999999999999999
seq4003@10,seq9084@13,0.9999999999999999
seq4003@10,seq7731@12,0.9999999999999999
seq4003@10,seq10871@11,0.9999999999999999
seq4003@10,seq12141@11,0.9999999999999999
seq4003@10,seq28278@11,0.9999999999999999
seq4003@10,seq7596@10,0.9999999999999999
seq4003@10,seq17640@8,0.9999999999999999
seq4003@10,seq5202@8,0.9999999999999999
seq4003@10,seq15853@10,0.9999999999999999
seq4003@10,seq18@27184,0.9999999999999999
seq4003@10,seq19689@27,0.9999999999999999
seq4003@10,seq2847@8,0.9999999999999999
seq4003@10,seq11@1141,0.9999999999999999
seq4003@10,seq3190@35,0.9999999999999999
seq4003@10,seq194@240,0.9999999999999999
seq4003@10,seq2461@10,0.9999999999999999
seq4003@10,seq447@297,0.9999999999999999
seq4003@10,seq30@12620,0.9878787878787878
seq4003@10,seq12222@8,0.9999999999999999
seq21181@16,seq5063@13,0.9999999999999999
seq21181@16,seq5580@21,0.9999999999999999
seq21181@16,seq316@89,0.9999999999999999
seq21181@16,seq8144@58,0.9999999999999999
seq21181@16,seq3083@45,0.9999999999999999
seq21181@16,seq16298@27,0.9999999999999999
seq21181@16,seq1490@24,0.9999999999999999
seq21181@16,seq5316@17,0.9999999999999999
seq21181@16,seq5970@16,0.9999999999999999
seq21181@16,seq23895@12,0.9999999999999999
seq21181@16,seq8400@11,0.9999999999999999
seq21181@16,seq16921@11,0.9999999999999999
seq21181@16,seq24370@11,0.9999999999999999
seq21181@16,seq52231@9,0.9999999999999999
seq21181@16,seq13@27362,0.9999999999999999
seq21181@16,seq9318@30,0.9999999999999999
seq21181@16,seq642@18,0.9999999999999999
seq21181@16,seq3868@11,0.9999999999999999
seq21181@16,seq1079@16,0.9999999999999999
seq21181@16,seq868@16,0.9999999999999999
seq21181@16,seq17651@9,0.9999999999999999
seq21181@16,seq32770@8,0.9999999999999999
seq21181@16,seq2280@14,0.9999999999999999
seq21181@16,seq4243@15,0.9999999999999999
seq21181@16,seq3556@18,0.9999999999999999
seq21181@16,seq4354@93,0.9999999999999999
seq21181@16,seq4009@50,0.9999999999999999
seq21181@16,seq4206@31,0.9999999999999999
seq21181@16,seq1471@22,0.9999999999999999
seq21181@16,seq5130@21,0.9999999999999999
seq21181@16,seq3289@20,0.9999999999999999
seq21181@16,seq5797@15,0.9999999999999999
seq21181@16,seq1589@14,0.9999999999999999
seq21181@16,seq9084@13,0.9999999999999999
seq21181@16,seq7731@12,0.9999999999999999
seq21181@16,seq10871@11,0.9999999999999999
seq21181@16,seq12141@11,0.9999999999999999
seq21181@16,seq28278@11,0.9999999999999999
seq21181@16,seq7596@10,0.9999999999999999
seq21181@16,seq17640@8,0.9999999999999999
seq21181@16,seq5202@8,0.9999999999999999
seq21181@16,seq15853@10,0.9999999999999999
seq21181@16,seq18@27184,0.9999999999999999
seq21181@16,seq19689@27,0.9999999999999999
seq21181@16,seq2847@8,0.9999999999999999
seq21181@16,seq11@1141,0.9999999999999999
seq21181@16,seq3190@35,0.9999999999999999
seq21181@16,seq194@240,0.9999999999999999
seq21181@16,seq2461@10,0.9999999999999999
seq21181@16,seq447@297,0.9999999999999999
seq21181@16,seq30@12620,0.9878787878787878
seq21181@16,seq12222@8,0.9999999999999999
seq5063@13,seq5580@21,0.9999999999999999
seq5063@13,seq316@89,0.9999999999999999
seq5063@13,seq8144@58,0.9999999999999999
seq5063@13,seq3083@45,0.9999999999999999
seq5063@13,seq16298@27,0.9999999999999999
seq5063@13,seq1490@24,0.9999999999999999
seq5063@13,seq5316@17,0.9999999999999999
seq5063@13,seq5970@16,0.9999999999999999
seq5063@13,seq23895@12,0.9999999999999999
seq5063@13,seq8400@11,0.9999999999999999
seq5063@13,seq16921@11,0.9999999999999999
seq5063@13,seq24370@11,0.9999999999999999
seq5063@13,seq52231@9,0.9999999999999999
seq5063@13,seq13@27362,0.9999999999999999
seq5063@13,seq9318@30,0.9999999999999999
seq5063@13,seq642@18,0.9999999999999999
seq5063@13,seq3868@11,0.9999999999999999
seq5063@13,seq1079@16,0.9999999999999999
seq5063@13,seq868@16,0.9999999999999999
seq5063@13,seq17651@9,0.9999999999999999
seq5063@13,seq32770@8,0.9999999999999999
seq5063@13,seq2280@14,0.9999999999999999
seq5063@13,seq4243@15,0.9999999999999999
seq5063@13,seq3556@18,0.9999999999999999
seq5063@13,seq4354@93,0.9999999999999999
seq5063@13,seq4009@50,0.9999999999999999
seq5063@13,seq4206@31,0.9999999999999999
seq5063@13,seq1471@22,0.9999999999999999
seq5063@13,seq5130@21,0.9999999999999999
seq5063@13,seq3289@20,0.9999999999999999
seq5063@13,seq5797@15,0.9999999999999999
seq5063@13,seq1589@14,0.9999999999999999
seq5063@13,seq9084@13,0.9999999999999999
seq5063@13,seq7731@12,0.9999999999999999
seq5063@13,seq10871@11,0.9999999999999999
seq5063@13,seq12141@11,0.9999999999999999
seq5063@13,seq28278@11,0.9999999999999999
seq5063@13,seq7596@10,0.9999999999999999
seq5063@13,seq17640@8,0.9999999999999999
seq5063@13,seq5202@8,0.9999999999999999
seq5063@13,seq15853@10,0.9999999999999999
seq5063@13,seq18@27184,0.9999999999999999
seq5063@13,seq19689@27,0.9999999999999999
seq5063@13,seq2847@8,0.9999999999999999
seq5063@13,seq11@1141,0.9999999999999999
seq5063@13,seq3190@35,0.9999999999999999
seq5063@13,seq194@240,0.9999999999999999
seq5063@13,seq2461@10,0.9999999999999999
seq5063@13,seq447@297,0.9999999999999999
seq5063@13,seq30@12620,0.9878787878787878
seq5063@13,seq12222@8,0.9999999999999999
seq5580@21,seq316@89,0.9999999999999999
seq5580@21,seq8144@58,0.9999999999999999
seq5580@21,seq3083@45,0.9999999999999999
seq5580@21,seq16298@27,0.9999999999999999
seq5580@21,seq1490@24,0.9999999999999999
seq5580@21,seq5316@17,0.9999999999999999
seq5580@21,seq5970@16,0.9999999999999999
seq5580@21,seq23895@12,0.9999999999999999
seq5580@21,seq8400@11,0.9999999999999999
seq5580@21,seq16921@11,0.9999999999999999
seq5580@21,seq24370@11,0.9999999999999999
seq5580@21,seq52231@9,0.9999999999999999
seq5580@21,seq13@27362,0.9999999999999999
seq5580@21,seq9318@30,0.9999999999999999
seq5580@21,seq642@18,0.9999999999999999
seq5580@21,seq3868@11,0.9999999999999999
seq5580@21,seq1079@16,0.9999999999999999
seq5580@21,seq868@16,0.9999999999999999
seq5580@21,seq17651@9,0.9999999999999999
seq5580@21,seq32770@8,0.9999999999999999
seq5580@21,seq2280@14,0.9999999999999999
seq5580@21,seq4243@15,0.9999999999999999
seq5580@21,seq3556@18,0.9999999999999999
seq5580@21,seq4354@93,0.9999999999999999
seq5580@21,seq4009@50,0.9999999999999999
seq5580@21,seq4206@31,0.9999999999999999
seq5580@21,seq1471@22,0.9999999999999999
seq5580@21,seq5130@21,0.9999999999999999
seq5580@21,seq3289@20,0.9999999999999999
seq5580@21,seq5797@15,0.9999999999999999
seq5580@21,seq1589@14,0.9999999999999999
seq5580@21,seq9084@13,0.9999999999999999
seq5580@21,seq7731@12,0.9999999999999999
seq5580@21,seq10871@11,0.9999999999999999
seq5580@21,seq12141@11,0.9999999999999999
seq5580@21,seq28278@11,0.9999999999999999
seq5580@21,seq7596@10,0.9999999999999999
seq5580@21,seq17640@8,0.9999999999999999
seq5580@21,seq5202@8,0.9999999999999999
seq5580@21,seq15853@10,0.9999999999999999
seq5580@21,seq18@27184,0.9999999999999999
seq5580@21,seq19689@27,0.9999999999999999
seq5580@21,seq2847@8,0.9999999999999999
seq5580@21,seq11@1141,0.9999999999999999
seq5580@21,seq3190@35,0.9999999999999999
seq5580@21,seq194@240,0.9999999999999999
seq5580@21,seq2461@10,0.9999999999999999
seq5580@21,seq447@297,0.9999999999999999
seq5580@21,seq30@12620,0.9878787878787878
seq5580@21,seq12222@8,0.9999999999999999
seq316@89,seq8144@58,0.9999999999999999
seq316@89,seq3083@45,0.9999999999999999
seq316@89,seq16298@27,0.9999999999999999
seq316@89,seq1490@24,0.9999999999999999
seq316@89,seq5316@17,0.9999999999999999
seq316@89,seq5970@16,0.9999999999999999
seq316@89,seq23895@12,0.9999999999999999
seq316@89,seq8400@11,0.9999999999999999
seq316@89,seq16921@11,0.9999999999999999
seq316@89,seq24370@11,0.9999999999999999
seq316@89,seq52231@9,0.9999999999999999
seq316@89,seq13@27362,0.9999999999999999
seq316@89,seq9318@30,0.9999999999999999
seq316@89,seq642@18,0.9999999999999999
seq316@89,seq3868@11,0.9999999999999999
seq316@89,seq1079@16,0.9999999999999999
seq316@89,seq868@16,0.9999999999999999
seq316@89,seq17651@9,0.9999999999999999
seq316@89,seq32770@8,0.9999999999999999
seq316@89,seq2280@14,0.9999999999999999
seq316@89,seq4243@15,0.9999999999999999
seq316@89,seq3556@18,0.9999999999999999
seq316@89,seq4354@93,0.9999999999999999
seq316@89,seq4009@50,0.9999999999999999
seq316@89,seq4206@31,0.9999999999999999
seq316@89,seq1471@22,0.9999999999999999
seq316@89,seq5130@21,0.9999999999999999
seq316@89,seq3289@20,0.9999999999999999
seq316@89,seq5797@15,0.9999999999999999
seq316@89,seq1589@14,0.9999999999999999
seq316@89,seq9084@13,0.9999999999999999
seq316@89,seq7731@12,0.9999999999999999
seq316@89,seq10871@11,0.9999999999999999
seq316@89,seq12141@11,0.9999999999999999
seq316@89,seq28278@11,0.9999999999999999
seq316@89,seq7596@10,0.9999999999999999
seq316@89,seq17640@8,0.9999999999999999
seq316@89,seq5202@8,0.9999999999999999
seq316@89,seq15853@10,0.9999999999999999
seq316@89,seq18@27184,0.9999999999999999
seq316@89,seq19689@27,0.9999999999999999
seq316@89,seq2847@8,0.9999999999999999
seq316@89,seq11@1141,0.9999999999999999
seq316@89,seq3190@35,0.9999999999999999
seq316@89,seq194@240,0.9999999999999999
seq316@89,seq2461@10,0.9999999999999999
seq316@89,seq447@297,0.9999999999999999
seq316@89,seq30@12620,0.9878787878787878
seq316@89,seq12222@8,0.9999999999999999
seq8144@58,seq3083@45,0.9999999999999999
seq8144@58,seq16298@27,0.9999999999999999
seq8144@58,seq1490@24,0.9999999999999999
seq8144@58,seq5316@17,0.9999999999999999
seq8144@58,seq5970@16,0.9999999999999999
seq8144@58,seq23895@12,0.9999999999999999
seq8144@58,seq8400@11,0.9999999999999999
seq8144@58,seq16921@11,0.9999999999999999
seq8144@58,seq24370@11,0.9999999999999999
seq8144@58,seq52231@9,0.9999999999999999
seq8144@58,seq13@27362,0.9999999999999999
seq8144@58,seq9318@30,0.9999999999999999
seq8144@58,seq642@18,0.9999999999999999
seq8144@58,seq3868@11,0.9999999999999999
seq8144@58,seq1079@16,0.9999999999999999
seq8144@58,seq868@16,0.9999999999999999
seq8144@58,seq17651@9,0.9999999999999999
seq8144@58,seq32770@8,0.9999999999999999
seq8144@58,seq2280@14,0.9999999999999999
seq8144@58,seq4243@15,0.9999999999999999
seq8144@58,seq3556@18,0.9999999999999999
seq8144@58,seq4354@93,0.9999999999999999
seq8144@58,seq4009@50,0.9999999999999999
seq8144@58,seq4206@31,0.9999999999999999
seq8144@58,seq1471@22,0.9999999999999999
seq8144@58,seq5130@21,0.9999999999999999
seq8144@58,seq3289@20,0.9999999999999999
seq8144@58,seq5797@15,0.9999999999999999
seq8144@58,seq1589@14,0.9999999999999999
seq8144@58,seq9084@13,0.9999999999999999
seq8144@58,seq7731@12,0.9999999999999999
seq8144@58,seq10871@11,0.9999999999999999
seq8144@58,seq12141@11,0.9999999999999999
seq8144@58,seq28278@11,0.9999999999999999
seq8144@58,seq7596@10,0.9999999999999999
seq8144@58,seq17640@8,0.9999999999999999
seq8144@58,seq5202@8,0.9999999999999999
seq8144@58,seq15853@10,0.9999999999999999
seq8144@58,seq18@27184,0.9999999999999999
seq8144@58,seq19689@27,0.9999999999999999
seq8144@58,seq2847@8,0.9999999999999999
seq8144@58,seq11@1141,0.9999999999999999
seq8144@58,seq3190@35,0.9999999999999999
seq8144@58,seq194@240,0.9999999999999999
seq8144@58,seq2461@10,0.9999999999999999
seq8144@58,seq447@297,0.9999999999999999
seq8144@58,seq30@12620,0.9878787878787878
seq8144@58,seq12222@8,0.9999999999999999
seq3083@45,seq16298@27,0.9999999999999999
seq3083@45,seq1490@24,0.9999999999999999
seq3083@45,seq5316@17,0.9999999999999999
seq3083@45,seq5970@16,0.9999999999999999
seq3083@45,seq23895@12,0.9999999999999999
seq3083@45,seq8400@11,0.9999999999999999
seq3083@45,seq16921@11,0.9999999999999999
seq3083@45,seq24370@11,0.9999999999999999
seq3083@45,seq52231@9,0.9999999999999999
seq3083@45,seq13@27362,0.9999999999999999
seq3083@45,seq9318@30,0.9999999999999999
seq3083@45,seq642@18,0.9999999999999999
seq3083@45,seq3868@11,0.9999999999999999
seq3083@45,seq1079@16,0.9999999999999999
seq3083@45,seq868@16,0.9999999999999999
seq3083@45,seq17651@9,0.9999999999999999
seq3083@45,seq32770@8,0.9999999999999999
seq3083@45,seq2280@14,0.9999999999999999
seq3083@45,seq4243@15,0.9999999999999999
seq3083@45,seq3556@18,0.9999999999999999
seq3083@45,seq4354@93,0.9999999999999999
seq3083@45,seq4009@50,0.9999999999999999
seq3083@45,seq4206@31,0.9999999999999999
seq3083@45,seq1471@22,0.9999999999999999
seq3083@45,seq5130@21,0.9999999999999999
seq3083@45,seq3289@20,0.9999999999999999
seq3083@45,seq5797@15,0.9999999999999999
seq3083@45,seq1589@14,0.9999999999999999
seq3083@45,seq9084@13,0.9999999999999999
seq3083@45,seq7731@12,0.9999999999999999
seq3083@45,seq10871@11,0.9999999999999999
seq3083@45,seq12141@11,0.9999999999999999
seq3083@45,seq28278@11,0.9999999999999999
seq3083@45,seq7596@10,0.9999999999999999
seq3083@45,seq17640@8,0.9999999999999999
seq3083@45,seq5202@8,0.9999999999999999
seq3083@45,seq15853@10,0.9999999999999999
seq3083@45,seq18@27184,0.9999999999999999
seq3083@45,seq19689@27,0.9999999999999999
seq3083@45,seq2847@8,0.9999999999999999
seq3083@45,seq11@1141,0.9999999999999999
seq3083@45,seq3190@35,0.9999999999999999
seq3083@45,seq194@240,0.9999999999999999
seq3083@45,seq2461@10,0.9999999999999999
seq3083@45,seq447@297,0.9999999999999999
seq3083@45,seq30@12620,0.9878787878787878
seq3083@45,seq12222@8,0.9999999999999999
seq16298@27,seq1490@24,0.9999999999999999
seq16298@27,seq5316@17,0.9999999999999999
seq16298@27,seq5970@16,0.9999999999999999
seq16298@27,seq23895@12,0.9999999999999999
seq16298@27,seq8400@11,0.9999999999999999
seq16298@27,seq16921@11,0.9999999999999999
seq16298@27,seq24370@11,0.9999999999999999
seq16298@27,seq52231@9,0.9999999999999999
seq16298@27,seq13@27362,0.9999999999999999
seq16298@27,seq9318@30,0.9999999999999999
seq16298@27,seq642@18,0.9999999999999999
seq16298@27,seq3868@11,0.9999999999999999
seq16298@27,seq1079@16,0.9999999999999999
seq16298@27,seq868@16,0.9999999999999999
seq16298@27,seq17651@9,0.9999999999999999
seq16298@27,seq32770@8,0.9999999999999999
seq16298@27,seq2280@14,0.9999999999999999
seq16298@27,seq4243@15,0.9999999999999999
seq16298@27,seq3556@18,0.9999999999999999
seq16298@27,seq4354@93,0.9999999999999999
seq16298@27,seq4009@50,0.9999999999999999
seq16298@27,seq4206@31,0.9999999999999999
seq16298@27,seq1471@22,0.9999999999999999
seq16298@27,seq5130@21,0.9999999999999999
seq16298@27,seq3289@20,0.9999999999999999
seq16298@27,seq5797@15,0.9999999999999999
seq16298@27,seq1589@14,0.9999999999999999
seq16298@27,seq9084@13,0.9999999999999999
seq16298@27,seq7731@12,0.9999999999999999
seq16298@27,seq10871@11,0.9999999999999999
seq16298@27,seq12141@11,0.9999999999999999
seq16298@27,seq28278@11,0.9999999999999999
seq16298@27,seq7596@10,0.9999999999999999
seq16298@27,seq17640@8,0.9999999999999999
seq16298@27,seq5202@8,0.9999999999999999
seq16298@27,seq15853@10,0.9999999999999999
seq16298@27,seq18@27184,0.9999999999999999
seq16298@27,seq19689@27,0.9999999999999999
seq16298@27,seq2847@8,0.9999999999999999
seq16298@27,seq11@1141,0.9999999999999999
seq16298@27,seq3190@35,0.9999999999999999
seq16298@27,seq194@240,0.9999999999999999
seq16298@27,seq2461@10,0.9999999999999999
seq16298@27,seq447@297,0.9999999999999999
seq16298@27,seq30@12620,0.9878787878787878
seq16298@27,seq12222@8,0.9999999999999999
seq1490@24,seq5316@17,0.9999999999999999
seq1490@24,seq5970@16,0.9999999999999999
seq1490@24,seq23895@12,0.9999999999999999
seq1490@24,seq8400@11,0.9999999999999999
seq1490@24,seq16921@11,0.9999999999999999
seq1490@24,seq24370@11,0.9999999999999999
seq1490@24,seq52231@9,0.9999999999999999
seq1490@24,seq13@27362,0.9999999999999999
seq1490@24,seq9318@30,0.9999999999999999
seq1490@24,seq642@18,0.9999999999999999
seq1490@24,seq3868@11,0.9999999999999999
seq1490@24,seq1079@16,0.9999999999999999
seq1490@24,seq868@16,0.9999999999999999
seq1490@24,seq17651@9,0.9999999999999999
seq1490@24,seq32770@8,0.9999999999999999
seq1490@24,seq2280@14,0.9999999999999999
seq1490@24,seq4243@15,0.9999999999999999
seq1490@24,seq3556@18,0.9999999999999999
seq1490@24,seq4354@93,0.9999999999999999
seq1490@24,seq4009@50,0.9999999999999999
seq1490@24,seq4206@31,0.9999999999999999
seq1490@24,seq1471@22,0.9999999999999999
seq1490@24,seq5130@21,0.9999999999999999
seq1490@24,seq3289@20,0.9999999999999999
seq1490@24,seq5797@15,0.9999999999999999
seq1490@24,seq1589@14,0.9999999999999999
seq1490@24,seq9084@13,0.9999999999999999
seq1490@24,seq7731@12,0.9999999999999999
seq1490@24,seq10871@11,0.9999999999999999
seq1490@24,seq12141@11,0.9999999999999999
seq1490@24,seq28278@11,0.9999999999999999
seq1490@24,seq7596@10,0.9999999999999999
seq1490@24,seq17640@8,0.9999999999999999
seq1490@24,seq5202@8,0.9999999999999999
seq1490@24,seq15853@10,0.9999999999999999
seq1490@24,seq18@27184,0.9999999999999999
seq1490@24,seq19689@27,0.9999999999999999
seq1490@24,seq2847@8,0.9999999999999999
seq1490@24,seq11@1141,0.9999999999999999
seq1490@24,seq3190@35,0.9999999999999999
seq1490@24,seq194@240,0.9999999999999999
seq1490@24,seq2461@10,0.9999999999999999
seq1490@24,seq447@297,0.9999999999999999
seq1490@24,seq30@12620,0.9878787878787878
seq1490@24,seq12222@8,0.9999999999999999
seq5316@17,seq5970@16,0.9999999999999999
seq5316@17,seq23895@12,0.9999999999999999
seq5316@17,seq8400@11,0.9999999999999999
seq5316@17,seq16921@11,0.9999999999999999
seq5316@17,seq24370@11,0.9999999999999999
seq5316@17,seq52231@9,0.9999999999999999
seq5316@17,seq13@27362,0.9999999999999999
seq5316@17,seq9318@30,0.9999999999999999
seq5316@17,seq642@18,0.9999999999999999
seq5316@17,seq3868@11,0.9999999999999999
seq5316@17,seq1079@16,0.9999999999999999
seq5316@17,seq868@16,0.9999999999999999
seq5316@17,seq17651@9,0.9999999999999999
seq5316@17,seq32770@8,0.9999999999999999
seq5316@17,seq2280@14,0.9999999999999999
seq5316@17,seq4243@15,0.9999999999999999
seq5316@17,seq3556@18,0.9999999999999999
seq5316@17,seq4354@93,0.9999999999999999
seq5316@17,seq4009@50,0.9999999999999999
seq5316@17,seq4206@31,0.9999999999999999
seq5316@17,seq1471@22,0.9999999999999999
seq5316@17,seq5130@21,0.9999999999999999
seq5316@17,seq3289@20,0.9999999999999999
seq5316@17,seq5797@15,0.9999999999999999
seq5316@17,seq1589@14,0.9999999999999999
seq5316@17,seq9084@13,0.9999999999999999
seq5316@17,seq7731@12,0.9999999999999999
seq5316@17,seq10871@11,0.9999999999999999
seq5316@17,seq12141@11,0.9999999999999999
seq5316@17,seq28278@11,0.9999999999999999
seq5316@17,seq7596@10,0.9999999999999999
seq5316@17,seq17640@8,0.9999999999999999
seq5316@17,seq5202@8,0.9999999999999999
seq5316@17,seq15853@10,0.9999999999999999
seq5316@17,seq18@27184,0.9999999999999999
seq5316@17,seq19689@27,0.9999999999999999
seq5316@17,seq2847@8,0.9999999999999999
seq5316@17,seq11@1141,0.9999999999999999
seq5316@17,seq3190@35,0.9999999999999999
seq5316@17,seq194@240,0.9999999999999999
seq5316@17,seq2461@10,0.9999999999999999
seq5316@17,seq447@297,0.9999999999999999
seq5316@17,seq30@12620,0.9878787878787878
seq5316@17,seq12222@8,0.9999999999999999
seq5970@16,seq23895@12,0.9999999999999999
seq5970@16,seq8400@11,0.9999999999999999
seq5970@16,seq16921@11,0.9999999999999999
seq5970@16,seq24370@11,0.9999999999999999
seq5970@16,seq52231@9,0.9999999999999999
seq5970@16,seq13@27362,0.9999999999999999
seq5970@16,seq9318@30,0.9999999999999999
seq5970@16,seq642@18,0.9999999999999999
seq5970@16,seq3868@11,0.9999999999999999
seq5970@16,seq1079@16,0.9999999999999999
seq5970@16,seq868@16,0.9999999999999999
seq5970@16,seq17651@9,0.9999999999999999
seq5970@16,seq32770@8,0.9999999999999999
seq5970@16,seq2280@14,0.9999999999999999
seq5970@16,seq4243@15,0.9999999999999999
seq5970@16,seq3556@18,0.9999999999999999
seq5970@16,seq4354@93,0.9999999999999999
seq5970@16,seq4009@50,0.9999999999999999
seq5970@16,seq4206@31,0.9999999999999999
seq5970@16,seq1471@22,0.9999999999999999
seq5970@16,seq5130@21,0.9999999999999999
seq5970@16,seq3289@20,0.9999999999999999
seq5970@16,seq5797@15,0.9999999999999999
seq5970@16,seq1589@14,0.9999999999999999
seq5970@16,seq9084@13,0.9999999999999999
seq5970@16,seq7731@12,0.9999999999999999
seq5970@16,seq10871@11,0.9999999999999999
seq5970@16,seq12141@11,0.9999999999999999
seq5970@16,seq28278@11,0.9999999999999999
seq5970@16,seq7596@10,0.9999999999999999
seq5970@16,seq17640@8,0.9999999999999999
seq5970@16,seq5202@8,0.9999999999999999
seq5970@16,seq15853@10,0.9999999999999999
seq5970@16,seq18@27184,0.9999999999999999
seq5970@16,seq19689@27,0.9999999999999999
seq5970@16,seq2847@8,0.9999999999999999
seq5970@16,seq11@1141,0.9999999999999999
seq5970@16,seq3190@35,0.9999999999999999
seq5970@16,seq194@240,0.9999999999999999
seq5970@16,seq2461@10,0.9999999999999999
seq5970@16,seq447@297,0.9999999999999999
seq5970@16,seq30@12620,0.9878787878787878
seq5970@16,seq12222@8,0.9999999999999999
seq23895@12,seq8400@11,0.9999999999999999
seq23895@12,seq16921@11,0.9999999999999999
seq23895@12,seq24370@11,0.9999999999999999
seq23895@12,seq52231@9,0.9999999999999999
seq23895@12,seq13@27362,0.9999999999999999
seq23895@12,seq9318@30,0.9999999999999999
seq23895@12,seq642@18,0.9999999999999999
seq23895@12,seq3868@11,0.9999999999999999
seq23895@12,seq1079@16,0.9999999999999999
seq23895@12,seq868@16,0.9999999999999999
seq23895@12,seq17651@9,0.9999999999999999
seq23895@12,seq32770@8,0.9999999999999999
seq23895@12,seq2280@14,0.9999999999999999
seq23895@12,seq4243@15,0.9999999999999999
seq23895@12,seq3556@18,0.9999999999999999
seq23895@12,seq4354@93,0.9999999999999999
seq23895@12,seq4009@50,0.9999999999999999
seq23895@12,seq4206@31,0.9999999999999999
seq23895@12,seq1471@22,0.9999999999999999
seq23895@12,seq5130@21,0.9999999999999999
seq23895@12,seq3289@20,0.9999999999999999
seq23895@12,seq5797@15,0.9999999999999999
seq23895@12,seq1589@14,0.9999999999999999
seq23895@12,seq9084@13,0.9999999999999999
seq23895@12,seq7731@12,0.9999999999999999
seq23895@12,seq10871@11,0.9999999999999999
seq23895@12,seq12141@11,0.9999999999999999
seq23895@12,seq28278@11,0.9999999999999999
seq23895@12,seq7596@10,0.9999999999999999
seq23895@12,seq17640@8,0.9999999999999999
seq23895@12,seq5202@8,0.9999999999999999
seq23895@12,seq15853@10,0.9999999999999999
seq23895@12,seq18@27184,0.9999999999999999
seq23895@12,seq19689@27,0.9999999999999999
seq23895@12,seq2847@8,0.9999999999999999
seq23895@12,seq11@1141,0.9999999999999999
seq23895@12,seq3190@35,0.9999999999999999
seq23895@12,seq194@240,0.9999999999999999
seq23895@12,seq2461@10,0.9999999999999999
seq23895@12,seq447@297,0.9999999999999999
seq23895@12,seq30@12620,0.9878787878787878
seq23895@12,seq12222@8,0.9999999999999999
seq8400@11,seq16921@11,0.9999999999999999
seq8400@11,seq24370@11,0.9999999999999999
seq8400@11,seq52231@9,0.9999999999999999
seq8400@11,seq13@27362,0.9999999999999999
seq8400@11,seq9318@30,0.9999999999999999
seq8400@11,seq642@18,0.9999999999999999
seq8400@11,seq3868@11,0.9999999999999999
seq8400@11,seq1079@16,0.9999999999999999
seq8400@11,seq868@16,0.9999999999999999
seq8400@11,seq17651@9,0.9999999999999999
seq8400@11,seq32770@8,0.9999999999999999
seq8400@11,seq2280@14,0.9999999999999999
seq8400@11,seq4243@15,0.9999999999999999
seq8400@11,seq3556@18,0.9999999999999999
seq8400@11,seq4354@93,0.9999999999999999
seq8400@11,seq4009@50,0.9999999999999999
seq8400@11,seq4206@31,0.9999999999999999
seq8400@11,seq1471@22,0.9999999999999999
seq8400@11,seq5130@21,0.9999999999999999
seq8400@11,seq3289@20,0.9999999999999999
seq8400@11,seq5797@15,0.9999999999999999
seq8400@11,seq1589@14,0.9999999999999999
seq8400@11,seq9084@13,0.9999999999999999
seq8400@11,seq7731@12,0.9999999999999999
seq8400@11,seq10871@11,0.9999999999999999
seq8400@11,seq12141@11,0.9999999999999999
seq8400@11,seq28278@11,0.9999999999999999
seq8400@11,seq7596@10,0.9999999999999999
seq8400@11,seq17640@8,0.9999999999999999
seq8400@11,seq5202@8,0.9999999999999999
seq8400@11,seq15853@10,0.9999999999999999
seq8400@11,seq18@27184,0.9999999999999999
seq8400@11,seq19689@27,0.9999999999999999
seq8400@11,seq2847@8,0.9999999999999999
seq8400@11,seq11@1141,0.9999999999999999
seq8400@11,seq3190@35,0.9999999999999999
seq8400@11,seq194@240,0.9999999999999999
seq8400@11,seq2461@10,0.9999999999999999
seq8400@11,seq447@297,0.9999999999999999
seq8400@11,seq30@12620,0.9878787878787878
seq8400@11,seq12222@8,0.9999999999999999
seq16921@11,seq24370@11,0.9999999999999999
seq16921@11,seq52231@9,0.9999999999999999
seq16921@11,seq13@27362,0.9999999999999999
seq16921@11,seq9318@30,0.9999999999999999
seq16921@11,seq642@18,0.9999999999999999
seq16921@11,seq3868@11,0.9999999999999999
seq16921@11,seq1079@16,0.9999999999999999
seq16921@11,seq868@16,0.9999999999999999
seq16921@11,seq17651@9,0.9999999999999999
seq16921@11,seq32770@8,0.9999999999999999
seq16921@11,seq2280@14,0.9999999999999999
seq16921@11,seq4243@15,0.9999999999999999
seq16921@11,seq3556@18,0.9999999999999999
seq16921@11,seq4354@93,0.9999999999999999
seq16921@11,seq4009@50,0.9999999999999999
seq16921@11,seq4206@31,0.9999999999999999
seq16921@11,seq1471@22,0.9999999999999999
seq16921@11,seq5130@21,0.9999999999999999
seq16921@11,seq3289@20,0.9999999999999999
seq16921@11,seq5797@15,0.9999999999999999
seq16921@11,seq1589@14,0.9999999999999999
seq16921@11,seq9084@13,0.9999999999999999
seq16921@11,seq7731@12,0.9999999999999999
seq16921@11,seq10871@11,0.9999999999999999
seq16921@11,seq12141@11,0.9999999999999999
seq16921@11,seq28278@11,0.9999999999999999
seq16921@11,seq7596@10,0.9999999999999999
seq16921@11,seq17640@8,0.9999999999999999
seq16921@11,seq5202@8,0.9999999999999999
seq16921@11,seq15853@10,0.9999999999999999
seq16921@11,seq18@27184,0.9999999999999999
seq16921@11,seq19689@27,0.9999999999999999
seq16921@11,seq2847@8,0.9999999999999999
seq16921@11,seq11@1141,0.9999999999999999
seq16921@11,seq3190@35,0.9999999999999999
seq16921@11,seq194@240,0.9999999999999999
seq16921@11,seq2461@10,0.9999999999999999
seq16921@11,seq447@297,0.9999999999999999
seq16921@11,seq30@12620,0.9878787878787878
seq16921@11,seq12222@8,0.9999999999999999
seq24370@11,seq52231@9,0.9999999999999999
seq24370@11,seq13@27362,0.9999999999999999
seq24370@11,seq9318@30,0.9999999999999999
seq24370@11,seq642@18,0.9999999999999999
seq24370@11,seq3868@11,0.9999999999999999
seq24370@11,seq1079@16,0.9999999999999999
seq24370@11,seq868@16,0.9999999999999999
seq24370@11,seq17651@9,0.9999999999999999
seq24370@11,seq32770@8,0.9999999999999999
seq24370@11,seq2280@14,0.9999999999999999
seq24370@11,seq4243@15,0.9999999999999999
seq24370@11,seq3556@18,0.9999999999999999
seq24370@11,seq4354@93,0.9999999999999999
seq24370@11,seq4009@50,0.9999999999999999
seq24370@11,seq4206@31,0.9999999999999999
seq24370@11,seq1471@22,0.9999999999999999
seq24370@11,seq5130@21,0.9999999999999999
seq24370@11,seq3289@20,0.9999999999999999
seq24370@11,seq5797@15,0.9999999999999999
seq24370@11,seq1589@14,0.9999999999999999
seq24370@11,seq9084@13,0.9999999999999999
seq24370@11,seq7731@12,0.9999999999999999
seq24370@11,seq10871@11,0.9999999999999999
seq24370@11,seq12141@11,0.9999999999999999
seq24370@11,seq28278@11,0.9999999999999999
seq24370@11,seq7596@10,0.9999999999999999
seq24370@11,seq17640@8,0.9999999999999999
seq24370@11,seq5202@8,0.9999999999999999
seq24370@11,seq15853@10,0.9999999999999999
seq24370@11,seq18@27184,0.9999999999999999
seq24370@11,seq19689@27,0.9999999999999999
seq24370@11,seq2847@8,0.9999999999999999
seq24370@11,seq11@1141,0.9999999999999999
seq24370@11,seq3190@35,0.9999999999999999
seq24370@11,seq194@240,0.9999999999999999
seq24370@11,seq2461@10,0.9999999999999999
seq24370@11,seq447@297,0.9999999999999999
seq24370@11,seq30@12620,0.9878787878787878
seq24370@11,seq12222@8,0.9999999999999999
seq52231@9,seq13@27362,0.9999999999999999
seq52231@9,seq9318@30,0.9999999999999999
seq52231@9,seq642@18,0.9999999999999999
seq52231@9,seq3868@11,0.9999999999999999
seq52231@9,seq1079@16,0.9999999999999999
seq52231@9,seq868@16,0.9999999999999999
seq52231@9,seq17651@9,0.9999999999999999
seq52231@9,seq32770@8,0.9999999999999999
seq52231@9,seq2280@14,0.9999999999999999
seq52231@9,seq4243@15,0.9999999999999999
seq52231@9,seq3556@18,0.9999999999999999
seq52231@9,seq4354@93,0.9999999999999999
seq52231@9,seq4009@50,0.9999999999999999
seq52231@9,seq4206@31,0.9999999999999999
seq52231@9,seq1471@22,0.9999999999999999
seq52231@9,seq5130@21,0.9999999999999999
seq52231@9,seq3289@20,0.9999999999999999
seq52231@9,seq5797@15,0.9999999999999999
seq52231@9,seq1589@14,0.9999999999999999
seq52231@9,seq9084@13,0.9999999999999999
seq52231@9,seq7731@12,0.9999999999999999
seq52231@9,seq10871@11,0.9999999999999999
seq52231@9,seq12141@11,0.9999999999999999
seq52231@9,seq28278@11,0.9999999999999999
seq52231@9,seq7596@10,0.9999999999999999
seq52231@9,seq17640@8,0.9999999999999999
seq52231@9,seq5202@8,0.9999999999999999
seq52231@9,seq15853@10,0.9999999999999999
seq52231@9,seq18@27184,0.9999999999999999
seq52231@9,seq19689@27,0.9999999999999999
seq52231@9,seq2847@8,0.9999999999999999
seq52231@9,seq11@1141,0.9999999999999999
seq52231@9,seq3190@35,0.9999999999999999
seq52231@9,seq194@240,0.9999999999999999
seq52231@9,seq2461@10,0.9999999999999999
seq52231@9,seq447@297,0.9999999999999999
seq52231@9,seq30@12620,0.9878787878787878
seq52231@9,seq12222@8,0.9999999999999999
seq13@27362,seq9318@30,0.9999999999999999
seq13@27362,seq642@18,0.9999999999999999
seq13@27362,seq3868@11,0.9999999999999999
seq13@27362,seq1079@16,0.9999999999999999
seq13@27362,seq868@16,0.9999999999999999
seq13@27362,seq17651@9,0.9999999999999999
seq13@27362,seq32770@8,0.9999999999999999
seq13@27362,seq2280@14,0.9999999999999999
seq13@27362,seq4243@15,0.9999999999999999
seq13@27362,seq3556@18,0.9999999999999999
seq13@27362,seq4354@93,0.9999999999999999
seq13@27362,seq4009@50,0.9999999999999999
seq13@27362,seq4206@31,0.9999999999999999
seq13@27362,seq1471@22,0.9999999999999999
seq13@27362,seq5130@21,0.9999999999999999
seq13@27362,seq3289@20,0.9999999999999999
seq13@27362,seq5797@15,0.9999999999999999
seq13@27362,seq1589@14,0.9999999999999999
seq13@27362,seq9084@13,0.9999999999999999
seq13@27362,seq7731@12,0.9999999999999999
seq13@27362,seq10871@11,0.9999999999999999
seq13@27362,seq12141@11,0.9999999999999999
seq13@27362,seq28278@11,0.9999999999999999
seq13@27362,seq7596@10,0.9999999999999999
seq13@27362,seq17640@8,0.9999999999999999
seq13@27362,seq5202@8,0.9999999999999999
seq13@27362,seq15853@10,0.9999999999999999
seq13@27362,seq18@27184,0.9999999999999999
seq13@27362,seq19689@27,0.9999999999999999
seq13@27362,seq2847@8,0.9999999999999999
seq13@27362,seq11@1141,0.9999999999999999
seq13@27362,seq3190@35,0.9999999999999999
seq13@27362,seq194@240,0.9999999999999999
seq13@27362,seq2461@10,0.9999999999999999
seq13@27362,seq447@297,0.9999999999999999
seq13@27362,seq30@12620,0.9878787878787878
seq13@27362,seq12222@8,0.9999999999999999
seq9318@30,seq642@18,0.9999999999999999
seq9318@30,seq3868@11,0.9999999999999999
seq9318@30,seq1079@16,0.9999999999999999
seq9318@30,seq868@16,0.9999999999999999
seq9318@30,seq17651@9,0.9999999999999999
seq9318@30,seq32770@8,0.9999999999999999
seq9318@30,seq2280@14,0.9999999999999999
seq9318@30,seq4243@15,0.9999999999999999
seq9318@30,seq3556@18,0.9999999999999999
seq9318@30,seq4354@93,0.9999999999999999
seq9318@30,seq4009@50,0.9999999999999999
seq9318@30,seq4206@31,0.9999999999999999
seq9318@30,seq1471@22,0.9999999999999999
seq9318@30,seq5130@21,0.9999999999999999
seq9318@30,seq3289@20,0.9999999999999999
seq9318@30,seq5797@15,0.9999999999999999
seq9318@30,seq1589@14,0.9999999999999999
seq9318@30,seq9084@13,0.9999999999999999
seq9318@30,seq7731@12,0.9999999999999999
seq9318@30,seq10871@11,0.9999999999999999
seq9318@30,seq12141@11,0.9999999999999999
seq9318@30,seq28278@11,0.9999999999999999
seq9318@30,seq7596@10,0.9999999999999999
seq9318@30,seq17640@8,0.9999999999999999
seq9318@30,seq5202@8,0.9999999999999999
seq9318@30,seq15853@10,0.9999999999999999
seq9318@30,seq18@27184,0.9999999999999999
seq9318@30,seq19689@27,0.9999999999999999
seq9318@30,seq2847@8,0.9999999999999999
seq9318@30,seq11@1141,0.9999999999999999
seq9318@30,seq3190@35,0.9999999999999999
seq9318@30,seq194@240,0.9999999999999999
seq9318@30,seq2461@10,0.9999999999999999
seq9318@30,seq447@297,0.9999999999999999
seq9318@30,seq30@12620,0.9878787878787878
seq9318@30,seq12222@8,0.9999999999999999
seq642@18,seq3868@11,0.9999999999999999
seq642@18,seq1079@16,0.9999999999999999
seq642@18,seq868@16,0.9999999999999999
seq642@18,seq17651@9,0.9999999999999999
seq642@18,seq32770@8,0.9999999999999999
seq642@18,seq2280@14,0.9999999999999999
seq642@18,seq4243@15,0.9999999999999999
seq642@18,seq3556@18,0.9999999999999999
seq642@18,seq4354@93,0.9999999999999999
seq642@18,seq4009@50,0.9999999999999999
seq642@18,seq4206@31,0.9999999999999999
seq642@18,seq1471@22,0.9999999999999999
seq642@18,seq5130@21,0.9999999999999999
seq642@18,seq3289@20,0.9999999999999999
seq642@18,seq5797@15,0.9999999999999999
seq642@18,seq1589@14,0.9999999999999999
seq642@18,seq9084@13,0.9999999999999999
seq642@18,seq7731@12,0.9999999999999999
seq642@18,seq10871@11,0.9999999999999999
seq642@18,seq12141@11,0.9999999999999999
seq642@18,seq28278@11,0.9999999999999999
seq642@18,seq7596@10,0.9999999999999999
seq642@18,seq17640@8,0.9999999999999999
seq642@18,seq5202@8,0.9999999999999999
seq642@18,seq15853@10,0.9999999999999999
seq642@18,seq18@27184,0.9999999999999999
seq642@18,seq19689@27,0.9999999999999999
seq642@18,seq2847@8,0.9999999999999999
seq642@18,seq11@1141,0.9999999999999999
seq642@18,seq3190@35,0.9999999999999999
seq642@18,seq194@240,0.9999999999999999
seq642@18,seq2461@10,0.9999999999999999
seq642@18,seq447@297,0.9999999999999999
seq642@18,seq30@12620,0.9878787878787878
seq642@18,seq12222@8,0.9999999999999999
seq3868@11,seq1079@16,0.9999999999999999
seq3868@11,seq868@16,0.9999999999999999
seq3868@11,seq17651@9,0.9999999999999999
seq3868@11,seq32770@8,0.9999999999999999
seq3868@11,seq2280@14,0.9999999999999999
seq3868@11,seq4243@15,0.9999999999999999
seq3868@11,seq3556@18,0.9999999999999999
seq3868@11,seq4354@93,0.9999999999999999
seq3868@11,seq4009@50,0.9999999999999999
seq3868@11,seq4206@31,0.9999999999999999
seq3868@11,seq1471@22,0.9999999999999999
seq3868@11,seq5130@21,0.9999999999999999
seq3868@11,seq3289@20,0.9999999999999999
seq3868@11,seq5797@15,0.9999999999999999
seq3868@11,seq1589@14,0.9999999999999999
seq3868@11,seq9084@13,0.9999999999999999
seq3868@11,seq7731@12,0.9999999999999999
seq3868@11,seq10871@11,0.9999999999999999
seq3868@11,seq12141@11,0.9999999999999999
seq3868@11,seq28278@11,0.9999999999999999
seq3868@11,seq7596@10,0.9999999999999999
seq3868@11,seq17640@8,0.9999999999999999
seq3868@11,seq5202@8,0.9999999999999999
seq3868@11,seq15853@10,0.9999999999999999
seq3868@11,seq18@27184,0.9999999999999999
seq3868@11,seq19689@27,0.9999999999999999
seq3868@11,seq2847@8,0.9999999999999999
seq3868@11,seq11@1141,0.9999999999999999
seq3868@11,seq3190@35,0.9999999999999999
seq3868@11,seq194@240,0.9999999999999999
seq3868@11,seq2461@10,0.9999999999999999
seq3868@11,seq447@297,0.9999999999999999
seq3868@11,seq30@12620,0.9878787878787878
seq3868@11,seq12222@8,0.9999999999999999
seq1079@16,seq868@16,0.9999999999999999
seq1079@16,seq17651@9,0.9999999999999999
seq1079@16,seq32770@8,0.9999999999999999
seq1079@16,seq2280@14,0.9999999999999999
seq1079@16,seq4243@15,0.9999999999999999
seq1079@16,seq3556@18,0.9999999999999999
seq1079@16,seq4354@93,0.9999999999999999
seq1079@16,seq4009@50,0.9999999999999999
seq1079@16,seq4206@31,0.9999999999999999
seq1079@16,seq1471@22,0.9999999999999999
seq1079@16,seq5130@21,0.9999999999999999
seq1079@16,seq3289@20,0.9999999999999999
seq1079@16,seq5797@15,0.9999999999999999
seq1079@16,seq1589@14,0.9999999999999999
seq1079@16,seq9084@13,0.9999999999999999
seq1079@16,seq7731@12,0.9999999999999999
seq1079@16,seq10871@11,0.9999999999999999
seq1079@16,seq12141@11,0.9999999999999999
seq1079@16,seq28278@11,0.9999999999999999
seq1079@16,seq7596@10,0.9999999999999999
seq1079@16,seq17640@8,0.9999999999999999
seq1079@16,seq5202@8,0.9999999999999999
seq1079@16,seq15853@10,0.9999999999999999
seq1079@16,seq18@27184,0.9999999999999999
seq1079@16,seq19689@27,0.9999999999999999
seq1079@16,seq2847@8,0.9999999999999999
seq1079@16,seq11@1141,0.9999999999999999
seq1079@16,seq3190@35,0.9999999999999999
seq1079@16,seq194@240,0.9999999999999999
seq1079@16,seq2461@10,0.9999999999999999
seq1079@16,seq447@297,0.9999999999999999
seq1079@16,seq30@12620,0.9878787878787878
seq1079@16,seq12222@8,0.9999999999999999
seq868@16,seq17651@9,0.9999999999999999
seq868@16,seq32770@8,0.9999999999999999
seq868@16,seq2280@14,0.9999999999999999
seq868@16,seq4243@15,0.9999999999999999
seq868@16,seq3556@18,0.9999999999999999
seq868@16,seq4354@93,0.9999999999999999
seq868@16,seq4009@50,0.9999999999999999
seq868@16,seq4206@31,0.9999999999999999
seq868@16,seq1471@22,0.9999999999999999
seq868@16,seq5130@21,0.9999999999999999
seq868@16,seq3289@20,0.9999999999999999
seq868@16,seq5797@15,0.9999999999999999
seq868@16,seq1589@14,0.9999999999999999
seq868@16,seq9084@13,0.9999999999999999
seq868@16,seq7731@12,0.9999999999999999
seq868@16,seq10871@11,0.9999999999999999
seq868@16,seq12141@11,0.9999999999999999
seq868@16,seq28278@11,0.9999999999999999
seq868@16,seq7596@10,0.9999999999999999
seq868@16,seq17640@8,0.9999999999999999
seq868@16,seq5202@8,0.9999999999999999
seq868@16,seq15853@10,0.9999999999999999
seq868@16,seq18@27184,0.9999999999999999
seq868@16,seq19689@27,0.9999999999999999
seq868@16,seq2847@8,0.9999999999999999
seq868@16,seq11@1141,0.9999999999999999
seq868@16,seq3190@35,0.9999999999999999
seq868@16,seq194@240,0.9999999999999999
seq868@16,seq2461@10,0.9999999999999999
seq868@16,seq447@297,0.9999999999999999
seq868@16,seq30@12620,0.9878787878787878
seq868@16,seq12222@8,0.9999999999999999
seq17651@9,seq32770@8,0.9999999999999999
seq17651@9,seq2280@14,0.9999999999999999
seq17651@9,seq4243@15,0.9999999999999999
seq17651@9,seq3556@18,0.9999999999999999
seq17651@9,seq4354@93,0.9999999999999999
seq17651@9,seq4009@50,0.9999999999999999
seq17651@9,seq4206@31,0.9999999999999999
seq17651@9,seq1471@22,0.9999999999999999
seq17651@9,seq5130@21,0.9999999999999999
seq17651@9,seq3289@20,0.9999999999999999
seq17651@9,seq5797@15,0.9999999999999999
seq17651@9,seq1589@14,0.9999999999999999
seq17651@9,seq9084@13,0.9999999999999999
seq17651@9,seq7731@12,0.9999999999999999
seq17651@9,seq10871@11,0.9999999999999999
seq17651@9,seq12141@11,0.9999999999999999
seq17651@9,seq28278@11,0.9999999999999999
seq17651@9,seq7596@10,0.9999999999999999
seq17651@9,seq17640@8,0.9999999999999999
seq17651@9,seq5202@8,0.9999999999999999
seq17651@9,seq15853@10,0.9999999999999999
seq17651@9,seq18@27184,0.9999999999999999
seq17651@9,seq19689@27,0.9999999999999999
seq17651@9,seq2847@8,0.9999999999999999
seq17651@9,seq11@1141,0.9999999999999999
seq17651@9,seq3190@35,0.9999999999999999
seq17651@9,seq194@240,0.9999999999999999
seq17651@9,seq2461@10,0.9999999999999999
seq17651@9,seq447@297,0.9999999999999999
seq17651@9,seq30@12620,0.9878787878787878
seq17651@9,seq12222@8,0.9999999999999999
seq32770@8,seq2280@14,0.9999999999999999
seq32770@8,seq4243@15,0.9999999999999999
seq32770@8,seq3556@18,0.9999999999999999
seq32770@8,seq4354@93,0.9999999999999999
seq32770@8,seq4009@50,0.9999999999999999
seq32770@8,seq4206@31,0.9999999999999999
seq32770@8,seq1471@22,0.9999999999999999
seq32770@8,seq5130@21,0.9999999999999999
seq32770@8,seq3289@20,0.9999999999999999
seq32770@8,seq5797@15,0.9999999999999999
seq32770@8,seq1589@14,0.9999999999999999
seq32770@8,seq9084@13,0.9999999999999999
seq32770@8,seq7731@12,0.9999999999999999
seq32770@8,seq10871@11,0.9999999999999999
seq32770@8,seq12141@11,0.9999999999999999
seq32770@8,seq28278@11,0.9999999999999999
seq32770@8,seq7596@10,0.9999999999999999
seq32770@8,seq17640@8,0.9999999999999999
seq32770@8,seq5202@8,0.9999999999999999
seq32770@8,seq15853@10,0.9999999999999999
seq32770@8,seq18@27184,0.9999999999999999
seq32770@8,seq19689@27,0.9999999999999999
seq32770@8,seq2847@8,0.9999999999999999
seq32770@8,seq11@1141,0.9999999999999999
seq32770@8,seq3190@35,0.9999999999999999
seq32770@8,seq194@240,0.9999999999999999
seq32770@8,seq2461@10,0.9999999999999999
seq32770@8,seq447@297,0.9999999999999999
seq32770@8,seq30@12620,0.9878787878787878
seq32770@8,seq12222@8,0.9999999999999999
seq2280@14,seq4243@15,0.9999999999999999
seq2280@14,seq3556@18,0.9999999999999999
seq2280@14,seq4354@93,0.9999999999999999
seq2280@14,seq4009@50,0.9999999999999999
seq2280@14,seq4206@31,0.9999999999999999
seq2280@14,seq1471@22,0.9999999999999999
seq2280@14,seq5130@21,0.9999999999999999
seq2280@14,seq3289@20,0.9999999999999999
seq2280@14,seq5797@15,0.9999999999999999
seq2280@14,seq1589@14,0.9999999999999999
seq2280@14,seq9084@13,0.9999999999999999
seq2280@14,seq7731@12,0.9999999999999999
seq2280@14,seq10871@11,0.9999999999999999
seq2280@14,seq12141@11,0.9999999999999999
seq2280@14,seq28278@11,0.9999999999999999
seq2280@14,seq7596@10,0.9999999999999999
seq2280@14,seq17640@8,0.9999999999999999
seq2280@14,seq5202@8,0.9999999999999999
seq2280@14,seq15853@10,0.9999999999999999
seq2280@14,seq18@27184,0.9999999999999999
seq2280@14,seq19689@27,0.9999999999999999
seq2280@14,seq2847@8,0.9999999999999999
seq2280@14,seq11@1141,0.9999999999999999
seq2280@14,seq3190@35,0.9999999999999999
seq2280@14,seq194@240,0.9999999999999999
seq2280@14,seq2461@10,0.9999999999999999
seq2280@14,seq447@297,0.9999999999999999
seq2280@14,seq30@12620,0.9878787878787878
seq2280@14,seq12222@8,0.9999999999999999
seq4243@15,seq3556@18,0.9999999999999999
seq4243@15,seq4354@93,0.9999999999999999
seq4243@15,seq4009@50,0.9999999999999999
seq4243@15,seq4206@31,0.9999999999999999
seq4243@15,seq1471@22,0.9999999999999999
seq4243@15,seq5130@21,0.9999999999999999
seq4243@15,seq3289@20,0.9999999999999999
seq4243@15,seq5797@15,0.9999999999999999
seq4243@15,seq1589@14,0.9999999999999999
seq4243@15,seq9084@13,0.9999999999999999
seq4243@15,seq7731@12,0.9999999999999999
seq4243@15,seq10871@11,0.9999999999999999
seq4243@15,seq12141@11,0.9999999999999999
seq4243@15,seq28278@11,0.9999999999999999
seq4243@15,seq7596@10,0.9999999999999999
seq4243@15,seq17640@8,0.9999999999999999
seq4243@15,seq5202@8,0.9999999999999999
seq4243@15,seq15853@10,0.9999999999999999
seq4243@15,seq18@27184,0.9999999999999999
seq4243@15,seq19689@27,0.9999999999999999
seq4243@15,seq2847@8,0.9999999999999999
seq4243@15,seq11@1141,0.9999999999999999
seq4243@15,seq3190@35,0.9999999999999999
seq4243@15,seq194@240,0.9999999999999999
seq4243@15,seq2461@10,0.9999999999999999
seq4243@15,seq447@297,0.9999999999999999
seq4243@15,seq30@12620,0.9878787878787878
seq4243@15,seq12222@8,0.9999999999999999
seq3556@18,seq4354@93,0.9999999999999999
seq3556@18,seq4009@50,0.9999999999999999
seq3556@18,seq4206@31,0.9999999999999999
seq3556@18,seq1471@22,0.9999999999999999
seq3556@18,seq5130@21,0.9999999999999999
seq3556@18,seq3289@20,0.9999999999999999
seq3556@18,seq5797@15,0.9999999999999999
seq3556@18,seq1589@14,0.9999999999999999
seq3556@18,seq9084@13,0.9999999999999999
seq3556@18,seq7731@12,0.9999999999999999
seq3556@18,seq10871@11,0.9999999999999999
seq3556@18,seq12141@11,0.9999999999999999
seq3556@18,seq28278@11,0.9999999999999999
seq3556@18,seq7596@10,0.9999999999999999
seq3556@18,seq17640@8,0.9999999999999999
seq3556@18,seq5202@8,0.9999999999999999
seq3556@18,seq15853@10,0.9999999999999999
seq3556@18,seq18@27184,0.9999999999999999
seq3556@18,seq19689@27,0.9999999999999999
seq3556@18,seq2847@8,0.9999999999999999
seq3556@18,seq11@1141,0.9999999999999999
seq3556@18,seq3190@35,0.9999999999999999
seq3556@18,seq194@240,0.9999999999999999
seq3556@18,seq2461@10,0.9999999999999999
seq3556@18,seq447@297,0.9999999999999999
seq3556@18,seq30@12620,0.9878787878787878
seq3556@18,seq12222@8,0.9999999999999999
seq4354@93,seq4009@50,0.9999999999999999
seq4354@93,seq4206@31,0.9999999999999999
seq4354@93,seq1471@22,0.9999999999999999
seq4354@93,seq5130@21,0.9999999999999999
seq4354@93,seq3289@20,0.9999999999999999
seq4354@93,seq5797@15,0.9999999999999999
seq4354@93,seq1589@14,0.9999999999999999
seq4354@93,seq9084@13,0.9999999999999999
seq4354@93,seq7731@12,0.9999999999999999
seq4354@93,seq10871@11,0.9999999999999999
seq4354@93,seq12141@11,0.9999999999999999
seq4354@93,seq28278@11,0.9999999999999999
seq4354@93,seq7596@10,0.9999999999999999
seq4354@93,seq17640@8,0.9999999999999999
seq4354@93,seq5202@8,0.9999999999999999
seq4354@93,seq15853@10,0.9999999999999999
seq4354@93,seq18@27184,0.9999999999999999
seq4354@93,seq19689@27,0.9999999999999999
seq4354@93,seq2847@8,0.9999999999999999
seq4354@93,seq11@1141,0.9999999999999999
seq4354@93,seq3190@35,0.9999999999999999
seq4354@93,seq194@240,0.9999999999999999
seq4354@93,seq2461@10,0.9999999999999999
seq4354@93,seq447@297,0.9999999999999999
seq4354@93,seq30@12620,0.9878787878787878
seq4354@93,seq12222@8,0.9999999999999999
seq4009@50,seq4206@31,0.9999999999999999
seq4009@50,seq1471@22,0.9999999999999999
seq4009@50,seq5130@21,0.9999999999999999
seq4009@50,seq3289@20,0.9999999999999999
seq4009@50,seq5797@15,0.9999999999999999
seq4009@50,seq1589@14,0.9999999999999999
seq4009@50,seq9084@13,0.9999999999999999
seq4009@50,seq7731@12,0.9999999999999999
seq4009@50,seq10871@11,0.9999999999999999
seq4009@50,seq12141@11,0.9999999999999999
seq4009@50,seq28278@11,0.9999999999999999
seq4009@50,seq7596@10,0.9999999999999999
seq4009@50,seq17640@8,0.9999999999999999
seq4009@50,seq5202@8,0.9999999999999999
seq4009@50,seq15853@10,0.9999999999999999
seq4009@50,seq18@27184,0.9999999999999999
seq4009@50,seq19689@27,0.9999999999999999
seq4009@50,seq2847@8,0.9999999999999999
seq4009@50,seq11@1141,0.9999999999999999
seq4009@50,seq3190@35,0.9999999999999999
seq4009@50,seq194@240,0.9999999999999999
seq4009@50,seq2461@10,0.9999999999999999
seq4009@50,seq447@297,0.9999999999999999
seq4009@50,seq30@12620,0.9878787878787878
seq4009@50,seq12222@8,0.9999999999999999
seq4206@31,seq1471@22,0.9999999999999999
seq4206@31,seq5130@21,0.9999999999999999
seq4206@31,seq3289@20,0.9999999999999999
seq4206@31,seq5797@15,0.9999999999999999
seq4206@31,seq1589@14,0.9999999999999999
seq4206@31,seq9084@13,0.9999999999999999
seq4206@31,seq7731@12,0.9999999999999999
seq4206@31,seq10871@11,0.9999999999999999
seq4206@31,seq12141@11,0.9999999999999999
seq4206@31,seq28278@11,0.9999999999999999
seq4206@31,seq7596@10,0.9999999999999999
seq4206@31,seq17640@8,0.9999999999999999
seq4206@31,seq5202@8,0.9999999999999999
seq4206@31,seq15853@10,0.9999999999999999
seq4206@31,seq18@27184,0.9999999999999999
seq4206@31,seq19689@27,0.9999999999999999
seq4206@31,seq2847@8,0.9999999999999999
seq4206@31,seq11@1141,0.9999999999999999
seq4206@31,seq3190@35,0.9999999999999999
seq4206@31,seq194@240,0.9999999999999999
seq4206@31,seq2461@10,0.9999999999999999
seq4206@31,seq447@297,0.9999999999999999
seq4206@31,seq30@12620,0.9878787878787878
seq4206@31,seq12222@8,0.9999999999999999
seq1471@22,seq5130@21,0.9999999999999999
seq1471@22,seq3289@20,0.9999999999999999
seq1471@22,seq5797@15,0.9999999999999999
seq1471@22,seq1589@14,0.9999999999999999
seq1471@22,seq9084@13,0.9999999999999999
seq1471@22,seq7731@12,0.9999999999999999
seq1471@22,seq10871@11,0.9999999999999999
seq1471@22,seq12141@11,0.9999999999999999
seq1471@22,seq28278@11,0.9999999999999999
seq1471@22,seq7596@10,0.9999999999999999
seq1471@22,seq17640@8,0.9999999999999999
seq1471@22,seq5202@8,0.9999999999999999
seq1471@22,seq15853@10,0.9999999999999999
seq1471@22,seq18@27184,0.9999999999999999
seq1471@22,seq19689@27,0.9999999999999999
seq1471@22,seq2847@8,0.9999999999999999
seq1471@22,seq11@1141,0.9999999999999999
seq1471@22,seq3190@35,0.9999999999999999
seq1471@22,seq194@240,0.9999999999999999
seq1471@22,seq2461@10,0.9999999999999999
seq1471@22,seq447@297,0.9999999999999999
seq1471@22,seq30@12620,0.9878787878787878
seq1471@22,seq12222@8,0.9999999999999999
seq5130@21,seq3289@20,0.9999999999999999
seq5130@21,seq5797@15,0.9999999999999999
seq5130@21,seq1589@14,0.9999999999999999
seq5130@21,seq9084@13,0.9999999999999999
seq5130@21,seq7731@12,0.9999999999999999
seq5130@21,seq10871@11,0.9999999999999999
seq5130@21,seq12141@11,0.9999999999999999
seq5130@21,seq28278@11,0.9999999999999999
seq5130@21,seq7596@10,0.9999999999999999
seq5130@21,seq17640@8,0.9999999999999999
seq5130@21,seq5202@8,0.9999999999999999
seq5130@21,seq15853@10,0.9999999999999999
seq5130@21,seq18@27184,0.9999999999999999
seq5130@21,seq19689@27,0.9999999999999999
seq5130@21,seq2847@8,0.9999999999999999
seq5130@21,seq11@1141,0.9999999999999999
seq5130@21,seq3190@35,0.9999999999999999
seq5130@21,seq194@240,0.9999999999999999
seq5130@21,seq2461@10,0.9999999999999999
seq5130@21,seq447@297,0.9999999999999999
seq5130@21,seq30@12620,0.9878787878787878
seq5130@21,seq12222@8,0.9999999999999999
seq3289@20,seq5797@15,0.9999999999999999
seq3289@20,seq1589@14,0.9999999999999999
seq3289@20,seq9084@13,0.9999999999999999
seq3289@20,seq7731@12,0.9999999999999999
seq3289@20,seq10871@11,0.9999999999999999
seq3289@20,seq12141@11,0.9999999999999999
seq3289@20,seq28278@11,0.9999999999999999
seq3289@20,seq7596@10,0.9999999999999999
seq3289@20,seq17640@8,0.9999999999999999
seq3289@20,seq5202@8,0.9999999999999999
seq3289@20,seq15853@10,0.9999999999999999
seq3289@20,seq18@27184,0.9999999999999999
seq3289@20,seq19689@27,0.9999999999999999
seq3289@20,seq2847@8,0.9999999999999999
seq3289@20,seq11@1141,0.9999999999999999
seq3289@20,seq3190@35,0.9999999999999999
seq3289@20,seq194@240,0.9999999999999999
seq3289@20,seq2461@10,0.9999999999999999
seq3289@20,seq447@297,0.9999999999999999
seq3289@20,seq30@12620,0.9878787878787878
seq3289@20,seq12222@8,0.9999999999999999
seq5797@15,seq1589@14,0.9999999999999999
seq5797@15,seq9084@13,0.9999999999999999
seq5797@15,seq7731@12,0.9999999999999999
seq5797@15,seq10871@11,0.9999999999999999
seq5797@15,seq12141@11,0.9999999999999999
seq5797@15,seq28278@11,0.9999999999999999
seq5797@15,seq7596@10,0.9999999999999999
seq5797@15,seq17640@8,0.9999999999999999
seq5797@15,seq5202@8,0.9999999999999999
seq5797@15,seq15853@10,0.9999999999999999
seq5797@15,seq18@27184,0.9999999999999999
seq5797@15,seq19689@27,0.9999999999999999
seq5797@15,seq2847@8,0.9999999999999999
seq5797@15,seq11@1141,0.9999999999999999
seq5797@15,seq3190@35,0.9999999999999999
seq5797@15,seq194@240,0.9999999999999999
seq5797@15,seq2461@10,0.9999999999999999
seq5797@15,seq447@297,0.9999999999999999
seq5797@15,seq30@12620,0.9878787878787878
seq5797@15,seq12222@8,0.9999999999999999
seq1589@14,seq9084@13,0.9999999999999999
seq1589@14,seq7731@12,0.9999999999999999
seq1589@14,seq10871@11,0.9999999999999999
seq1589@14,seq12141@11,0.9999999999999999
seq1589@14,seq28278@11,0.9999999999999999
seq1589@14,seq7596@10,0.9999999999999999
seq1589@14,seq17640@8,0.9999999999999999
seq1589@14,seq5202@8,0.9999999999999999
seq1589@14,seq15853@10,0.9999999999999999
seq1589@14,seq18@27184,0.9999999999999999
seq1589@14,seq19689@27,0.9999999999999999
seq1589@14,seq2847@8,0.9999999999999999
seq1589@14,seq11@1141,0.9999999999999999
seq1589@14,seq3190@35,0.9999999999999999
seq1589@14,seq194@240,0.9999999999999999
seq1589@14,seq2461@10,0.9999999999999999
seq1589@14,seq447@297,0.9999999999999999
seq1589@14,seq30@12620,0.9878787878787878
seq1589@14,seq12222@8,0.9999999999999999
seq9084@13,seq7731@12,0.9999999999999999
seq9084@13,seq10871@11,0.9999999999999999
seq9084@13,seq12141@11,0.9999999999999999
seq9084@13,seq28278@11,0.9999999999999999
seq9084@13,seq7596@10,0.9999999999999999
seq9084@13,seq17640@8,0.9999999999999999
seq9084@13,seq5202@8,0.9999999999999999
seq9084@13,seq15853@10,0.9999999999999999
seq9084@13,seq18@27184,0.9999999999999999
seq9084@13,seq19689@27,0.9999999999999999
seq9084@13,seq2847@8,0.9999999999999999
seq9084@13,seq11@1141,0.9999999999999999
seq9084@13,seq3190@35,0.9999999999999999
seq9084@13,seq194@240,0.9999999999999999
seq9084@13,seq2461@10,0.9999999999999999
seq9084@13,seq447@297,0.9999999999999999
seq9084@13,seq30@12620,0.9878787878787878
seq9084@13,seq12222@8,0.9999999999999999
seq7731@12,seq10871@11,0.9999999999999999
seq7731@12,seq12141@11,0.9999999999999999
seq7731@12,seq28278@11,0.9999999999999999
seq7731@12,seq7596@10,0.9999999999999999
seq7731@12,seq17640@8,0.9999999999999999
seq7731@12,seq5202@8,0.9999999999999999
seq7731@12,seq15853@10,0.9999999999999999
seq7731@12,seq18@27184,0.9999999999999999
seq7731@12,seq19689@27,0.9999999999999999
seq7731@12,seq2847@8,0.9999999999999999
seq7731@12,seq11@1141,0.9999999999999999
seq7731@12,seq3190@35,0.9999999999999999
seq7731@12,seq194@240,0.9999999999999999
seq7731@12,seq2461@10,0.9999999999999999
seq7731@12,seq447@297,0.9999999999999999
seq7731@12,seq30@12620,0.9878787878787878
seq7731@12,seq12222@8,0.9999999999999999
seq10871@11,seq12141@11,0.9999999999999999
seq10871@11,seq28278@11,0.9999999999999999
seq10871@11,seq7596@10,0.9999999999999999
seq10871@11,seq17640@8,0.9999999999999999
seq10871@11,seq5202@8,0.9999999999999999
seq10871@11,seq15853@10,0.9999999999999999
seq10871@11,seq18@27184,0.9999999999999999
seq10871@11,seq19689@27,0.9999999999999999
seq10871@11,seq2847@8,0.9999999999999999
seq10871@11,seq11@1141,0.9999999999999999
seq10871@11,seq3190@35,0.9999999999999999
seq10871@11,seq194@240,0.9999999999999999
seq10871@11,seq2461@10,0.9999999999999999
seq10871@11,seq447@297,0.9999999999999999
seq10871@11,seq30@12620,0.9878787878787878
seq10871@11,seq12222@8,0.9999999999999999
seq12141@11,seq28278@11,0.9999999999999999
seq12141@11,seq7596@10,0.9999999999999999
seq12141@11,seq17640@8,0.9999999999999999
seq12141@11,seq5202@8,0.9999999999999999
seq12141@11,seq15853@10,0.9999999999999999
seq12141@11,seq18@27184,0.9999999999999999
seq12141@11,seq19689@27,0.9999999999999999
seq12141@11,seq2847@8,0.9999999999999999
seq12141@11,seq11@1141,0.9999999999999999
seq12141@11,seq3190@35,0.9999999999999999
seq12141@11,seq194@240,0.9999999999999999
seq12141@11,seq2461@10,0.9999999999999999
seq12141@11,seq447@297,0.9999999999999999
seq12141@11,seq30@12620,0.9878787878787878
seq12141@11,seq12222@8,0.9999999999999999
seq28278@11,seq7596@10,0.9999999999999999
seq28278@11,seq17640@8,0.9999999999999999
seq28278@11,seq5202@8,0.9999999999999999
seq28278@11,seq15853@10,0.9999999999999999
seq28278@11,seq18@27184,0.9999999999999999
seq28278@11,seq19689@27,0.9999999999999999
seq28278@11,seq2847@8,0.9999999999999999
seq28278@11,seq11@1141,0.9999999999999999
seq28278@11,seq3190@35,0.9999999999999999
seq28278@11,seq194@240,0.9999999999999999
seq28278@11,seq2461@10,0.9999999999999999
seq28278@11,seq447@297,0.9999999999999999
seq28278@11,seq30@12620,0.9878787878787878
seq28278@11,seq12222@8,0.9999999999999999
seq7596@10,seq17640@8,0.9999999999999999
seq7596@10,seq5202@8,0.9999999999999999
seq7596@10,seq15853@10,0.9999999999999999
seq7596@10,seq18@27184,0.9999999999999999
seq7596@10,seq19689@27,0.9999999999999999
seq7596@10,seq2847@8,0.9999999999999999
seq7596@10,seq11@1141,0.9999999999999999
seq7596@10,seq3190@35,0.9999999999999999
seq7596@10,seq194@240,0.9999999999999999
seq7596@10,seq2461@10,0.9999999999999999
seq7596@10,seq447@297,0.9999999999999999
seq7596@10,seq30@12620,0.9878787878787878
seq7596@10,seq12222@8,0.9999999999999999
seq17640@8,seq5202@8,0.9999999999999999
seq17640@8,seq15853@10,0.9999999999999999
seq17640@8,seq18@27184,0.9999999999999999
seq17640@8,seq19689@27,0.9999999999999999
seq17640@8,seq2847@8,0.9999999999999999
seq17640@8,seq11@1141,0.9999999999999999
seq17640@8,seq3190@35,0.9999999999999999
seq17640@8,seq194@240,0.9999999999999999
seq17640@8,seq2461@10,0.9999999999999999
seq17640@8,seq447@297,0.9999999999999999
seq17640@8,seq30@12620,0.9878787878787878
seq17640@8,seq12222@8,0.9999999999999999
seq5202@8,seq15853@10,0.9999999999999999
seq5202@8,seq18@27184,0.9999999999999999
seq5202@8,seq19689@27,0.9999999999999999
seq5202@8,seq2847@8,0.9999999999999999
seq5202@8,seq11@1141,0.9999999999999999
seq5202@8,seq3190@35,0.9999999999999999
seq5202@8,seq194@240,0.9999999999999999
seq5202@8,seq2461@10,0.9999999999999999
seq5202@8,seq447@297,0.9999999999999999
seq5202@8,seq30@12620,0.9878787878787878
seq5202@8,seq12222@8,0.9999999999999999
seq15853@10,seq18@27184,0.9999999999999999
seq15853@10,seq19689@27,0.9999999999999999
seq15853@10,seq2847@8,0.9999999999999999
seq15853@10,seq11@1141,0.9999999999999999
seq15853@10,seq3190@35,0.9999999999999999
seq15853@10,seq194@240,0.9999999999999999
seq15853@10,seq2461@10,0.9999999999999999
seq15853@10,seq447@297,0.9999999999999999
seq15853@10,seq30@12620,0.9878787878787878
seq15853@10,seq12222@8,0.9999999999999999
seq18@27184,seq19689@27,0.9999999999999999
seq18@27184,seq2847@8,0.9999999999999999
seq18@27184,seq11@1141,0.9999999999999999
seq18@27184,seq3190@35,0.9999999999999999
seq18@27184,seq194@240,0.9999999999999999
seq18@27184,seq2461@10,0.9999999999999999
seq18@27184,seq447@297,0.9999999999999999
seq18@27184,seq30@12620,0.9878787878787878
seq18@27184,seq12222@8,0.9999999999999999
seq19689@27,seq2847@8,0.9999999999999999
seq19689@27,seq11@1141,0.9999999999999999
seq19689@27,seq3190@35,0.9999999999999999
seq19689@27,seq194@240,0.9999999999999999
seq19689@27,seq2461@10,0.9999999999999999
seq19689@27,seq447@297,0.9999999999999999
seq19689@27,seq30@12620,0.9878787878787878
seq19689@27,seq12222@8,0.9999999999999999
seq2847@8,seq11@1141,0.9999999999999999
seq2847@8,seq3190@35,0.9999999999999999
seq2847@8,seq194@240,0.9999999999999999
seq2847@8,seq2461@10,0.9999999999999999
seq2847@8,seq447@297,0.9999999999999999
seq2847@8,seq30@12620,0.9878787878787878
seq2847@8,seq12222@8,0.9999999999999999
seq11@1141,seq3190@35,0.9999999999999999
seq11@1141,seq194@240,0.9999999999999999
seq11@1141,seq2461@10,0.9999999999999999
seq11@1141,seq447@297,0.9999999999999999
seq11@1141,seq30@12620,0.9878787878787878
seq11@1141,seq12222@8,0.9999999999999999
seq3190@35,seq194@240,0.9999999999999999
seq3190@35,seq2461@10,0.9999999999999999
seq3190@35,seq447@297,0.9999999999999999
seq3190@35,seq30@12620,0.9878787878787878
seq3190@35,seq12222@8,0.9999999999999999
seq194@240,seq2461@10,0.9999999999999999
seq194@240,seq447@297,0.9999999999999999
seq194@240,seq30@12620,0.9878787878787878
seq194@240,seq12222@8,0.9999999999999999
seq2461@10,seq447@297,0.9999999999999999
seq2461@10,seq30@12620,0.9878787878787878
seq2461@10,seq12222@8,0.9999999999999999
seq447@297,seq30@12620,0.9878787878787878
seq447@297,seq12222@8,0.9999999999999999
seq30@12620,seq12222@8,0.9878787878787878
