Protein1,Protein2,SpearmanSimilarity
naive,seq311@69,0.9999999999999999
naive,seq4884@146,0.9999999999999999
naive,seq572@46,0.9999999999999999
naive,seq640@140,0.9999999999999999
naive,seq6880@17,0.9999999999999999
naive,seq2694@179,0.9999999999999999
naive,seq54@279,0.9999999999999999
naive,seq965@18,0.9999999999999999
naive,seq33@24,0.9999999999999999
naive,seq290@75,0.9878787878787878
naive,seq1207@134,0.9999999999999999
naive,seq6322@19,0.9999999999999999
naive,seq11088@20,0.9999999999999999
naive,seq1027@190,0.9878787878787878
naive,seq12324@17,0.9878787878787878
naive,seq3040@28,0.9999999999999999
naive,seq2415@141,0.9999999999999999
naive,seq1199@51,0.9999999999999999
naive,seq503@54,0.9999999999999999
naive,seq5164@47,0.9999999999999999
naive,seq933@59,0.9999999999999999
naive,seq1475@33,0.9999999999999999
naive,seq6096@74,0.9999999999999999
naive,seq18709@30,0.9999999999999999
naive,seq4288@35,0.9999999999999999
naive,seq1957@25,0.9999999999999999
naive,seq13982@54,0.9999999999999999
naive,seq9858@41,0.9999999999999999
naive,seq3555@42,0.9999999999999999
naive,seq250@362,0.9999999999999999
naive,seq2351@23,0.9878787878787878
naive,seq449@137,0.9999999999999999
naive,seq7853@23,0.9999999999999999
naive,seq1469@255,0.9999999999999999
naive,seq4797@20,0.9999999999999999
naive,seq1693@166,0.9999999999999999
naive,seq16170@20,0.9999999999999999
naive,seq177@182,0.9999999999999999
naive,seq18977@20,0.9999999999999999
naive,seq7851@38,0.9999999999999999
naive,seq2414@258,0.9999999999999999
naive,seq22741@20,0.9999999999999999
naive,seq8251@76,0.9999999999999999
naive,seq25@311,0.9999999999999999
naive,seq2475@18,0.9878787878787878
naive,seq6287@48,0.9999999999999999
naive,seq8931@18,0.9999999999999999
naive,seq4820@62,0.9999999999999999
naive,seq33979@18,0.9999999999999999
naive,seq1465@72,0.9999999999999999
naive,seq2038@17,0.9999999999999999
naive,seq4857@35,0.9999999999999999
naive,seq40@232,0.9999999999999999
naive,seq4777@17,0.9999999999999999
naive,seq2734@153,0.9999999999999999
naive,seq39503@17,0.9878787878787878
naive,seq10783@38,0.9999999999999999
naive,seq902@182,0.9999999999999999
naive,seq5374@16,0.9999999999999999
naive,seq2135@242,0.9999999999999999
naive,seq10980@15,0.9999999999999999
naive,seq1042@228,0.9999999999999999
naive,seq7383@14,0.9999999999999999
naive,seq3439@189,0.9999999999999999
naive,seq10410@14,0.9999999999999999
naive,seq6243@33,0.9999999999999999
naive,seq2358@161,0.9999999999999999
naive,seq13003@14,0.9999999999999999
naive,seq210@214,0.9999999999999999
naive,seq16511@14,0.9999999999999999
naive,seq310@108,0.9999999999999999
naive,seq6591@122,0.9999999999999999
naive,seq2164@102,0.9999999999999999
naive,seq4879@26,0.9999999999999999
naive,seq1451@107,0.9999999999999999
naive,seq9233@106,0.9999999999999999
naive,seq2309@88,0.9999999999999999
naive,seq4609@71,0.9999999999999999
naive,seq4332@63,0.9999999999999999
naive,seq1025@55,0.9999999999999999
naive,seq10522@50,0.9999999999999999
naive,seq2671@49,0.9999999999999999
naive,seq11826@45,0.9999999999999999
naive,seq1039@41,0.9999999999999999
naive,seq6979@24,0.9999999999999999
naive,seq3622@19,0.9878787878787878
naive,seq4814@106,0.9999999999999999
naive,seq577@163,0.9999999999999999
naive,seq1059@21,0.9999999999999999
naive,seq45791@17,0.9999999999999999
naive,seq726@868,0.9999999999999999
naive,seq502@38,0.9999999999999999
naive,seq13@122338,0.9999999999999999
naive,seq3503@47,0.9999999999999999
seq311@69,seq4884@146,0.9999999999999999
seq311@69,seq572@46,0.9999999999999999
seq311@69,seq640@140,0.9999999999999999
seq311@69,seq6880@17,0.9999999999999999
seq311@69,seq2694@179,0.9999999999999999
seq311@69,seq54@279,0.9999999999999999
seq311@69,seq965@18,0.9999999999999999
seq311@69,seq33@24,0.9999999999999999
seq311@69,seq290@75,0.9878787878787878
seq311@69,seq1207@134,0.9999999999999999
seq311@69,seq6322@19,0.9999999999999999
seq311@69,seq11088@20,0.9999999999999999
seq311@69,seq1027@190,0.9878787878787878
seq311@69,seq12324@17,0.9878787878787878
seq311@69,seq3040@28,0.9999999999999999
seq311@69,seq2415@141,0.9999999999999999
seq311@69,seq1199@51,0.9999999999999999
seq311@69,seq503@54,0.9999999999999999
seq311@69,seq5164@47,0.9999999999999999
seq311@69,seq933@59,0.9999999999999999
seq311@69,seq1475@33,0.9999999999999999
seq311@69,seq6096@74,0.9999999999999999
seq311@69,seq18709@30,0.9999999999999999
seq311@69,seq4288@35,0.9999999999999999
seq311@69,seq1957@25,0.9999999999999999
seq311@69,seq13982@54,0.9999999999999999
seq311@69,seq9858@41,0.9999999999999999
seq311@69,seq3555@42,0.9999999999999999
seq311@69,seq250@362,0.9999999999999999
seq311@69,seq2351@23,0.9878787878787878
seq311@69,seq449@137,0.9999999999999999
seq311@69,seq7853@23,0.9999999999999999
seq311@69,seq1469@255,0.9999999999999999
seq311@69,seq4797@20,0.9999999999999999
seq311@69,seq1693@166,0.9999999999999999
seq311@69,seq16170@20,0.9999999999999999
seq311@69,seq177@182,0.9999999999999999
seq311@69,seq18977@20,0.9999999999999999
seq311@69,seq7851@38,0.9999999999999999
seq311@69,seq2414@258,0.9999999999999999
seq311@69,seq22741@20,0.9999999999999999
seq311@69,seq8251@76,0.9999999999999999
seq311@69,seq25@311,0.9999999999999999
seq311@69,seq2475@18,0.9878787878787878
seq311@69,seq6287@48,0.9999999999999999
seq311@69,seq8931@18,0.9999999999999999
seq311@69,seq4820@62,0.9999999999999999
seq311@69,seq33979@18,0.9999999999999999
seq311@69,seq1465@72,0.9999999999999999
seq311@69,seq2038@17,0.9999999999999999
seq311@69,seq4857@35,0.9999999999999999
seq311@69,seq40@232,0.9999999999999999
seq311@69,seq4777@17,0.9999999999999999
seq311@69,seq2734@153,0.9999999999999999
seq311@69,seq39503@17,0.9878787878787878
seq311@69,seq10783@38,0.9999999999999999
seq311@69,seq902@182,0.9999999999999999
seq311@69,seq5374@16,0.9999999999999999
seq311@69,seq2135@242,0.9999999999999999
seq311@69,seq10980@15,0.9999999999999999
seq311@69,seq1042@228,0.9999999999999999
seq311@69,seq7383@14,0.9999999999999999
seq311@69,seq3439@189,0.9999999999999999
seq311@69,seq10410@14,0.9999999999999999
seq311@69,seq6243@33,0.9999999999999999
seq311@69,seq2358@161,0.9999999999999999
seq311@69,seq13003@14,0.9999999999999999
seq311@69,seq210@214,0.9999999999999999
seq311@69,seq16511@14,0.9999999999999999
seq311@69,seq310@108,0.9999999999999999
seq311@69,seq6591@122,0.9999999999999999
seq311@69,seq2164@102,0.9999999999999999
seq311@69,seq4879@26,0.9999999999999999
seq311@69,seq1451@107,0.9999999999999999
seq311@69,seq9233@106,0.9999999999999999
seq311@69,seq2309@88,0.9999999999999999
seq311@69,seq4609@71,0.9999999999999999
seq311@69,seq4332@63,0.9999999999999999
seq311@69,seq1025@55,0.9999999999999999
seq311@69,seq10522@50,0.9999999999999999
seq311@69,seq2671@49,0.9999999999999999
seq311@69,seq11826@45,0.9999999999999999
seq311@69,seq1039@41,0.9999999999999999
seq311@69,seq6979@24,0.9999999999999999
seq311@69,seq3622@19,0.9878787878787878
seq311@69,seq4814@106,0.9999999999999999
seq311@69,seq577@163,0.9999999999999999
seq311@69,seq1059@21,0.9999999999999999
seq311@69,seq45791@17,0.9999999999999999
seq311@69,seq726@868,0.9999999999999999
seq311@69,seq502@38,0.9999999999999999
seq311@69,seq13@122338,0.9999999999999999
seq311@69,seq3503@47,0.9999999999999999
seq4884@146,seq572@46,0.9999999999999999
seq4884@146,seq640@140,0.9999999999999999
seq4884@146,seq6880@17,0.9999999999999999
seq4884@146,seq2694@179,0.9999999999999999
seq4884@146,seq54@279,0.9999999999999999
seq4884@146,seq965@18,0.9999999999999999
seq4884@146,seq33@24,0.9999999999999999
seq4884@146,seq290@75,0.9878787878787878
seq4884@146,seq1207@134,0.9999999999999999
seq4884@146,seq6322@19,0.9999999999999999
seq4884@146,seq11088@20,0.9999999999999999
seq4884@146,seq1027@190,0.9878787878787878
seq4884@146,seq12324@17,0.9878787878787878
seq4884@146,seq3040@28,0.9999999999999999
seq4884@146,seq2415@141,0.9999999999999999
seq4884@146,seq1199@51,0.9999999999999999
seq4884@146,seq503@54,0.9999999999999999
seq4884@146,seq5164@47,0.9999999999999999
seq4884@146,seq933@59,0.9999999999999999
seq4884@146,seq1475@33,0.9999999999999999
seq4884@146,seq6096@74,0.9999999999999999
seq4884@146,seq18709@30,0.9999999999999999
seq4884@146,seq4288@35,0.9999999999999999
seq4884@146,seq1957@25,0.9999999999999999
seq4884@146,seq13982@54,0.9999999999999999
seq4884@146,seq9858@41,0.9999999999999999
seq4884@146,seq3555@42,0.9999999999999999
seq4884@146,seq250@362,0.9999999999999999
seq4884@146,seq2351@23,0.9878787878787878
seq4884@146,seq449@137,0.9999999999999999
seq4884@146,seq7853@23,0.9999999999999999
seq4884@146,seq1469@255,0.9999999999999999
seq4884@146,seq4797@20,0.9999999999999999
seq4884@146,seq1693@166,0.9999999999999999
seq4884@146,seq16170@20,0.9999999999999999
seq4884@146,seq177@182,0.9999999999999999
seq4884@146,seq18977@20,0.9999999999999999
seq4884@146,seq7851@38,0.9999999999999999
seq4884@146,seq2414@258,0.9999999999999999
seq4884@146,seq22741@20,0.9999999999999999
seq4884@146,seq8251@76,0.9999999999999999
seq4884@146,seq25@311,0.9999999999999999
seq4884@146,seq2475@18,0.9878787878787878
seq4884@146,seq6287@48,0.9999999999999999
seq4884@146,seq8931@18,0.9999999999999999
seq4884@146,seq4820@62,0.9999999999999999
seq4884@146,seq33979@18,0.9999999999999999
seq4884@146,seq1465@72,0.9999999999999999
seq4884@146,seq2038@17,0.9999999999999999
seq4884@146,seq4857@35,0.9999999999999999
seq4884@146,seq40@232,0.9999999999999999
seq4884@146,seq4777@17,0.9999999999999999
seq4884@146,seq2734@153,0.9999999999999999
seq4884@146,seq39503@17,0.9878787878787878
seq4884@146,seq10783@38,0.9999999999999999
seq4884@146,seq902@182,0.9999999999999999
seq4884@146,seq5374@16,0.9999999999999999
seq4884@146,seq2135@242,0.9999999999999999
seq4884@146,seq10980@15,0.9999999999999999
seq4884@146,seq1042@228,0.9999999999999999
seq4884@146,seq7383@14,0.9999999999999999
seq4884@146,seq3439@189,0.9999999999999999
seq4884@146,seq10410@14,0.9999999999999999
seq4884@146,seq6243@33,0.9999999999999999
seq4884@146,seq2358@161,0.9999999999999999
seq4884@146,seq13003@14,0.9999999999999999
seq4884@146,seq210@214,0.9999999999999999
seq4884@146,seq16511@14,0.9999999999999999
seq4884@146,seq310@108,0.9999999999999999
seq4884@146,seq6591@122,0.9999999999999999
seq4884@146,seq2164@102,0.9999999999999999
seq4884@146,seq4879@26,0.9999999999999999
seq4884@146,seq1451@107,0.9999999999999999
seq4884@146,seq9233@106,0.9999999999999999
seq4884@146,seq2309@88,0.9999999999999999
seq4884@146,seq4609@71,0.9999999999999999
seq4884@146,seq4332@63,0.9999999999999999
seq4884@146,seq1025@55,0.9999999999999999
seq4884@146,seq10522@50,0.9999999999999999
seq4884@146,seq2671@49,0.9999999999999999
seq4884@146,seq11826@45,0.9999999999999999
seq4884@146,seq1039@41,0.9999999999999999
seq4884@146,seq6979@24,0.9999999999999999
seq4884@146,seq3622@19,0.9878787878787878
seq4884@146,seq4814@106,0.9999999999999999
seq4884@146,seq577@163,0.9999999999999999
seq4884@146,seq1059@21,0.9999999999999999
seq4884@146,seq45791@17,0.9999999999999999
seq4884@146,seq726@868,0.9999999999999999
seq4884@146,seq502@38,0.9999999999999999
seq4884@146,seq13@122338,0.9999999999999999
seq4884@146,seq3503@47,0.9999999999999999
seq572@46,seq640@140,0.9999999999999999
seq572@46,seq6880@17,0.9999999999999999
seq572@46,seq2694@179,0.9999999999999999
seq572@46,seq54@279,0.9999999999999999
seq572@46,seq965@18,0.9999999999999999
seq572@46,seq33@24,0.9999999999999999
seq572@46,seq290@75,0.9878787878787878
seq572@46,seq1207@134,0.9999999999999999
seq572@46,seq6322@19,0.9999999999999999
seq572@46,seq11088@20,0.9999999999999999
seq572@46,seq1027@190,0.9878787878787878
seq572@46,seq12324@17,0.9878787878787878
seq572@46,seq3040@28,0.9999999999999999
seq572@46,seq2415@141,0.9999999999999999
seq572@46,seq1199@51,0.9999999999999999
seq572@46,seq503@54,0.9999999999999999
seq572@46,seq5164@47,0.9999999999999999
seq572@46,seq933@59,0.9999999999999999
seq572@46,seq1475@33,0.9999999999999999
seq572@46,seq6096@74,0.9999999999999999
seq572@46,seq18709@30,0.9999999999999999
seq572@46,seq4288@35,0.9999999999999999
seq572@46,seq1957@25,0.9999999999999999
seq572@46,seq13982@54,0.9999999999999999
seq572@46,seq9858@41,0.9999999999999999
seq572@46,seq3555@42,0.9999999999999999
seq572@46,seq250@362,0.9999999999999999
seq572@46,seq2351@23,0.9878787878787878
seq572@46,seq449@137,0.9999999999999999
seq572@46,seq7853@23,0.9999999999999999
seq572@46,seq1469@255,0.9999999999999999
seq572@46,seq4797@20,0.9999999999999999
seq572@46,seq1693@166,0.9999999999999999
seq572@46,seq16170@20,0.9999999999999999
seq572@46,seq177@182,0.9999999999999999
seq572@46,seq18977@20,0.9999999999999999
seq572@46,seq7851@38,0.9999999999999999
seq572@46,seq2414@258,0.9999999999999999
seq572@46,seq22741@20,0.9999999999999999
seq572@46,seq8251@76,0.9999999999999999
seq572@46,seq25@311,0.9999999999999999
seq572@46,seq2475@18,0.9878787878787878
seq572@46,seq6287@48,0.9999999999999999
seq572@46,seq8931@18,0.9999999999999999
seq572@46,seq4820@62,0.9999999999999999
seq572@46,seq33979@18,0.9999999999999999
seq572@46,seq1465@72,0.9999999999999999
seq572@46,seq2038@17,0.9999999999999999
seq572@46,seq4857@35,0.9999999999999999
seq572@46,seq40@232,0.9999999999999999
seq572@46,seq4777@17,0.9999999999999999
seq572@46,seq2734@153,0.9999999999999999
seq572@46,seq39503@17,0.9878787878787878
seq572@46,seq10783@38,0.9999999999999999
seq572@46,seq902@182,0.9999999999999999
seq572@46,seq5374@16,0.9999999999999999
seq572@46,seq2135@242,0.9999999999999999
seq572@46,seq10980@15,0.9999999999999999
seq572@46,seq1042@228,0.9999999999999999
seq572@46,seq7383@14,0.9999999999999999
seq572@46,seq3439@189,0.9999999999999999
seq572@46,seq10410@14,0.9999999999999999
seq572@46,seq6243@33,0.9999999999999999
seq572@46,seq2358@161,0.9999999999999999
seq572@46,seq13003@14,0.9999999999999999
seq572@46,seq210@214,0.9999999999999999
seq572@46,seq16511@14,0.9999999999999999
seq572@46,seq310@108,0.9999999999999999
seq572@46,seq6591@122,0.9999999999999999
seq572@46,seq2164@102,0.9999999999999999
seq572@46,seq4879@26,0.9999999999999999
seq572@46,seq1451@107,0.9999999999999999
seq572@46,seq9233@106,0.9999999999999999
seq572@46,seq2309@88,0.9999999999999999
seq572@46,seq4609@71,0.9999999999999999
seq572@46,seq4332@63,0.9999999999999999
seq572@46,seq1025@55,0.9999999999999999
seq572@46,seq10522@50,0.9999999999999999
seq572@46,seq2671@49,0.9999999999999999
seq572@46,seq11826@45,0.9999999999999999
seq572@46,seq1039@41,0.9999999999999999
seq572@46,seq6979@24,0.9999999999999999
seq572@46,seq3622@19,0.9878787878787878
seq572@46,seq4814@106,0.9999999999999999
seq572@46,seq577@163,0.9999999999999999
seq572@46,seq1059@21,0.9999999999999999
seq572@46,seq45791@17,0.9999999999999999
seq572@46,seq726@868,0.9999999999999999
seq572@46,seq502@38,0.9999999999999999
seq572@46,seq13@122338,0.9999999999999999
seq572@46,seq3503@47,0.9999999999999999
seq640@140,seq6880@17,0.9999999999999999
seq640@140,seq2694@179,0.9999999999999999
seq640@140,seq54@279,0.9999999999999999
seq640@140,seq965@18,0.9999999999999999
seq640@140,seq33@24,0.9999999999999999
seq640@140,seq290@75,0.9878787878787878
seq640@140,seq1207@134,0.9999999999999999
seq640@140,seq6322@19,0.9999999999999999
seq640@140,seq11088@20,0.9999999999999999
seq640@140,seq1027@190,0.9878787878787878
seq640@140,seq12324@17,0.9878787878787878
seq640@140,seq3040@28,0.9999999999999999
seq640@140,seq2415@141,0.9999999999999999
seq640@140,seq1199@51,0.9999999999999999
seq640@140,seq503@54,0.9999999999999999
seq640@140,seq5164@47,0.9999999999999999
seq640@140,seq933@59,0.9999999999999999
seq640@140,seq1475@33,0.9999999999999999
seq640@140,seq6096@74,0.9999999999999999
seq640@140,seq18709@30,0.9999999999999999
seq640@140,seq4288@35,0.9999999999999999
seq640@140,seq1957@25,0.9999999999999999
seq640@140,seq13982@54,0.9999999999999999
seq640@140,seq9858@41,0.9999999999999999
seq640@140,seq3555@42,0.9999999999999999
seq640@140,seq250@362,0.9999999999999999
seq640@140,seq2351@23,0.9878787878787878
seq640@140,seq449@137,0.9999999999999999
seq640@140,seq7853@23,0.9999999999999999
seq640@140,seq1469@255,0.9999999999999999
seq640@140,seq4797@20,0.9999999999999999
seq640@140,seq1693@166,0.9999999999999999
seq640@140,seq16170@20,0.9999999999999999
seq640@140,seq177@182,0.9999999999999999
seq640@140,seq18977@20,0.9999999999999999
seq640@140,seq7851@38,0.9999999999999999
seq640@140,seq2414@258,0.9999999999999999
seq640@140,seq22741@20,0.9999999999999999
seq640@140,seq8251@76,0.9999999999999999
seq640@140,seq25@311,0.9999999999999999
seq640@140,seq2475@18,0.9878787878787878
seq640@140,seq6287@48,0.9999999999999999
seq640@140,seq8931@18,0.9999999999999999
seq640@140,seq4820@62,0.9999999999999999
seq640@140,seq33979@18,0.9999999999999999
seq640@140,seq1465@72,0.9999999999999999
seq640@140,seq2038@17,0.9999999999999999
seq640@140,seq4857@35,0.9999999999999999
seq640@140,seq40@232,0.9999999999999999
seq640@140,seq4777@17,0.9999999999999999
seq640@140,seq2734@153,0.9999999999999999
seq640@140,seq39503@17,0.9878787878787878
seq640@140,seq10783@38,0.9999999999999999
seq640@140,seq902@182,0.9999999999999999
seq640@140,seq5374@16,0.9999999999999999
seq640@140,seq2135@242,0.9999999999999999
seq640@140,seq10980@15,0.9999999999999999
seq640@140,seq1042@228,0.9999999999999999
seq640@140,seq7383@14,0.9999999999999999
seq640@140,seq3439@189,0.9999999999999999
seq640@140,seq10410@14,0.9999999999999999
seq640@140,seq6243@33,0.9999999999999999
seq640@140,seq2358@161,0.9999999999999999
seq640@140,seq13003@14,0.9999999999999999
seq640@140,seq210@214,0.9999999999999999
seq640@140,seq16511@14,0.9999999999999999
seq640@140,seq310@108,0.9999999999999999
seq640@140,seq6591@122,0.9999999999999999
seq640@140,seq2164@102,0.9999999999999999
seq640@140,seq4879@26,0.9999999999999999
seq640@140,seq1451@107,0.9999999999999999
seq640@140,seq9233@106,0.9999999999999999
seq640@140,seq2309@88,0.9999999999999999
seq640@140,seq4609@71,0.9999999999999999
seq640@140,seq4332@63,0.9999999999999999
seq640@140,seq1025@55,0.9999999999999999
seq640@140,seq10522@50,0.9999999999999999
seq640@140,seq2671@49,0.9999999999999999
seq640@140,seq11826@45,0.9999999999999999
seq640@140,seq1039@41,0.9999999999999999
seq640@140,seq6979@24,0.9999999999999999
seq640@140,seq3622@19,0.9878787878787878
seq640@140,seq4814@106,0.9999999999999999
seq640@140,seq577@163,0.9999999999999999
seq640@140,seq1059@21,0.9999999999999999
seq640@140,seq45791@17,0.9999999999999999
seq640@140,seq726@868,0.9999999999999999
seq640@140,seq502@38,0.9999999999999999
seq640@140,seq13@122338,0.9999999999999999
seq640@140,seq3503@47,0.9999999999999999
seq6880@17,seq2694@179,0.9999999999999999
seq6880@17,seq54@279,0.9999999999999999
seq6880@17,seq965@18,0.9999999999999999
seq6880@17,seq33@24,0.9999999999999999
seq6880@17,seq290@75,0.9878787878787878
seq6880@17,seq1207@134,0.9999999999999999
seq6880@17,seq6322@19,0.9999999999999999
seq6880@17,seq11088@20,0.9999999999999999
seq6880@17,seq1027@190,0.9878787878787878
seq6880@17,seq12324@17,0.9878787878787878
seq6880@17,seq3040@28,0.9999999999999999
seq6880@17,seq2415@141,0.9999999999999999
seq6880@17,seq1199@51,0.9999999999999999
seq6880@17,seq503@54,0.9999999999999999
seq6880@17,seq5164@47,0.9999999999999999
seq6880@17,seq933@59,0.9999999999999999
seq6880@17,seq1475@33,0.9999999999999999
seq6880@17,seq6096@74,0.9999999999999999
seq6880@17,seq18709@30,0.9999999999999999
seq6880@17,seq4288@35,0.9999999999999999
seq6880@17,seq1957@25,0.9999999999999999
seq6880@17,seq13982@54,0.9999999999999999
seq6880@17,seq9858@41,0.9999999999999999
seq6880@17,seq3555@42,0.9999999999999999
seq6880@17,seq250@362,0.9999999999999999
seq6880@17,seq2351@23,0.9878787878787878
seq6880@17,seq449@137,0.9999999999999999
seq6880@17,seq7853@23,0.9999999999999999
seq6880@17,seq1469@255,0.9999999999999999
seq6880@17,seq4797@20,0.9999999999999999
seq6880@17,seq1693@166,0.9999999999999999
seq6880@17,seq16170@20,0.9999999999999999
seq6880@17,seq177@182,0.9999999999999999
seq6880@17,seq18977@20,0.9999999999999999
seq6880@17,seq7851@38,0.9999999999999999
seq6880@17,seq2414@258,0.9999999999999999
seq6880@17,seq22741@20,0.9999999999999999
seq6880@17,seq8251@76,0.9999999999999999
seq6880@17,seq25@311,0.9999999999999999
seq6880@17,seq2475@18,0.9878787878787878
seq6880@17,seq6287@48,0.9999999999999999
seq6880@17,seq8931@18,0.9999999999999999
seq6880@17,seq4820@62,0.9999999999999999
seq6880@17,seq33979@18,0.9999999999999999
seq6880@17,seq1465@72,0.9999999999999999
seq6880@17,seq2038@17,0.9999999999999999
seq6880@17,seq4857@35,0.9999999999999999
seq6880@17,seq40@232,0.9999999999999999
seq6880@17,seq4777@17,0.9999999999999999
seq6880@17,seq2734@153,0.9999999999999999
seq6880@17,seq39503@17,0.9878787878787878
seq6880@17,seq10783@38,0.9999999999999999
seq6880@17,seq902@182,0.9999999999999999
seq6880@17,seq5374@16,0.9999999999999999
seq6880@17,seq2135@242,0.9999999999999999
seq6880@17,seq10980@15,0.9999999999999999
seq6880@17,seq1042@228,0.9999999999999999
seq6880@17,seq7383@14,0.9999999999999999
seq6880@17,seq3439@189,0.9999999999999999
seq6880@17,seq10410@14,0.9999999999999999
seq6880@17,seq6243@33,0.9999999999999999
seq6880@17,seq2358@161,0.9999999999999999
seq6880@17,seq13003@14,0.9999999999999999
seq6880@17,seq210@214,0.9999999999999999
seq6880@17,seq16511@14,0.9999999999999999
seq6880@17,seq310@108,0.9999999999999999
seq6880@17,seq6591@122,0.9999999999999999
seq6880@17,seq2164@102,0.9999999999999999
seq6880@17,seq4879@26,0.9999999999999999
seq6880@17,seq1451@107,0.9999999999999999
seq6880@17,seq9233@106,0.9999999999999999
seq6880@17,seq2309@88,0.9999999999999999
seq6880@17,seq4609@71,0.9999999999999999
seq6880@17,seq4332@63,0.9999999999999999
seq6880@17,seq1025@55,0.9999999999999999
seq6880@17,seq10522@50,0.9999999999999999
seq6880@17,seq2671@49,0.9999999999999999
seq6880@17,seq11826@45,0.9999999999999999
seq6880@17,seq1039@41,0.9999999999999999
seq6880@17,seq6979@24,0.9999999999999999
seq6880@17,seq3622@19,0.9878787878787878
seq6880@17,seq4814@106,0.9999999999999999
seq6880@17,seq577@163,0.9999999999999999
seq6880@17,seq1059@21,0.9999999999999999
seq6880@17,seq45791@17,0.9999999999999999
seq6880@17,seq726@868,0.9999999999999999
seq6880@17,seq502@38,0.9999999999999999
seq6880@17,seq13@122338,0.9999999999999999
seq6880@17,seq3503@47,0.9999999999999999
seq2694@179,seq54@279,0.9999999999999999
seq2694@179,seq965@18,0.9999999999999999
seq2694@179,seq33@24,0.9999999999999999
seq2694@179,seq290@75,0.9878787878787878
seq2694@179,seq1207@134,0.9999999999999999
seq2694@179,seq6322@19,0.9999999999999999
seq2694@179,seq11088@20,0.9999999999999999
seq2694@179,seq1027@190,0.9878787878787878
seq2694@179,seq12324@17,0.9878787878787878
seq2694@179,seq3040@28,0.9999999999999999
seq2694@179,seq2415@141,0.9999999999999999
seq2694@179,seq1199@51,0.9999999999999999
seq2694@179,seq503@54,0.9999999999999999
seq2694@179,seq5164@47,0.9999999999999999
seq2694@179,seq933@59,0.9999999999999999
seq2694@179,seq1475@33,0.9999999999999999
seq2694@179,seq6096@74,0.9999999999999999
seq2694@179,seq18709@30,0.9999999999999999
seq2694@179,seq4288@35,0.9999999999999999
seq2694@179,seq1957@25,0.9999999999999999
seq2694@179,seq13982@54,0.9999999999999999
seq2694@179,seq9858@41,0.9999999999999999
seq2694@179,seq3555@42,0.9999999999999999
seq2694@179,seq250@362,0.9999999999999999
seq2694@179,seq2351@23,0.9878787878787878
seq2694@179,seq449@137,0.9999999999999999
seq2694@179,seq7853@23,0.9999999999999999
seq2694@179,seq1469@255,0.9999999999999999
seq2694@179,seq4797@20,0.9999999999999999
seq2694@179,seq1693@166,0.9999999999999999
seq2694@179,seq16170@20,0.9999999999999999
seq2694@179,seq177@182,0.9999999999999999
seq2694@179,seq18977@20,0.9999999999999999
seq2694@179,seq7851@38,0.9999999999999999
seq2694@179,seq2414@258,0.9999999999999999
seq2694@179,seq22741@20,0.9999999999999999
seq2694@179,seq8251@76,0.9999999999999999
seq2694@179,seq25@311,0.9999999999999999
seq2694@179,seq2475@18,0.9878787878787878
seq2694@179,seq6287@48,0.9999999999999999
seq2694@179,seq8931@18,0.9999999999999999
seq2694@179,seq4820@62,0.9999999999999999
seq2694@179,seq33979@18,0.9999999999999999
seq2694@179,seq1465@72,0.9999999999999999
seq2694@179,seq2038@17,0.9999999999999999
seq2694@179,seq4857@35,0.9999999999999999
seq2694@179,seq40@232,0.9999999999999999
seq2694@179,seq4777@17,0.9999999999999999
seq2694@179,seq2734@153,0.9999999999999999
seq2694@179,seq39503@17,0.9878787878787878
seq2694@179,seq10783@38,0.9999999999999999
seq2694@179,seq902@182,0.9999999999999999
seq2694@179,seq5374@16,0.9999999999999999
seq2694@179,seq2135@242,0.9999999999999999
seq2694@179,seq10980@15,0.9999999999999999
seq2694@179,seq1042@228,0.9999999999999999
seq2694@179,seq7383@14,0.9999999999999999
seq2694@179,seq3439@189,0.9999999999999999
seq2694@179,seq10410@14,0.9999999999999999
seq2694@179,seq6243@33,0.9999999999999999
seq2694@179,seq2358@161,0.9999999999999999
seq2694@179,seq13003@14,0.9999999999999999
seq2694@179,seq210@214,0.9999999999999999
seq2694@179,seq16511@14,0.9999999999999999
seq2694@179,seq310@108,0.9999999999999999
seq2694@179,seq6591@122,0.9999999999999999
seq2694@179,seq2164@102,0.9999999999999999
seq2694@179,seq4879@26,0.9999999999999999
seq2694@179,seq1451@107,0.9999999999999999
seq2694@179,seq9233@106,0.9999999999999999
seq2694@179,seq2309@88,0.9999999999999999
seq2694@179,seq4609@71,0.9999999999999999
seq2694@179,seq4332@63,0.9999999999999999
seq2694@179,seq1025@55,0.9999999999999999
seq2694@179,seq10522@50,0.9999999999999999
seq2694@179,seq2671@49,0.9999999999999999
seq2694@179,seq11826@45,0.9999999999999999
seq2694@179,seq1039@41,0.9999999999999999
seq2694@179,seq6979@24,0.9999999999999999
seq2694@179,seq3622@19,0.9878787878787878
seq2694@179,seq4814@106,0.9999999999999999
seq2694@179,seq577@163,0.9999999999999999
seq2694@179,seq1059@21,0.9999999999999999
seq2694@179,seq45791@17,0.9999999999999999
seq2694@179,seq726@868,0.9999999999999999
seq2694@179,seq502@38,0.9999999999999999
seq2694@179,seq13@122338,0.9999999999999999
seq2694@179,seq3503@47,0.9999999999999999
seq54@279,seq965@18,0.9999999999999999
seq54@279,seq33@24,0.9999999999999999
seq54@279,seq290@75,0.9878787878787878
seq54@279,seq1207@134,0.9999999999999999
seq54@279,seq6322@19,0.9999999999999999
seq54@279,seq11088@20,0.9999999999999999
seq54@279,seq1027@190,0.9878787878787878
seq54@279,seq12324@17,0.9878787878787878
seq54@279,seq3040@28,0.9999999999999999
seq54@279,seq2415@141,0.9999999999999999
seq54@279,seq1199@51,0.9999999999999999
seq54@279,seq503@54,0.9999999999999999
seq54@279,seq5164@47,0.9999999999999999
seq54@279,seq933@59,0.9999999999999999
seq54@279,seq1475@33,0.9999999999999999
seq54@279,seq6096@74,0.9999999999999999
seq54@279,seq18709@30,0.9999999999999999
seq54@279,seq4288@35,0.9999999999999999
seq54@279,seq1957@25,0.9999999999999999
seq54@279,seq13982@54,0.9999999999999999
seq54@279,seq9858@41,0.9999999999999999
seq54@279,seq3555@42,0.9999999999999999
seq54@279,seq250@362,0.9999999999999999
seq54@279,seq2351@23,0.9878787878787878
seq54@279,seq449@137,0.9999999999999999
seq54@279,seq7853@23,0.9999999999999999
seq54@279,seq1469@255,0.9999999999999999
seq54@279,seq4797@20,0.9999999999999999
seq54@279,seq1693@166,0.9999999999999999
seq54@279,seq16170@20,0.9999999999999999
seq54@279,seq177@182,0.9999999999999999
seq54@279,seq18977@20,0.9999999999999999
seq54@279,seq7851@38,0.9999999999999999
seq54@279,seq2414@258,0.9999999999999999
seq54@279,seq22741@20,0.9999999999999999
seq54@279,seq8251@76,0.9999999999999999
seq54@279,seq25@311,0.9999999999999999
seq54@279,seq2475@18,0.9878787878787878
seq54@279,seq6287@48,0.9999999999999999
seq54@279,seq8931@18,0.9999999999999999
seq54@279,seq4820@62,0.9999999999999999
seq54@279,seq33979@18,0.9999999999999999
seq54@279,seq1465@72,0.9999999999999999
seq54@279,seq2038@17,0.9999999999999999
seq54@279,seq4857@35,0.9999999999999999
seq54@279,seq40@232,0.9999999999999999
seq54@279,seq4777@17,0.9999999999999999
seq54@279,seq2734@153,0.9999999999999999
seq54@279,seq39503@17,0.9878787878787878
seq54@279,seq10783@38,0.9999999999999999
seq54@279,seq902@182,0.9999999999999999
seq54@279,seq5374@16,0.9999999999999999
seq54@279,seq2135@242,0.9999999999999999
seq54@279,seq10980@15,0.9999999999999999
seq54@279,seq1042@228,0.9999999999999999
seq54@279,seq7383@14,0.9999999999999999
seq54@279,seq3439@189,0.9999999999999999
seq54@279,seq10410@14,0.9999999999999999
seq54@279,seq6243@33,0.9999999999999999
seq54@279,seq2358@161,0.9999999999999999
seq54@279,seq13003@14,0.9999999999999999
seq54@279,seq210@214,0.9999999999999999
seq54@279,seq16511@14,0.9999999999999999
seq54@279,seq310@108,0.9999999999999999
seq54@279,seq6591@122,0.9999999999999999
seq54@279,seq2164@102,0.9999999999999999
seq54@279,seq4879@26,0.9999999999999999
seq54@279,seq1451@107,0.9999999999999999
seq54@279,seq9233@106,0.9999999999999999
seq54@279,seq2309@88,0.9999999999999999
seq54@279,seq4609@71,0.9999999999999999
seq54@279,seq4332@63,0.9999999999999999
seq54@279,seq1025@55,0.9999999999999999
seq54@279,seq10522@50,0.9999999999999999
seq54@279,seq2671@49,0.9999999999999999
seq54@279,seq11826@45,0.9999999999999999
seq54@279,seq1039@41,0.9999999999999999
seq54@279,seq6979@24,0.9999999999999999
seq54@279,seq3622@19,0.9878787878787878
seq54@279,seq4814@106,0.9999999999999999
seq54@279,seq577@163,0.9999999999999999
seq54@279,seq1059@21,0.9999999999999999
seq54@279,seq45791@17,0.9999999999999999
seq54@279,seq726@868,0.9999999999999999
seq54@279,seq502@38,0.9999999999999999
seq54@279,seq13@122338,0.9999999999999999
seq54@279,seq3503@47,0.9999999999999999
seq965@18,seq33@24,0.9999999999999999
seq965@18,seq290@75,0.9878787878787878
seq965@18,seq1207@134,0.9999999999999999
seq965@18,seq6322@19,0.9999999999999999
seq965@18,seq11088@20,0.9999999999999999
seq965@18,seq1027@190,0.9878787878787878
seq965@18,seq12324@17,0.9878787878787878
seq965@18,seq3040@28,0.9999999999999999
seq965@18,seq2415@141,0.9999999999999999
seq965@18,seq1199@51,0.9999999999999999
seq965@18,seq503@54,0.9999999999999999
seq965@18,seq5164@47,0.9999999999999999
seq965@18,seq933@59,0.9999999999999999
seq965@18,seq1475@33,0.9999999999999999
seq965@18,seq6096@74,0.9999999999999999
seq965@18,seq18709@30,0.9999999999999999
seq965@18,seq4288@35,0.9999999999999999
seq965@18,seq1957@25,0.9999999999999999
seq965@18,seq13982@54,0.9999999999999999
seq965@18,seq9858@41,0.9999999999999999
seq965@18,seq3555@42,0.9999999999999999
seq965@18,seq250@362,0.9999999999999999
seq965@18,seq2351@23,0.9878787878787878
seq965@18,seq449@137,0.9999999999999999
seq965@18,seq7853@23,0.9999999999999999
seq965@18,seq1469@255,0.9999999999999999
seq965@18,seq4797@20,0.9999999999999999
seq965@18,seq1693@166,0.9999999999999999
seq965@18,seq16170@20,0.9999999999999999
seq965@18,seq177@182,0.9999999999999999
seq965@18,seq18977@20,0.9999999999999999
seq965@18,seq7851@38,0.9999999999999999
seq965@18,seq2414@258,0.9999999999999999
seq965@18,seq22741@20,0.9999999999999999
seq965@18,seq8251@76,0.9999999999999999
seq965@18,seq25@311,0.9999999999999999
seq965@18,seq2475@18,0.9878787878787878
seq965@18,seq6287@48,0.9999999999999999
seq965@18,seq8931@18,0.9999999999999999
seq965@18,seq4820@62,0.9999999999999999
seq965@18,seq33979@18,0.9999999999999999
seq965@18,seq1465@72,0.9999999999999999
seq965@18,seq2038@17,0.9999999999999999
seq965@18,seq4857@35,0.9999999999999999
seq965@18,seq40@232,0.9999999999999999
seq965@18,seq4777@17,0.9999999999999999
seq965@18,seq2734@153,0.9999999999999999
seq965@18,seq39503@17,0.9878787878787878
seq965@18,seq10783@38,0.9999999999999999
seq965@18,seq902@182,0.9999999999999999
seq965@18,seq5374@16,0.9999999999999999
seq965@18,seq2135@242,0.9999999999999999
seq965@18,seq10980@15,0.9999999999999999
seq965@18,seq1042@228,0.9999999999999999
seq965@18,seq7383@14,0.9999999999999999
seq965@18,seq3439@189,0.9999999999999999
seq965@18,seq10410@14,0.9999999999999999
seq965@18,seq6243@33,0.9999999999999999
seq965@18,seq2358@161,0.9999999999999999
seq965@18,seq13003@14,0.9999999999999999
seq965@18,seq210@214,0.9999999999999999
seq965@18,seq16511@14,0.9999999999999999
seq965@18,seq310@108,0.9999999999999999
seq965@18,seq6591@122,0.9999999999999999
seq965@18,seq2164@102,0.9999999999999999
seq965@18,seq4879@26,0.9999999999999999
seq965@18,seq1451@107,0.9999999999999999
seq965@18,seq9233@106,0.9999999999999999
seq965@18,seq2309@88,0.9999999999999999
seq965@18,seq4609@71,0.9999999999999999
seq965@18,seq4332@63,0.9999999999999999
seq965@18,seq1025@55,0.9999999999999999
seq965@18,seq10522@50,0.9999999999999999
seq965@18,seq2671@49,0.9999999999999999
seq965@18,seq11826@45,0.9999999999999999
seq965@18,seq1039@41,0.9999999999999999
seq965@18,seq6979@24,0.9999999999999999
seq965@18,seq3622@19,0.9878787878787878
seq965@18,seq4814@106,0.9999999999999999
seq965@18,seq577@163,0.9999999999999999
seq965@18,seq1059@21,0.9999999999999999
seq965@18,seq45791@17,0.9999999999999999
seq965@18,seq726@868,0.9999999999999999
seq965@18,seq502@38,0.9999999999999999
seq965@18,seq13@122338,0.9999999999999999
seq965@18,seq3503@47,0.9999999999999999
seq33@24,seq290@75,0.9878787878787878
seq33@24,seq1207@134,0.9999999999999999
seq33@24,seq6322@19,0.9999999999999999
seq33@24,seq11088@20,0.9999999999999999
seq33@24,seq1027@190,0.9878787878787878
seq33@24,seq12324@17,0.9878787878787878
seq33@24,seq3040@28,0.9999999999999999
seq33@24,seq2415@141,0.9999999999999999
seq33@24,seq1199@51,0.9999999999999999
seq33@24,seq503@54,0.9999999999999999
seq33@24,seq5164@47,0.9999999999999999
seq33@24,seq933@59,0.9999999999999999
seq33@24,seq1475@33,0.9999999999999999
seq33@24,seq6096@74,0.9999999999999999
seq33@24,seq18709@30,0.9999999999999999
seq33@24,seq4288@35,0.9999999999999999
seq33@24,seq1957@25,0.9999999999999999
seq33@24,seq13982@54,0.9999999999999999
seq33@24,seq9858@41,0.9999999999999999
seq33@24,seq3555@42,0.9999999999999999
seq33@24,seq250@362,0.9999999999999999
seq33@24,seq2351@23,0.9878787878787878
seq33@24,seq449@137,0.9999999999999999
seq33@24,seq7853@23,0.9999999999999999
seq33@24,seq1469@255,0.9999999999999999
seq33@24,seq4797@20,0.9999999999999999
seq33@24,seq1693@166,0.9999999999999999
seq33@24,seq16170@20,0.9999999999999999
seq33@24,seq177@182,0.9999999999999999
seq33@24,seq18977@20,0.9999999999999999
seq33@24,seq7851@38,0.9999999999999999
seq33@24,seq2414@258,0.9999999999999999
seq33@24,seq22741@20,0.9999999999999999
seq33@24,seq8251@76,0.9999999999999999
seq33@24,seq25@311,0.9999999999999999
seq33@24,seq2475@18,0.9878787878787878
seq33@24,seq6287@48,0.9999999999999999
seq33@24,seq8931@18,0.9999999999999999
seq33@24,seq4820@62,0.9999999999999999
seq33@24,seq33979@18,0.9999999999999999
seq33@24,seq1465@72,0.9999999999999999
seq33@24,seq2038@17,0.9999999999999999
seq33@24,seq4857@35,0.9999999999999999
seq33@24,seq40@232,0.9999999999999999
seq33@24,seq4777@17,0.9999999999999999
seq33@24,seq2734@153,0.9999999999999999
seq33@24,seq39503@17,0.9878787878787878
seq33@24,seq10783@38,0.9999999999999999
seq33@24,seq902@182,0.9999999999999999
seq33@24,seq5374@16,0.9999999999999999
seq33@24,seq2135@242,0.9999999999999999
seq33@24,seq10980@15,0.9999999999999999
seq33@24,seq1042@228,0.9999999999999999
seq33@24,seq7383@14,0.9999999999999999
seq33@24,seq3439@189,0.9999999999999999
seq33@24,seq10410@14,0.9999999999999999
seq33@24,seq6243@33,0.9999999999999999
seq33@24,seq2358@161,0.9999999999999999
seq33@24,seq13003@14,0.9999999999999999
seq33@24,seq210@214,0.9999999999999999
seq33@24,seq16511@14,0.9999999999999999
seq33@24,seq310@108,0.9999999999999999
seq33@24,seq6591@122,0.9999999999999999
seq33@24,seq2164@102,0.9999999999999999
seq33@24,seq4879@26,0.9999999999999999
seq33@24,seq1451@107,0.9999999999999999
seq33@24,seq9233@106,0.9999999999999999
seq33@24,seq2309@88,0.9999999999999999
seq33@24,seq4609@71,0.9999999999999999
seq33@24,seq4332@63,0.9999999999999999
seq33@24,seq1025@55,0.9999999999999999
seq33@24,seq10522@50,0.9999999999999999
seq33@24,seq2671@49,0.9999999999999999
seq33@24,seq11826@45,0.9999999999999999
seq33@24,seq1039@41,0.9999999999999999
seq33@24,seq6979@24,0.9999999999999999
seq33@24,seq3622@19,0.9878787878787878
seq33@24,seq4814@106,0.9999999999999999
seq33@24,seq577@163,0.9999999999999999
seq33@24,seq1059@21,0.9999999999999999
seq33@24,seq45791@17,0.9999999999999999
seq33@24,seq726@868,0.9999999999999999
seq33@24,seq502@38,0.9999999999999999
seq33@24,seq13@122338,0.9999999999999999
seq33@24,seq3503@47,0.9999999999999999
seq290@75,seq1207@134,0.9878787878787878
seq290@75,seq6322@19,0.9878787878787878
seq290@75,seq11088@20,0.9878787878787878
seq290@75,seq1027@190,0.9999999999999999
seq290@75,seq12324@17,0.9999999999999999
seq290@75,seq3040@28,0.9878787878787878
seq290@75,seq2415@141,0.9878787878787878
seq290@75,seq1199@51,0.9878787878787878
seq290@75,seq503@54,0.9878787878787878
seq290@75,seq5164@47,0.9878787878787878
seq290@75,seq933@59,0.9878787878787878
seq290@75,seq1475@33,0.9878787878787878
seq290@75,seq6096@74,0.9878787878787878
seq290@75,seq18709@30,0.9878787878787878
seq290@75,seq4288@35,0.9878787878787878
seq290@75,seq1957@25,0.9878787878787878
seq290@75,seq13982@54,0.9878787878787878
seq290@75,seq9858@41,0.9878787878787878
seq290@75,seq3555@42,0.9878787878787878
seq290@75,seq250@362,0.9878787878787878
seq290@75,seq2351@23,0.9999999999999999
seq290@75,seq449@137,0.9878787878787878
seq290@75,seq7853@23,0.9878787878787878
seq290@75,seq1469@255,0.9878787878787878
seq290@75,seq4797@20,0.9878787878787878
seq290@75,seq1693@166,0.9878787878787878
seq290@75,seq16170@20,0.9878787878787878
seq290@75,seq177@182,0.9878787878787878
seq290@75,seq18977@20,0.9878787878787878
seq290@75,seq7851@38,0.9878787878787878
seq290@75,seq2414@258,0.9878787878787878
seq290@75,seq22741@20,0.9878787878787878
seq290@75,seq8251@76,0.9878787878787878
seq290@75,seq25@311,0.9878787878787878
seq290@75,seq2475@18,0.9636363636363635
seq290@75,seq6287@48,0.9878787878787878
seq290@75,seq8931@18,0.9878787878787878
seq290@75,seq4820@62,0.9878787878787878
seq290@75,seq33979@18,0.9878787878787878
seq290@75,seq1465@72,0.9878787878787878
seq290@75,seq2038@17,0.9878787878787878
seq290@75,seq4857@35,0.9878787878787878
seq290@75,seq40@232,0.9878787878787878
seq290@75,seq4777@17,0.9878787878787878
seq290@75,seq2734@153,0.9878787878787878
seq290@75,seq39503@17,0.9636363636363635
seq290@75,seq10783@38,0.9878787878787878
seq290@75,seq902@182,0.9878787878787878
seq290@75,seq5374@16,0.9878787878787878
seq290@75,seq2135@242,0.9878787878787878
seq290@75,seq10980@15,0.9878787878787878
seq290@75,seq1042@228,0.9878787878787878
seq290@75,seq7383@14,0.9878787878787878
seq290@75,seq3439@189,0.9878787878787878
seq290@75,seq10410@14,0.9878787878787878
seq290@75,seq6243@33,0.9878787878787878
seq290@75,seq2358@161,0.9878787878787878
seq290@75,seq13003@14,0.9878787878787878
seq290@75,seq210@214,0.9878787878787878
seq290@75,seq16511@14,0.9878787878787878
seq290@75,seq310@108,0.9878787878787878
seq290@75,seq6591@122,0.9878787878787878
seq290@75,seq2164@102,0.9878787878787878
seq290@75,seq4879@26,0.9878787878787878
seq290@75,seq1451@107,0.9878787878787878
seq290@75,seq9233@106,0.9878787878787878
seq290@75,seq2309@88,0.9878787878787878
seq290@75,seq4609@71,0.9878787878787878
seq290@75,seq4332@63,0.9878787878787878
seq290@75,seq1025@55,0.9878787878787878
seq290@75,seq10522@50,0.9878787878787878
seq290@75,seq2671@49,0.9878787878787878
seq290@75,seq11826@45,0.9878787878787878
seq290@75,seq1039@41,0.9878787878787878
seq290@75,seq6979@24,0.9878787878787878
seq290@75,seq3622@19,0.9636363636363635
seq290@75,seq4814@106,0.9878787878787878
seq290@75,seq577@163,0.9878787878787878
seq290@75,seq1059@21,0.9878787878787878
seq290@75,seq45791@17,0.9878787878787878
seq290@75,seq726@868,0.9878787878787878
seq290@75,seq502@38,0.9878787878787878
seq290@75,seq13@122338,0.9878787878787878
seq290@75,seq3503@47,0.9878787878787878
seq1207@134,seq6322@19,0.9999999999999999
seq1207@134,seq11088@20,0.9999999999999999
seq1207@134,seq1027@190,0.9878787878787878
seq1207@134,seq12324@17,0.9878787878787878
seq1207@134,seq3040@28,0.9999999999999999
seq1207@134,seq2415@141,0.9999999999999999
seq1207@134,seq1199@51,0.9999999999999999
seq1207@134,seq503@54,0.9999999999999999
seq1207@134,seq5164@47,0.9999999999999999
seq1207@134,seq933@59,0.9999999999999999
seq1207@134,seq1475@33,0.9999999999999999
seq1207@134,seq6096@74,0.9999999999999999
seq1207@134,seq18709@30,0.9999999999999999
seq1207@134,seq4288@35,0.9999999999999999
seq1207@134,seq1957@25,0.9999999999999999
seq1207@134,seq13982@54,0.9999999999999999
seq1207@134,seq9858@41,0.9999999999999999
seq1207@134,seq3555@42,0.9999999999999999
seq1207@134,seq250@362,0.9999999999999999
seq1207@134,seq2351@23,0.9878787878787878
seq1207@134,seq449@137,0.9999999999999999
seq1207@134,seq7853@23,0.9999999999999999
seq1207@134,seq1469@255,0.9999999999999999
seq1207@134,seq4797@20,0.9999999999999999
seq1207@134,seq1693@166,0.9999999999999999
seq1207@134,seq16170@20,0.9999999999999999
seq1207@134,seq177@182,0.9999999999999999
seq1207@134,seq18977@20,0.9999999999999999
seq1207@134,seq7851@38,0.9999999999999999
seq1207@134,seq2414@258,0.9999999999999999
seq1207@134,seq22741@20,0.9999999999999999
seq1207@134,seq8251@76,0.9999999999999999
seq1207@134,seq25@311,0.9999999999999999
seq1207@134,seq2475@18,0.9878787878787878
seq1207@134,seq6287@48,0.9999999999999999
seq1207@134,seq8931@18,0.9999999999999999
seq1207@134,seq4820@62,0.9999999999999999
seq1207@134,seq33979@18,0.9999999999999999
seq1207@134,seq1465@72,0.9999999999999999
seq1207@134,seq2038@17,0.9999999999999999
seq1207@134,seq4857@35,0.9999999999999999
seq1207@134,seq40@232,0.9999999999999999
seq1207@134,seq4777@17,0.9999999999999999
seq1207@134,seq2734@153,0.9999999999999999
seq1207@134,seq39503@17,0.9878787878787878
seq1207@134,seq10783@38,0.9999999999999999
seq1207@134,seq902@182,0.9999999999999999
seq1207@134,seq5374@16,0.9999999999999999
seq1207@134,seq2135@242,0.9999999999999999
seq1207@134,seq10980@15,0.9999999999999999
seq1207@134,seq1042@228,0.9999999999999999
seq1207@134,seq7383@14,0.9999999999999999
seq1207@134,seq3439@189,0.9999999999999999
seq1207@134,seq10410@14,0.9999999999999999
seq1207@134,seq6243@33,0.9999999999999999
seq1207@134,seq2358@161,0.9999999999999999
seq1207@134,seq13003@14,0.9999999999999999
seq1207@134,seq210@214,0.9999999999999999
seq1207@134,seq16511@14,0.9999999999999999
seq1207@134,seq310@108,0.9999999999999999
seq1207@134,seq6591@122,0.9999999999999999
seq1207@134,seq2164@102,0.9999999999999999
seq1207@134,seq4879@26,0.9999999999999999
seq1207@134,seq1451@107,0.9999999999999999
seq1207@134,seq9233@106,0.9999999999999999
seq1207@134,seq2309@88,0.9999999999999999
seq1207@134,seq4609@71,0.9999999999999999
seq1207@134,seq4332@63,0.9999999999999999
seq1207@134,seq1025@55,0.9999999999999999
seq1207@134,seq10522@50,0.9999999999999999
seq1207@134,seq2671@49,0.9999999999999999
seq1207@134,seq11826@45,0.9999999999999999
seq1207@134,seq1039@41,0.9999999999999999
seq1207@134,seq6979@24,0.9999999999999999
seq1207@134,seq3622@19,0.9878787878787878
seq1207@134,seq4814@106,0.9999999999999999
seq1207@134,seq577@163,0.9999999999999999
seq1207@134,seq1059@21,0.9999999999999999
seq1207@134,seq45791@17,0.9999999999999999
seq1207@134,seq726@868,0.9999999999999999
seq1207@134,seq502@38,0.9999999999999999
seq1207@134,seq13@122338,0.9999999999999999
seq1207@134,seq3503@47,0.9999999999999999
seq6322@19,seq11088@20,0.9999999999999999
seq6322@19,seq1027@190,0.9878787878787878
seq6322@19,seq12324@17,0.9878787878787878
seq6322@19,seq3040@28,0.9999999999999999
seq6322@19,seq2415@141,0.9999999999999999
seq6322@19,seq1199@51,0.9999999999999999
seq6322@19,seq503@54,0.9999999999999999
seq6322@19,seq5164@47,0.9999999999999999
seq6322@19,seq933@59,0.9999999999999999
seq6322@19,seq1475@33,0.9999999999999999
seq6322@19,seq6096@74,0.9999999999999999
seq6322@19,seq18709@30,0.9999999999999999
seq6322@19,seq4288@35,0.9999999999999999
seq6322@19,seq1957@25,0.9999999999999999
seq6322@19,seq13982@54,0.9999999999999999
seq6322@19,seq9858@41,0.9999999999999999
seq6322@19,seq3555@42,0.9999999999999999
seq6322@19,seq250@362,0.9999999999999999
seq6322@19,seq2351@23,0.9878787878787878
seq6322@19,seq449@137,0.9999999999999999
seq6322@19,seq7853@23,0.9999999999999999
seq6322@19,seq1469@255,0.9999999999999999
seq6322@19,seq4797@20,0.9999999999999999
seq6322@19,seq1693@166,0.9999999999999999
seq6322@19,seq16170@20,0.9999999999999999
seq6322@19,seq177@182,0.9999999999999999
seq6322@19,seq18977@20,0.9999999999999999
seq6322@19,seq7851@38,0.9999999999999999
seq6322@19,seq2414@258,0.9999999999999999
seq6322@19,seq22741@20,0.9999999999999999
seq6322@19,seq8251@76,0.9999999999999999
seq6322@19,seq25@311,0.9999999999999999
seq6322@19,seq2475@18,0.9878787878787878
seq6322@19,seq6287@48,0.9999999999999999
seq6322@19,seq8931@18,0.9999999999999999
seq6322@19,seq4820@62,0.9999999999999999
seq6322@19,seq33979@18,0.9999999999999999
seq6322@19,seq1465@72,0.9999999999999999
seq6322@19,seq2038@17,0.9999999999999999
seq6322@19,seq4857@35,0.9999999999999999
seq6322@19,seq40@232,0.9999999999999999
seq6322@19,seq4777@17,0.9999999999999999
seq6322@19,seq2734@153,0.9999999999999999
seq6322@19,seq39503@17,0.9878787878787878
seq6322@19,seq10783@38,0.9999999999999999
seq6322@19,seq902@182,0.9999999999999999
seq6322@19,seq5374@16,0.9999999999999999
seq6322@19,seq2135@242,0.9999999999999999
seq6322@19,seq10980@15,0.9999999999999999
seq6322@19,seq1042@228,0.9999999999999999
seq6322@19,seq7383@14,0.9999999999999999
seq6322@19,seq3439@189,0.9999999999999999
seq6322@19,seq10410@14,0.9999999999999999
seq6322@19,seq6243@33,0.9999999999999999
seq6322@19,seq2358@161,0.9999999999999999
seq6322@19,seq13003@14,0.9999999999999999
seq6322@19,seq210@214,0.9999999999999999
seq6322@19,seq16511@14,0.9999999999999999
seq6322@19,seq310@108,0.9999999999999999
seq6322@19,seq6591@122,0.9999999999999999
seq6322@19,seq2164@102,0.9999999999999999
seq6322@19,seq4879@26,0.9999999999999999
seq6322@19,seq1451@107,0.9999999999999999
seq6322@19,seq9233@106,0.9999999999999999
seq6322@19,seq2309@88,0.9999999999999999
seq6322@19,seq4609@71,0.9999999999999999
seq6322@19,seq4332@63,0.9999999999999999
seq6322@19,seq1025@55,0.9999999999999999
seq6322@19,seq10522@50,0.9999999999999999
seq6322@19,seq2671@49,0.9999999999999999
seq6322@19,seq11826@45,0.9999999999999999
seq6322@19,seq1039@41,0.9999999999999999
seq6322@19,seq6979@24,0.9999999999999999
seq6322@19,seq3622@19,0.9878787878787878
seq6322@19,seq4814@106,0.9999999999999999
seq6322@19,seq577@163,0.9999999999999999
seq6322@19,seq1059@21,0.9999999999999999
seq6322@19,seq45791@17,0.9999999999999999
seq6322@19,seq726@868,0.9999999999999999
seq6322@19,seq502@38,0.9999999999999999
seq6322@19,seq13@122338,0.9999999999999999
seq6322@19,seq3503@47,0.9999999999999999
seq11088@20,seq1027@190,0.9878787878787878
seq11088@20,seq12324@17,0.9878787878787878
seq11088@20,seq3040@28,0.9999999999999999
seq11088@20,seq2415@141,0.9999999999999999
seq11088@20,seq1199@51,0.9999999999999999
seq11088@20,seq503@54,0.9999999999999999
seq11088@20,seq5164@47,0.9999999999999999
seq11088@20,seq933@59,0.9999999999999999
seq11088@20,seq1475@33,0.9999999999999999
seq11088@20,seq6096@74,0.9999999999999999
seq11088@20,seq18709@30,0.9999999999999999
seq11088@20,seq4288@35,0.9999999999999999
seq11088@20,seq1957@25,0.9999999999999999
seq11088@20,seq13982@54,0.9999999999999999
seq11088@20,seq9858@41,0.9999999999999999
seq11088@20,seq3555@42,0.9999999999999999
seq11088@20,seq250@362,0.9999999999999999
seq11088@20,seq2351@23,0.9878787878787878
seq11088@20,seq449@137,0.9999999999999999
seq11088@20,seq7853@23,0.9999999999999999
seq11088@20,seq1469@255,0.9999999999999999
seq11088@20,seq4797@20,0.9999999999999999
seq11088@20,seq1693@166,0.9999999999999999
seq11088@20,seq16170@20,0.9999999999999999
seq11088@20,seq177@182,0.9999999999999999
seq11088@20,seq18977@20,0.9999999999999999
seq11088@20,seq7851@38,0.9999999999999999
seq11088@20,seq2414@258,0.9999999999999999
seq11088@20,seq22741@20,0.9999999999999999
seq11088@20,seq8251@76,0.9999999999999999
seq11088@20,seq25@311,0.9999999999999999
seq11088@20,seq2475@18,0.9878787878787878
seq11088@20,seq6287@48,0.9999999999999999
seq11088@20,seq8931@18,0.9999999999999999
seq11088@20,seq4820@62,0.9999999999999999
seq11088@20,seq33979@18,0.9999999999999999
seq11088@20,seq1465@72,0.9999999999999999
seq11088@20,seq2038@17,0.9999999999999999
seq11088@20,seq4857@35,0.9999999999999999
seq11088@20,seq40@232,0.9999999999999999
seq11088@20,seq4777@17,0.9999999999999999
seq11088@20,seq2734@153,0.9999999999999999
seq11088@20,seq39503@17,0.9878787878787878
seq11088@20,seq10783@38,0.9999999999999999
seq11088@20,seq902@182,0.9999999999999999
seq11088@20,seq5374@16,0.9999999999999999
seq11088@20,seq2135@242,0.9999999999999999
seq11088@20,seq10980@15,0.9999999999999999
seq11088@20,seq1042@228,0.9999999999999999
seq11088@20,seq7383@14,0.9999999999999999
seq11088@20,seq3439@189,0.9999999999999999
seq11088@20,seq10410@14,0.9999999999999999
seq11088@20,seq6243@33,0.9999999999999999
seq11088@20,seq2358@161,0.9999999999999999
seq11088@20,seq13003@14,0.9999999999999999
seq11088@20,seq210@214,0.9999999999999999
seq11088@20,seq16511@14,0.9999999999999999
seq11088@20,seq310@108,0.9999999999999999
seq11088@20,seq6591@122,0.9999999999999999
seq11088@20,seq2164@102,0.9999999999999999
seq11088@20,seq4879@26,0.9999999999999999
seq11088@20,seq1451@107,0.9999999999999999
seq11088@20,seq9233@106,0.9999999999999999
seq11088@20,seq2309@88,0.9999999999999999
seq11088@20,seq4609@71,0.9999999999999999
seq11088@20,seq4332@63,0.9999999999999999
seq11088@20,seq1025@55,0.9999999999999999
seq11088@20,seq10522@50,0.9999999999999999
seq11088@20,seq2671@49,0.9999999999999999
seq11088@20,seq11826@45,0.9999999999999999
seq11088@20,seq1039@41,0.9999999999999999
seq11088@20,seq6979@24,0.9999999999999999
seq11088@20,seq3622@19,0.9878787878787878
seq11088@20,seq4814@106,0.9999999999999999
seq11088@20,seq577@163,0.9999999999999999
seq11088@20,seq1059@21,0.9999999999999999
seq11088@20,seq45791@17,0.9999999999999999
seq11088@20,seq726@868,0.9999999999999999
seq11088@20,seq502@38,0.9999999999999999
seq11088@20,seq13@122338,0.9999999999999999
seq11088@20,seq3503@47,0.9999999999999999
seq1027@190,seq12324@17,0.9999999999999999
seq1027@190,seq3040@28,0.9878787878787878
seq1027@190,seq2415@141,0.9878787878787878
seq1027@190,seq1199@51,0.9878787878787878
seq1027@190,seq503@54,0.9878787878787878
seq1027@190,seq5164@47,0.9878787878787878
seq1027@190,seq933@59,0.9878787878787878
seq1027@190,seq1475@33,0.9878787878787878
seq1027@190,seq6096@74,0.9878787878787878
seq1027@190,seq18709@30,0.9878787878787878
seq1027@190,seq4288@35,0.9878787878787878
seq1027@190,seq1957@25,0.9878787878787878
seq1027@190,seq13982@54,0.9878787878787878
seq1027@190,seq9858@41,0.9878787878787878
seq1027@190,seq3555@42,0.9878787878787878
seq1027@190,seq250@362,0.9878787878787878
seq1027@190,seq2351@23,0.9999999999999999
seq1027@190,seq449@137,0.9878787878787878
seq1027@190,seq7853@23,0.9878787878787878
seq1027@190,seq1469@255,0.9878787878787878
seq1027@190,seq4797@20,0.9878787878787878
seq1027@190,seq1693@166,0.9878787878787878
seq1027@190,seq16170@20,0.9878787878787878
seq1027@190,seq177@182,0.9878787878787878
seq1027@190,seq18977@20,0.9878787878787878
seq1027@190,seq7851@38,0.9878787878787878
seq1027@190,seq2414@258,0.9878787878787878
seq1027@190,seq22741@20,0.9878787878787878
seq1027@190,seq8251@76,0.9878787878787878
seq1027@190,seq25@311,0.9878787878787878
seq1027@190,seq2475@18,0.9636363636363635
seq1027@190,seq6287@48,0.9878787878787878
seq1027@190,seq8931@18,0.9878787878787878
seq1027@190,seq4820@62,0.9878787878787878
seq1027@190,seq33979@18,0.9878787878787878
seq1027@190,seq1465@72,0.9878787878787878
seq1027@190,seq2038@17,0.9878787878787878
seq1027@190,seq4857@35,0.9878787878787878
seq1027@190,seq40@232,0.9878787878787878
seq1027@190,seq4777@17,0.9878787878787878
seq1027@190,seq2734@153,0.9878787878787878
seq1027@190,seq39503@17,0.9636363636363635
seq1027@190,seq10783@38,0.9878787878787878
seq1027@190,seq902@182,0.9878787878787878
seq1027@190,seq5374@16,0.9878787878787878
seq1027@190,seq2135@242,0.9878787878787878
seq1027@190,seq10980@15,0.9878787878787878
seq1027@190,seq1042@228,0.9878787878787878
seq1027@190,seq7383@14,0.9878787878787878
seq1027@190,seq3439@189,0.9878787878787878
seq1027@190,seq10410@14,0.9878787878787878
seq1027@190,seq6243@33,0.9878787878787878
seq1027@190,seq2358@161,0.9878787878787878
seq1027@190,seq13003@14,0.9878787878787878
seq1027@190,seq210@214,0.9878787878787878
seq1027@190,seq16511@14,0.9878787878787878
seq1027@190,seq310@108,0.9878787878787878
seq1027@190,seq6591@122,0.9878787878787878
seq1027@190,seq2164@102,0.9878787878787878
seq1027@190,seq4879@26,0.9878787878787878
seq1027@190,seq1451@107,0.9878787878787878
seq1027@190,seq9233@106,0.9878787878787878
seq1027@190,seq2309@88,0.9878787878787878
seq1027@190,seq4609@71,0.9878787878787878
seq1027@190,seq4332@63,0.9878787878787878
seq1027@190,seq1025@55,0.9878787878787878
seq1027@190,seq10522@50,0.9878787878787878
seq1027@190,seq2671@49,0.9878787878787878
seq1027@190,seq11826@45,0.9878787878787878
seq1027@190,seq1039@41,0.9878787878787878
seq1027@190,seq6979@24,0.9878787878787878
seq1027@190,seq3622@19,0.9636363636363635
seq1027@190,seq4814@106,0.9878787878787878
seq1027@190,seq577@163,0.9878787878787878
seq1027@190,seq1059@21,0.9878787878787878
seq1027@190,seq45791@17,0.9878787878787878
seq1027@190,seq726@868,0.9878787878787878
seq1027@190,seq502@38,0.9878787878787878
seq1027@190,seq13@122338,0.9878787878787878
seq1027@190,seq3503@47,0.9878787878787878
seq12324@17,seq3040@28,0.9878787878787878
seq12324@17,seq2415@141,0.9878787878787878
seq12324@17,seq1199@51,0.9878787878787878
seq12324@17,seq503@54,0.9878787878787878
seq12324@17,seq5164@47,0.9878787878787878
seq12324@17,seq933@59,0.9878787878787878
seq12324@17,seq1475@33,0.9878787878787878
seq12324@17,seq6096@74,0.9878787878787878
seq12324@17,seq18709@30,0.9878787878787878
seq12324@17,seq4288@35,0.9878787878787878
seq12324@17,seq1957@25,0.9878787878787878
seq12324@17,seq13982@54,0.9878787878787878
seq12324@17,seq9858@41,0.9878787878787878
seq12324@17,seq3555@42,0.9878787878787878
seq12324@17,seq250@362,0.9878787878787878
seq12324@17,seq2351@23,0.9999999999999999
seq12324@17,seq449@137,0.9878787878787878
seq12324@17,seq7853@23,0.9878787878787878
seq12324@17,seq1469@255,0.9878787878787878
seq12324@17,seq4797@20,0.9878787878787878
seq12324@17,seq1693@166,0.9878787878787878
seq12324@17,seq16170@20,0.9878787878787878
seq12324@17,seq177@182,0.9878787878787878
seq12324@17,seq18977@20,0.9878787878787878
seq12324@17,seq7851@38,0.9878787878787878
seq12324@17,seq2414@258,0.9878787878787878
seq12324@17,seq22741@20,0.9878787878787878
seq12324@17,seq8251@76,0.9878787878787878
seq12324@17,seq25@311,0.9878787878787878
seq12324@17,seq2475@18,0.9636363636363635
seq12324@17,seq6287@48,0.9878787878787878
seq12324@17,seq8931@18,0.9878787878787878
seq12324@17,seq4820@62,0.9878787878787878
seq12324@17,seq33979@18,0.9878787878787878
seq12324@17,seq1465@72,0.9878787878787878
seq12324@17,seq2038@17,0.9878787878787878
seq12324@17,seq4857@35,0.9878787878787878
seq12324@17,seq40@232,0.9878787878787878
seq12324@17,seq4777@17,0.9878787878787878
seq12324@17,seq2734@153,0.9878787878787878
seq12324@17,seq39503@17,0.9636363636363635
seq12324@17,seq10783@38,0.9878787878787878
seq12324@17,seq902@182,0.9878787878787878
seq12324@17,seq5374@16,0.9878787878787878
seq12324@17,seq2135@242,0.9878787878787878
seq12324@17,seq10980@15,0.9878787878787878
seq12324@17,seq1042@228,0.9878787878787878
seq12324@17,seq7383@14,0.9878787878787878
seq12324@17,seq3439@189,0.9878787878787878
seq12324@17,seq10410@14,0.9878787878787878
seq12324@17,seq6243@33,0.9878787878787878
seq12324@17,seq2358@161,0.9878787878787878
seq12324@17,seq13003@14,0.9878787878787878
seq12324@17,seq210@214,0.9878787878787878
seq12324@17,seq16511@14,0.9878787878787878
seq12324@17,seq310@108,0.9878787878787878
seq12324@17,seq6591@122,0.9878787878787878
seq12324@17,seq2164@102,0.9878787878787878
seq12324@17,seq4879@26,0.9878787878787878
seq12324@17,seq1451@107,0.9878787878787878
seq12324@17,seq9233@106,0.9878787878787878
seq12324@17,seq2309@88,0.9878787878787878
seq12324@17,seq4609@71,0.9878787878787878
seq12324@17,seq4332@63,0.9878787878787878
seq12324@17,seq1025@55,0.9878787878787878
seq12324@17,seq10522@50,0.9878787878787878
seq12324@17,seq2671@49,0.9878787878787878
seq12324@17,seq11826@45,0.9878787878787878
seq12324@17,seq1039@41,0.9878787878787878
seq12324@17,seq6979@24,0.9878787878787878
seq12324@17,seq3622@19,0.9636363636363635
seq12324@17,seq4814@106,0.9878787878787878
seq12324@17,seq577@163,0.9878787878787878
seq12324@17,seq1059@21,0.9878787878787878
seq12324@17,seq45791@17,0.9878787878787878
seq12324@17,seq726@868,0.9878787878787878
seq12324@17,seq502@38,0.9878787878787878
seq12324@17,seq13@122338,0.9878787878787878
seq12324@17,seq3503@47,0.9878787878787878
seq3040@28,seq2415@141,0.9999999999999999
seq3040@28,seq1199@51,0.9999999999999999
seq3040@28,seq503@54,0.9999999999999999
seq3040@28,seq5164@47,0.9999999999999999
seq3040@28,seq933@59,0.9999999999999999
seq3040@28,seq1475@33,0.9999999999999999
seq3040@28,seq6096@74,0.9999999999999999
seq3040@28,seq18709@30,0.9999999999999999
seq3040@28,seq4288@35,0.9999999999999999
seq3040@28,seq1957@25,0.9999999999999999
seq3040@28,seq13982@54,0.9999999999999999
seq3040@28,seq9858@41,0.9999999999999999
seq3040@28,seq3555@42,0.9999999999999999
seq3040@28,seq250@362,0.9999999999999999
seq3040@28,seq2351@23,0.9878787878787878
seq3040@28,seq449@137,0.9999999999999999
seq3040@28,seq7853@23,0.9999999999999999
seq3040@28,seq1469@255,0.9999999999999999
seq3040@28,seq4797@20,0.9999999999999999
seq3040@28,seq1693@166,0.9999999999999999
seq3040@28,seq16170@20,0.9999999999999999
seq3040@28,seq177@182,0.9999999999999999
seq3040@28,seq18977@20,0.9999999999999999
seq3040@28,seq7851@38,0.9999999999999999
seq3040@28,seq2414@258,0.9999999999999999
seq3040@28,seq22741@20,0.9999999999999999
seq3040@28,seq8251@76,0.9999999999999999
seq3040@28,seq25@311,0.9999999999999999
seq3040@28,seq2475@18,0.9878787878787878
seq3040@28,seq6287@48,0.9999999999999999
seq3040@28,seq8931@18,0.9999999999999999
seq3040@28,seq4820@62,0.9999999999999999
seq3040@28,seq33979@18,0.9999999999999999
seq3040@28,seq1465@72,0.9999999999999999
seq3040@28,seq2038@17,0.9999999999999999
seq3040@28,seq4857@35,0.9999999999999999
seq3040@28,seq40@232,0.9999999999999999
seq3040@28,seq4777@17,0.9999999999999999
seq3040@28,seq2734@153,0.9999999999999999
seq3040@28,seq39503@17,0.9878787878787878
seq3040@28,seq10783@38,0.9999999999999999
seq3040@28,seq902@182,0.9999999999999999
seq3040@28,seq5374@16,0.9999999999999999
seq3040@28,seq2135@242,0.9999999999999999
seq3040@28,seq10980@15,0.9999999999999999
seq3040@28,seq1042@228,0.9999999999999999
seq3040@28,seq7383@14,0.9999999999999999
seq3040@28,seq3439@189,0.9999999999999999
seq3040@28,seq10410@14,0.9999999999999999
seq3040@28,seq6243@33,0.9999999999999999
seq3040@28,seq2358@161,0.9999999999999999
seq3040@28,seq13003@14,0.9999999999999999
seq3040@28,seq210@214,0.9999999999999999
seq3040@28,seq16511@14,0.9999999999999999
seq3040@28,seq310@108,0.9999999999999999
seq3040@28,seq6591@122,0.9999999999999999
seq3040@28,seq2164@102,0.9999999999999999
seq3040@28,seq4879@26,0.9999999999999999
seq3040@28,seq1451@107,0.9999999999999999
seq3040@28,seq9233@106,0.9999999999999999
seq3040@28,seq2309@88,0.9999999999999999
seq3040@28,seq4609@71,0.9999999999999999
seq3040@28,seq4332@63,0.9999999999999999
seq3040@28,seq1025@55,0.9999999999999999
seq3040@28,seq10522@50,0.9999999999999999
seq3040@28,seq2671@49,0.9999999999999999
seq3040@28,seq11826@45,0.9999999999999999
seq3040@28,seq1039@41,0.9999999999999999
seq3040@28,seq6979@24,0.9999999999999999
seq3040@28,seq3622@19,0.9878787878787878
seq3040@28,seq4814@106,0.9999999999999999
seq3040@28,seq577@163,0.9999999999999999
seq3040@28,seq1059@21,0.9999999999999999
seq3040@28,seq45791@17,0.9999999999999999
seq3040@28,seq726@868,0.9999999999999999
seq3040@28,seq502@38,0.9999999999999999
seq3040@28,seq13@122338,0.9999999999999999
seq3040@28,seq3503@47,0.9999999999999999
seq2415@141,seq1199@51,0.9999999999999999
seq2415@141,seq503@54,0.9999999999999999
seq2415@141,seq5164@47,0.9999999999999999
seq2415@141,seq933@59,0.9999999999999999
seq2415@141,seq1475@33,0.9999999999999999
seq2415@141,seq6096@74,0.9999999999999999
seq2415@141,seq18709@30,0.9999999999999999
seq2415@141,seq4288@35,0.9999999999999999
seq2415@141,seq1957@25,0.9999999999999999
seq2415@141,seq13982@54,0.9999999999999999
seq2415@141,seq9858@41,0.9999999999999999
seq2415@141,seq3555@42,0.9999999999999999
seq2415@141,seq250@362,0.9999999999999999
seq2415@141,seq2351@23,0.9878787878787878
seq2415@141,seq449@137,0.9999999999999999
seq2415@141,seq7853@23,0.9999999999999999
seq2415@141,seq1469@255,0.9999999999999999
seq2415@141,seq4797@20,0.9999999999999999
seq2415@141,seq1693@166,0.9999999999999999
seq2415@141,seq16170@20,0.9999999999999999
seq2415@141,seq177@182,0.9999999999999999
seq2415@141,seq18977@20,0.9999999999999999
seq2415@141,seq7851@38,0.9999999999999999
seq2415@141,seq2414@258,0.9999999999999999
seq2415@141,seq22741@20,0.9999999999999999
seq2415@141,seq8251@76,0.9999999999999999
seq2415@141,seq25@311,0.9999999999999999
seq2415@141,seq2475@18,0.9878787878787878
seq2415@141,seq6287@48,0.9999999999999999
seq2415@141,seq8931@18,0.9999999999999999
seq2415@141,seq4820@62,0.9999999999999999
seq2415@141,seq33979@18,0.9999999999999999
seq2415@141,seq1465@72,0.9999999999999999
seq2415@141,seq2038@17,0.9999999999999999
seq2415@141,seq4857@35,0.9999999999999999
seq2415@141,seq40@232,0.9999999999999999
seq2415@141,seq4777@17,0.9999999999999999
seq2415@141,seq2734@153,0.9999999999999999
seq2415@141,seq39503@17,0.9878787878787878
seq2415@141,seq10783@38,0.9999999999999999
seq2415@141,seq902@182,0.9999999999999999
seq2415@141,seq5374@16,0.9999999999999999
seq2415@141,seq2135@242,0.9999999999999999
seq2415@141,seq10980@15,0.9999999999999999
seq2415@141,seq1042@228,0.9999999999999999
seq2415@141,seq7383@14,0.9999999999999999
seq2415@141,seq3439@189,0.9999999999999999
seq2415@141,seq10410@14,0.9999999999999999
seq2415@141,seq6243@33,0.9999999999999999
seq2415@141,seq2358@161,0.9999999999999999
seq2415@141,seq13003@14,0.9999999999999999
seq2415@141,seq210@214,0.9999999999999999
seq2415@141,seq16511@14,0.9999999999999999
seq2415@141,seq310@108,0.9999999999999999
seq2415@141,seq6591@122,0.9999999999999999
seq2415@141,seq2164@102,0.9999999999999999
seq2415@141,seq4879@26,0.9999999999999999
seq2415@141,seq1451@107,0.9999999999999999
seq2415@141,seq9233@106,0.9999999999999999
seq2415@141,seq2309@88,0.9999999999999999
seq2415@141,seq4609@71,0.9999999999999999
seq2415@141,seq4332@63,0.9999999999999999
seq2415@141,seq1025@55,0.9999999999999999
seq2415@141,seq10522@50,0.9999999999999999
seq2415@141,seq2671@49,0.9999999999999999
seq2415@141,seq11826@45,0.9999999999999999
seq2415@141,seq1039@41,0.9999999999999999
seq2415@141,seq6979@24,0.9999999999999999
seq2415@141,seq3622@19,0.9878787878787878
seq2415@141,seq4814@106,0.9999999999999999
seq2415@141,seq577@163,0.9999999999999999
seq2415@141,seq1059@21,0.9999999999999999
seq2415@141,seq45791@17,0.9999999999999999
seq2415@141,seq726@868,0.9999999999999999
seq2415@141,seq502@38,0.9999999999999999
seq2415@141,seq13@122338,0.9999999999999999
seq2415@141,seq3503@47,0.9999999999999999
seq1199@51,seq503@54,0.9999999999999999
seq1199@51,seq5164@47,0.9999999999999999
seq1199@51,seq933@59,0.9999999999999999
seq1199@51,seq1475@33,0.9999999999999999
seq1199@51,seq6096@74,0.9999999999999999
seq1199@51,seq18709@30,0.9999999999999999
seq1199@51,seq4288@35,0.9999999999999999
seq1199@51,seq1957@25,0.9999999999999999
seq1199@51,seq13982@54,0.9999999999999999
seq1199@51,seq9858@41,0.9999999999999999
seq1199@51,seq3555@42,0.9999999999999999
seq1199@51,seq250@362,0.9999999999999999
seq1199@51,seq2351@23,0.9878787878787878
seq1199@51,seq449@137,0.9999999999999999
seq1199@51,seq7853@23,0.9999999999999999
seq1199@51,seq1469@255,0.9999999999999999
seq1199@51,seq4797@20,0.9999999999999999
seq1199@51,seq1693@166,0.9999999999999999
seq1199@51,seq16170@20,0.9999999999999999
seq1199@51,seq177@182,0.9999999999999999
seq1199@51,seq18977@20,0.9999999999999999
seq1199@51,seq7851@38,0.9999999999999999
seq1199@51,seq2414@258,0.9999999999999999
seq1199@51,seq22741@20,0.9999999999999999
seq1199@51,seq8251@76,0.9999999999999999
seq1199@51,seq25@311,0.9999999999999999
seq1199@51,seq2475@18,0.9878787878787878
seq1199@51,seq6287@48,0.9999999999999999
seq1199@51,seq8931@18,0.9999999999999999
seq1199@51,seq4820@62,0.9999999999999999
seq1199@51,seq33979@18,0.9999999999999999
seq1199@51,seq1465@72,0.9999999999999999
seq1199@51,seq2038@17,0.9999999999999999
seq1199@51,seq4857@35,0.9999999999999999
seq1199@51,seq40@232,0.9999999999999999
seq1199@51,seq4777@17,0.9999999999999999
seq1199@51,seq2734@153,0.9999999999999999
seq1199@51,seq39503@17,0.9878787878787878
seq1199@51,seq10783@38,0.9999999999999999
seq1199@51,seq902@182,0.9999999999999999
seq1199@51,seq5374@16,0.9999999999999999
seq1199@51,seq2135@242,0.9999999999999999
seq1199@51,seq10980@15,0.9999999999999999
seq1199@51,seq1042@228,0.9999999999999999
seq1199@51,seq7383@14,0.9999999999999999
seq1199@51,seq3439@189,0.9999999999999999
seq1199@51,seq10410@14,0.9999999999999999
seq1199@51,seq6243@33,0.9999999999999999
seq1199@51,seq2358@161,0.9999999999999999
seq1199@51,seq13003@14,0.9999999999999999
seq1199@51,seq210@214,0.9999999999999999
seq1199@51,seq16511@14,0.9999999999999999
seq1199@51,seq310@108,0.9999999999999999
seq1199@51,seq6591@122,0.9999999999999999
seq1199@51,seq2164@102,0.9999999999999999
seq1199@51,seq4879@26,0.9999999999999999
seq1199@51,seq1451@107,0.9999999999999999
seq1199@51,seq9233@106,0.9999999999999999
seq1199@51,seq2309@88,0.9999999999999999
seq1199@51,seq4609@71,0.9999999999999999
seq1199@51,seq4332@63,0.9999999999999999
seq1199@51,seq1025@55,0.9999999999999999
seq1199@51,seq10522@50,0.9999999999999999
seq1199@51,seq2671@49,0.9999999999999999
seq1199@51,seq11826@45,0.9999999999999999
seq1199@51,seq1039@41,0.9999999999999999
seq1199@51,seq6979@24,0.9999999999999999
seq1199@51,seq3622@19,0.9878787878787878
seq1199@51,seq4814@106,0.9999999999999999
seq1199@51,seq577@163,0.9999999999999999
seq1199@51,seq1059@21,0.9999999999999999
seq1199@51,seq45791@17,0.9999999999999999
seq1199@51,seq726@868,0.9999999999999999
seq1199@51,seq502@38,0.9999999999999999
seq1199@51,seq13@122338,0.9999999999999999
seq1199@51,seq3503@47,0.9999999999999999
seq503@54,seq5164@47,0.9999999999999999
seq503@54,seq933@59,0.9999999999999999
seq503@54,seq1475@33,0.9999999999999999
seq503@54,seq6096@74,0.9999999999999999
seq503@54,seq18709@30,0.9999999999999999
seq503@54,seq4288@35,0.9999999999999999
seq503@54,seq1957@25,0.9999999999999999
seq503@54,seq13982@54,0.9999999999999999
seq503@54,seq9858@41,0.9999999999999999
seq503@54,seq3555@42,0.9999999999999999
seq503@54,seq250@362,0.9999999999999999
seq503@54,seq2351@23,0.9878787878787878
seq503@54,seq449@137,0.9999999999999999
seq503@54,seq7853@23,0.9999999999999999
seq503@54,seq1469@255,0.9999999999999999
seq503@54,seq4797@20,0.9999999999999999
seq503@54,seq1693@166,0.9999999999999999
seq503@54,seq16170@20,0.9999999999999999
seq503@54,seq177@182,0.9999999999999999
seq503@54,seq18977@20,0.9999999999999999
seq503@54,seq7851@38,0.9999999999999999
seq503@54,seq2414@258,0.9999999999999999
seq503@54,seq22741@20,0.9999999999999999
seq503@54,seq8251@76,0.9999999999999999
seq503@54,seq25@311,0.9999999999999999
seq503@54,seq2475@18,0.9878787878787878
seq503@54,seq6287@48,0.9999999999999999
seq503@54,seq8931@18,0.9999999999999999
seq503@54,seq4820@62,0.9999999999999999
seq503@54,seq33979@18,0.9999999999999999
seq503@54,seq1465@72,0.9999999999999999
seq503@54,seq2038@17,0.9999999999999999
seq503@54,seq4857@35,0.9999999999999999
seq503@54,seq40@232,0.9999999999999999
seq503@54,seq4777@17,0.9999999999999999
seq503@54,seq2734@153,0.9999999999999999
seq503@54,seq39503@17,0.9878787878787878
seq503@54,seq10783@38,0.9999999999999999
seq503@54,seq902@182,0.9999999999999999
seq503@54,seq5374@16,0.9999999999999999
seq503@54,seq2135@242,0.9999999999999999
seq503@54,seq10980@15,0.9999999999999999
seq503@54,seq1042@228,0.9999999999999999
seq503@54,seq7383@14,0.9999999999999999
seq503@54,seq3439@189,0.9999999999999999
seq503@54,seq10410@14,0.9999999999999999
seq503@54,seq6243@33,0.9999999999999999
seq503@54,seq2358@161,0.9999999999999999
seq503@54,seq13003@14,0.9999999999999999
seq503@54,seq210@214,0.9999999999999999
seq503@54,seq16511@14,0.9999999999999999
seq503@54,seq310@108,0.9999999999999999
seq503@54,seq6591@122,0.9999999999999999
seq503@54,seq2164@102,0.9999999999999999
seq503@54,seq4879@26,0.9999999999999999
seq503@54,seq1451@107,0.9999999999999999
seq503@54,seq9233@106,0.9999999999999999
seq503@54,seq2309@88,0.9999999999999999
seq503@54,seq4609@71,0.9999999999999999
seq503@54,seq4332@63,0.9999999999999999
seq503@54,seq1025@55,0.9999999999999999
seq503@54,seq10522@50,0.9999999999999999
seq503@54,seq2671@49,0.9999999999999999
seq503@54,seq11826@45,0.9999999999999999
seq503@54,seq1039@41,0.9999999999999999
seq503@54,seq6979@24,0.9999999999999999
seq503@54,seq3622@19,0.9878787878787878
seq503@54,seq4814@106,0.9999999999999999
seq503@54,seq577@163,0.9999999999999999
seq503@54,seq1059@21,0.9999999999999999
seq503@54,seq45791@17,0.9999999999999999
seq503@54,seq726@868,0.9999999999999999
seq503@54,seq502@38,0.9999999999999999
seq503@54,seq13@122338,0.9999999999999999
seq503@54,seq3503@47,0.9999999999999999
seq5164@47,seq933@59,0.9999999999999999
seq5164@47,seq1475@33,0.9999999999999999
seq5164@47,seq6096@74,0.9999999999999999
seq5164@47,seq18709@30,0.9999999999999999
seq5164@47,seq4288@35,0.9999999999999999
seq5164@47,seq1957@25,0.9999999999999999
seq5164@47,seq13982@54,0.9999999999999999
seq5164@47,seq9858@41,0.9999999999999999
seq5164@47,seq3555@42,0.9999999999999999
seq5164@47,seq250@362,0.9999999999999999
seq5164@47,seq2351@23,0.9878787878787878
seq5164@47,seq449@137,0.9999999999999999
seq5164@47,seq7853@23,0.9999999999999999
seq5164@47,seq1469@255,0.9999999999999999
seq5164@47,seq4797@20,0.9999999999999999
seq5164@47,seq1693@166,0.9999999999999999
seq5164@47,seq16170@20,0.9999999999999999
seq5164@47,seq177@182,0.9999999999999999
seq5164@47,seq18977@20,0.9999999999999999
seq5164@47,seq7851@38,0.9999999999999999
seq5164@47,seq2414@258,0.9999999999999999
seq5164@47,seq22741@20,0.9999999999999999
seq5164@47,seq8251@76,0.9999999999999999
seq5164@47,seq25@311,0.9999999999999999
seq5164@47,seq2475@18,0.9878787878787878
seq5164@47,seq6287@48,0.9999999999999999
seq5164@47,seq8931@18,0.9999999999999999
seq5164@47,seq4820@62,0.9999999999999999
seq5164@47,seq33979@18,0.9999999999999999
seq5164@47,seq1465@72,0.9999999999999999
seq5164@47,seq2038@17,0.9999999999999999
seq5164@47,seq4857@35,0.9999999999999999
seq5164@47,seq40@232,0.9999999999999999
seq5164@47,seq4777@17,0.9999999999999999
seq5164@47,seq2734@153,0.9999999999999999
seq5164@47,seq39503@17,0.9878787878787878
seq5164@47,seq10783@38,0.9999999999999999
seq5164@47,seq902@182,0.9999999999999999
seq5164@47,seq5374@16,0.9999999999999999
seq5164@47,seq2135@242,0.9999999999999999
seq5164@47,seq10980@15,0.9999999999999999
seq5164@47,seq1042@228,0.9999999999999999
seq5164@47,seq7383@14,0.9999999999999999
seq5164@47,seq3439@189,0.9999999999999999
seq5164@47,seq10410@14,0.9999999999999999
seq5164@47,seq6243@33,0.9999999999999999
seq5164@47,seq2358@161,0.9999999999999999
seq5164@47,seq13003@14,0.9999999999999999
seq5164@47,seq210@214,0.9999999999999999
seq5164@47,seq16511@14,0.9999999999999999
seq5164@47,seq310@108,0.9999999999999999
seq5164@47,seq6591@122,0.9999999999999999
seq5164@47,seq2164@102,0.9999999999999999
seq5164@47,seq4879@26,0.9999999999999999
seq5164@47,seq1451@107,0.9999999999999999
seq5164@47,seq9233@106,0.9999999999999999
seq5164@47,seq2309@88,0.9999999999999999
seq5164@47,seq4609@71,0.9999999999999999
seq5164@47,seq4332@63,0.9999999999999999
seq5164@47,seq1025@55,0.9999999999999999
seq5164@47,seq10522@50,0.9999999999999999
seq5164@47,seq2671@49,0.9999999999999999
seq5164@47,seq11826@45,0.9999999999999999
seq5164@47,seq1039@41,0.9999999999999999
seq5164@47,seq6979@24,0.9999999999999999
seq5164@47,seq3622@19,0.9878787878787878
seq5164@47,seq4814@106,0.9999999999999999
seq5164@47,seq577@163,0.9999999999999999
seq5164@47,seq1059@21,0.9999999999999999
seq5164@47,seq45791@17,0.9999999999999999
seq5164@47,seq726@868,0.9999999999999999
seq5164@47,seq502@38,0.9999999999999999
seq5164@47,seq13@122338,0.9999999999999999
seq5164@47,seq3503@47,0.9999999999999999
seq933@59,seq1475@33,0.9999999999999999
seq933@59,seq6096@74,0.9999999999999999
seq933@59,seq18709@30,0.9999999999999999
seq933@59,seq4288@35,0.9999999999999999
seq933@59,seq1957@25,0.9999999999999999
seq933@59,seq13982@54,0.9999999999999999
seq933@59,seq9858@41,0.9999999999999999
seq933@59,seq3555@42,0.9999999999999999
seq933@59,seq250@362,0.9999999999999999
seq933@59,seq2351@23,0.9878787878787878
seq933@59,seq449@137,0.9999999999999999
seq933@59,seq7853@23,0.9999999999999999
seq933@59,seq1469@255,0.9999999999999999
seq933@59,seq4797@20,0.9999999999999999
seq933@59,seq1693@166,0.9999999999999999
seq933@59,seq16170@20,0.9999999999999999
seq933@59,seq177@182,0.9999999999999999
seq933@59,seq18977@20,0.9999999999999999
seq933@59,seq7851@38,0.9999999999999999
seq933@59,seq2414@258,0.9999999999999999
seq933@59,seq22741@20,0.9999999999999999
seq933@59,seq8251@76,0.9999999999999999
seq933@59,seq25@311,0.9999999999999999
seq933@59,seq2475@18,0.9878787878787878
seq933@59,seq6287@48,0.9999999999999999
seq933@59,seq8931@18,0.9999999999999999
seq933@59,seq4820@62,0.9999999999999999
seq933@59,seq33979@18,0.9999999999999999
seq933@59,seq1465@72,0.9999999999999999
seq933@59,seq2038@17,0.9999999999999999
seq933@59,seq4857@35,0.9999999999999999
seq933@59,seq40@232,0.9999999999999999
seq933@59,seq4777@17,0.9999999999999999
seq933@59,seq2734@153,0.9999999999999999
seq933@59,seq39503@17,0.9878787878787878
seq933@59,seq10783@38,0.9999999999999999
seq933@59,seq902@182,0.9999999999999999
seq933@59,seq5374@16,0.9999999999999999
seq933@59,seq2135@242,0.9999999999999999
seq933@59,seq10980@15,0.9999999999999999
seq933@59,seq1042@228,0.9999999999999999
seq933@59,seq7383@14,0.9999999999999999
seq933@59,seq3439@189,0.9999999999999999
seq933@59,seq10410@14,0.9999999999999999
seq933@59,seq6243@33,0.9999999999999999
seq933@59,seq2358@161,0.9999999999999999
seq933@59,seq13003@14,0.9999999999999999
seq933@59,seq210@214,0.9999999999999999
seq933@59,seq16511@14,0.9999999999999999
seq933@59,seq310@108,0.9999999999999999
seq933@59,seq6591@122,0.9999999999999999
seq933@59,seq2164@102,0.9999999999999999
seq933@59,seq4879@26,0.9999999999999999
seq933@59,seq1451@107,0.9999999999999999
seq933@59,seq9233@106,0.9999999999999999
seq933@59,seq2309@88,0.9999999999999999
seq933@59,seq4609@71,0.9999999999999999
seq933@59,seq4332@63,0.9999999999999999
seq933@59,seq1025@55,0.9999999999999999
seq933@59,seq10522@50,0.9999999999999999
seq933@59,seq2671@49,0.9999999999999999
seq933@59,seq11826@45,0.9999999999999999
seq933@59,seq1039@41,0.9999999999999999
seq933@59,seq6979@24,0.9999999999999999
seq933@59,seq3622@19,0.9878787878787878
seq933@59,seq4814@106,0.9999999999999999
seq933@59,seq577@163,0.9999999999999999
seq933@59,seq1059@21,0.9999999999999999
seq933@59,seq45791@17,0.9999999999999999
seq933@59,seq726@868,0.9999999999999999
seq933@59,seq502@38,0.9999999999999999
seq933@59,seq13@122338,0.9999999999999999
seq933@59,seq3503@47,0.9999999999999999
seq1475@33,seq6096@74,0.9999999999999999
seq1475@33,seq18709@30,0.9999999999999999
seq1475@33,seq4288@35,0.9999999999999999
seq1475@33,seq1957@25,0.9999999999999999
seq1475@33,seq13982@54,0.9999999999999999
seq1475@33,seq9858@41,0.9999999999999999
seq1475@33,seq3555@42,0.9999999999999999
seq1475@33,seq250@362,0.9999999999999999
seq1475@33,seq2351@23,0.9878787878787878
seq1475@33,seq449@137,0.9999999999999999
seq1475@33,seq7853@23,0.9999999999999999
seq1475@33,seq1469@255,0.9999999999999999
seq1475@33,seq4797@20,0.9999999999999999
seq1475@33,seq1693@166,0.9999999999999999
seq1475@33,seq16170@20,0.9999999999999999
seq1475@33,seq177@182,0.9999999999999999
seq1475@33,seq18977@20,0.9999999999999999
seq1475@33,seq7851@38,0.9999999999999999
seq1475@33,seq2414@258,0.9999999999999999
seq1475@33,seq22741@20,0.9999999999999999
seq1475@33,seq8251@76,0.9999999999999999
seq1475@33,seq25@311,0.9999999999999999
seq1475@33,seq2475@18,0.9878787878787878
seq1475@33,seq6287@48,0.9999999999999999
seq1475@33,seq8931@18,0.9999999999999999
seq1475@33,seq4820@62,0.9999999999999999
seq1475@33,seq33979@18,0.9999999999999999
seq1475@33,seq1465@72,0.9999999999999999
seq1475@33,seq2038@17,0.9999999999999999
seq1475@33,seq4857@35,0.9999999999999999
seq1475@33,seq40@232,0.9999999999999999
seq1475@33,seq4777@17,0.9999999999999999
seq1475@33,seq2734@153,0.9999999999999999
seq1475@33,seq39503@17,0.9878787878787878
seq1475@33,seq10783@38,0.9999999999999999
seq1475@33,seq902@182,0.9999999999999999
seq1475@33,seq5374@16,0.9999999999999999
seq1475@33,seq2135@242,0.9999999999999999
seq1475@33,seq10980@15,0.9999999999999999
seq1475@33,seq1042@228,0.9999999999999999
seq1475@33,seq7383@14,0.9999999999999999
seq1475@33,seq3439@189,0.9999999999999999
seq1475@33,seq10410@14,0.9999999999999999
seq1475@33,seq6243@33,0.9999999999999999
seq1475@33,seq2358@161,0.9999999999999999
seq1475@33,seq13003@14,0.9999999999999999
seq1475@33,seq210@214,0.9999999999999999
seq1475@33,seq16511@14,0.9999999999999999
seq1475@33,seq310@108,0.9999999999999999
seq1475@33,seq6591@122,0.9999999999999999
seq1475@33,seq2164@102,0.9999999999999999
seq1475@33,seq4879@26,0.9999999999999999
seq1475@33,seq1451@107,0.9999999999999999
seq1475@33,seq9233@106,0.9999999999999999
seq1475@33,seq2309@88,0.9999999999999999
seq1475@33,seq4609@71,0.9999999999999999
seq1475@33,seq4332@63,0.9999999999999999
seq1475@33,seq1025@55,0.9999999999999999
seq1475@33,seq10522@50,0.9999999999999999
seq1475@33,seq2671@49,0.9999999999999999
seq1475@33,seq11826@45,0.9999999999999999
seq1475@33,seq1039@41,0.9999999999999999
seq1475@33,seq6979@24,0.9999999999999999
seq1475@33,seq3622@19,0.9878787878787878
seq1475@33,seq4814@106,0.9999999999999999
seq1475@33,seq577@163,0.9999999999999999
seq1475@33,seq1059@21,0.9999999999999999
seq1475@33,seq45791@17,0.9999999999999999
seq1475@33,seq726@868,0.9999999999999999
seq1475@33,seq502@38,0.9999999999999999
seq1475@33,seq13@122338,0.9999999999999999
seq1475@33,seq3503@47,0.9999999999999999
seq6096@74,seq18709@30,0.9999999999999999
seq6096@74,seq4288@35,0.9999999999999999
seq6096@74,seq1957@25,0.9999999999999999
seq6096@74,seq13982@54,0.9999999999999999
seq6096@74,seq9858@41,0.9999999999999999
seq6096@74,seq3555@42,0.9999999999999999
seq6096@74,seq250@362,0.9999999999999999
seq6096@74,seq2351@23,0.9878787878787878
seq6096@74,seq449@137,0.9999999999999999
seq6096@74,seq7853@23,0.9999999999999999
seq6096@74,seq1469@255,0.9999999999999999
seq6096@74,seq4797@20,0.9999999999999999
seq6096@74,seq1693@166,0.9999999999999999
seq6096@74,seq16170@20,0.9999999999999999
seq6096@74,seq177@182,0.9999999999999999
seq6096@74,seq18977@20,0.9999999999999999
seq6096@74,seq7851@38,0.9999999999999999
seq6096@74,seq2414@258,0.9999999999999999
seq6096@74,seq22741@20,0.9999999999999999
seq6096@74,seq8251@76,0.9999999999999999
seq6096@74,seq25@311,0.9999999999999999
seq6096@74,seq2475@18,0.9878787878787878
seq6096@74,seq6287@48,0.9999999999999999
seq6096@74,seq8931@18,0.9999999999999999
seq6096@74,seq4820@62,0.9999999999999999
seq6096@74,seq33979@18,0.9999999999999999
seq6096@74,seq1465@72,0.9999999999999999
seq6096@74,seq2038@17,0.9999999999999999
seq6096@74,seq4857@35,0.9999999999999999
seq6096@74,seq40@232,0.9999999999999999
seq6096@74,seq4777@17,0.9999999999999999
seq6096@74,seq2734@153,0.9999999999999999
seq6096@74,seq39503@17,0.9878787878787878
seq6096@74,seq10783@38,0.9999999999999999
seq6096@74,seq902@182,0.9999999999999999
seq6096@74,seq5374@16,0.9999999999999999
seq6096@74,seq2135@242,0.9999999999999999
seq6096@74,seq10980@15,0.9999999999999999
seq6096@74,seq1042@228,0.9999999999999999
seq6096@74,seq7383@14,0.9999999999999999
seq6096@74,seq3439@189,0.9999999999999999
seq6096@74,seq10410@14,0.9999999999999999
seq6096@74,seq6243@33,0.9999999999999999
seq6096@74,seq2358@161,0.9999999999999999
seq6096@74,seq13003@14,0.9999999999999999
seq6096@74,seq210@214,0.9999999999999999
seq6096@74,seq16511@14,0.9999999999999999
seq6096@74,seq310@108,0.9999999999999999
seq6096@74,seq6591@122,0.9999999999999999
seq6096@74,seq2164@102,0.9999999999999999
seq6096@74,seq4879@26,0.9999999999999999
seq6096@74,seq1451@107,0.9999999999999999
seq6096@74,seq9233@106,0.9999999999999999
seq6096@74,seq2309@88,0.9999999999999999
seq6096@74,seq4609@71,0.9999999999999999
seq6096@74,seq4332@63,0.9999999999999999
seq6096@74,seq1025@55,0.9999999999999999
seq6096@74,seq10522@50,0.9999999999999999
seq6096@74,seq2671@49,0.9999999999999999
seq6096@74,seq11826@45,0.9999999999999999
seq6096@74,seq1039@41,0.9999999999999999
seq6096@74,seq6979@24,0.9999999999999999
seq6096@74,seq3622@19,0.9878787878787878
seq6096@74,seq4814@106,0.9999999999999999
seq6096@74,seq577@163,0.9999999999999999
seq6096@74,seq1059@21,0.9999999999999999
seq6096@74,seq45791@17,0.9999999999999999
seq6096@74,seq726@868,0.9999999999999999
seq6096@74,seq502@38,0.9999999999999999
seq6096@74,seq13@122338,0.9999999999999999
seq6096@74,seq3503@47,0.9999999999999999
seq18709@30,seq4288@35,0.9999999999999999
seq18709@30,seq1957@25,0.9999999999999999
seq18709@30,seq13982@54,0.9999999999999999
seq18709@30,seq9858@41,0.9999999999999999
seq18709@30,seq3555@42,0.9999999999999999
seq18709@30,seq250@362,0.9999999999999999
seq18709@30,seq2351@23,0.9878787878787878
seq18709@30,seq449@137,0.9999999999999999
seq18709@30,seq7853@23,0.9999999999999999
seq18709@30,seq1469@255,0.9999999999999999
seq18709@30,seq4797@20,0.9999999999999999
seq18709@30,seq1693@166,0.9999999999999999
seq18709@30,seq16170@20,0.9999999999999999
seq18709@30,seq177@182,0.9999999999999999
seq18709@30,seq18977@20,0.9999999999999999
seq18709@30,seq7851@38,0.9999999999999999
seq18709@30,seq2414@258,0.9999999999999999
seq18709@30,seq22741@20,0.9999999999999999
seq18709@30,seq8251@76,0.9999999999999999
seq18709@30,seq25@311,0.9999999999999999
seq18709@30,seq2475@18,0.9878787878787878
seq18709@30,seq6287@48,0.9999999999999999
seq18709@30,seq8931@18,0.9999999999999999
seq18709@30,seq4820@62,0.9999999999999999
seq18709@30,seq33979@18,0.9999999999999999
seq18709@30,seq1465@72,0.9999999999999999
seq18709@30,seq2038@17,0.9999999999999999
seq18709@30,seq4857@35,0.9999999999999999
seq18709@30,seq40@232,0.9999999999999999
seq18709@30,seq4777@17,0.9999999999999999
seq18709@30,seq2734@153,0.9999999999999999
seq18709@30,seq39503@17,0.9878787878787878
seq18709@30,seq10783@38,0.9999999999999999
seq18709@30,seq902@182,0.9999999999999999
seq18709@30,seq5374@16,0.9999999999999999
seq18709@30,seq2135@242,0.9999999999999999
seq18709@30,seq10980@15,0.9999999999999999
seq18709@30,seq1042@228,0.9999999999999999
seq18709@30,seq7383@14,0.9999999999999999
seq18709@30,seq3439@189,0.9999999999999999
seq18709@30,seq10410@14,0.9999999999999999
seq18709@30,seq6243@33,0.9999999999999999
seq18709@30,seq2358@161,0.9999999999999999
seq18709@30,seq13003@14,0.9999999999999999
seq18709@30,seq210@214,0.9999999999999999
seq18709@30,seq16511@14,0.9999999999999999
seq18709@30,seq310@108,0.9999999999999999
seq18709@30,seq6591@122,0.9999999999999999
seq18709@30,seq2164@102,0.9999999999999999
seq18709@30,seq4879@26,0.9999999999999999
seq18709@30,seq1451@107,0.9999999999999999
seq18709@30,seq9233@106,0.9999999999999999
seq18709@30,seq2309@88,0.9999999999999999
seq18709@30,seq4609@71,0.9999999999999999
seq18709@30,seq4332@63,0.9999999999999999
seq18709@30,seq1025@55,0.9999999999999999
seq18709@30,seq10522@50,0.9999999999999999
seq18709@30,seq2671@49,0.9999999999999999
seq18709@30,seq11826@45,0.9999999999999999
seq18709@30,seq1039@41,0.9999999999999999
seq18709@30,seq6979@24,0.9999999999999999
seq18709@30,seq3622@19,0.9878787878787878
seq18709@30,seq4814@106,0.9999999999999999
seq18709@30,seq577@163,0.9999999999999999
seq18709@30,seq1059@21,0.9999999999999999
seq18709@30,seq45791@17,0.9999999999999999
seq18709@30,seq726@868,0.9999999999999999
seq18709@30,seq502@38,0.9999999999999999
seq18709@30,seq13@122338,0.9999999999999999
seq18709@30,seq3503@47,0.9999999999999999
seq4288@35,seq1957@25,0.9999999999999999
seq4288@35,seq13982@54,0.9999999999999999
seq4288@35,seq9858@41,0.9999999999999999
seq4288@35,seq3555@42,0.9999999999999999
seq4288@35,seq250@362,0.9999999999999999
seq4288@35,seq2351@23,0.9878787878787878
seq4288@35,seq449@137,0.9999999999999999
seq4288@35,seq7853@23,0.9999999999999999
seq4288@35,seq1469@255,0.9999999999999999
seq4288@35,seq4797@20,0.9999999999999999
seq4288@35,seq1693@166,0.9999999999999999
seq4288@35,seq16170@20,0.9999999999999999
seq4288@35,seq177@182,0.9999999999999999
seq4288@35,seq18977@20,0.9999999999999999
seq4288@35,seq7851@38,0.9999999999999999
seq4288@35,seq2414@258,0.9999999999999999
seq4288@35,seq22741@20,0.9999999999999999
seq4288@35,seq8251@76,0.9999999999999999
seq4288@35,seq25@311,0.9999999999999999
seq4288@35,seq2475@18,0.9878787878787878
seq4288@35,seq6287@48,0.9999999999999999
seq4288@35,seq8931@18,0.9999999999999999
seq4288@35,seq4820@62,0.9999999999999999
seq4288@35,seq33979@18,0.9999999999999999
seq4288@35,seq1465@72,0.9999999999999999
seq4288@35,seq2038@17,0.9999999999999999
seq4288@35,seq4857@35,0.9999999999999999
seq4288@35,seq40@232,0.9999999999999999
seq4288@35,seq4777@17,0.9999999999999999
seq4288@35,seq2734@153,0.9999999999999999
seq4288@35,seq39503@17,0.9878787878787878
seq4288@35,seq10783@38,0.9999999999999999
seq4288@35,seq902@182,0.9999999999999999
seq4288@35,seq5374@16,0.9999999999999999
seq4288@35,seq2135@242,0.9999999999999999
seq4288@35,seq10980@15,0.9999999999999999
seq4288@35,seq1042@228,0.9999999999999999
seq4288@35,seq7383@14,0.9999999999999999
seq4288@35,seq3439@189,0.9999999999999999
seq4288@35,seq10410@14,0.9999999999999999
seq4288@35,seq6243@33,0.9999999999999999
seq4288@35,seq2358@161,0.9999999999999999
seq4288@35,seq13003@14,0.9999999999999999
seq4288@35,seq210@214,0.9999999999999999
seq4288@35,seq16511@14,0.9999999999999999
seq4288@35,seq310@108,0.9999999999999999
seq4288@35,seq6591@122,0.9999999999999999
seq4288@35,seq2164@102,0.9999999999999999
seq4288@35,seq4879@26,0.9999999999999999
seq4288@35,seq1451@107,0.9999999999999999
seq4288@35,seq9233@106,0.9999999999999999
seq4288@35,seq2309@88,0.9999999999999999
seq4288@35,seq4609@71,0.9999999999999999
seq4288@35,seq4332@63,0.9999999999999999
seq4288@35,seq1025@55,0.9999999999999999
seq4288@35,seq10522@50,0.9999999999999999
seq4288@35,seq2671@49,0.9999999999999999
seq4288@35,seq11826@45,0.9999999999999999
seq4288@35,seq1039@41,0.9999999999999999
seq4288@35,seq6979@24,0.9999999999999999
seq4288@35,seq3622@19,0.9878787878787878
seq4288@35,seq4814@106,0.9999999999999999
seq4288@35,seq577@163,0.9999999999999999
seq4288@35,seq1059@21,0.9999999999999999
seq4288@35,seq45791@17,0.9999999999999999
seq4288@35,seq726@868,0.9999999999999999
seq4288@35,seq502@38,0.9999999999999999
seq4288@35,seq13@122338,0.9999999999999999
seq4288@35,seq3503@47,0.9999999999999999
seq1957@25,seq13982@54,0.9999999999999999
seq1957@25,seq9858@41,0.9999999999999999
seq1957@25,seq3555@42,0.9999999999999999
seq1957@25,seq250@362,0.9999999999999999
seq1957@25,seq2351@23,0.9878787878787878
seq1957@25,seq449@137,0.9999999999999999
seq1957@25,seq7853@23,0.9999999999999999
seq1957@25,seq1469@255,0.9999999999999999
seq1957@25,seq4797@20,0.9999999999999999
seq1957@25,seq1693@166,0.9999999999999999
seq1957@25,seq16170@20,0.9999999999999999
seq1957@25,seq177@182,0.9999999999999999
seq1957@25,seq18977@20,0.9999999999999999
seq1957@25,seq7851@38,0.9999999999999999
seq1957@25,seq2414@258,0.9999999999999999
seq1957@25,seq22741@20,0.9999999999999999
seq1957@25,seq8251@76,0.9999999999999999
seq1957@25,seq25@311,0.9999999999999999
seq1957@25,seq2475@18,0.9878787878787878
seq1957@25,seq6287@48,0.9999999999999999
seq1957@25,seq8931@18,0.9999999999999999
seq1957@25,seq4820@62,0.9999999999999999
seq1957@25,seq33979@18,0.9999999999999999
seq1957@25,seq1465@72,0.9999999999999999
seq1957@25,seq2038@17,0.9999999999999999
seq1957@25,seq4857@35,0.9999999999999999
seq1957@25,seq40@232,0.9999999999999999
seq1957@25,seq4777@17,0.9999999999999999
seq1957@25,seq2734@153,0.9999999999999999
seq1957@25,seq39503@17,0.9878787878787878
seq1957@25,seq10783@38,0.9999999999999999
seq1957@25,seq902@182,0.9999999999999999
seq1957@25,seq5374@16,0.9999999999999999
seq1957@25,seq2135@242,0.9999999999999999
seq1957@25,seq10980@15,0.9999999999999999
seq1957@25,seq1042@228,0.9999999999999999
seq1957@25,seq7383@14,0.9999999999999999
seq1957@25,seq3439@189,0.9999999999999999
seq1957@25,seq10410@14,0.9999999999999999
seq1957@25,seq6243@33,0.9999999999999999
seq1957@25,seq2358@161,0.9999999999999999
seq1957@25,seq13003@14,0.9999999999999999
seq1957@25,seq210@214,0.9999999999999999
seq1957@25,seq16511@14,0.9999999999999999
seq1957@25,seq310@108,0.9999999999999999
seq1957@25,seq6591@122,0.9999999999999999
seq1957@25,seq2164@102,0.9999999999999999
seq1957@25,seq4879@26,0.9999999999999999
seq1957@25,seq1451@107,0.9999999999999999
seq1957@25,seq9233@106,0.9999999999999999
seq1957@25,seq2309@88,0.9999999999999999
seq1957@25,seq4609@71,0.9999999999999999
seq1957@25,seq4332@63,0.9999999999999999
seq1957@25,seq1025@55,0.9999999999999999
seq1957@25,seq10522@50,0.9999999999999999
seq1957@25,seq2671@49,0.9999999999999999
seq1957@25,seq11826@45,0.9999999999999999
seq1957@25,seq1039@41,0.9999999999999999
seq1957@25,seq6979@24,0.9999999999999999
seq1957@25,seq3622@19,0.9878787878787878
seq1957@25,seq4814@106,0.9999999999999999
seq1957@25,seq577@163,0.9999999999999999
seq1957@25,seq1059@21,0.9999999999999999
seq1957@25,seq45791@17,0.9999999999999999
seq1957@25,seq726@868,0.9999999999999999
seq1957@25,seq502@38,0.9999999999999999
seq1957@25,seq13@122338,0.9999999999999999
seq1957@25,seq3503@47,0.9999999999999999
seq13982@54,seq9858@41,0.9999999999999999
seq13982@54,seq3555@42,0.9999999999999999
seq13982@54,seq250@362,0.9999999999999999
seq13982@54,seq2351@23,0.9878787878787878
seq13982@54,seq449@137,0.9999999999999999
seq13982@54,seq7853@23,0.9999999999999999
seq13982@54,seq1469@255,0.9999999999999999
seq13982@54,seq4797@20,0.9999999999999999
seq13982@54,seq1693@166,0.9999999999999999
seq13982@54,seq16170@20,0.9999999999999999
seq13982@54,seq177@182,0.9999999999999999
seq13982@54,seq18977@20,0.9999999999999999
seq13982@54,seq7851@38,0.9999999999999999
seq13982@54,seq2414@258,0.9999999999999999
seq13982@54,seq22741@20,0.9999999999999999
seq13982@54,seq8251@76,0.9999999999999999
seq13982@54,seq25@311,0.9999999999999999
seq13982@54,seq2475@18,0.9878787878787878
seq13982@54,seq6287@48,0.9999999999999999
seq13982@54,seq8931@18,0.9999999999999999
seq13982@54,seq4820@62,0.9999999999999999
seq13982@54,seq33979@18,0.9999999999999999
seq13982@54,seq1465@72,0.9999999999999999
seq13982@54,seq2038@17,0.9999999999999999
seq13982@54,seq4857@35,0.9999999999999999
seq13982@54,seq40@232,0.9999999999999999
seq13982@54,seq4777@17,0.9999999999999999
seq13982@54,seq2734@153,0.9999999999999999
seq13982@54,seq39503@17,0.9878787878787878
seq13982@54,seq10783@38,0.9999999999999999
seq13982@54,seq902@182,0.9999999999999999
seq13982@54,seq5374@16,0.9999999999999999
seq13982@54,seq2135@242,0.9999999999999999
seq13982@54,seq10980@15,0.9999999999999999
seq13982@54,seq1042@228,0.9999999999999999
seq13982@54,seq7383@14,0.9999999999999999
seq13982@54,seq3439@189,0.9999999999999999
seq13982@54,seq10410@14,0.9999999999999999
seq13982@54,seq6243@33,0.9999999999999999
seq13982@54,seq2358@161,0.9999999999999999
seq13982@54,seq13003@14,0.9999999999999999
seq13982@54,seq210@214,0.9999999999999999
seq13982@54,seq16511@14,0.9999999999999999
seq13982@54,seq310@108,0.9999999999999999
seq13982@54,seq6591@122,0.9999999999999999
seq13982@54,seq2164@102,0.9999999999999999
seq13982@54,seq4879@26,0.9999999999999999
seq13982@54,seq1451@107,0.9999999999999999
seq13982@54,seq9233@106,0.9999999999999999
seq13982@54,seq2309@88,0.9999999999999999
seq13982@54,seq4609@71,0.9999999999999999
seq13982@54,seq4332@63,0.9999999999999999
seq13982@54,seq1025@55,0.9999999999999999
seq13982@54,seq10522@50,0.9999999999999999
seq13982@54,seq2671@49,0.9999999999999999
seq13982@54,seq11826@45,0.9999999999999999
seq13982@54,seq1039@41,0.9999999999999999
seq13982@54,seq6979@24,0.9999999999999999
seq13982@54,seq3622@19,0.9878787878787878
seq13982@54,seq4814@106,0.9999999999999999
seq13982@54,seq577@163,0.9999999999999999
seq13982@54,seq1059@21,0.9999999999999999
seq13982@54,seq45791@17,0.9999999999999999
seq13982@54,seq726@868,0.9999999999999999
seq13982@54,seq502@38,0.9999999999999999
seq13982@54,seq13@122338,0.9999999999999999
seq13982@54,seq3503@47,0.9999999999999999
seq9858@41,seq3555@42,0.9999999999999999
seq9858@41,seq250@362,0.9999999999999999
seq9858@41,seq2351@23,0.9878787878787878
seq9858@41,seq449@137,0.9999999999999999
seq9858@41,seq7853@23,0.9999999999999999
seq9858@41,seq1469@255,0.9999999999999999
seq9858@41,seq4797@20,0.9999999999999999
seq9858@41,seq1693@166,0.9999999999999999
seq9858@41,seq16170@20,0.9999999999999999
seq9858@41,seq177@182,0.9999999999999999
seq9858@41,seq18977@20,0.9999999999999999
seq9858@41,seq7851@38,0.9999999999999999
seq9858@41,seq2414@258,0.9999999999999999
seq9858@41,seq22741@20,0.9999999999999999
seq9858@41,seq8251@76,0.9999999999999999
seq9858@41,seq25@311,0.9999999999999999
seq9858@41,seq2475@18,0.9878787878787878
seq9858@41,seq6287@48,0.9999999999999999
seq9858@41,seq8931@18,0.9999999999999999
seq9858@41,seq4820@62,0.9999999999999999
seq9858@41,seq33979@18,0.9999999999999999
seq9858@41,seq1465@72,0.9999999999999999
seq9858@41,seq2038@17,0.9999999999999999
seq9858@41,seq4857@35,0.9999999999999999
seq9858@41,seq40@232,0.9999999999999999
seq9858@41,seq4777@17,0.9999999999999999
seq9858@41,seq2734@153,0.9999999999999999
seq9858@41,seq39503@17,0.9878787878787878
seq9858@41,seq10783@38,0.9999999999999999
seq9858@41,seq902@182,0.9999999999999999
seq9858@41,seq5374@16,0.9999999999999999
seq9858@41,seq2135@242,0.9999999999999999
seq9858@41,seq10980@15,0.9999999999999999
seq9858@41,seq1042@228,0.9999999999999999
seq9858@41,seq7383@14,0.9999999999999999
seq9858@41,seq3439@189,0.9999999999999999
seq9858@41,seq10410@14,0.9999999999999999
seq9858@41,seq6243@33,0.9999999999999999
seq9858@41,seq2358@161,0.9999999999999999
seq9858@41,seq13003@14,0.9999999999999999
seq9858@41,seq210@214,0.9999999999999999
seq9858@41,seq16511@14,0.9999999999999999
seq9858@41,seq310@108,0.9999999999999999
seq9858@41,seq6591@122,0.9999999999999999
seq9858@41,seq2164@102,0.9999999999999999
seq9858@41,seq4879@26,0.9999999999999999
seq9858@41,seq1451@107,0.9999999999999999
seq9858@41,seq9233@106,0.9999999999999999
seq9858@41,seq2309@88,0.9999999999999999
seq9858@41,seq4609@71,0.9999999999999999
seq9858@41,seq4332@63,0.9999999999999999
seq9858@41,seq1025@55,0.9999999999999999
seq9858@41,seq10522@50,0.9999999999999999
seq9858@41,seq2671@49,0.9999999999999999
seq9858@41,seq11826@45,0.9999999999999999
seq9858@41,seq1039@41,0.9999999999999999
seq9858@41,seq6979@24,0.9999999999999999
seq9858@41,seq3622@19,0.9878787878787878
seq9858@41,seq4814@106,0.9999999999999999
seq9858@41,seq577@163,0.9999999999999999
seq9858@41,seq1059@21,0.9999999999999999
seq9858@41,seq45791@17,0.9999999999999999
seq9858@41,seq726@868,0.9999999999999999
seq9858@41,seq502@38,0.9999999999999999
seq9858@41,seq13@122338,0.9999999999999999
seq9858@41,seq3503@47,0.9999999999999999
seq3555@42,seq250@362,0.9999999999999999
seq3555@42,seq2351@23,0.9878787878787878
seq3555@42,seq449@137,0.9999999999999999
seq3555@42,seq7853@23,0.9999999999999999
seq3555@42,seq1469@255,0.9999999999999999
seq3555@42,seq4797@20,0.9999999999999999
seq3555@42,seq1693@166,0.9999999999999999
seq3555@42,seq16170@20,0.9999999999999999
seq3555@42,seq177@182,0.9999999999999999
seq3555@42,seq18977@20,0.9999999999999999
seq3555@42,seq7851@38,0.9999999999999999
seq3555@42,seq2414@258,0.9999999999999999
seq3555@42,seq22741@20,0.9999999999999999
seq3555@42,seq8251@76,0.9999999999999999
seq3555@42,seq25@311,0.9999999999999999
seq3555@42,seq2475@18,0.9878787878787878
seq3555@42,seq6287@48,0.9999999999999999
seq3555@42,seq8931@18,0.9999999999999999
seq3555@42,seq4820@62,0.9999999999999999
seq3555@42,seq33979@18,0.9999999999999999
seq3555@42,seq1465@72,0.9999999999999999
seq3555@42,seq2038@17,0.9999999999999999
seq3555@42,seq4857@35,0.9999999999999999
seq3555@42,seq40@232,0.9999999999999999
seq3555@42,seq4777@17,0.9999999999999999
seq3555@42,seq2734@153,0.9999999999999999
seq3555@42,seq39503@17,0.9878787878787878
seq3555@42,seq10783@38,0.9999999999999999
seq3555@42,seq902@182,0.9999999999999999
seq3555@42,seq5374@16,0.9999999999999999
seq3555@42,seq2135@242,0.9999999999999999
seq3555@42,seq10980@15,0.9999999999999999
seq3555@42,seq1042@228,0.9999999999999999
seq3555@42,seq7383@14,0.9999999999999999
seq3555@42,seq3439@189,0.9999999999999999
seq3555@42,seq10410@14,0.9999999999999999
seq3555@42,seq6243@33,0.9999999999999999
seq3555@42,seq2358@161,0.9999999999999999
seq3555@42,seq13003@14,0.9999999999999999
seq3555@42,seq210@214,0.9999999999999999
seq3555@42,seq16511@14,0.9999999999999999
seq3555@42,seq310@108,0.9999999999999999
seq3555@42,seq6591@122,0.9999999999999999
seq3555@42,seq2164@102,0.9999999999999999
seq3555@42,seq4879@26,0.9999999999999999
seq3555@42,seq1451@107,0.9999999999999999
seq3555@42,seq9233@106,0.9999999999999999
seq3555@42,seq2309@88,0.9999999999999999
seq3555@42,seq4609@71,0.9999999999999999
seq3555@42,seq4332@63,0.9999999999999999
seq3555@42,seq1025@55,0.9999999999999999
seq3555@42,seq10522@50,0.9999999999999999
seq3555@42,seq2671@49,0.9999999999999999
seq3555@42,seq11826@45,0.9999999999999999
seq3555@42,seq1039@41,0.9999999999999999
seq3555@42,seq6979@24,0.9999999999999999
seq3555@42,seq3622@19,0.9878787878787878
seq3555@42,seq4814@106,0.9999999999999999
seq3555@42,seq577@163,0.9999999999999999
seq3555@42,seq1059@21,0.9999999999999999
seq3555@42,seq45791@17,0.9999999999999999
seq3555@42,seq726@868,0.9999999999999999
seq3555@42,seq502@38,0.9999999999999999
seq3555@42,seq13@122338,0.9999999999999999
seq3555@42,seq3503@47,0.9999999999999999
seq250@362,seq2351@23,0.9878787878787878
seq250@362,seq449@137,0.9999999999999999
seq250@362,seq7853@23,0.9999999999999999
seq250@362,seq1469@255,0.9999999999999999
seq250@362,seq4797@20,0.9999999999999999
seq250@362,seq1693@166,0.9999999999999999
seq250@362,seq16170@20,0.9999999999999999
seq250@362,seq177@182,0.9999999999999999
seq250@362,seq18977@20,0.9999999999999999
seq250@362,seq7851@38,0.9999999999999999
seq250@362,seq2414@258,0.9999999999999999
seq250@362,seq22741@20,0.9999999999999999
seq250@362,seq8251@76,0.9999999999999999
seq250@362,seq25@311,0.9999999999999999
seq250@362,seq2475@18,0.9878787878787878
seq250@362,seq6287@48,0.9999999999999999
seq250@362,seq8931@18,0.9999999999999999
seq250@362,seq4820@62,0.9999999999999999
seq250@362,seq33979@18,0.9999999999999999
seq250@362,seq1465@72,0.9999999999999999
seq250@362,seq2038@17,0.9999999999999999
seq250@362,seq4857@35,0.9999999999999999
seq250@362,seq40@232,0.9999999999999999
seq250@362,seq4777@17,0.9999999999999999
seq250@362,seq2734@153,0.9999999999999999
seq250@362,seq39503@17,0.9878787878787878
seq250@362,seq10783@38,0.9999999999999999
seq250@362,seq902@182,0.9999999999999999
seq250@362,seq5374@16,0.9999999999999999
seq250@362,seq2135@242,0.9999999999999999
seq250@362,seq10980@15,0.9999999999999999
seq250@362,seq1042@228,0.9999999999999999
seq250@362,seq7383@14,0.9999999999999999
seq250@362,seq3439@189,0.9999999999999999
seq250@362,seq10410@14,0.9999999999999999
seq250@362,seq6243@33,0.9999999999999999
seq250@362,seq2358@161,0.9999999999999999
seq250@362,seq13003@14,0.9999999999999999
seq250@362,seq210@214,0.9999999999999999
seq250@362,seq16511@14,0.9999999999999999
seq250@362,seq310@108,0.9999999999999999
seq250@362,seq6591@122,0.9999999999999999
seq250@362,seq2164@102,0.9999999999999999
seq250@362,seq4879@26,0.9999999999999999
seq250@362,seq1451@107,0.9999999999999999
seq250@362,seq9233@106,0.9999999999999999
seq250@362,seq2309@88,0.9999999999999999
seq250@362,seq4609@71,0.9999999999999999
seq250@362,seq4332@63,0.9999999999999999
seq250@362,seq1025@55,0.9999999999999999
seq250@362,seq10522@50,0.9999999999999999
seq250@362,seq2671@49,0.9999999999999999
seq250@362,seq11826@45,0.9999999999999999
seq250@362,seq1039@41,0.9999999999999999
seq250@362,seq6979@24,0.9999999999999999
seq250@362,seq3622@19,0.9878787878787878
seq250@362,seq4814@106,0.9999999999999999
seq250@362,seq577@163,0.9999999999999999
seq250@362,seq1059@21,0.9999999999999999
seq250@362,seq45791@17,0.9999999999999999
seq250@362,seq726@868,0.9999999999999999
seq250@362,seq502@38,0.9999999999999999
seq250@362,seq13@122338,0.9999999999999999
seq250@362,seq3503@47,0.9999999999999999
seq2351@23,seq449@137,0.9878787878787878
seq2351@23,seq7853@23,0.9878787878787878
seq2351@23,seq1469@255,0.9878787878787878
seq2351@23,seq4797@20,0.9878787878787878
seq2351@23,seq1693@166,0.9878787878787878
seq2351@23,seq16170@20,0.9878787878787878
seq2351@23,seq177@182,0.9878787878787878
seq2351@23,seq18977@20,0.9878787878787878
seq2351@23,seq7851@38,0.9878787878787878
seq2351@23,seq2414@258,0.9878787878787878
seq2351@23,seq22741@20,0.9878787878787878
seq2351@23,seq8251@76,0.9878787878787878
seq2351@23,seq25@311,0.9878787878787878
seq2351@23,seq2475@18,0.9636363636363635
seq2351@23,seq6287@48,0.9878787878787878
seq2351@23,seq8931@18,0.9878787878787878
seq2351@23,seq4820@62,0.9878787878787878
seq2351@23,seq33979@18,0.9878787878787878
seq2351@23,seq1465@72,0.9878787878787878
seq2351@23,seq2038@17,0.9878787878787878
seq2351@23,seq4857@35,0.9878787878787878
seq2351@23,seq40@232,0.9878787878787878
seq2351@23,seq4777@17,0.9878787878787878
seq2351@23,seq2734@153,0.9878787878787878
seq2351@23,seq39503@17,0.9636363636363635
seq2351@23,seq10783@38,0.9878787878787878
seq2351@23,seq902@182,0.9878787878787878
seq2351@23,seq5374@16,0.9878787878787878
seq2351@23,seq2135@242,0.9878787878787878
seq2351@23,seq10980@15,0.9878787878787878
seq2351@23,seq1042@228,0.9878787878787878
seq2351@23,seq7383@14,0.9878787878787878
seq2351@23,seq3439@189,0.9878787878787878
seq2351@23,seq10410@14,0.9878787878787878
seq2351@23,seq6243@33,0.9878787878787878
seq2351@23,seq2358@161,0.9878787878787878
seq2351@23,seq13003@14,0.9878787878787878
seq2351@23,seq210@214,0.9878787878787878
seq2351@23,seq16511@14,0.9878787878787878
seq2351@23,seq310@108,0.9878787878787878
seq2351@23,seq6591@122,0.9878787878787878
seq2351@23,seq2164@102,0.9878787878787878
seq2351@23,seq4879@26,0.9878787878787878
seq2351@23,seq1451@107,0.9878787878787878
seq2351@23,seq9233@106,0.9878787878787878
seq2351@23,seq2309@88,0.9878787878787878
seq2351@23,seq4609@71,0.9878787878787878
seq2351@23,seq4332@63,0.9878787878787878
seq2351@23,seq1025@55,0.9878787878787878
seq2351@23,seq10522@50,0.9878787878787878
seq2351@23,seq2671@49,0.9878787878787878
seq2351@23,seq11826@45,0.9878787878787878
seq2351@23,seq1039@41,0.9878787878787878
seq2351@23,seq6979@24,0.9878787878787878
seq2351@23,seq3622@19,0.9636363636363635
seq2351@23,seq4814@106,0.9878787878787878
seq2351@23,seq577@163,0.9878787878787878
seq2351@23,seq1059@21,0.9878787878787878
seq2351@23,seq45791@17,0.9878787878787878
seq2351@23,seq726@868,0.9878787878787878
seq2351@23,seq502@38,0.9878787878787878
seq2351@23,seq13@122338,0.9878787878787878
seq2351@23,seq3503@47,0.9878787878787878
seq449@137,seq7853@23,0.9999999999999999
seq449@137,seq1469@255,0.9999999999999999
seq449@137,seq4797@20,0.9999999999999999
seq449@137,seq1693@166,0.9999999999999999
seq449@137,seq16170@20,0.9999999999999999
seq449@137,seq177@182,0.9999999999999999
seq449@137,seq18977@20,0.9999999999999999
seq449@137,seq7851@38,0.9999999999999999
seq449@137,seq2414@258,0.9999999999999999
seq449@137,seq22741@20,0.9999999999999999
seq449@137,seq8251@76,0.9999999999999999
seq449@137,seq25@311,0.9999999999999999
seq449@137,seq2475@18,0.9878787878787878
seq449@137,seq6287@48,0.9999999999999999
seq449@137,seq8931@18,0.9999999999999999
seq449@137,seq4820@62,0.9999999999999999
seq449@137,seq33979@18,0.9999999999999999
seq449@137,seq1465@72,0.9999999999999999
seq449@137,seq2038@17,0.9999999999999999
seq449@137,seq4857@35,0.9999999999999999
seq449@137,seq40@232,0.9999999999999999
seq449@137,seq4777@17,0.9999999999999999
seq449@137,seq2734@153,0.9999999999999999
seq449@137,seq39503@17,0.9878787878787878
seq449@137,seq10783@38,0.9999999999999999
seq449@137,seq902@182,0.9999999999999999
seq449@137,seq5374@16,0.9999999999999999
seq449@137,seq2135@242,0.9999999999999999
seq449@137,seq10980@15,0.9999999999999999
seq449@137,seq1042@228,0.9999999999999999
seq449@137,seq7383@14,0.9999999999999999
seq449@137,seq3439@189,0.9999999999999999
seq449@137,seq10410@14,0.9999999999999999
seq449@137,seq6243@33,0.9999999999999999
seq449@137,seq2358@161,0.9999999999999999
seq449@137,seq13003@14,0.9999999999999999
seq449@137,seq210@214,0.9999999999999999
seq449@137,seq16511@14,0.9999999999999999
seq449@137,seq310@108,0.9999999999999999
seq449@137,seq6591@122,0.9999999999999999
seq449@137,seq2164@102,0.9999999999999999
seq449@137,seq4879@26,0.9999999999999999
seq449@137,seq1451@107,0.9999999999999999
seq449@137,seq9233@106,0.9999999999999999
seq449@137,seq2309@88,0.9999999999999999
seq449@137,seq4609@71,0.9999999999999999
seq449@137,seq4332@63,0.9999999999999999
seq449@137,seq1025@55,0.9999999999999999
seq449@137,seq10522@50,0.9999999999999999
seq449@137,seq2671@49,0.9999999999999999
seq449@137,seq11826@45,0.9999999999999999
seq449@137,seq1039@41,0.9999999999999999
seq449@137,seq6979@24,0.9999999999999999
seq449@137,seq3622@19,0.9878787878787878
seq449@137,seq4814@106,0.9999999999999999
seq449@137,seq577@163,0.9999999999999999
seq449@137,seq1059@21,0.9999999999999999
seq449@137,seq45791@17,0.9999999999999999
seq449@137,seq726@868,0.9999999999999999
seq449@137,seq502@38,0.9999999999999999
seq449@137,seq13@122338,0.9999999999999999
seq449@137,seq3503@47,0.9999999999999999
seq7853@23,seq1469@255,0.9999999999999999
seq7853@23,seq4797@20,0.9999999999999999
seq7853@23,seq1693@166,0.9999999999999999
seq7853@23,seq16170@20,0.9999999999999999
seq7853@23,seq177@182,0.9999999999999999
seq7853@23,seq18977@20,0.9999999999999999
seq7853@23,seq7851@38,0.9999999999999999
seq7853@23,seq2414@258,0.9999999999999999
seq7853@23,seq22741@20,0.9999999999999999
seq7853@23,seq8251@76,0.9999999999999999
seq7853@23,seq25@311,0.9999999999999999
seq7853@23,seq2475@18,0.9878787878787878
seq7853@23,seq6287@48,0.9999999999999999
seq7853@23,seq8931@18,0.9999999999999999
seq7853@23,seq4820@62,0.9999999999999999
seq7853@23,seq33979@18,0.9999999999999999
seq7853@23,seq1465@72,0.9999999999999999
seq7853@23,seq2038@17,0.9999999999999999
seq7853@23,seq4857@35,0.9999999999999999
seq7853@23,seq40@232,0.9999999999999999
seq7853@23,seq4777@17,0.9999999999999999
seq7853@23,seq2734@153,0.9999999999999999
seq7853@23,seq39503@17,0.9878787878787878
seq7853@23,seq10783@38,0.9999999999999999
seq7853@23,seq902@182,0.9999999999999999
seq7853@23,seq5374@16,0.9999999999999999
seq7853@23,seq2135@242,0.9999999999999999
seq7853@23,seq10980@15,0.9999999999999999
seq7853@23,seq1042@228,0.9999999999999999
seq7853@23,seq7383@14,0.9999999999999999
seq7853@23,seq3439@189,0.9999999999999999
seq7853@23,seq10410@14,0.9999999999999999
seq7853@23,seq6243@33,0.9999999999999999
seq7853@23,seq2358@161,0.9999999999999999
seq7853@23,seq13003@14,0.9999999999999999
seq7853@23,seq210@214,0.9999999999999999
seq7853@23,seq16511@14,0.9999999999999999
seq7853@23,seq310@108,0.9999999999999999
seq7853@23,seq6591@122,0.9999999999999999
seq7853@23,seq2164@102,0.9999999999999999
seq7853@23,seq4879@26,0.9999999999999999
seq7853@23,seq1451@107,0.9999999999999999
seq7853@23,seq9233@106,0.9999999999999999
seq7853@23,seq2309@88,0.9999999999999999
seq7853@23,seq4609@71,0.9999999999999999
seq7853@23,seq4332@63,0.9999999999999999
seq7853@23,seq1025@55,0.9999999999999999
seq7853@23,seq10522@50,0.9999999999999999
seq7853@23,seq2671@49,0.9999999999999999
seq7853@23,seq11826@45,0.9999999999999999
seq7853@23,seq1039@41,0.9999999999999999
seq7853@23,seq6979@24,0.9999999999999999
seq7853@23,seq3622@19,0.9878787878787878
seq7853@23,seq4814@106,0.9999999999999999
seq7853@23,seq577@163,0.9999999999999999
seq7853@23,seq1059@21,0.9999999999999999
seq7853@23,seq45791@17,0.9999999999999999
seq7853@23,seq726@868,0.9999999999999999
seq7853@23,seq502@38,0.9999999999999999
seq7853@23,seq13@122338,0.9999999999999999
seq7853@23,seq3503@47,0.9999999999999999
seq1469@255,seq4797@20,0.9999999999999999
seq1469@255,seq1693@166,0.9999999999999999
seq1469@255,seq16170@20,0.9999999999999999
seq1469@255,seq177@182,0.9999999999999999
seq1469@255,seq18977@20,0.9999999999999999
seq1469@255,seq7851@38,0.9999999999999999
seq1469@255,seq2414@258,0.9999999999999999
seq1469@255,seq22741@20,0.9999999999999999
seq1469@255,seq8251@76,0.9999999999999999
seq1469@255,seq25@311,0.9999999999999999
seq1469@255,seq2475@18,0.9878787878787878
seq1469@255,seq6287@48,0.9999999999999999
seq1469@255,seq8931@18,0.9999999999999999
seq1469@255,seq4820@62,0.9999999999999999
seq1469@255,seq33979@18,0.9999999999999999
seq1469@255,seq1465@72,0.9999999999999999
seq1469@255,seq2038@17,0.9999999999999999
seq1469@255,seq4857@35,0.9999999999999999
seq1469@255,seq40@232,0.9999999999999999
seq1469@255,seq4777@17,0.9999999999999999
seq1469@255,seq2734@153,0.9999999999999999
seq1469@255,seq39503@17,0.9878787878787878
seq1469@255,seq10783@38,0.9999999999999999
seq1469@255,seq902@182,0.9999999999999999
seq1469@255,seq5374@16,0.9999999999999999
seq1469@255,seq2135@242,0.9999999999999999
seq1469@255,seq10980@15,0.9999999999999999
seq1469@255,seq1042@228,0.9999999999999999
seq1469@255,seq7383@14,0.9999999999999999
seq1469@255,seq3439@189,0.9999999999999999
seq1469@255,seq10410@14,0.9999999999999999
seq1469@255,seq6243@33,0.9999999999999999
seq1469@255,seq2358@161,0.9999999999999999
seq1469@255,seq13003@14,0.9999999999999999
seq1469@255,seq210@214,0.9999999999999999
seq1469@255,seq16511@14,0.9999999999999999
seq1469@255,seq310@108,0.9999999999999999
seq1469@255,seq6591@122,0.9999999999999999
seq1469@255,seq2164@102,0.9999999999999999
seq1469@255,seq4879@26,0.9999999999999999
seq1469@255,seq1451@107,0.9999999999999999
seq1469@255,seq9233@106,0.9999999999999999
seq1469@255,seq2309@88,0.9999999999999999
seq1469@255,seq4609@71,0.9999999999999999
seq1469@255,seq4332@63,0.9999999999999999
seq1469@255,seq1025@55,0.9999999999999999
seq1469@255,seq10522@50,0.9999999999999999
seq1469@255,seq2671@49,0.9999999999999999
seq1469@255,seq11826@45,0.9999999999999999
seq1469@255,seq1039@41,0.9999999999999999
seq1469@255,seq6979@24,0.9999999999999999
seq1469@255,seq3622@19,0.9878787878787878
seq1469@255,seq4814@106,0.9999999999999999
seq1469@255,seq577@163,0.9999999999999999
seq1469@255,seq1059@21,0.9999999999999999
seq1469@255,seq45791@17,0.9999999999999999
seq1469@255,seq726@868,0.9999999999999999
seq1469@255,seq502@38,0.9999999999999999
seq1469@255,seq13@122338,0.9999999999999999
seq1469@255,seq3503@47,0.9999999999999999
seq4797@20,seq1693@166,0.9999999999999999
seq4797@20,seq16170@20,0.9999999999999999
seq4797@20,seq177@182,0.9999999999999999
seq4797@20,seq18977@20,0.9999999999999999
seq4797@20,seq7851@38,0.9999999999999999
seq4797@20,seq2414@258,0.9999999999999999
seq4797@20,seq22741@20,0.9999999999999999
seq4797@20,seq8251@76,0.9999999999999999
seq4797@20,seq25@311,0.9999999999999999
seq4797@20,seq2475@18,0.9878787878787878
seq4797@20,seq6287@48,0.9999999999999999
seq4797@20,seq8931@18,0.9999999999999999
seq4797@20,seq4820@62,0.9999999999999999
seq4797@20,seq33979@18,0.9999999999999999
seq4797@20,seq1465@72,0.9999999999999999
seq4797@20,seq2038@17,0.9999999999999999
seq4797@20,seq4857@35,0.9999999999999999
seq4797@20,seq40@232,0.9999999999999999
seq4797@20,seq4777@17,0.9999999999999999
seq4797@20,seq2734@153,0.9999999999999999
seq4797@20,seq39503@17,0.9878787878787878
seq4797@20,seq10783@38,0.9999999999999999
seq4797@20,seq902@182,0.9999999999999999
seq4797@20,seq5374@16,0.9999999999999999
seq4797@20,seq2135@242,0.9999999999999999
seq4797@20,seq10980@15,0.9999999999999999
seq4797@20,seq1042@228,0.9999999999999999
seq4797@20,seq7383@14,0.9999999999999999
seq4797@20,seq3439@189,0.9999999999999999
seq4797@20,seq10410@14,0.9999999999999999
seq4797@20,seq6243@33,0.9999999999999999
seq4797@20,seq2358@161,0.9999999999999999
seq4797@20,seq13003@14,0.9999999999999999
seq4797@20,seq210@214,0.9999999999999999
seq4797@20,seq16511@14,0.9999999999999999
seq4797@20,seq310@108,0.9999999999999999
seq4797@20,seq6591@122,0.9999999999999999
seq4797@20,seq2164@102,0.9999999999999999
seq4797@20,seq4879@26,0.9999999999999999
seq4797@20,seq1451@107,0.9999999999999999
seq4797@20,seq9233@106,0.9999999999999999
seq4797@20,seq2309@88,0.9999999999999999
seq4797@20,seq4609@71,0.9999999999999999
seq4797@20,seq4332@63,0.9999999999999999
seq4797@20,seq1025@55,0.9999999999999999
seq4797@20,seq10522@50,0.9999999999999999
seq4797@20,seq2671@49,0.9999999999999999
seq4797@20,seq11826@45,0.9999999999999999
seq4797@20,seq1039@41,0.9999999999999999
seq4797@20,seq6979@24,0.9999999999999999
seq4797@20,seq3622@19,0.9878787878787878
seq4797@20,seq4814@106,0.9999999999999999
seq4797@20,seq577@163,0.9999999999999999
seq4797@20,seq1059@21,0.9999999999999999
seq4797@20,seq45791@17,0.9999999999999999
seq4797@20,seq726@868,0.9999999999999999
seq4797@20,seq502@38,0.9999999999999999
seq4797@20,seq13@122338,0.9999999999999999
seq4797@20,seq3503@47,0.9999999999999999
seq1693@166,seq16170@20,0.9999999999999999
seq1693@166,seq177@182,0.9999999999999999
seq1693@166,seq18977@20,0.9999999999999999
seq1693@166,seq7851@38,0.9999999999999999
seq1693@166,seq2414@258,0.9999999999999999
seq1693@166,seq22741@20,0.9999999999999999
seq1693@166,seq8251@76,0.9999999999999999
seq1693@166,seq25@311,0.9999999999999999
seq1693@166,seq2475@18,0.9878787878787878
seq1693@166,seq6287@48,0.9999999999999999
seq1693@166,seq8931@18,0.9999999999999999
seq1693@166,seq4820@62,0.9999999999999999
seq1693@166,seq33979@18,0.9999999999999999
seq1693@166,seq1465@72,0.9999999999999999
seq1693@166,seq2038@17,0.9999999999999999
seq1693@166,seq4857@35,0.9999999999999999
seq1693@166,seq40@232,0.9999999999999999
seq1693@166,seq4777@17,0.9999999999999999
seq1693@166,seq2734@153,0.9999999999999999
seq1693@166,seq39503@17,0.9878787878787878
seq1693@166,seq10783@38,0.9999999999999999
seq1693@166,seq902@182,0.9999999999999999
seq1693@166,seq5374@16,0.9999999999999999
seq1693@166,seq2135@242,0.9999999999999999
seq1693@166,seq10980@15,0.9999999999999999
seq1693@166,seq1042@228,0.9999999999999999
seq1693@166,seq7383@14,0.9999999999999999
seq1693@166,seq3439@189,0.9999999999999999
seq1693@166,seq10410@14,0.9999999999999999
seq1693@166,seq6243@33,0.9999999999999999
seq1693@166,seq2358@161,0.9999999999999999
seq1693@166,seq13003@14,0.9999999999999999
seq1693@166,seq210@214,0.9999999999999999
seq1693@166,seq16511@14,0.9999999999999999
seq1693@166,seq310@108,0.9999999999999999
seq1693@166,seq6591@122,0.9999999999999999
seq1693@166,seq2164@102,0.9999999999999999
seq1693@166,seq4879@26,0.9999999999999999
seq1693@166,seq1451@107,0.9999999999999999
seq1693@166,seq9233@106,0.9999999999999999
seq1693@166,seq2309@88,0.9999999999999999
seq1693@166,seq4609@71,0.9999999999999999
seq1693@166,seq4332@63,0.9999999999999999
seq1693@166,seq1025@55,0.9999999999999999
seq1693@166,seq10522@50,0.9999999999999999
seq1693@166,seq2671@49,0.9999999999999999
seq1693@166,seq11826@45,0.9999999999999999
seq1693@166,seq1039@41,0.9999999999999999
seq1693@166,seq6979@24,0.9999999999999999
seq1693@166,seq3622@19,0.9878787878787878
seq1693@166,seq4814@106,0.9999999999999999
seq1693@166,seq577@163,0.9999999999999999
seq1693@166,seq1059@21,0.9999999999999999
seq1693@166,seq45791@17,0.9999999999999999
seq1693@166,seq726@868,0.9999999999999999
seq1693@166,seq502@38,0.9999999999999999
seq1693@166,seq13@122338,0.9999999999999999
seq1693@166,seq3503@47,0.9999999999999999
seq16170@20,seq177@182,0.9999999999999999
seq16170@20,seq18977@20,0.9999999999999999
seq16170@20,seq7851@38,0.9999999999999999
seq16170@20,seq2414@258,0.9999999999999999
seq16170@20,seq22741@20,0.9999999999999999
seq16170@20,seq8251@76,0.9999999999999999
seq16170@20,seq25@311,0.9999999999999999
seq16170@20,seq2475@18,0.9878787878787878
seq16170@20,seq6287@48,0.9999999999999999
seq16170@20,seq8931@18,0.9999999999999999
seq16170@20,seq4820@62,0.9999999999999999
seq16170@20,seq33979@18,0.9999999999999999
seq16170@20,seq1465@72,0.9999999999999999
seq16170@20,seq2038@17,0.9999999999999999
seq16170@20,seq4857@35,0.9999999999999999
seq16170@20,seq40@232,0.9999999999999999
seq16170@20,seq4777@17,0.9999999999999999
seq16170@20,seq2734@153,0.9999999999999999
seq16170@20,seq39503@17,0.9878787878787878
seq16170@20,seq10783@38,0.9999999999999999
seq16170@20,seq902@182,0.9999999999999999
seq16170@20,seq5374@16,0.9999999999999999
seq16170@20,seq2135@242,0.9999999999999999
seq16170@20,seq10980@15,0.9999999999999999
seq16170@20,seq1042@228,0.9999999999999999
seq16170@20,seq7383@14,0.9999999999999999
seq16170@20,seq3439@189,0.9999999999999999
seq16170@20,seq10410@14,0.9999999999999999
seq16170@20,seq6243@33,0.9999999999999999
seq16170@20,seq2358@161,0.9999999999999999
seq16170@20,seq13003@14,0.9999999999999999
seq16170@20,seq210@214,0.9999999999999999
seq16170@20,seq16511@14,0.9999999999999999
seq16170@20,seq310@108,0.9999999999999999
seq16170@20,seq6591@122,0.9999999999999999
seq16170@20,seq2164@102,0.9999999999999999
seq16170@20,seq4879@26,0.9999999999999999
seq16170@20,seq1451@107,0.9999999999999999
seq16170@20,seq9233@106,0.9999999999999999
seq16170@20,seq2309@88,0.9999999999999999
seq16170@20,seq4609@71,0.9999999999999999
seq16170@20,seq4332@63,0.9999999999999999
seq16170@20,seq1025@55,0.9999999999999999
seq16170@20,seq10522@50,0.9999999999999999
seq16170@20,seq2671@49,0.9999999999999999
seq16170@20,seq11826@45,0.9999999999999999
seq16170@20,seq1039@41,0.9999999999999999
seq16170@20,seq6979@24,0.9999999999999999
seq16170@20,seq3622@19,0.9878787878787878
seq16170@20,seq4814@106,0.9999999999999999
seq16170@20,seq577@163,0.9999999999999999
seq16170@20,seq1059@21,0.9999999999999999
seq16170@20,seq45791@17,0.9999999999999999
seq16170@20,seq726@868,0.9999999999999999
seq16170@20,seq502@38,0.9999999999999999
seq16170@20,seq13@122338,0.9999999999999999
seq16170@20,seq3503@47,0.9999999999999999
seq177@182,seq18977@20,0.9999999999999999
seq177@182,seq7851@38,0.9999999999999999
seq177@182,seq2414@258,0.9999999999999999
seq177@182,seq22741@20,0.9999999999999999
seq177@182,seq8251@76,0.9999999999999999
seq177@182,seq25@311,0.9999999999999999
seq177@182,seq2475@18,0.9878787878787878
seq177@182,seq6287@48,0.9999999999999999
seq177@182,seq8931@18,0.9999999999999999
seq177@182,seq4820@62,0.9999999999999999
seq177@182,seq33979@18,0.9999999999999999
seq177@182,seq1465@72,0.9999999999999999
seq177@182,seq2038@17,0.9999999999999999
seq177@182,seq4857@35,0.9999999999999999
seq177@182,seq40@232,0.9999999999999999
seq177@182,seq4777@17,0.9999999999999999
seq177@182,seq2734@153,0.9999999999999999
seq177@182,seq39503@17,0.9878787878787878
seq177@182,seq10783@38,0.9999999999999999
seq177@182,seq902@182,0.9999999999999999
seq177@182,seq5374@16,0.9999999999999999
seq177@182,seq2135@242,0.9999999999999999
seq177@182,seq10980@15,0.9999999999999999
seq177@182,seq1042@228,0.9999999999999999
seq177@182,seq7383@14,0.9999999999999999
seq177@182,seq3439@189,0.9999999999999999
seq177@182,seq10410@14,0.9999999999999999
seq177@182,seq6243@33,0.9999999999999999
seq177@182,seq2358@161,0.9999999999999999
seq177@182,seq13003@14,0.9999999999999999
seq177@182,seq210@214,0.9999999999999999
seq177@182,seq16511@14,0.9999999999999999
seq177@182,seq310@108,0.9999999999999999
seq177@182,seq6591@122,0.9999999999999999
seq177@182,seq2164@102,0.9999999999999999
seq177@182,seq4879@26,0.9999999999999999
seq177@182,seq1451@107,0.9999999999999999
seq177@182,seq9233@106,0.9999999999999999
seq177@182,seq2309@88,0.9999999999999999
seq177@182,seq4609@71,0.9999999999999999
seq177@182,seq4332@63,0.9999999999999999
seq177@182,seq1025@55,0.9999999999999999
seq177@182,seq10522@50,0.9999999999999999
seq177@182,seq2671@49,0.9999999999999999
seq177@182,seq11826@45,0.9999999999999999
seq177@182,seq1039@41,0.9999999999999999
seq177@182,seq6979@24,0.9999999999999999
seq177@182,seq3622@19,0.9878787878787878
seq177@182,seq4814@106,0.9999999999999999
seq177@182,seq577@163,0.9999999999999999
seq177@182,seq1059@21,0.9999999999999999
seq177@182,seq45791@17,0.9999999999999999
seq177@182,seq726@868,0.9999999999999999
seq177@182,seq502@38,0.9999999999999999
seq177@182,seq13@122338,0.9999999999999999
seq177@182,seq3503@47,0.9999999999999999
seq18977@20,seq7851@38,0.9999999999999999
seq18977@20,seq2414@258,0.9999999999999999
seq18977@20,seq22741@20,0.9999999999999999
seq18977@20,seq8251@76,0.9999999999999999
seq18977@20,seq25@311,0.9999999999999999
seq18977@20,seq2475@18,0.9878787878787878
seq18977@20,seq6287@48,0.9999999999999999
seq18977@20,seq8931@18,0.9999999999999999
seq18977@20,seq4820@62,0.9999999999999999
seq18977@20,seq33979@18,0.9999999999999999
seq18977@20,seq1465@72,0.9999999999999999
seq18977@20,seq2038@17,0.9999999999999999
seq18977@20,seq4857@35,0.9999999999999999
seq18977@20,seq40@232,0.9999999999999999
seq18977@20,seq4777@17,0.9999999999999999
seq18977@20,seq2734@153,0.9999999999999999
seq18977@20,seq39503@17,0.9878787878787878
seq18977@20,seq10783@38,0.9999999999999999
seq18977@20,seq902@182,0.9999999999999999
seq18977@20,seq5374@16,0.9999999999999999
seq18977@20,seq2135@242,0.9999999999999999
seq18977@20,seq10980@15,0.9999999999999999
seq18977@20,seq1042@228,0.9999999999999999
seq18977@20,seq7383@14,0.9999999999999999
seq18977@20,seq3439@189,0.9999999999999999
seq18977@20,seq10410@14,0.9999999999999999
seq18977@20,seq6243@33,0.9999999999999999
seq18977@20,seq2358@161,0.9999999999999999
seq18977@20,seq13003@14,0.9999999999999999
seq18977@20,seq210@214,0.9999999999999999
seq18977@20,seq16511@14,0.9999999999999999
seq18977@20,seq310@108,0.9999999999999999
seq18977@20,seq6591@122,0.9999999999999999
seq18977@20,seq2164@102,0.9999999999999999
seq18977@20,seq4879@26,0.9999999999999999
seq18977@20,seq1451@107,0.9999999999999999
seq18977@20,seq9233@106,0.9999999999999999
seq18977@20,seq2309@88,0.9999999999999999
seq18977@20,seq4609@71,0.9999999999999999
seq18977@20,seq4332@63,0.9999999999999999
seq18977@20,seq1025@55,0.9999999999999999
seq18977@20,seq10522@50,0.9999999999999999
seq18977@20,seq2671@49,0.9999999999999999
seq18977@20,seq11826@45,0.9999999999999999
seq18977@20,seq1039@41,0.9999999999999999
seq18977@20,seq6979@24,0.9999999999999999
seq18977@20,seq3622@19,0.9878787878787878
seq18977@20,seq4814@106,0.9999999999999999
seq18977@20,seq577@163,0.9999999999999999
seq18977@20,seq1059@21,0.9999999999999999
seq18977@20,seq45791@17,0.9999999999999999
seq18977@20,seq726@868,0.9999999999999999
seq18977@20,seq502@38,0.9999999999999999
seq18977@20,seq13@122338,0.9999999999999999
seq18977@20,seq3503@47,0.9999999999999999
seq7851@38,seq2414@258,0.9999999999999999
seq7851@38,seq22741@20,0.9999999999999999
seq7851@38,seq8251@76,0.9999999999999999
seq7851@38,seq25@311,0.9999999999999999
seq7851@38,seq2475@18,0.9878787878787878
seq7851@38,seq6287@48,0.9999999999999999
seq7851@38,seq8931@18,0.9999999999999999
seq7851@38,seq4820@62,0.9999999999999999
seq7851@38,seq33979@18,0.9999999999999999
seq7851@38,seq1465@72,0.9999999999999999
seq7851@38,seq2038@17,0.9999999999999999
seq7851@38,seq4857@35,0.9999999999999999
seq7851@38,seq40@232,0.9999999999999999
seq7851@38,seq4777@17,0.9999999999999999
seq7851@38,seq2734@153,0.9999999999999999
seq7851@38,seq39503@17,0.9878787878787878
seq7851@38,seq10783@38,0.9999999999999999
seq7851@38,seq902@182,0.9999999999999999
seq7851@38,seq5374@16,0.9999999999999999
seq7851@38,seq2135@242,0.9999999999999999
seq7851@38,seq10980@15,0.9999999999999999
seq7851@38,seq1042@228,0.9999999999999999
seq7851@38,seq7383@14,0.9999999999999999
seq7851@38,seq3439@189,0.9999999999999999
seq7851@38,seq10410@14,0.9999999999999999
seq7851@38,seq6243@33,0.9999999999999999
seq7851@38,seq2358@161,0.9999999999999999
seq7851@38,seq13003@14,0.9999999999999999
seq7851@38,seq210@214,0.9999999999999999
seq7851@38,seq16511@14,0.9999999999999999
seq7851@38,seq310@108,0.9999999999999999
seq7851@38,seq6591@122,0.9999999999999999
seq7851@38,seq2164@102,0.9999999999999999
seq7851@38,seq4879@26,0.9999999999999999
seq7851@38,seq1451@107,0.9999999999999999
seq7851@38,seq9233@106,0.9999999999999999
seq7851@38,seq2309@88,0.9999999999999999
seq7851@38,seq4609@71,0.9999999999999999
seq7851@38,seq4332@63,0.9999999999999999
seq7851@38,seq1025@55,0.9999999999999999
seq7851@38,seq10522@50,0.9999999999999999
seq7851@38,seq2671@49,0.9999999999999999
seq7851@38,seq11826@45,0.9999999999999999
seq7851@38,seq1039@41,0.9999999999999999
seq7851@38,seq6979@24,0.9999999999999999
seq7851@38,seq3622@19,0.9878787878787878
seq7851@38,seq4814@106,0.9999999999999999
seq7851@38,seq577@163,0.9999999999999999
seq7851@38,seq1059@21,0.9999999999999999
seq7851@38,seq45791@17,0.9999999999999999
seq7851@38,seq726@868,0.9999999999999999
seq7851@38,seq502@38,0.9999999999999999
seq7851@38,seq13@122338,0.9999999999999999
seq7851@38,seq3503@47,0.9999999999999999
seq2414@258,seq22741@20,0.9999999999999999
seq2414@258,seq8251@76,0.9999999999999999
seq2414@258,seq25@311,0.9999999999999999
seq2414@258,seq2475@18,0.9878787878787878
seq2414@258,seq6287@48,0.9999999999999999
seq2414@258,seq8931@18,0.9999999999999999
seq2414@258,seq4820@62,0.9999999999999999
seq2414@258,seq33979@18,0.9999999999999999
seq2414@258,seq1465@72,0.9999999999999999
seq2414@258,seq2038@17,0.9999999999999999
seq2414@258,seq4857@35,0.9999999999999999
seq2414@258,seq40@232,0.9999999999999999
seq2414@258,seq4777@17,0.9999999999999999
seq2414@258,seq2734@153,0.9999999999999999
seq2414@258,seq39503@17,0.9878787878787878
seq2414@258,seq10783@38,0.9999999999999999
seq2414@258,seq902@182,0.9999999999999999
seq2414@258,seq5374@16,0.9999999999999999
seq2414@258,seq2135@242,0.9999999999999999
seq2414@258,seq10980@15,0.9999999999999999
seq2414@258,seq1042@228,0.9999999999999999
seq2414@258,seq7383@14,0.9999999999999999
seq2414@258,seq3439@189,0.9999999999999999
seq2414@258,seq10410@14,0.9999999999999999
seq2414@258,seq6243@33,0.9999999999999999
seq2414@258,seq2358@161,0.9999999999999999
seq2414@258,seq13003@14,0.9999999999999999
seq2414@258,seq210@214,0.9999999999999999
seq2414@258,seq16511@14,0.9999999999999999
seq2414@258,seq310@108,0.9999999999999999
seq2414@258,seq6591@122,0.9999999999999999
seq2414@258,seq2164@102,0.9999999999999999
seq2414@258,seq4879@26,0.9999999999999999
seq2414@258,seq1451@107,0.9999999999999999
seq2414@258,seq9233@106,0.9999999999999999
seq2414@258,seq2309@88,0.9999999999999999
seq2414@258,seq4609@71,0.9999999999999999
seq2414@258,seq4332@63,0.9999999999999999
seq2414@258,seq1025@55,0.9999999999999999
seq2414@258,seq10522@50,0.9999999999999999
seq2414@258,seq2671@49,0.9999999999999999
seq2414@258,seq11826@45,0.9999999999999999
seq2414@258,seq1039@41,0.9999999999999999
seq2414@258,seq6979@24,0.9999999999999999
seq2414@258,seq3622@19,0.9878787878787878
seq2414@258,seq4814@106,0.9999999999999999
seq2414@258,seq577@163,0.9999999999999999
seq2414@258,seq1059@21,0.9999999999999999
seq2414@258,seq45791@17,0.9999999999999999
seq2414@258,seq726@868,0.9999999999999999
seq2414@258,seq502@38,0.9999999999999999
seq2414@258,seq13@122338,0.9999999999999999
seq2414@258,seq3503@47,0.9999999999999999
seq22741@20,seq8251@76,0.9999999999999999
seq22741@20,seq25@311,0.9999999999999999
seq22741@20,seq2475@18,0.9878787878787878
seq22741@20,seq6287@48,0.9999999999999999
seq22741@20,seq8931@18,0.9999999999999999
seq22741@20,seq4820@62,0.9999999999999999
seq22741@20,seq33979@18,0.9999999999999999
seq22741@20,seq1465@72,0.9999999999999999
seq22741@20,seq2038@17,0.9999999999999999
seq22741@20,seq4857@35,0.9999999999999999
seq22741@20,seq40@232,0.9999999999999999
seq22741@20,seq4777@17,0.9999999999999999
seq22741@20,seq2734@153,0.9999999999999999
seq22741@20,seq39503@17,0.9878787878787878
seq22741@20,seq10783@38,0.9999999999999999
seq22741@20,seq902@182,0.9999999999999999
seq22741@20,seq5374@16,0.9999999999999999
seq22741@20,seq2135@242,0.9999999999999999
seq22741@20,seq10980@15,0.9999999999999999
seq22741@20,seq1042@228,0.9999999999999999
seq22741@20,seq7383@14,0.9999999999999999
seq22741@20,seq3439@189,0.9999999999999999
seq22741@20,seq10410@14,0.9999999999999999
seq22741@20,seq6243@33,0.9999999999999999
seq22741@20,seq2358@161,0.9999999999999999
seq22741@20,seq13003@14,0.9999999999999999
seq22741@20,seq210@214,0.9999999999999999
seq22741@20,seq16511@14,0.9999999999999999
seq22741@20,seq310@108,0.9999999999999999
seq22741@20,seq6591@122,0.9999999999999999
seq22741@20,seq2164@102,0.9999999999999999
seq22741@20,seq4879@26,0.9999999999999999
seq22741@20,seq1451@107,0.9999999999999999
seq22741@20,seq9233@106,0.9999999999999999
seq22741@20,seq2309@88,0.9999999999999999
seq22741@20,seq4609@71,0.9999999999999999
seq22741@20,seq4332@63,0.9999999999999999
seq22741@20,seq1025@55,0.9999999999999999
seq22741@20,seq10522@50,0.9999999999999999
seq22741@20,seq2671@49,0.9999999999999999
seq22741@20,seq11826@45,0.9999999999999999
seq22741@20,seq1039@41,0.9999999999999999
seq22741@20,seq6979@24,0.9999999999999999
seq22741@20,seq3622@19,0.9878787878787878
seq22741@20,seq4814@106,0.9999999999999999
seq22741@20,seq577@163,0.9999999999999999
seq22741@20,seq1059@21,0.9999999999999999
seq22741@20,seq45791@17,0.9999999999999999
seq22741@20,seq726@868,0.9999999999999999
seq22741@20,seq502@38,0.9999999999999999
seq22741@20,seq13@122338,0.9999999999999999
seq22741@20,seq3503@47,0.9999999999999999
seq8251@76,seq25@311,0.9999999999999999
seq8251@76,seq2475@18,0.9878787878787878
seq8251@76,seq6287@48,0.9999999999999999
seq8251@76,seq8931@18,0.9999999999999999
seq8251@76,seq4820@62,0.9999999999999999
seq8251@76,seq33979@18,0.9999999999999999
seq8251@76,seq1465@72,0.9999999999999999
seq8251@76,seq2038@17,0.9999999999999999
seq8251@76,seq4857@35,0.9999999999999999
seq8251@76,seq40@232,0.9999999999999999
seq8251@76,seq4777@17,0.9999999999999999
seq8251@76,seq2734@153,0.9999999999999999
seq8251@76,seq39503@17,0.9878787878787878
seq8251@76,seq10783@38,0.9999999999999999
seq8251@76,seq902@182,0.9999999999999999
seq8251@76,seq5374@16,0.9999999999999999
seq8251@76,seq2135@242,0.9999999999999999
seq8251@76,seq10980@15,0.9999999999999999
seq8251@76,seq1042@228,0.9999999999999999
seq8251@76,seq7383@14,0.9999999999999999
seq8251@76,seq3439@189,0.9999999999999999
seq8251@76,seq10410@14,0.9999999999999999
seq8251@76,seq6243@33,0.9999999999999999
seq8251@76,seq2358@161,0.9999999999999999
seq8251@76,seq13003@14,0.9999999999999999
seq8251@76,seq210@214,0.9999999999999999
seq8251@76,seq16511@14,0.9999999999999999
seq8251@76,seq310@108,0.9999999999999999
seq8251@76,seq6591@122,0.9999999999999999
seq8251@76,seq2164@102,0.9999999999999999
seq8251@76,seq4879@26,0.9999999999999999
seq8251@76,seq1451@107,0.9999999999999999
seq8251@76,seq9233@106,0.9999999999999999
seq8251@76,seq2309@88,0.9999999999999999
seq8251@76,seq4609@71,0.9999999999999999
seq8251@76,seq4332@63,0.9999999999999999
seq8251@76,seq1025@55,0.9999999999999999
seq8251@76,seq10522@50,0.9999999999999999
seq8251@76,seq2671@49,0.9999999999999999
seq8251@76,seq11826@45,0.9999999999999999
seq8251@76,seq1039@41,0.9999999999999999
seq8251@76,seq6979@24,0.9999999999999999
seq8251@76,seq3622@19,0.9878787878787878
seq8251@76,seq4814@106,0.9999999999999999
seq8251@76,seq577@163,0.9999999999999999
seq8251@76,seq1059@21,0.9999999999999999
seq8251@76,seq45791@17,0.9999999999999999
seq8251@76,seq726@868,0.9999999999999999
seq8251@76,seq502@38,0.9999999999999999
seq8251@76,seq13@122338,0.9999999999999999
seq8251@76,seq3503@47,0.9999999999999999
seq25@311,seq2475@18,0.9878787878787878
seq25@311,seq6287@48,0.9999999999999999
seq25@311,seq8931@18,0.9999999999999999
seq25@311,seq4820@62,0.9999999999999999
seq25@311,seq33979@18,0.9999999999999999
seq25@311,seq1465@72,0.9999999999999999
seq25@311,seq2038@17,0.9999999999999999
seq25@311,seq4857@35,0.9999999999999999
seq25@311,seq40@232,0.9999999999999999
seq25@311,seq4777@17,0.9999999999999999
seq25@311,seq2734@153,0.9999999999999999
seq25@311,seq39503@17,0.9878787878787878
seq25@311,seq10783@38,0.9999999999999999
seq25@311,seq902@182,0.9999999999999999
seq25@311,seq5374@16,0.9999999999999999
seq25@311,seq2135@242,0.9999999999999999
seq25@311,seq10980@15,0.9999999999999999
seq25@311,seq1042@228,0.9999999999999999
seq25@311,seq7383@14,0.9999999999999999
seq25@311,seq3439@189,0.9999999999999999
seq25@311,seq10410@14,0.9999999999999999
seq25@311,seq6243@33,0.9999999999999999
seq25@311,seq2358@161,0.9999999999999999
seq25@311,seq13003@14,0.9999999999999999
seq25@311,seq210@214,0.9999999999999999
seq25@311,seq16511@14,0.9999999999999999
seq25@311,seq310@108,0.9999999999999999
seq25@311,seq6591@122,0.9999999999999999
seq25@311,seq2164@102,0.9999999999999999
seq25@311,seq4879@26,0.9999999999999999
seq25@311,seq1451@107,0.9999999999999999
seq25@311,seq9233@106,0.9999999999999999
seq25@311,seq2309@88,0.9999999999999999
seq25@311,seq4609@71,0.9999999999999999
seq25@311,seq4332@63,0.9999999999999999
seq25@311,seq1025@55,0.9999999999999999
seq25@311,seq10522@50,0.9999999999999999
seq25@311,seq2671@49,0.9999999999999999
seq25@311,seq11826@45,0.9999999999999999
seq25@311,seq1039@41,0.9999999999999999
seq25@311,seq6979@24,0.9999999999999999
seq25@311,seq3622@19,0.9878787878787878
seq25@311,seq4814@106,0.9999999999999999
seq25@311,seq577@163,0.9999999999999999
seq25@311,seq1059@21,0.9999999999999999
seq25@311,seq45791@17,0.9999999999999999
seq25@311,seq726@868,0.9999999999999999
seq25@311,seq502@38,0.9999999999999999
seq25@311,seq13@122338,0.9999999999999999
seq25@311,seq3503@47,0.9999999999999999
seq2475@18,seq6287@48,0.9878787878787878
seq2475@18,seq8931@18,0.9878787878787878
seq2475@18,seq4820@62,0.9878787878787878
seq2475@18,seq33979@18,0.9878787878787878
seq2475@18,seq1465@72,0.9878787878787878
seq2475@18,seq2038@17,0.9878787878787878
seq2475@18,seq4857@35,0.9878787878787878
seq2475@18,seq40@232,0.9878787878787878
seq2475@18,seq4777@17,0.9878787878787878
seq2475@18,seq2734@153,0.9878787878787878
seq2475@18,seq39503@17,0.9999999999999999
seq2475@18,seq10783@38,0.9878787878787878
seq2475@18,seq902@182,0.9878787878787878
seq2475@18,seq5374@16,0.9878787878787878
seq2475@18,seq2135@242,0.9878787878787878
seq2475@18,seq10980@15,0.9878787878787878
seq2475@18,seq1042@228,0.9878787878787878
seq2475@18,seq7383@14,0.9878787878787878
seq2475@18,seq3439@189,0.9878787878787878
seq2475@18,seq10410@14,0.9878787878787878
seq2475@18,seq6243@33,0.9878787878787878
seq2475@18,seq2358@161,0.9878787878787878
seq2475@18,seq13003@14,0.9878787878787878
seq2475@18,seq210@214,0.9878787878787878
seq2475@18,seq16511@14,0.9878787878787878
seq2475@18,seq310@108,0.9878787878787878
seq2475@18,seq6591@122,0.9878787878787878
seq2475@18,seq2164@102,0.9878787878787878
seq2475@18,seq4879@26,0.9878787878787878
seq2475@18,seq1451@107,0.9878787878787878
seq2475@18,seq9233@106,0.9878787878787878
seq2475@18,seq2309@88,0.9878787878787878
seq2475@18,seq4609@71,0.9878787878787878
seq2475@18,seq4332@63,0.9878787878787878
seq2475@18,seq1025@55,0.9878787878787878
seq2475@18,seq10522@50,0.9878787878787878
seq2475@18,seq2671@49,0.9878787878787878
seq2475@18,seq11826@45,0.9878787878787878
seq2475@18,seq1039@41,0.9878787878787878
seq2475@18,seq6979@24,0.9878787878787878
seq2475@18,seq3622@19,0.9999999999999999
seq2475@18,seq4814@106,0.9878787878787878
seq2475@18,seq577@163,0.9878787878787878
seq2475@18,seq1059@21,0.9878787878787878
seq2475@18,seq45791@17,0.9878787878787878
seq2475@18,seq726@868,0.9878787878787878
seq2475@18,seq502@38,0.9878787878787878
seq2475@18,seq13@122338,0.9878787878787878
seq2475@18,seq3503@47,0.9878787878787878
seq6287@48,seq8931@18,0.9999999999999999
seq6287@48,seq4820@62,0.9999999999999999
seq6287@48,seq33979@18,0.9999999999999999
seq6287@48,seq1465@72,0.9999999999999999
seq6287@48,seq2038@17,0.9999999999999999
seq6287@48,seq4857@35,0.9999999999999999
seq6287@48,seq40@232,0.9999999999999999
seq6287@48,seq4777@17,0.9999999999999999
seq6287@48,seq2734@153,0.9999999999999999
seq6287@48,seq39503@17,0.9878787878787878
seq6287@48,seq10783@38,0.9999999999999999
seq6287@48,seq902@182,0.9999999999999999
seq6287@48,seq5374@16,0.9999999999999999
seq6287@48,seq2135@242,0.9999999999999999
seq6287@48,seq10980@15,0.9999999999999999
seq6287@48,seq1042@228,0.9999999999999999
seq6287@48,seq7383@14,0.9999999999999999
seq6287@48,seq3439@189,0.9999999999999999
seq6287@48,seq10410@14,0.9999999999999999
seq6287@48,seq6243@33,0.9999999999999999
seq6287@48,seq2358@161,0.9999999999999999
seq6287@48,seq13003@14,0.9999999999999999
seq6287@48,seq210@214,0.9999999999999999
seq6287@48,seq16511@14,0.9999999999999999
seq6287@48,seq310@108,0.9999999999999999
seq6287@48,seq6591@122,0.9999999999999999
seq6287@48,seq2164@102,0.9999999999999999
seq6287@48,seq4879@26,0.9999999999999999
seq6287@48,seq1451@107,0.9999999999999999
seq6287@48,seq9233@106,0.9999999999999999
seq6287@48,seq2309@88,0.9999999999999999
seq6287@48,seq4609@71,0.9999999999999999
seq6287@48,seq4332@63,0.9999999999999999
seq6287@48,seq1025@55,0.9999999999999999
seq6287@48,seq10522@50,0.9999999999999999
seq6287@48,seq2671@49,0.9999999999999999
seq6287@48,seq11826@45,0.9999999999999999
seq6287@48,seq1039@41,0.9999999999999999
seq6287@48,seq6979@24,0.9999999999999999
seq6287@48,seq3622@19,0.9878787878787878
seq6287@48,seq4814@106,0.9999999999999999
seq6287@48,seq577@163,0.9999999999999999
seq6287@48,seq1059@21,0.9999999999999999
seq6287@48,seq45791@17,0.9999999999999999
seq6287@48,seq726@868,0.9999999999999999
seq6287@48,seq502@38,0.9999999999999999
seq6287@48,seq13@122338,0.9999999999999999
seq6287@48,seq3503@47,0.9999999999999999
seq8931@18,seq4820@62,0.9999999999999999
seq8931@18,seq33979@18,0.9999999999999999
seq8931@18,seq1465@72,0.9999999999999999
seq8931@18,seq2038@17,0.9999999999999999
seq8931@18,seq4857@35,0.9999999999999999
seq8931@18,seq40@232,0.9999999999999999
seq8931@18,seq4777@17,0.9999999999999999
seq8931@18,seq2734@153,0.9999999999999999
seq8931@18,seq39503@17,0.9878787878787878
seq8931@18,seq10783@38,0.9999999999999999
seq8931@18,seq902@182,0.9999999999999999
seq8931@18,seq5374@16,0.9999999999999999
seq8931@18,seq2135@242,0.9999999999999999
seq8931@18,seq10980@15,0.9999999999999999
seq8931@18,seq1042@228,0.9999999999999999
seq8931@18,seq7383@14,0.9999999999999999
seq8931@18,seq3439@189,0.9999999999999999
seq8931@18,seq10410@14,0.9999999999999999
seq8931@18,seq6243@33,0.9999999999999999
seq8931@18,seq2358@161,0.9999999999999999
seq8931@18,seq13003@14,0.9999999999999999
seq8931@18,seq210@214,0.9999999999999999
seq8931@18,seq16511@14,0.9999999999999999
seq8931@18,seq310@108,0.9999999999999999
seq8931@18,seq6591@122,0.9999999999999999
seq8931@18,seq2164@102,0.9999999999999999
seq8931@18,seq4879@26,0.9999999999999999
seq8931@18,seq1451@107,0.9999999999999999
seq8931@18,seq9233@106,0.9999999999999999
seq8931@18,seq2309@88,0.9999999999999999
seq8931@18,seq4609@71,0.9999999999999999
seq8931@18,seq4332@63,0.9999999999999999
seq8931@18,seq1025@55,0.9999999999999999
seq8931@18,seq10522@50,0.9999999999999999
seq8931@18,seq2671@49,0.9999999999999999
seq8931@18,seq11826@45,0.9999999999999999
seq8931@18,seq1039@41,0.9999999999999999
seq8931@18,seq6979@24,0.9999999999999999
seq8931@18,seq3622@19,0.9878787878787878
seq8931@18,seq4814@106,0.9999999999999999
seq8931@18,seq577@163,0.9999999999999999
seq8931@18,seq1059@21,0.9999999999999999
seq8931@18,seq45791@17,0.9999999999999999
seq8931@18,seq726@868,0.9999999999999999
seq8931@18,seq502@38,0.9999999999999999
seq8931@18,seq13@122338,0.9999999999999999
seq8931@18,seq3503@47,0.9999999999999999
seq4820@62,seq33979@18,0.9999999999999999
seq4820@62,seq1465@72,0.9999999999999999
seq4820@62,seq2038@17,0.9999999999999999
seq4820@62,seq4857@35,0.9999999999999999
seq4820@62,seq40@232,0.9999999999999999
seq4820@62,seq4777@17,0.9999999999999999
seq4820@62,seq2734@153,0.9999999999999999
seq4820@62,seq39503@17,0.9878787878787878
seq4820@62,seq10783@38,0.9999999999999999
seq4820@62,seq902@182,0.9999999999999999
seq4820@62,seq5374@16,0.9999999999999999
seq4820@62,seq2135@242,0.9999999999999999
seq4820@62,seq10980@15,0.9999999999999999
seq4820@62,seq1042@228,0.9999999999999999
seq4820@62,seq7383@14,0.9999999999999999
seq4820@62,seq3439@189,0.9999999999999999
seq4820@62,seq10410@14,0.9999999999999999
seq4820@62,seq6243@33,0.9999999999999999
seq4820@62,seq2358@161,0.9999999999999999
seq4820@62,seq13003@14,0.9999999999999999
seq4820@62,seq210@214,0.9999999999999999
seq4820@62,seq16511@14,0.9999999999999999
seq4820@62,seq310@108,0.9999999999999999
seq4820@62,seq6591@122,0.9999999999999999
seq4820@62,seq2164@102,0.9999999999999999
seq4820@62,seq4879@26,0.9999999999999999
seq4820@62,seq1451@107,0.9999999999999999
seq4820@62,seq9233@106,0.9999999999999999
seq4820@62,seq2309@88,0.9999999999999999
seq4820@62,seq4609@71,0.9999999999999999
seq4820@62,seq4332@63,0.9999999999999999
seq4820@62,seq1025@55,0.9999999999999999
seq4820@62,seq10522@50,0.9999999999999999
seq4820@62,seq2671@49,0.9999999999999999
seq4820@62,seq11826@45,0.9999999999999999
seq4820@62,seq1039@41,0.9999999999999999
seq4820@62,seq6979@24,0.9999999999999999
seq4820@62,seq3622@19,0.9878787878787878
seq4820@62,seq4814@106,0.9999999999999999
seq4820@62,seq577@163,0.9999999999999999
seq4820@62,seq1059@21,0.9999999999999999
seq4820@62,seq45791@17,0.9999999999999999
seq4820@62,seq726@868,0.9999999999999999
seq4820@62,seq502@38,0.9999999999999999
seq4820@62,seq13@122338,0.9999999999999999
seq4820@62,seq3503@47,0.9999999999999999
seq33979@18,seq1465@72,0.9999999999999999
seq33979@18,seq2038@17,0.9999999999999999
seq33979@18,seq4857@35,0.9999999999999999
seq33979@18,seq40@232,0.9999999999999999
seq33979@18,seq4777@17,0.9999999999999999
seq33979@18,seq2734@153,0.9999999999999999
seq33979@18,seq39503@17,0.9878787878787878
seq33979@18,seq10783@38,0.9999999999999999
seq33979@18,seq902@182,0.9999999999999999
seq33979@18,seq5374@16,0.9999999999999999
seq33979@18,seq2135@242,0.9999999999999999
seq33979@18,seq10980@15,0.9999999999999999
seq33979@18,seq1042@228,0.9999999999999999
seq33979@18,seq7383@14,0.9999999999999999
seq33979@18,seq3439@189,0.9999999999999999
seq33979@18,seq10410@14,0.9999999999999999
seq33979@18,seq6243@33,0.9999999999999999
seq33979@18,seq2358@161,0.9999999999999999
seq33979@18,seq13003@14,0.9999999999999999
seq33979@18,seq210@214,0.9999999999999999
seq33979@18,seq16511@14,0.9999999999999999
seq33979@18,seq310@108,0.9999999999999999
seq33979@18,seq6591@122,0.9999999999999999
seq33979@18,seq2164@102,0.9999999999999999
seq33979@18,seq4879@26,0.9999999999999999
seq33979@18,seq1451@107,0.9999999999999999
seq33979@18,seq9233@106,0.9999999999999999
seq33979@18,seq2309@88,0.9999999999999999
seq33979@18,seq4609@71,0.9999999999999999
seq33979@18,seq4332@63,0.9999999999999999
seq33979@18,seq1025@55,0.9999999999999999
seq33979@18,seq10522@50,0.9999999999999999
seq33979@18,seq2671@49,0.9999999999999999
seq33979@18,seq11826@45,0.9999999999999999
seq33979@18,seq1039@41,0.9999999999999999
seq33979@18,seq6979@24,0.9999999999999999
seq33979@18,seq3622@19,0.9878787878787878
seq33979@18,seq4814@106,0.9999999999999999
seq33979@18,seq577@163,0.9999999999999999
seq33979@18,seq1059@21,0.9999999999999999
seq33979@18,seq45791@17,0.9999999999999999
seq33979@18,seq726@868,0.9999999999999999
seq33979@18,seq502@38,0.9999999999999999
seq33979@18,seq13@122338,0.9999999999999999
seq33979@18,seq3503@47,0.9999999999999999
seq1465@72,seq2038@17,0.9999999999999999
seq1465@72,seq4857@35,0.9999999999999999
seq1465@72,seq40@232,0.9999999999999999
seq1465@72,seq4777@17,0.9999999999999999
seq1465@72,seq2734@153,0.9999999999999999
seq1465@72,seq39503@17,0.9878787878787878
seq1465@72,seq10783@38,0.9999999999999999
seq1465@72,seq902@182,0.9999999999999999
seq1465@72,seq5374@16,0.9999999999999999
seq1465@72,seq2135@242,0.9999999999999999
seq1465@72,seq10980@15,0.9999999999999999
seq1465@72,seq1042@228,0.9999999999999999
seq1465@72,seq7383@14,0.9999999999999999
seq1465@72,seq3439@189,0.9999999999999999
seq1465@72,seq10410@14,0.9999999999999999
seq1465@72,seq6243@33,0.9999999999999999
seq1465@72,seq2358@161,0.9999999999999999
seq1465@72,seq13003@14,0.9999999999999999
seq1465@72,seq210@214,0.9999999999999999
seq1465@72,seq16511@14,0.9999999999999999
seq1465@72,seq310@108,0.9999999999999999
seq1465@72,seq6591@122,0.9999999999999999
seq1465@72,seq2164@102,0.9999999999999999
seq1465@72,seq4879@26,0.9999999999999999
seq1465@72,seq1451@107,0.9999999999999999
seq1465@72,seq9233@106,0.9999999999999999
seq1465@72,seq2309@88,0.9999999999999999
seq1465@72,seq4609@71,0.9999999999999999
seq1465@72,seq4332@63,0.9999999999999999
seq1465@72,seq1025@55,0.9999999999999999
seq1465@72,seq10522@50,0.9999999999999999
seq1465@72,seq2671@49,0.9999999999999999
seq1465@72,seq11826@45,0.9999999999999999
seq1465@72,seq1039@41,0.9999999999999999
seq1465@72,seq6979@24,0.9999999999999999
seq1465@72,seq3622@19,0.9878787878787878
seq1465@72,seq4814@106,0.9999999999999999
seq1465@72,seq577@163,0.9999999999999999
seq1465@72,seq1059@21,0.9999999999999999
seq1465@72,seq45791@17,0.9999999999999999
seq1465@72,seq726@868,0.9999999999999999
seq1465@72,seq502@38,0.9999999999999999
seq1465@72,seq13@122338,0.9999999999999999
seq1465@72,seq3503@47,0.9999999999999999
seq2038@17,seq4857@35,0.9999999999999999
seq2038@17,seq40@232,0.9999999999999999
seq2038@17,seq4777@17,0.9999999999999999
seq2038@17,seq2734@153,0.9999999999999999
seq2038@17,seq39503@17,0.9878787878787878
seq2038@17,seq10783@38,0.9999999999999999
seq2038@17,seq902@182,0.9999999999999999
seq2038@17,seq5374@16,0.9999999999999999
seq2038@17,seq2135@242,0.9999999999999999
seq2038@17,seq10980@15,0.9999999999999999
seq2038@17,seq1042@228,0.9999999999999999
seq2038@17,seq7383@14,0.9999999999999999
seq2038@17,seq3439@189,0.9999999999999999
seq2038@17,seq10410@14,0.9999999999999999
seq2038@17,seq6243@33,0.9999999999999999
seq2038@17,seq2358@161,0.9999999999999999
seq2038@17,seq13003@14,0.9999999999999999
seq2038@17,seq210@214,0.9999999999999999
seq2038@17,seq16511@14,0.9999999999999999
seq2038@17,seq310@108,0.9999999999999999
seq2038@17,seq6591@122,0.9999999999999999
seq2038@17,seq2164@102,0.9999999999999999
seq2038@17,seq4879@26,0.9999999999999999
seq2038@17,seq1451@107,0.9999999999999999
seq2038@17,seq9233@106,0.9999999999999999
seq2038@17,seq2309@88,0.9999999999999999
seq2038@17,seq4609@71,0.9999999999999999
seq2038@17,seq4332@63,0.9999999999999999
seq2038@17,seq1025@55,0.9999999999999999
seq2038@17,seq10522@50,0.9999999999999999
seq2038@17,seq2671@49,0.9999999999999999
seq2038@17,seq11826@45,0.9999999999999999
seq2038@17,seq1039@41,0.9999999999999999
seq2038@17,seq6979@24,0.9999999999999999
seq2038@17,seq3622@19,0.9878787878787878
seq2038@17,seq4814@106,0.9999999999999999
seq2038@17,seq577@163,0.9999999999999999
seq2038@17,seq1059@21,0.9999999999999999
seq2038@17,seq45791@17,0.9999999999999999
seq2038@17,seq726@868,0.9999999999999999
seq2038@17,seq502@38,0.9999999999999999
seq2038@17,seq13@122338,0.9999999999999999
seq2038@17,seq3503@47,0.9999999999999999
seq4857@35,seq40@232,0.9999999999999999
seq4857@35,seq4777@17,0.9999999999999999
seq4857@35,seq2734@153,0.9999999999999999
seq4857@35,seq39503@17,0.9878787878787878
seq4857@35,seq10783@38,0.9999999999999999
seq4857@35,seq902@182,0.9999999999999999
seq4857@35,seq5374@16,0.9999999999999999
seq4857@35,seq2135@242,0.9999999999999999
seq4857@35,seq10980@15,0.9999999999999999
seq4857@35,seq1042@228,0.9999999999999999
seq4857@35,seq7383@14,0.9999999999999999
seq4857@35,seq3439@189,0.9999999999999999
seq4857@35,seq10410@14,0.9999999999999999
seq4857@35,seq6243@33,0.9999999999999999
seq4857@35,seq2358@161,0.9999999999999999
seq4857@35,seq13003@14,0.9999999999999999
seq4857@35,seq210@214,0.9999999999999999
seq4857@35,seq16511@14,0.9999999999999999
seq4857@35,seq310@108,0.9999999999999999
seq4857@35,seq6591@122,0.9999999999999999
seq4857@35,seq2164@102,0.9999999999999999
seq4857@35,seq4879@26,0.9999999999999999
seq4857@35,seq1451@107,0.9999999999999999
seq4857@35,seq9233@106,0.9999999999999999
seq4857@35,seq2309@88,0.9999999999999999
seq4857@35,seq4609@71,0.9999999999999999
seq4857@35,seq4332@63,0.9999999999999999
seq4857@35,seq1025@55,0.9999999999999999
seq4857@35,seq10522@50,0.9999999999999999
seq4857@35,seq2671@49,0.9999999999999999
seq4857@35,seq11826@45,0.9999999999999999
seq4857@35,seq1039@41,0.9999999999999999
seq4857@35,seq6979@24,0.9999999999999999
seq4857@35,seq3622@19,0.9878787878787878
seq4857@35,seq4814@106,0.9999999999999999
seq4857@35,seq577@163,0.9999999999999999
seq4857@35,seq1059@21,0.9999999999999999
seq4857@35,seq45791@17,0.9999999999999999
seq4857@35,seq726@868,0.9999999999999999
seq4857@35,seq502@38,0.9999999999999999
seq4857@35,seq13@122338,0.9999999999999999
seq4857@35,seq3503@47,0.9999999999999999
seq40@232,seq4777@17,0.9999999999999999
seq40@232,seq2734@153,0.9999999999999999
seq40@232,seq39503@17,0.9878787878787878
seq40@232,seq10783@38,0.9999999999999999
seq40@232,seq902@182,0.9999999999999999
seq40@232,seq5374@16,0.9999999999999999
seq40@232,seq2135@242,0.9999999999999999
seq40@232,seq10980@15,0.9999999999999999
seq40@232,seq1042@228,0.9999999999999999
seq40@232,seq7383@14,0.9999999999999999
seq40@232,seq3439@189,0.9999999999999999
seq40@232,seq10410@14,0.9999999999999999
seq40@232,seq6243@33,0.9999999999999999
seq40@232,seq2358@161,0.9999999999999999
seq40@232,seq13003@14,0.9999999999999999
seq40@232,seq210@214,0.9999999999999999
seq40@232,seq16511@14,0.9999999999999999
seq40@232,seq310@108,0.9999999999999999
seq40@232,seq6591@122,0.9999999999999999
seq40@232,seq2164@102,0.9999999999999999
seq40@232,seq4879@26,0.9999999999999999
seq40@232,seq1451@107,0.9999999999999999
seq40@232,seq9233@106,0.9999999999999999
seq40@232,seq2309@88,0.9999999999999999
seq40@232,seq4609@71,0.9999999999999999
seq40@232,seq4332@63,0.9999999999999999
seq40@232,seq1025@55,0.9999999999999999
seq40@232,seq10522@50,0.9999999999999999
seq40@232,seq2671@49,0.9999999999999999
seq40@232,seq11826@45,0.9999999999999999
seq40@232,seq1039@41,0.9999999999999999
seq40@232,seq6979@24,0.9999999999999999
seq40@232,seq3622@19,0.9878787878787878
seq40@232,seq4814@106,0.9999999999999999
seq40@232,seq577@163,0.9999999999999999
seq40@232,seq1059@21,0.9999999999999999
seq40@232,seq45791@17,0.9999999999999999
seq40@232,seq726@868,0.9999999999999999
seq40@232,seq502@38,0.9999999999999999
seq40@232,seq13@122338,0.9999999999999999
seq40@232,seq3503@47,0.9999999999999999
seq4777@17,seq2734@153,0.9999999999999999
seq4777@17,seq39503@17,0.9878787878787878
seq4777@17,seq10783@38,0.9999999999999999
seq4777@17,seq902@182,0.9999999999999999
seq4777@17,seq5374@16,0.9999999999999999
seq4777@17,seq2135@242,0.9999999999999999
seq4777@17,seq10980@15,0.9999999999999999
seq4777@17,seq1042@228,0.9999999999999999
seq4777@17,seq7383@14,0.9999999999999999
seq4777@17,seq3439@189,0.9999999999999999
seq4777@17,seq10410@14,0.9999999999999999
seq4777@17,seq6243@33,0.9999999999999999
seq4777@17,seq2358@161,0.9999999999999999
seq4777@17,seq13003@14,0.9999999999999999
seq4777@17,seq210@214,0.9999999999999999
seq4777@17,seq16511@14,0.9999999999999999
seq4777@17,seq310@108,0.9999999999999999
seq4777@17,seq6591@122,0.9999999999999999
seq4777@17,seq2164@102,0.9999999999999999
seq4777@17,seq4879@26,0.9999999999999999
seq4777@17,seq1451@107,0.9999999999999999
seq4777@17,seq9233@106,0.9999999999999999
seq4777@17,seq2309@88,0.9999999999999999
seq4777@17,seq4609@71,0.9999999999999999
seq4777@17,seq4332@63,0.9999999999999999
seq4777@17,seq1025@55,0.9999999999999999
seq4777@17,seq10522@50,0.9999999999999999
seq4777@17,seq2671@49,0.9999999999999999
seq4777@17,seq11826@45,0.9999999999999999
seq4777@17,seq1039@41,0.9999999999999999
seq4777@17,seq6979@24,0.9999999999999999
seq4777@17,seq3622@19,0.9878787878787878
seq4777@17,seq4814@106,0.9999999999999999
seq4777@17,seq577@163,0.9999999999999999
seq4777@17,seq1059@21,0.9999999999999999
seq4777@17,seq45791@17,0.9999999999999999
seq4777@17,seq726@868,0.9999999999999999
seq4777@17,seq502@38,0.9999999999999999
seq4777@17,seq13@122338,0.9999999999999999
seq4777@17,seq3503@47,0.9999999999999999
seq2734@153,seq39503@17,0.9878787878787878
seq2734@153,seq10783@38,0.9999999999999999
seq2734@153,seq902@182,0.9999999999999999
seq2734@153,seq5374@16,0.9999999999999999
seq2734@153,seq2135@242,0.9999999999999999
seq2734@153,seq10980@15,0.9999999999999999
seq2734@153,seq1042@228,0.9999999999999999
seq2734@153,seq7383@14,0.9999999999999999
seq2734@153,seq3439@189,0.9999999999999999
seq2734@153,seq10410@14,0.9999999999999999
seq2734@153,seq6243@33,0.9999999999999999
seq2734@153,seq2358@161,0.9999999999999999
seq2734@153,seq13003@14,0.9999999999999999
seq2734@153,seq210@214,0.9999999999999999
seq2734@153,seq16511@14,0.9999999999999999
seq2734@153,seq310@108,0.9999999999999999
seq2734@153,seq6591@122,0.9999999999999999
seq2734@153,seq2164@102,0.9999999999999999
seq2734@153,seq4879@26,0.9999999999999999
seq2734@153,seq1451@107,0.9999999999999999
seq2734@153,seq9233@106,0.9999999999999999
seq2734@153,seq2309@88,0.9999999999999999
seq2734@153,seq4609@71,0.9999999999999999
seq2734@153,seq4332@63,0.9999999999999999
seq2734@153,seq1025@55,0.9999999999999999
seq2734@153,seq10522@50,0.9999999999999999
seq2734@153,seq2671@49,0.9999999999999999
seq2734@153,seq11826@45,0.9999999999999999
seq2734@153,seq1039@41,0.9999999999999999
seq2734@153,seq6979@24,0.9999999999999999
seq2734@153,seq3622@19,0.9878787878787878
seq2734@153,seq4814@106,0.9999999999999999
seq2734@153,seq577@163,0.9999999999999999
seq2734@153,seq1059@21,0.9999999999999999
seq2734@153,seq45791@17,0.9999999999999999
seq2734@153,seq726@868,0.9999999999999999
seq2734@153,seq502@38,0.9999999999999999
seq2734@153,seq13@122338,0.9999999999999999
seq2734@153,seq3503@47,0.9999999999999999
seq39503@17,seq10783@38,0.9878787878787878
seq39503@17,seq902@182,0.9878787878787878
seq39503@17,seq5374@16,0.9878787878787878
seq39503@17,seq2135@242,0.9878787878787878
seq39503@17,seq10980@15,0.9878787878787878
seq39503@17,seq1042@228,0.9878787878787878
seq39503@17,seq7383@14,0.9878787878787878
seq39503@17,seq3439@189,0.9878787878787878
seq39503@17,seq10410@14,0.9878787878787878
seq39503@17,seq6243@33,0.9878787878787878
seq39503@17,seq2358@161,0.9878787878787878
seq39503@17,seq13003@14,0.9878787878787878
seq39503@17,seq210@214,0.9878787878787878
seq39503@17,seq16511@14,0.9878787878787878
seq39503@17,seq310@108,0.9878787878787878
seq39503@17,seq6591@122,0.9878787878787878
seq39503@17,seq2164@102,0.9878787878787878
seq39503@17,seq4879@26,0.9878787878787878
seq39503@17,seq1451@107,0.9878787878787878
seq39503@17,seq9233@106,0.9878787878787878
seq39503@17,seq2309@88,0.9878787878787878
seq39503@17,seq4609@71,0.9878787878787878
seq39503@17,seq4332@63,0.9878787878787878
seq39503@17,seq1025@55,0.9878787878787878
seq39503@17,seq10522@50,0.9878787878787878
seq39503@17,seq2671@49,0.9878787878787878
seq39503@17,seq11826@45,0.9878787878787878
seq39503@17,seq1039@41,0.9878787878787878
seq39503@17,seq6979@24,0.9878787878787878
seq39503@17,seq3622@19,0.9999999999999999
seq39503@17,seq4814@106,0.9878787878787878
seq39503@17,seq577@163,0.9878787878787878
seq39503@17,seq1059@21,0.9878787878787878
seq39503@17,seq45791@17,0.9878787878787878
seq39503@17,seq726@868,0.9878787878787878
seq39503@17,seq502@38,0.9878787878787878
seq39503@17,seq13@122338,0.9878787878787878
seq39503@17,seq3503@47,0.9878787878787878
seq10783@38,seq902@182,0.9999999999999999
seq10783@38,seq5374@16,0.9999999999999999
seq10783@38,seq2135@242,0.9999999999999999
seq10783@38,seq10980@15,0.9999999999999999
seq10783@38,seq1042@228,0.9999999999999999
seq10783@38,seq7383@14,0.9999999999999999
seq10783@38,seq3439@189,0.9999999999999999
seq10783@38,seq10410@14,0.9999999999999999
seq10783@38,seq6243@33,0.9999999999999999
seq10783@38,seq2358@161,0.9999999999999999
seq10783@38,seq13003@14,0.9999999999999999
seq10783@38,seq210@214,0.9999999999999999
seq10783@38,seq16511@14,0.9999999999999999
seq10783@38,seq310@108,0.9999999999999999
seq10783@38,seq6591@122,0.9999999999999999
seq10783@38,seq2164@102,0.9999999999999999
seq10783@38,seq4879@26,0.9999999999999999
seq10783@38,seq1451@107,0.9999999999999999
seq10783@38,seq9233@106,0.9999999999999999
seq10783@38,seq2309@88,0.9999999999999999
seq10783@38,seq4609@71,0.9999999999999999
seq10783@38,seq4332@63,0.9999999999999999
seq10783@38,seq1025@55,0.9999999999999999
seq10783@38,seq10522@50,0.9999999999999999
seq10783@38,seq2671@49,0.9999999999999999
seq10783@38,seq11826@45,0.9999999999999999
seq10783@38,seq1039@41,0.9999999999999999
seq10783@38,seq6979@24,0.9999999999999999
seq10783@38,seq3622@19,0.9878787878787878
seq10783@38,seq4814@106,0.9999999999999999
seq10783@38,seq577@163,0.9999999999999999
seq10783@38,seq1059@21,0.9999999999999999
seq10783@38,seq45791@17,0.9999999999999999
seq10783@38,seq726@868,0.9999999999999999
seq10783@38,seq502@38,0.9999999999999999
seq10783@38,seq13@122338,0.9999999999999999
seq10783@38,seq3503@47,0.9999999999999999
seq902@182,seq5374@16,0.9999999999999999
seq902@182,seq2135@242,0.9999999999999999
seq902@182,seq10980@15,0.9999999999999999
seq902@182,seq1042@228,0.9999999999999999
seq902@182,seq7383@14,0.9999999999999999
seq902@182,seq3439@189,0.9999999999999999
seq902@182,seq10410@14,0.9999999999999999
seq902@182,seq6243@33,0.9999999999999999
seq902@182,seq2358@161,0.9999999999999999
seq902@182,seq13003@14,0.9999999999999999
seq902@182,seq210@214,0.9999999999999999
seq902@182,seq16511@14,0.9999999999999999
seq902@182,seq310@108,0.9999999999999999
seq902@182,seq6591@122,0.9999999999999999
seq902@182,seq2164@102,0.9999999999999999
seq902@182,seq4879@26,0.9999999999999999
seq902@182,seq1451@107,0.9999999999999999
seq902@182,seq9233@106,0.9999999999999999
seq902@182,seq2309@88,0.9999999999999999
seq902@182,seq4609@71,0.9999999999999999
seq902@182,seq4332@63,0.9999999999999999
seq902@182,seq1025@55,0.9999999999999999
seq902@182,seq10522@50,0.9999999999999999
seq902@182,seq2671@49,0.9999999999999999
seq902@182,seq11826@45,0.9999999999999999
seq902@182,seq1039@41,0.9999999999999999
seq902@182,seq6979@24,0.9999999999999999
seq902@182,seq3622@19,0.9878787878787878
seq902@182,seq4814@106,0.9999999999999999
seq902@182,seq577@163,0.9999999999999999
seq902@182,seq1059@21,0.9999999999999999
seq902@182,seq45791@17,0.9999999999999999
seq902@182,seq726@868,0.9999999999999999
seq902@182,seq502@38,0.9999999999999999
seq902@182,seq13@122338,0.9999999999999999
seq902@182,seq3503@47,0.9999999999999999
seq5374@16,seq2135@242,0.9999999999999999
seq5374@16,seq10980@15,0.9999999999999999
seq5374@16,seq1042@228,0.9999999999999999
seq5374@16,seq7383@14,0.9999999999999999
seq5374@16,seq3439@189,0.9999999999999999
seq5374@16,seq10410@14,0.9999999999999999
seq5374@16,seq6243@33,0.9999999999999999
seq5374@16,seq2358@161,0.9999999999999999
seq5374@16,seq13003@14,0.9999999999999999
seq5374@16,seq210@214,0.9999999999999999
seq5374@16,seq16511@14,0.9999999999999999
seq5374@16,seq310@108,0.9999999999999999
seq5374@16,seq6591@122,0.9999999999999999
seq5374@16,seq2164@102,0.9999999999999999
seq5374@16,seq4879@26,0.9999999999999999
seq5374@16,seq1451@107,0.9999999999999999
seq5374@16,seq9233@106,0.9999999999999999
seq5374@16,seq2309@88,0.9999999999999999
seq5374@16,seq4609@71,0.9999999999999999
seq5374@16,seq4332@63,0.9999999999999999
seq5374@16,seq1025@55,0.9999999999999999
seq5374@16,seq10522@50,0.9999999999999999
seq5374@16,seq2671@49,0.9999999999999999
seq5374@16,seq11826@45,0.9999999999999999
seq5374@16,seq1039@41,0.9999999999999999
seq5374@16,seq6979@24,0.9999999999999999
seq5374@16,seq3622@19,0.9878787878787878
seq5374@16,seq4814@106,0.9999999999999999
seq5374@16,seq577@163,0.9999999999999999
seq5374@16,seq1059@21,0.9999999999999999
seq5374@16,seq45791@17,0.9999999999999999
seq5374@16,seq726@868,0.9999999999999999
seq5374@16,seq502@38,0.9999999999999999
seq5374@16,seq13@122338,0.9999999999999999
seq5374@16,seq3503@47,0.9999999999999999
seq2135@242,seq10980@15,0.9999999999999999
seq2135@242,seq1042@228,0.9999999999999999
seq2135@242,seq7383@14,0.9999999999999999
seq2135@242,seq3439@189,0.9999999999999999
seq2135@242,seq10410@14,0.9999999999999999
seq2135@242,seq6243@33,0.9999999999999999
seq2135@242,seq2358@161,0.9999999999999999
seq2135@242,seq13003@14,0.9999999999999999
seq2135@242,seq210@214,0.9999999999999999
seq2135@242,seq16511@14,0.9999999999999999
seq2135@242,seq310@108,0.9999999999999999
seq2135@242,seq6591@122,0.9999999999999999
seq2135@242,seq2164@102,0.9999999999999999
seq2135@242,seq4879@26,0.9999999999999999
seq2135@242,seq1451@107,0.9999999999999999
seq2135@242,seq9233@106,0.9999999999999999
seq2135@242,seq2309@88,0.9999999999999999
seq2135@242,seq4609@71,0.9999999999999999
seq2135@242,seq4332@63,0.9999999999999999
seq2135@242,seq1025@55,0.9999999999999999
seq2135@242,seq10522@50,0.9999999999999999
seq2135@242,seq2671@49,0.9999999999999999
seq2135@242,seq11826@45,0.9999999999999999
seq2135@242,seq1039@41,0.9999999999999999
seq2135@242,seq6979@24,0.9999999999999999
seq2135@242,seq3622@19,0.9878787878787878
seq2135@242,seq4814@106,0.9999999999999999
seq2135@242,seq577@163,0.9999999999999999
seq2135@242,seq1059@21,0.9999999999999999
seq2135@242,seq45791@17,0.9999999999999999
seq2135@242,seq726@868,0.9999999999999999
seq2135@242,seq502@38,0.9999999999999999
seq2135@242,seq13@122338,0.9999999999999999
seq2135@242,seq3503@47,0.9999999999999999
seq10980@15,seq1042@228,0.9999999999999999
seq10980@15,seq7383@14,0.9999999999999999
seq10980@15,seq3439@189,0.9999999999999999
seq10980@15,seq10410@14,0.9999999999999999
seq10980@15,seq6243@33,0.9999999999999999
seq10980@15,seq2358@161,0.9999999999999999
seq10980@15,seq13003@14,0.9999999999999999
seq10980@15,seq210@214,0.9999999999999999
seq10980@15,seq16511@14,0.9999999999999999
seq10980@15,seq310@108,0.9999999999999999
seq10980@15,seq6591@122,0.9999999999999999
seq10980@15,seq2164@102,0.9999999999999999
seq10980@15,seq4879@26,0.9999999999999999
seq10980@15,seq1451@107,0.9999999999999999
seq10980@15,seq9233@106,0.9999999999999999
seq10980@15,seq2309@88,0.9999999999999999
seq10980@15,seq4609@71,0.9999999999999999
seq10980@15,seq4332@63,0.9999999999999999
seq10980@15,seq1025@55,0.9999999999999999
seq10980@15,seq10522@50,0.9999999999999999
seq10980@15,seq2671@49,0.9999999999999999
seq10980@15,seq11826@45,0.9999999999999999
seq10980@15,seq1039@41,0.9999999999999999
seq10980@15,seq6979@24,0.9999999999999999
seq10980@15,seq3622@19,0.9878787878787878
seq10980@15,seq4814@106,0.9999999999999999
seq10980@15,seq577@163,0.9999999999999999
seq10980@15,seq1059@21,0.9999999999999999
seq10980@15,seq45791@17,0.9999999999999999
seq10980@15,seq726@868,0.9999999999999999
seq10980@15,seq502@38,0.9999999999999999
seq10980@15,seq13@122338,0.9999999999999999
seq10980@15,seq3503@47,0.9999999999999999
seq1042@228,seq7383@14,0.9999999999999999
seq1042@228,seq3439@189,0.9999999999999999
seq1042@228,seq10410@14,0.9999999999999999
seq1042@228,seq6243@33,0.9999999999999999
seq1042@228,seq2358@161,0.9999999999999999
seq1042@228,seq13003@14,0.9999999999999999
seq1042@228,seq210@214,0.9999999999999999
seq1042@228,seq16511@14,0.9999999999999999
seq1042@228,seq310@108,0.9999999999999999
seq1042@228,seq6591@122,0.9999999999999999
seq1042@228,seq2164@102,0.9999999999999999
seq1042@228,seq4879@26,0.9999999999999999
seq1042@228,seq1451@107,0.9999999999999999
seq1042@228,seq9233@106,0.9999999999999999
seq1042@228,seq2309@88,0.9999999999999999
seq1042@228,seq4609@71,0.9999999999999999
seq1042@228,seq4332@63,0.9999999999999999
seq1042@228,seq1025@55,0.9999999999999999
seq1042@228,seq10522@50,0.9999999999999999
seq1042@228,seq2671@49,0.9999999999999999
seq1042@228,seq11826@45,0.9999999999999999
seq1042@228,seq1039@41,0.9999999999999999
seq1042@228,seq6979@24,0.9999999999999999
seq1042@228,seq3622@19,0.9878787878787878
seq1042@228,seq4814@106,0.9999999999999999
seq1042@228,seq577@163,0.9999999999999999
seq1042@228,seq1059@21,0.9999999999999999
seq1042@228,seq45791@17,0.9999999999999999
seq1042@228,seq726@868,0.9999999999999999
seq1042@228,seq502@38,0.9999999999999999
seq1042@228,seq13@122338,0.9999999999999999
seq1042@228,seq3503@47,0.9999999999999999
seq7383@14,seq3439@189,0.9999999999999999
seq7383@14,seq10410@14,0.9999999999999999
seq7383@14,seq6243@33,0.9999999999999999
seq7383@14,seq2358@161,0.9999999999999999
seq7383@14,seq13003@14,0.9999999999999999
seq7383@14,seq210@214,0.9999999999999999
seq7383@14,seq16511@14,0.9999999999999999
seq7383@14,seq310@108,0.9999999999999999
seq7383@14,seq6591@122,0.9999999999999999
seq7383@14,seq2164@102,0.9999999999999999
seq7383@14,seq4879@26,0.9999999999999999
seq7383@14,seq1451@107,0.9999999999999999
seq7383@14,seq9233@106,0.9999999999999999
seq7383@14,seq2309@88,0.9999999999999999
seq7383@14,seq4609@71,0.9999999999999999
seq7383@14,seq4332@63,0.9999999999999999
seq7383@14,seq1025@55,0.9999999999999999
seq7383@14,seq10522@50,0.9999999999999999
seq7383@14,seq2671@49,0.9999999999999999
seq7383@14,seq11826@45,0.9999999999999999
seq7383@14,seq1039@41,0.9999999999999999
seq7383@14,seq6979@24,0.9999999999999999
seq7383@14,seq3622@19,0.9878787878787878
seq7383@14,seq4814@106,0.9999999999999999
seq7383@14,seq577@163,0.9999999999999999
seq7383@14,seq1059@21,0.9999999999999999
seq7383@14,seq45791@17,0.9999999999999999
seq7383@14,seq726@868,0.9999999999999999
seq7383@14,seq502@38,0.9999999999999999
seq7383@14,seq13@122338,0.9999999999999999
seq7383@14,seq3503@47,0.9999999999999999
seq3439@189,seq10410@14,0.9999999999999999
seq3439@189,seq6243@33,0.9999999999999999
seq3439@189,seq2358@161,0.9999999999999999
seq3439@189,seq13003@14,0.9999999999999999
seq3439@189,seq210@214,0.9999999999999999
seq3439@189,seq16511@14,0.9999999999999999
seq3439@189,seq310@108,0.9999999999999999
seq3439@189,seq6591@122,0.9999999999999999
seq3439@189,seq2164@102,0.9999999999999999
seq3439@189,seq4879@26,0.9999999999999999
seq3439@189,seq1451@107,0.9999999999999999
seq3439@189,seq9233@106,0.9999999999999999
seq3439@189,seq2309@88,0.9999999999999999
seq3439@189,seq4609@71,0.9999999999999999
seq3439@189,seq4332@63,0.9999999999999999
seq3439@189,seq1025@55,0.9999999999999999
seq3439@189,seq10522@50,0.9999999999999999
seq3439@189,seq2671@49,0.9999999999999999
seq3439@189,seq11826@45,0.9999999999999999
seq3439@189,seq1039@41,0.9999999999999999
seq3439@189,seq6979@24,0.9999999999999999
seq3439@189,seq3622@19,0.9878787878787878
seq3439@189,seq4814@106,0.9999999999999999
seq3439@189,seq577@163,0.9999999999999999
seq3439@189,seq1059@21,0.9999999999999999
seq3439@189,seq45791@17,0.9999999999999999
seq3439@189,seq726@868,0.9999999999999999
seq3439@189,seq502@38,0.9999999999999999
seq3439@189,seq13@122338,0.9999999999999999
seq3439@189,seq3503@47,0.9999999999999999
seq10410@14,seq6243@33,0.9999999999999999
seq10410@14,seq2358@161,0.9999999999999999
seq10410@14,seq13003@14,0.9999999999999999
seq10410@14,seq210@214,0.9999999999999999
seq10410@14,seq16511@14,0.9999999999999999
seq10410@14,seq310@108,0.9999999999999999
seq10410@14,seq6591@122,0.9999999999999999
seq10410@14,seq2164@102,0.9999999999999999
seq10410@14,seq4879@26,0.9999999999999999
seq10410@14,seq1451@107,0.9999999999999999
seq10410@14,seq9233@106,0.9999999999999999
seq10410@14,seq2309@88,0.9999999999999999
seq10410@14,seq4609@71,0.9999999999999999
seq10410@14,seq4332@63,0.9999999999999999
seq10410@14,seq1025@55,0.9999999999999999
seq10410@14,seq10522@50,0.9999999999999999
seq10410@14,seq2671@49,0.9999999999999999
seq10410@14,seq11826@45,0.9999999999999999
seq10410@14,seq1039@41,0.9999999999999999
seq10410@14,seq6979@24,0.9999999999999999
seq10410@14,seq3622@19,0.9878787878787878
seq10410@14,seq4814@106,0.9999999999999999
seq10410@14,seq577@163,0.9999999999999999
seq10410@14,seq1059@21,0.9999999999999999
seq10410@14,seq45791@17,0.9999999999999999
seq10410@14,seq726@868,0.9999999999999999
seq10410@14,seq502@38,0.9999999999999999
seq10410@14,seq13@122338,0.9999999999999999
seq10410@14,seq3503@47,0.9999999999999999
seq6243@33,seq2358@161,0.9999999999999999
seq6243@33,seq13003@14,0.9999999999999999
seq6243@33,seq210@214,0.9999999999999999
seq6243@33,seq16511@14,0.9999999999999999
seq6243@33,seq310@108,0.9999999999999999
seq6243@33,seq6591@122,0.9999999999999999
seq6243@33,seq2164@102,0.9999999999999999
seq6243@33,seq4879@26,0.9999999999999999
seq6243@33,seq1451@107,0.9999999999999999
seq6243@33,seq9233@106,0.9999999999999999
seq6243@33,seq2309@88,0.9999999999999999
seq6243@33,seq4609@71,0.9999999999999999
seq6243@33,seq4332@63,0.9999999999999999
seq6243@33,seq1025@55,0.9999999999999999
seq6243@33,seq10522@50,0.9999999999999999
seq6243@33,seq2671@49,0.9999999999999999
seq6243@33,seq11826@45,0.9999999999999999
seq6243@33,seq1039@41,0.9999999999999999
seq6243@33,seq6979@24,0.9999999999999999
seq6243@33,seq3622@19,0.9878787878787878
seq6243@33,seq4814@106,0.9999999999999999
seq6243@33,seq577@163,0.9999999999999999
seq6243@33,seq1059@21,0.9999999999999999
seq6243@33,seq45791@17,0.9999999999999999
seq6243@33,seq726@868,0.9999999999999999
seq6243@33,seq502@38,0.9999999999999999
seq6243@33,seq13@122338,0.9999999999999999
seq6243@33,seq3503@47,0.9999999999999999
seq2358@161,seq13003@14,0.9999999999999999
seq2358@161,seq210@214,0.9999999999999999
seq2358@161,seq16511@14,0.9999999999999999
seq2358@161,seq310@108,0.9999999999999999
seq2358@161,seq6591@122,0.9999999999999999
seq2358@161,seq2164@102,0.9999999999999999
seq2358@161,seq4879@26,0.9999999999999999
seq2358@161,seq1451@107,0.9999999999999999
seq2358@161,seq9233@106,0.9999999999999999
seq2358@161,seq2309@88,0.9999999999999999
seq2358@161,seq4609@71,0.9999999999999999
seq2358@161,seq4332@63,0.9999999999999999
seq2358@161,seq1025@55,0.9999999999999999
seq2358@161,seq10522@50,0.9999999999999999
seq2358@161,seq2671@49,0.9999999999999999
seq2358@161,seq11826@45,0.9999999999999999
seq2358@161,seq1039@41,0.9999999999999999
seq2358@161,seq6979@24,0.9999999999999999
seq2358@161,seq3622@19,0.9878787878787878
seq2358@161,seq4814@106,0.9999999999999999
seq2358@161,seq577@163,0.9999999999999999
seq2358@161,seq1059@21,0.9999999999999999
seq2358@161,seq45791@17,0.9999999999999999
seq2358@161,seq726@868,0.9999999999999999
seq2358@161,seq502@38,0.9999999999999999
seq2358@161,seq13@122338,0.9999999999999999
seq2358@161,seq3503@47,0.9999999999999999
seq13003@14,seq210@214,0.9999999999999999
seq13003@14,seq16511@14,0.9999999999999999
seq13003@14,seq310@108,0.9999999999999999
seq13003@14,seq6591@122,0.9999999999999999
seq13003@14,seq2164@102,0.9999999999999999
seq13003@14,seq4879@26,0.9999999999999999
seq13003@14,seq1451@107,0.9999999999999999
seq13003@14,seq9233@106,0.9999999999999999
seq13003@14,seq2309@88,0.9999999999999999
seq13003@14,seq4609@71,0.9999999999999999
seq13003@14,seq4332@63,0.9999999999999999
seq13003@14,seq1025@55,0.9999999999999999
seq13003@14,seq10522@50,0.9999999999999999
seq13003@14,seq2671@49,0.9999999999999999
seq13003@14,seq11826@45,0.9999999999999999
seq13003@14,seq1039@41,0.9999999999999999
seq13003@14,seq6979@24,0.9999999999999999
seq13003@14,seq3622@19,0.9878787878787878
seq13003@14,seq4814@106,0.9999999999999999
seq13003@14,seq577@163,0.9999999999999999
seq13003@14,seq1059@21,0.9999999999999999
seq13003@14,seq45791@17,0.9999999999999999
seq13003@14,seq726@868,0.9999999999999999
seq13003@14,seq502@38,0.9999999999999999
seq13003@14,seq13@122338,0.9999999999999999
seq13003@14,seq3503@47,0.9999999999999999
seq210@214,seq16511@14,0.9999999999999999
seq210@214,seq310@108,0.9999999999999999
seq210@214,seq6591@122,0.9999999999999999
seq210@214,seq2164@102,0.9999999999999999
seq210@214,seq4879@26,0.9999999999999999
seq210@214,seq1451@107,0.9999999999999999
seq210@214,seq9233@106,0.9999999999999999
seq210@214,seq2309@88,0.9999999999999999
seq210@214,seq4609@71,0.9999999999999999
seq210@214,seq4332@63,0.9999999999999999
seq210@214,seq1025@55,0.9999999999999999
seq210@214,seq10522@50,0.9999999999999999
seq210@214,seq2671@49,0.9999999999999999
seq210@214,seq11826@45,0.9999999999999999
seq210@214,seq1039@41,0.9999999999999999
seq210@214,seq6979@24,0.9999999999999999
seq210@214,seq3622@19,0.9878787878787878
seq210@214,seq4814@106,0.9999999999999999
seq210@214,seq577@163,0.9999999999999999
seq210@214,seq1059@21,0.9999999999999999
seq210@214,seq45791@17,0.9999999999999999
seq210@214,seq726@868,0.9999999999999999
seq210@214,seq502@38,0.9999999999999999
seq210@214,seq13@122338,0.9999999999999999
seq210@214,seq3503@47,0.9999999999999999
seq16511@14,seq310@108,0.9999999999999999
seq16511@14,seq6591@122,0.9999999999999999
seq16511@14,seq2164@102,0.9999999999999999
seq16511@14,seq4879@26,0.9999999999999999
seq16511@14,seq1451@107,0.9999999999999999
seq16511@14,seq9233@106,0.9999999999999999
seq16511@14,seq2309@88,0.9999999999999999
seq16511@14,seq4609@71,0.9999999999999999
seq16511@14,seq4332@63,0.9999999999999999
seq16511@14,seq1025@55,0.9999999999999999
seq16511@14,seq10522@50,0.9999999999999999
seq16511@14,seq2671@49,0.9999999999999999
seq16511@14,seq11826@45,0.9999999999999999
seq16511@14,seq1039@41,0.9999999999999999
seq16511@14,seq6979@24,0.9999999999999999
seq16511@14,seq3622@19,0.9878787878787878
seq16511@14,seq4814@106,0.9999999999999999
seq16511@14,seq577@163,0.9999999999999999
seq16511@14,seq1059@21,0.9999999999999999
seq16511@14,seq45791@17,0.9999999999999999
seq16511@14,seq726@868,0.9999999999999999
seq16511@14,seq502@38,0.9999999999999999
seq16511@14,seq13@122338,0.9999999999999999
seq16511@14,seq3503@47,0.9999999999999999
seq310@108,seq6591@122,0.9999999999999999
seq310@108,seq2164@102,0.9999999999999999
seq310@108,seq4879@26,0.9999999999999999
seq310@108,seq1451@107,0.9999999999999999
seq310@108,seq9233@106,0.9999999999999999
seq310@108,seq2309@88,0.9999999999999999
seq310@108,seq4609@71,0.9999999999999999
seq310@108,seq4332@63,0.9999999999999999
seq310@108,seq1025@55,0.9999999999999999
seq310@108,seq10522@50,0.9999999999999999
seq310@108,seq2671@49,0.9999999999999999
seq310@108,seq11826@45,0.9999999999999999
seq310@108,seq1039@41,0.9999999999999999
seq310@108,seq6979@24,0.9999999999999999
seq310@108,seq3622@19,0.9878787878787878
seq310@108,seq4814@106,0.9999999999999999
seq310@108,seq577@163,0.9999999999999999
seq310@108,seq1059@21,0.9999999999999999
seq310@108,seq45791@17,0.9999999999999999
seq310@108,seq726@868,0.9999999999999999
seq310@108,seq502@38,0.9999999999999999
seq310@108,seq13@122338,0.9999999999999999
seq310@108,seq3503@47,0.9999999999999999
seq6591@122,seq2164@102,0.9999999999999999
seq6591@122,seq4879@26,0.9999999999999999
seq6591@122,seq1451@107,0.9999999999999999
seq6591@122,seq9233@106,0.9999999999999999
seq6591@122,seq2309@88,0.9999999999999999
seq6591@122,seq4609@71,0.9999999999999999
seq6591@122,seq4332@63,0.9999999999999999
seq6591@122,seq1025@55,0.9999999999999999
seq6591@122,seq10522@50,0.9999999999999999
seq6591@122,seq2671@49,0.9999999999999999
seq6591@122,seq11826@45,0.9999999999999999
seq6591@122,seq1039@41,0.9999999999999999
seq6591@122,seq6979@24,0.9999999999999999
seq6591@122,seq3622@19,0.9878787878787878
seq6591@122,seq4814@106,0.9999999999999999
seq6591@122,seq577@163,0.9999999999999999
seq6591@122,seq1059@21,0.9999999999999999
seq6591@122,seq45791@17,0.9999999999999999
seq6591@122,seq726@868,0.9999999999999999
seq6591@122,seq502@38,0.9999999999999999
seq6591@122,seq13@122338,0.9999999999999999
seq6591@122,seq3503@47,0.9999999999999999
seq2164@102,seq4879@26,0.9999999999999999
seq2164@102,seq1451@107,0.9999999999999999
seq2164@102,seq9233@106,0.9999999999999999
seq2164@102,seq2309@88,0.9999999999999999
seq2164@102,seq4609@71,0.9999999999999999
seq2164@102,seq4332@63,0.9999999999999999
seq2164@102,seq1025@55,0.9999999999999999
seq2164@102,seq10522@50,0.9999999999999999
seq2164@102,seq2671@49,0.9999999999999999
seq2164@102,seq11826@45,0.9999999999999999
seq2164@102,seq1039@41,0.9999999999999999
seq2164@102,seq6979@24,0.9999999999999999
seq2164@102,seq3622@19,0.9878787878787878
seq2164@102,seq4814@106,0.9999999999999999
seq2164@102,seq577@163,0.9999999999999999
seq2164@102,seq1059@21,0.9999999999999999
seq2164@102,seq45791@17,0.9999999999999999
seq2164@102,seq726@868,0.9999999999999999
seq2164@102,seq502@38,0.9999999999999999
seq2164@102,seq13@122338,0.9999999999999999
seq2164@102,seq3503@47,0.9999999999999999
seq4879@26,seq1451@107,0.9999999999999999
seq4879@26,seq9233@106,0.9999999999999999
seq4879@26,seq2309@88,0.9999999999999999
seq4879@26,seq4609@71,0.9999999999999999
seq4879@26,seq4332@63,0.9999999999999999
seq4879@26,seq1025@55,0.9999999999999999
seq4879@26,seq10522@50,0.9999999999999999
seq4879@26,seq2671@49,0.9999999999999999
seq4879@26,seq11826@45,0.9999999999999999
seq4879@26,seq1039@41,0.9999999999999999
seq4879@26,seq6979@24,0.9999999999999999
seq4879@26,seq3622@19,0.9878787878787878
seq4879@26,seq4814@106,0.9999999999999999
seq4879@26,seq577@163,0.9999999999999999
seq4879@26,seq1059@21,0.9999999999999999
seq4879@26,seq45791@17,0.9999999999999999
seq4879@26,seq726@868,0.9999999999999999
seq4879@26,seq502@38,0.9999999999999999
seq4879@26,seq13@122338,0.9999999999999999
seq4879@26,seq3503@47,0.9999999999999999
seq1451@107,seq9233@106,0.9999999999999999
seq1451@107,seq2309@88,0.9999999999999999
seq1451@107,seq4609@71,0.9999999999999999
seq1451@107,seq4332@63,0.9999999999999999
seq1451@107,seq1025@55,0.9999999999999999
seq1451@107,seq10522@50,0.9999999999999999
seq1451@107,seq2671@49,0.9999999999999999
seq1451@107,seq11826@45,0.9999999999999999
seq1451@107,seq1039@41,0.9999999999999999
seq1451@107,seq6979@24,0.9999999999999999
seq1451@107,seq3622@19,0.9878787878787878
seq1451@107,seq4814@106,0.9999999999999999
seq1451@107,seq577@163,0.9999999999999999
seq1451@107,seq1059@21,0.9999999999999999
seq1451@107,seq45791@17,0.9999999999999999
seq1451@107,seq726@868,0.9999999999999999
seq1451@107,seq502@38,0.9999999999999999
seq1451@107,seq13@122338,0.9999999999999999
seq1451@107,seq3503@47,0.9999999999999999
seq9233@106,seq2309@88,0.9999999999999999
seq9233@106,seq4609@71,0.9999999999999999
seq9233@106,seq4332@63,0.9999999999999999
seq9233@106,seq1025@55,0.9999999999999999
seq9233@106,seq10522@50,0.9999999999999999
seq9233@106,seq2671@49,0.9999999999999999
seq9233@106,seq11826@45,0.9999999999999999
seq9233@106,seq1039@41,0.9999999999999999
seq9233@106,seq6979@24,0.9999999999999999
seq9233@106,seq3622@19,0.9878787878787878
seq9233@106,seq4814@106,0.9999999999999999
seq9233@106,seq577@163,0.9999999999999999
seq9233@106,seq1059@21,0.9999999999999999
seq9233@106,seq45791@17,0.9999999999999999
seq9233@106,seq726@868,0.9999999999999999
seq9233@106,seq502@38,0.9999999999999999
seq9233@106,seq13@122338,0.9999999999999999
seq9233@106,seq3503@47,0.9999999999999999
seq2309@88,seq4609@71,0.9999999999999999
seq2309@88,seq4332@63,0.9999999999999999
seq2309@88,seq1025@55,0.9999999999999999
seq2309@88,seq10522@50,0.9999999999999999
seq2309@88,seq2671@49,0.9999999999999999
seq2309@88,seq11826@45,0.9999999999999999
seq2309@88,seq1039@41,0.9999999999999999
seq2309@88,seq6979@24,0.9999999999999999
seq2309@88,seq3622@19,0.9878787878787878
seq2309@88,seq4814@106,0.9999999999999999
seq2309@88,seq577@163,0.9999999999999999
seq2309@88,seq1059@21,0.9999999999999999
seq2309@88,seq45791@17,0.9999999999999999
seq2309@88,seq726@868,0.9999999999999999
seq2309@88,seq502@38,0.9999999999999999
seq2309@88,seq13@122338,0.9999999999999999
seq2309@88,seq3503@47,0.9999999999999999
seq4609@71,seq4332@63,0.9999999999999999
seq4609@71,seq1025@55,0.9999999999999999
seq4609@71,seq10522@50,0.9999999999999999
seq4609@71,seq2671@49,0.9999999999999999
seq4609@71,seq11826@45,0.9999999999999999
seq4609@71,seq1039@41,0.9999999999999999
seq4609@71,seq6979@24,0.9999999999999999
seq4609@71,seq3622@19,0.9878787878787878
seq4609@71,seq4814@106,0.9999999999999999
seq4609@71,seq577@163,0.9999999999999999
seq4609@71,seq1059@21,0.9999999999999999
seq4609@71,seq45791@17,0.9999999999999999
seq4609@71,seq726@868,0.9999999999999999
seq4609@71,seq502@38,0.9999999999999999
seq4609@71,seq13@122338,0.9999999999999999
seq4609@71,seq3503@47,0.9999999999999999
seq4332@63,seq1025@55,0.9999999999999999
seq4332@63,seq10522@50,0.9999999999999999
seq4332@63,seq2671@49,0.9999999999999999
seq4332@63,seq11826@45,0.9999999999999999
seq4332@63,seq1039@41,0.9999999999999999
seq4332@63,seq6979@24,0.9999999999999999
seq4332@63,seq3622@19,0.9878787878787878
seq4332@63,seq4814@106,0.9999999999999999
seq4332@63,seq577@163,0.9999999999999999
seq4332@63,seq1059@21,0.9999999999999999
seq4332@63,seq45791@17,0.9999999999999999
seq4332@63,seq726@868,0.9999999999999999
seq4332@63,seq502@38,0.9999999999999999
seq4332@63,seq13@122338,0.9999999999999999
seq4332@63,seq3503@47,0.9999999999999999
seq1025@55,seq10522@50,0.9999999999999999
seq1025@55,seq2671@49,0.9999999999999999
seq1025@55,seq11826@45,0.9999999999999999
seq1025@55,seq1039@41,0.9999999999999999
seq1025@55,seq6979@24,0.9999999999999999
seq1025@55,seq3622@19,0.9878787878787878
seq1025@55,seq4814@106,0.9999999999999999
seq1025@55,seq577@163,0.9999999999999999
seq1025@55,seq1059@21,0.9999999999999999
seq1025@55,seq45791@17,0.9999999999999999
seq1025@55,seq726@868,0.9999999999999999
seq1025@55,seq502@38,0.9999999999999999
seq1025@55,seq13@122338,0.9999999999999999
seq1025@55,seq3503@47,0.9999999999999999
seq10522@50,seq2671@49,0.9999999999999999
seq10522@50,seq11826@45,0.9999999999999999
seq10522@50,seq1039@41,0.9999999999999999
seq10522@50,seq6979@24,0.9999999999999999
seq10522@50,seq3622@19,0.9878787878787878
seq10522@50,seq4814@106,0.9999999999999999
seq10522@50,seq577@163,0.9999999999999999
seq10522@50,seq1059@21,0.9999999999999999
seq10522@50,seq45791@17,0.9999999999999999
seq10522@50,seq726@868,0.9999999999999999
seq10522@50,seq502@38,0.9999999999999999
seq10522@50,seq13@122338,0.9999999999999999
seq10522@50,seq3503@47,0.9999999999999999
seq2671@49,seq11826@45,0.9999999999999999
seq2671@49,seq1039@41,0.9999999999999999
seq2671@49,seq6979@24,0.9999999999999999
seq2671@49,seq3622@19,0.9878787878787878
seq2671@49,seq4814@106,0.9999999999999999
seq2671@49,seq577@163,0.9999999999999999
seq2671@49,seq1059@21,0.9999999999999999
seq2671@49,seq45791@17,0.9999999999999999
seq2671@49,seq726@868,0.9999999999999999
seq2671@49,seq502@38,0.9999999999999999
seq2671@49,seq13@122338,0.9999999999999999
seq2671@49,seq3503@47,0.9999999999999999
seq11826@45,seq1039@41,0.9999999999999999
seq11826@45,seq6979@24,0.9999999999999999
seq11826@45,seq3622@19,0.9878787878787878
seq11826@45,seq4814@106,0.9999999999999999
seq11826@45,seq577@163,0.9999999999999999
seq11826@45,seq1059@21,0.9999999999999999
seq11826@45,seq45791@17,0.9999999999999999
seq11826@45,seq726@868,0.9999999999999999
seq11826@45,seq502@38,0.9999999999999999
seq11826@45,seq13@122338,0.9999999999999999
seq11826@45,seq3503@47,0.9999999999999999
seq1039@41,seq6979@24,0.9999999999999999
seq1039@41,seq3622@19,0.9878787878787878
seq1039@41,seq4814@106,0.9999999999999999
seq1039@41,seq577@163,0.9999999999999999
seq1039@41,seq1059@21,0.9999999999999999
seq1039@41,seq45791@17,0.9999999999999999
seq1039@41,seq726@868,0.9999999999999999
seq1039@41,seq502@38,0.9999999999999999
seq1039@41,seq13@122338,0.9999999999999999
seq1039@41,seq3503@47,0.9999999999999999
seq6979@24,seq3622@19,0.9878787878787878
seq6979@24,seq4814@106,0.9999999999999999
seq6979@24,seq577@163,0.9999999999999999
seq6979@24,seq1059@21,0.9999999999999999
seq6979@24,seq45791@17,0.9999999999999999
seq6979@24,seq726@868,0.9999999999999999
seq6979@24,seq502@38,0.9999999999999999
seq6979@24,seq13@122338,0.9999999999999999
seq6979@24,seq3503@47,0.9999999999999999
seq3622@19,seq4814@106,0.9878787878787878
seq3622@19,seq577@163,0.9878787878787878
seq3622@19,seq1059@21,0.9878787878787878
seq3622@19,seq45791@17,0.9878787878787878
seq3622@19,seq726@868,0.9878787878787878
seq3622@19,seq502@38,0.9878787878787878
seq3622@19,seq13@122338,0.9878787878787878
seq3622@19,seq3503@47,0.9878787878787878
seq4814@106,seq577@163,0.9999999999999999
seq4814@106,seq1059@21,0.9999999999999999
seq4814@106,seq45791@17,0.9999999999999999
seq4814@106,seq726@868,0.9999999999999999
seq4814@106,seq502@38,0.9999999999999999
seq4814@106,seq13@122338,0.9999999999999999
seq4814@106,seq3503@47,0.9999999999999999
seq577@163,seq1059@21,0.9999999999999999
seq577@163,seq45791@17,0.9999999999999999
seq577@163,seq726@868,0.9999999999999999
seq577@163,seq502@38,0.9999999999999999
seq577@163,seq13@122338,0.9999999999999999
seq577@163,seq3503@47,0.9999999999999999
seq1059@21,seq45791@17,0.9999999999999999
seq1059@21,seq726@868,0.9999999999999999
seq1059@21,seq502@38,0.9999999999999999
seq1059@21,seq13@122338,0.9999999999999999
seq1059@21,seq3503@47,0.9999999999999999
seq45791@17,seq726@868,0.9999999999999999
seq45791@17,seq502@38,0.9999999999999999
seq45791@17,seq13@122338,0.9999999999999999
seq45791@17,seq3503@47,0.9999999999999999
seq726@868,seq502@38,0.9999999999999999
seq726@868,seq13@122338,0.9999999999999999
seq726@868,seq3503@47,0.9999999999999999
seq502@38,seq13@122338,0.9999999999999999
seq502@38,seq3503@47,0.9999999999999999
seq13@122338,seq3503@47,0.9999999999999999
